{
"type": "FeatureCollection",
"name": "mca_roads",
"crs": { "type": "name", "properties": { "name": "urn:ogc:def:crs:OGC:1.3:CRS84" } },
"features": [
{ "type": "Feature", "properties": { "name": "Popondetta to Anatua Road", "mode": "Motor road", "mode_evidence": "overlap: 98% of its length runs along a track measured at road speed (no timestamps of its own)", "speed_kmh_median": null, "speed_frac_over_12": null, "gradient_p85_pct": 13.0, "source_file": "Popondetta_to_Anatua_Road.kmz", "format": "kmz", "length_km": 150.97, "source": "project GPS recording, Popondetta_to_Anatua_Road.kmz", "surface": "unknown", "tracktype": "unknown" }, "geometry": { "type": "MultiLineString", "coordinates": [ [ [ 148.2733917, -9.120785, 779.44 ], [ 148.2734883, -9.1208033, 791.54 ], [ 148.273375, -9.1207817, 786.12 ], [ 148.2734233, -9.1208617, 791.49 ], [ 148.27341, -9.1207683, 757.89 ], [ 148.2734683, -9.1208767, 788.92 ], [ 148.27339, -9.1210783, 789.07 ], [ 148.273111699999987, -9.121455, 789.76 ], [ 148.2727633, -9.12185, 787.37 ], [ 148.2723933, -9.1222467, 784.58 ], [ 148.272205, -9.1225533, 780.22 ], [ 148.2720783, -9.1228033, 775.98 ], [ 148.271941700000013, -9.123045, 777.45 ], [ 148.2717083, -9.12313, 776.65 ], [ 148.2715433, -9.1231617, 775.65 ], [ 148.271356700000013, -9.12323, 773.92 ], [ 148.2711967, -9.1233917, 770.14 ], [ 148.2711033, -9.1235083, 765.69 ], [ 148.271025, -9.1235633, 759.9 ], [ 148.2709567, -9.1235017, 759.13 ], [ 148.270875, -9.1235717, 763.15 ], [ 148.2706417, -9.1236317, 761.56 ], [ 148.2702567, -9.12376, 766.11 ], [ 148.270071699999988, -9.124035, 767.88 ], [ 148.270085, -9.12415, 776.65 ], [ 148.2699467, -9.124445, 777.86 ], [ 148.26984, -9.1245833, 784.32 ], [ 148.269575, -9.1250017, 786.98 ], [ 148.2693567, -9.12549, 787.56 ], [ 148.2691733, -9.125985, 787.41 ], [ 148.2691, -9.1264483, 785.1 ], [ 148.26902, -9.1269667, 779.92 ], [ 148.268815, -9.1274867, 776.4 ], [ 148.268776699999989, -9.1280217, 776.25 ], [ 148.2687133, -9.1286033, 780.38 ], [ 148.2686383, -9.1291417, 779.1 ], [ 148.268551699999989, -9.1295983, 776.78 ], [ 148.2682567, -9.13014, 778.25 ], [ 148.267908299999988, -9.1306017, 777.98 ], [ 148.2676617, -9.1310833, 775.16 ], [ 148.267405, -9.1315933, 775.66 ], [ 148.2672717, -9.1321533, 774.08 ], [ 148.2673217, -9.13271, 771.75 ], [ 148.2672433, -9.1330683, 772.62 ], [ 148.2670233, -9.1335033, 769.33 ], [ 148.2668, -9.1339583, 771.98 ], [ 148.266805, -9.13448, 772.78 ], [ 148.26679, -9.134935, 775.73 ], [ 148.2666233, -9.1352217, 775.44 ], [ 148.26634, -9.1355567, 773.17 ], [ 148.266045, -9.1358633, 769.58 ], [ 148.2659217, -9.13623, 766.03 ], [ 148.26588670000001, -9.1366967, 763.03 ], [ 148.26574, -9.137065, 765.69 ], [ 148.265505, -9.137635, 768.4 ], [ 148.265385, -9.13788, 775.9 ], [ 148.26532, -9.1383433, 777.5 ], [ 148.26515, -9.138855, 775.54 ], [ 148.2648967, -9.13937, 780.19 ], [ 148.2644833, -9.1398183, 783.79 ], [ 148.26393, -9.14032, 781.25 ], [ 148.263565, -9.1409367, 776.58 ], [ 148.2635917, -9.141605, 773.97 ], [ 148.26365, -9.142325, 777.13 ], [ 148.2633817, -9.1430367, 781.4 ], [ 148.26335, -9.1431267, 784.92 ], [ 148.263293299999987, -9.1432333, 787.93 ], [ 148.263065, -9.1438267, 792.37 ], [ 148.262898299999989, -9.14427, 793.78 ], [ 148.262745, -9.1449283, 795.82 ], [ 148.262686699999989, -9.1456833, 795.12 ], [ 148.2625717, -9.14642, 789.91 ], [ 148.2624317, -9.1470117, 789.36 ], [ 148.26213, -9.14777, 789.03 ], [ 148.2619767, -9.1482817, 788.05 ], [ 148.2618517, -9.1488467, 784.15 ], [ 148.2617617, -9.149305, 782.37 ], [ 148.261638299999987, -9.1499067, 780.17 ], [ 148.261515, -9.1506583, 781.83 ], [ 148.2614017, -9.1512267, 786.26 ], [ 148.261281700000012, -9.151825, 784.64 ], [ 148.261215, -9.1522817, 783.41 ], [ 148.2613833, -9.152355, 784.0 ], [ 148.261551700000012, -9.1523517, 781.2 ], [ 148.2617883, -9.1523667, 778.35 ], [ 148.26195, -9.15227, 775.65 ], [ 148.261935, -9.15208, 770.79 ], [ 148.2620867, -9.151765, 769.8 ], [ 148.2623567, -9.1514633, 768.13 ], [ 148.262486700000011, -9.1512767, 774.31 ], [ 148.26246, -9.1511883, 766.86 ], [ 148.2625883, -9.15129, 802.67 ], [ 148.2624783, -9.1512567, 760.76 ], [ 148.262563300000011, -9.1513167, 772.8 ], [ 148.262406700000014, -9.1513133, 770.39 ], [ 148.2624767, -9.15122, 773.44 ], [ 148.26243, -9.1510317, 759.02 ], [ 148.262525, -9.1511617, 781.05 ], [ 148.2707517, -9.1235883, 759.98 ], [ 148.27083, -9.1235417, 764.38 ], [ 148.27097, -9.1235083, 764.3 ], [ 148.271186699999987, -9.1233817, 766.3 ], [ 148.2714033, -9.123165, 768.88 ], [ 148.271455, -9.123085, 768.0 ], [ 148.27157, -9.123105, 769.58 ], [ 148.2718983, -9.1230233, 772.43 ], [ 148.2720233, -9.1228183, 778.85 ], [ 148.272105, -9.122625, 782.6 ], [ 148.2722, -9.1224383, 785.02 ], [ 148.2722967, -9.1223317, 783.92 ], [ 148.2723667, -9.1221817, 781.06 ], [ 148.2724283, -9.12209, 779.8 ], [ 148.27251, -9.1219717, 779.53 ], [ 148.27259, -9.12191, 779.04 ], [ 148.2726633, -9.1218467, 783.23 ], [ 148.272775, -9.1216917, 784.15 ], [ 148.2729683, -9.1215133, 786.59 ], [ 148.273125, -9.12136, 786.99 ], [ 148.2732583, -9.1212083, 787.81 ], [ 148.2733533, -9.121185, 788.6 ], [ 148.27348, -9.1211517, 789.64 ], [ 148.2735283, -9.1210683, 790.01 ], [ 148.2735283, -9.1209333, 790.0 ], [ 148.2735433, -9.1208183, 791.31 ], [ 148.273615, -9.1207183, 790.08 ], [ 148.27353, -9.1207517, 790.31 ], [ 148.27344, -9.1207817, 793.5 ], [ 148.27363, -9.1210767, 792.89 ], [ 148.2734083, -9.1207433, 791.76 ], [ 148.273295, -9.1207433, 811.82 ], [ 148.27349670000001, -9.1208233, 786.92 ], [ 148.2735567, -9.12075, 775.0 ], [ 148.273655, -9.1207783, 779.62 ], [ 148.273585, -9.1208683, 792.79 ], [ 148.2735317, -9.12113, 793.94 ], [ 148.273655, -9.121375, 793.42 ], [ 148.273655, -9.12171, 791.71 ], [ 148.2736817, -9.122055, 788.15 ], [ 148.27363170000001, -9.1224333, 784.97 ], [ 148.273565, -9.1229467, 783.54 ], [ 148.27355, -9.123425, 783.36 ], [ 148.2735333, -9.12394, 780.1 ], [ 148.27363, -9.124545, 780.73 ], [ 148.273763300000013, -9.1250433, 783.07 ], [ 148.2739583, -9.12554, 782.17 ], [ 148.274085, -9.1259383, 778.69 ], [ 148.27426, -9.12644, 779.43 ], [ 148.274375, -9.1268867, 778.2 ], [ 148.275463300000013, -9.1302067, 777.42 ], [ 148.2755683, -9.1306783, 770.59 ], [ 148.2756367, -9.131235, 763.18 ], [ 148.27576, -9.1317567, 762.22 ], [ 148.2757933, -9.1320217, 762.98 ], [ 148.27582, -9.1321083, 766.61 ], [ 148.275913300000013, -9.1323667, 767.97 ], [ 148.276065, -9.1327767, 768.21 ], [ 148.2760817, -9.1328833, 771.79 ], [ 148.276103299999988, -9.1329883, 775.08 ], [ 148.27604, -9.1332967, 772.92 ], [ 148.275961700000011, -9.1335983, 768.02 ], [ 148.2758217, -9.1340283, 763.12 ], [ 148.2758, -9.1343433, 761.5 ], [ 148.27587170000001, -9.1348767, 760.61 ], [ 148.27577, -9.1353067, 760.26 ], [ 148.2756767, -9.1356633, 761.82 ], [ 148.27567830000001, -9.1358517, 765.19 ], [ 148.275778300000013, -9.1358433, 768.38 ], [ 148.275961700000011, -9.13566, 769.65 ], [ 148.27628, -9.13566, 766.8 ], [ 148.27646, -9.13586, 766.46 ], [ 148.276678299999986, -9.13618, 765.65 ], [ 148.276858299999986, -9.1364567, 763.55 ], [ 148.27693, -9.136605, 755.89 ], [ 148.2769683, -9.1367583, 755.79 ], [ 148.2770233, -9.1369683, 755.47 ], [ 148.2771517, -9.1373383, 753.98 ], [ 148.2772783, -9.1376667, 751.38 ], [ 148.2774317, -9.137985, 746.72 ], [ 148.277478300000013, -9.1382317, 749.34 ], [ 148.2775517, -9.1383333, 745.97 ], [ 148.2775933, -9.13852, 744.73 ], [ 148.27764, -9.13876, 745.33 ], [ 148.277726699999988, -9.1389533, 749.01 ], [ 148.2778467, -9.1391667, 750.65 ], [ 148.2779333, -9.1392833, 747.54 ], [ 148.278041699999989, -9.1394317, 745.99 ], [ 148.278278300000011, -9.13973, 744.9 ], [ 148.2785317, -9.1400233, 744.79 ], [ 148.27885, -9.14024, 745.12 ], [ 148.279178300000012, -9.1405083, 747.64 ], [ 148.2794783, -9.1407733, 749.82 ], [ 148.2796717, -9.1411617, 751.42 ], [ 148.2798067, -9.1415483, 746.76 ], [ 148.27988, -9.1419283, 741.55 ], [ 148.279975, -9.1421717, 737.83 ], [ 148.2801767, -9.14245, 733.77 ], [ 148.2803983, -9.1428317, 734.29 ], [ 148.2805583, -9.1433033, 734.22 ], [ 148.2805933, -9.14372, 731.51 ], [ 148.280586699999986, -9.1439717, 728.72 ], [ 148.280573299999986, -9.1443683, 727.1 ], [ 148.2805017, -9.1448617, 729.73 ], [ 148.28047, -9.1452017, 731.71 ], [ 148.28063, -9.1457217, 733.84 ], [ 148.28095, -9.14612, 737.97 ], [ 148.2812083, -9.1464517, 737.37 ], [ 148.2813817, -9.1468833, 736.13 ], [ 148.281505, -9.1471767, 732.7 ], [ 148.28163330000001, -9.1474383, 731.76 ], [ 148.281746700000014, -9.1477067, 727.15 ], [ 148.2818517, -9.1479383, 723.14 ], [ 148.2818417, -9.1480417, 723.69 ], [ 148.2818933, -9.1481983, 720.7 ], [ 148.281955, -9.1485133, 719.86 ], [ 148.282026699999989, -9.1488667, 720.19 ], [ 148.2820783, -9.1492233, 721.95 ], [ 148.2821583, -9.14966, 721.96 ], [ 148.282295, -9.1501533, 724.23 ], [ 148.282578300000011, -9.1506717, 723.85 ], [ 148.2828367, -9.15113, 719.8 ], [ 148.2830667, -9.1516383, 719.34 ], [ 148.2833233, -9.15213, 721.05 ], [ 148.283625, -9.1525683, 720.87 ], [ 148.2839467, -9.153, 717.24 ], [ 148.284121699999986, -9.1532683, 714.31 ], [ 148.2843033, -9.1536333, 709.19 ], [ 148.2845217, -9.1540133, 706.54 ], [ 148.284895, -9.1543033, 701.99 ], [ 148.285268300000013, -9.15456, 700.22 ], [ 148.2855133, -9.1548183, 696.0 ], [ 148.2857117, -9.155065, 692.05 ], [ 148.2859767, -9.1554833, 690.54 ], [ 148.28643, -9.15579, 687.13 ], [ 148.286815, -9.1560833, 686.24 ], [ 148.2870283, -9.156275, 688.05 ], [ 148.2872983, -9.1564383, 680.96 ], [ 148.28747, -9.1566217, 682.55 ], [ 148.28759, -9.15681, 678.93 ], [ 148.28773, -9.1569617, 674.92 ], [ 148.2878517, -9.1571017, 674.25 ], [ 148.287971700000014, -9.157255, 668.04 ], [ 148.2881467, -9.1574483, 660.44 ], [ 148.288283299999989, -9.15759, 656.64 ], [ 148.2883567, -9.1576483, 656.33 ], [ 148.288456700000012, -9.1577683, 654.88 ], [ 148.28855, -9.1579067, 657.23 ], [ 148.288768299999987, -9.15814, 655.38 ], [ 148.2891583, -9.1583783, 656.08 ], [ 148.28954, -9.1587217, 655.52 ], [ 148.289973300000014, -9.1590467, 659.96 ], [ 148.2904083, -9.15931, 665.64 ], [ 148.2907317, -9.159505, 667.07 ], [ 148.290975, -9.1597917, 667.54 ], [ 148.2912383, -9.1600633, 667.71 ], [ 148.291435, -9.1604133, 665.75 ], [ 148.2915667, -9.1607433, 663.01 ], [ 148.291808300000014, -9.1609967, 662.26 ], [ 148.2921833, -9.1611783, 655.53 ], [ 148.2925617, -9.1612617, 653.73 ], [ 148.2926933, -9.1614367, 654.86 ], [ 148.2927767, -9.161515, 654.88 ], [ 148.292946699999987, -9.1615567, 652.4 ], [ 148.29319670000001, -9.1615183, 652.65 ], [ 148.2935867, -9.1614167, 653.78 ], [ 148.29388, -9.1612817, 658.93 ], [ 148.2941117, -9.1612033, 656.81 ], [ 148.29443, -9.1611833, 655.91 ], [ 148.2947167, -9.16112, 653.8 ], [ 148.294983300000013, -9.16104, 649.18 ], [ 148.2951033, -9.161055, 649.76 ], [ 148.29521170000001, -9.16105, 646.82 ], [ 148.295325, -9.16101, 645.79 ], [ 148.295433300000013, -9.16101, 656.99 ], [ 148.295765, -9.1609617, 657.21 ], [ 148.29605, -9.1609, 652.68 ], [ 148.296336700000012, -9.1608333, 651.5 ], [ 148.296595, -9.1607283, 650.78 ], [ 148.296741700000013, -9.1605983, 651.65 ], [ 148.296865, -9.16034, 648.52 ], [ 148.297005, -9.1601567, 642.12 ], [ 148.2970033, -9.1600483, 639.86 ], [ 148.297095, -9.1597917, 642.43 ], [ 148.29725830000001, -9.1594367, 647.21 ], [ 148.29736170000001, -9.1589117, 652.24 ], [ 148.2974433, -9.1583617, 654.8 ], [ 148.297545, -9.1579983, 656.61 ], [ 148.2976033, -9.1576367, 654.03 ], [ 148.2976583, -9.1573317, 652.69 ], [ 148.2977267, -9.1568933, 648.33 ], [ 148.297755, -9.156345, 649.37 ], [ 148.2978417, -9.15582, 650.54 ], [ 148.297995, -9.1555917, 651.1 ], [ 148.29807, -9.1553417, 648.96 ], [ 148.29818, -9.1549933, 647.83 ], [ 148.2982467, -9.1545967, 647.0 ], [ 148.2983, -9.1543733, 649.19 ], [ 148.2984267, -9.15409, 652.59 ], [ 148.2984717, -9.153935, 654.53 ], [ 148.298515, -9.1536033, 656.75 ], [ 148.2985217, -9.1530317, 658.08 ], [ 148.2984767, -9.1526733, 659.44 ], [ 148.298441700000012, -9.1522067, 660.03 ], [ 148.29836, -9.151755, 657.1 ], [ 148.2983883, -9.1513983, 653.77 ], [ 148.29838, -9.1509967, 654.91 ], [ 148.2983817, -9.1507283, 654.39 ], [ 148.2983817, -9.1506367, 651.31 ], [ 148.298395, -9.1505467, 646.99 ], [ 148.2984133, -9.150215, 646.34 ], [ 148.2985083, -9.1497883, 646.89 ], [ 148.2984817, -9.1493833, 646.95 ], [ 148.298465, -9.149045, 646.76 ], [ 148.298406699999987, -9.14848, 647.11 ], [ 148.2983333, -9.148105, 648.56 ], [ 148.298265, -9.1477933, 647.73 ], [ 148.2982733, -9.1472083, 642.87 ], [ 148.2983917, -9.1468333, 645.37 ], [ 148.2985433, -9.1463, 651.18 ], [ 148.2987183, -9.145815, 655.03 ], [ 148.298933299999987, -9.1453333, 652.73 ], [ 148.2992917, -9.14485, 653.7 ], [ 148.2994583, -9.144465, 653.81 ], [ 148.299725, -9.1440717, 656.29 ], [ 148.299788299999989, -9.1435733, 660.23 ], [ 148.299495, -9.1432483, 668.67 ], [ 148.29935, -9.1428667, 676.91 ], [ 148.2993583, -9.142385, 675.26 ], [ 148.299635, -9.14218, 675.7 ], [ 148.299948300000011, -9.1421233, 673.56 ], [ 148.3003583, -9.1421, 666.63 ], [ 148.3007183, -9.1420033, 662.47 ], [ 148.300961699999988, -9.1419683, 648.84 ], [ 148.30127, -9.1419483, 636.86 ], [ 148.301581700000014, -9.1419017, 635.5 ], [ 148.301478300000014, -9.1417817, 634.03 ], [ 148.3013317, -9.1417317, 631.31 ], [ 148.3013033, -9.141555, 627.93 ], [ 148.301366699999988, -9.1412867, 628.58 ], [ 148.30142330000001, -9.1410483, 629.76 ], [ 148.301525, -9.1407783, 630.69 ], [ 148.3016783, -9.140355, 631.68 ], [ 148.30193, -9.1398817, 633.59 ], [ 148.30215, -9.139605, 635.78 ], [ 148.3021333, -9.13925, 638.79 ], [ 148.30211, -9.13882, 643.49 ], [ 148.3022617, -9.1384633, 649.97 ], [ 148.30237, -9.1380433, 652.02 ], [ 148.3023983, -9.137905, 651.55 ], [ 148.3024533, -9.137625, 652.03 ], [ 148.3025333, -9.13734, 653.73 ], [ 148.302571699999987, -9.1371867, 654.37 ], [ 148.302638300000012, -9.136965, 656.89 ], [ 148.302953300000013, -9.136685, 659.59 ], [ 148.3032517, -9.13634, 658.74 ], [ 148.3033883, -9.1360517, 657.19 ], [ 148.3034183, -9.1357183, 654.4 ], [ 148.3034367, -9.1355783, 649.55 ], [ 148.3035233, -9.1353017, 648.01 ], [ 148.3035567, -9.1348483, 646.18 ], [ 148.3036333, -9.134365, 646.56 ], [ 148.30376, -9.134, 651.98 ], [ 148.3036783, -9.1336083, 654.49 ], [ 148.303425, -9.1333817, 656.49 ], [ 148.3034767, -9.1330383, 657.3 ], [ 148.303506700000014, -9.13284, 660.8 ], [ 148.303516699999989, -9.1325883, 662.43 ], [ 148.303355, -9.132215, 662.37 ], [ 148.3032, -9.1319467, 662.9 ], [ 148.303156699999988, -9.1318333, 662.28 ], [ 148.3029917, -9.13169, 661.07 ], [ 148.3027617, -9.1314767, 662.49 ], [ 148.3025783, -9.13121, 664.98 ], [ 148.302435, -9.130845, 666.78 ], [ 148.302615, -9.130505, 668.26 ], [ 148.3028833, -9.1301233, 671.18 ], [ 148.3030367, -9.1299467, 669.54 ], [ 148.3032317, -9.12963, 664.0 ], [ 148.30361, -9.1294467, 663.94 ], [ 148.304001699999986, -9.12918, 659.82 ], [ 148.304226699999987, -9.1290217, 657.98 ], [ 148.3043767, -9.1287917, 654.3 ], [ 148.3045883, -9.1283817, 653.69 ], [ 148.3047183, -9.1277633, 655.87 ], [ 148.3046617, -9.1271067, 656.28 ], [ 148.304396700000012, -9.126515, 660.49 ], [ 148.304265, -9.1261883, 664.1 ], [ 148.3042517, -9.12579, 666.07 ], [ 148.3043183, -9.12547, 665.57 ], [ 148.3045117, -9.1252517, 668.43 ], [ 148.3047583, -9.1249333, 665.34 ], [ 148.305058300000013, -9.1245817, 660.4 ], [ 148.305351699999989, -9.1241683, 657.92 ], [ 148.3056383, -9.1237483, 655.24 ], [ 148.305845, -9.1233483, 656.25 ], [ 148.3062167, -9.1228817, 658.46 ], [ 148.3065833, -9.12244, 659.56 ], [ 148.3068333, -9.12195, 661.21 ], [ 148.3069017, -9.1217933, 660.3 ], [ 148.306955, -9.1216867, 660.47 ], [ 148.307163300000013, -9.121335, 659.77 ], [ 148.307378300000011, -9.1208533, 659.2 ], [ 148.307595, -9.1205417, 663.47 ], [ 148.30783, -9.1201333, 660.11 ], [ 148.3081167, -9.1196017, 662.46 ], [ 148.308246700000012, -9.1190267, 662.0 ], [ 148.3082767, -9.1187283, 658.58 ], [ 148.3084567, -9.1184683, 662.59 ], [ 148.308875, -9.1182333, 661.57 ], [ 148.309165, -9.1180067, 661.94 ], [ 148.309405, -9.1177583, 660.25 ], [ 148.30968, -9.1174733, 660.9 ], [ 148.3098267, -9.1173617, 661.53 ], [ 148.309895, -9.117295, 664.68 ], [ 148.309953299999989, -9.1172233, 665.01 ], [ 148.31009, -9.1170867, 667.32 ], [ 148.3102383, -9.11694, 671.5 ], [ 148.3104533, -9.1167983, 671.33 ], [ 148.31068, -9.116595, 672.54 ], [ 148.3109217, -9.1163817, 674.82 ], [ 148.311205, -9.1161367, 681.84 ], [ 148.311521699999986, -9.1158667, 686.35 ], [ 148.31184, -9.1155833, 689.03 ], [ 148.312145, -9.1152117, 690.65 ], [ 148.3124417, -9.11478, 690.72 ], [ 148.3126767, -9.1142333, 695.23 ], [ 148.3127633, -9.11375, 693.39 ], [ 148.3128283, -9.11329, 695.18 ], [ 148.31276, -9.1129217, 697.36 ], [ 148.3127467, -9.1124783, 699.45 ], [ 148.3127, -9.1121083, 705.01 ], [ 148.3126417, -9.1117267, 706.39 ], [ 148.312588299999987, -9.11133, 706.08 ], [ 148.3122783, -9.1109733, 701.81 ], [ 148.3120083, -9.11064, 707.46 ], [ 148.3117717, -9.1103133, 711.82 ], [ 148.3116167, -9.11006, 711.86 ], [ 148.31142, -9.109765, 708.27 ], [ 148.311155, -9.10941, 707.61 ], [ 148.3109533, -9.1089533, 705.32 ], [ 148.3107833, -9.108555, 704.71 ], [ 148.3104883, -9.108105, 703.99 ], [ 148.31031, -9.1077083, 703.85 ], [ 148.3101283, -9.1073717, 699.79 ], [ 148.31006, -9.1072467, 699.57 ], [ 148.3098767, -9.1068433, 703.66 ], [ 148.309651699999989, -9.1064117, 700.85 ], [ 148.309555, -9.1060017, 697.1 ], [ 148.3095267, -9.1056533, 693.84 ], [ 148.3094217, -9.1052433, 694.34 ], [ 148.309361700000011, -9.1049483, 689.87 ], [ 148.309271700000011, -9.1044517, 689.47 ], [ 148.3092217, -9.104015, 690.12 ], [ 148.3091, -9.10355, 690.91 ], [ 148.309035, -9.10333, 695.42 ], [ 148.3090283, -9.1031783, 699.37 ], [ 148.30895, -9.1029983, 697.69 ], [ 148.3089367, -9.102875, 695.15 ], [ 148.308886699999988, -9.1025883, 698.33 ], [ 148.30883, -9.1024317, 699.71 ], [ 148.3087583, -9.1022917, 700.47 ], [ 148.3085383, -9.10204, 698.72 ], [ 148.308291700000012, -9.1016817, 699.56 ], [ 148.3082233, -9.10129, 696.87 ], [ 148.308153299999987, -9.10106, 699.87 ], [ 148.3081417, -9.100815, 701.35 ], [ 148.308198299999987, -9.1003, 706.75 ], [ 148.308143300000012, -9.0998683, 717.14 ], [ 148.308143300000012, -9.0994933, 717.28 ], [ 148.3081267, -9.09912, 716.4 ], [ 148.3080833, -9.098575, 717.18 ], [ 148.3080433, -9.0981967, 716.63 ], [ 148.3080733, -9.0979117, 716.22 ], [ 148.3080833, -9.0973533, 715.79 ], [ 148.3080367, -9.0970167, 718.66 ], [ 148.308035, -9.0967167, 716.83 ], [ 148.30804, -9.0961983, 722.31 ], [ 148.308, -9.0956583, 722.14 ], [ 148.307955, -9.09545, 726.46 ], [ 148.3079217, -9.0950017, 726.67 ], [ 148.3078983, -9.0943417, 723.77 ], [ 148.30784, -9.0937633, 720.4 ], [ 148.307655, -9.092915, 724.45 ], [ 148.30759, -9.0919467, 731.2 ], [ 148.3076117, -9.0911, 731.68 ], [ 148.30744, -9.0905333, 732.94 ], [ 148.3070117, -9.089835, 738.94 ], [ 148.3063717, -9.0893333, 745.38 ], [ 148.305778299999986, -9.0887333, 746.87 ], [ 148.305486699999989, -9.0883117, 752.8 ], [ 148.3053333, -9.087875, 754.09 ], [ 148.305175, -9.087465, 754.31 ], [ 148.305075, -9.0870717, 757.0 ], [ 148.305025, -9.0866017, 765.25 ], [ 148.30506170000001, -9.086125, 773.12 ], [ 148.3050217, -9.0859833, 774.92 ], [ 148.304965, -9.085875, 776.48 ], [ 148.30482330000001, -9.085525, 773.41 ], [ 148.3046883, -9.0851783, 773.15 ], [ 148.304621700000013, -9.0846817, 773.78 ], [ 148.30481, -9.0842533, 777.91 ], [ 148.3049433, -9.0838817, 778.3 ], [ 148.3050867, -9.083335, 781.77 ], [ 148.3053617, -9.0827, 774.72 ], [ 148.305485, -9.0819733, 776.16 ], [ 148.30557, -9.0812917, 765.01 ], [ 148.30573, -9.080785, 766.38 ], [ 148.3055617, -9.0799467, 771.96 ], [ 148.3055417, -9.0795083, 780.85 ], [ 148.3055733, -9.0790483, 781.55 ], [ 148.3056383, -9.07835, 785.14 ], [ 148.30614, -9.0775283, 791.19 ], [ 148.3065417, -9.0768717, 791.18 ], [ 148.3065867, -9.07599, 792.76 ], [ 148.3066167, -9.0753717, 791.41 ], [ 148.306405, -9.0747733, 793.18 ], [ 148.3061567, -9.0741517, 799.07 ], [ 148.306265, -9.0734333, 805.79 ], [ 148.306543299999987, -9.0729533, 809.71 ], [ 148.306726700000013, -9.0725783, 812.63 ], [ 148.306825, -9.0721583, 815.82 ], [ 148.307006699999988, -9.0718433, 812.31 ], [ 148.3073967, -9.07167, 813.29 ], [ 148.30772, -9.0718467, 818.33 ], [ 148.3082083, -9.07227, 819.0 ], [ 148.308603299999987, -9.0724717, 813.47 ], [ 148.308863300000013, -9.0720033, 806.78 ], [ 148.3089017, -9.0716333, 798.02 ], [ 148.30912330000001, -9.0714767, 793.52 ], [ 148.3094867, -9.0719017, 788.64 ], [ 148.30958, -9.0723017, 788.6 ], [ 148.3097717, -9.0726283, 786.37 ], [ 148.310075, -9.0725117, 781.99 ], [ 148.31048, -9.0723217, 776.52 ], [ 148.310885, -9.072275, 778.06 ], [ 148.3112633, -9.07197, 776.99 ], [ 148.311405, -9.0714483, 775.65 ], [ 148.31156, -9.071185, 774.32 ], [ 148.31184, -9.070925, 771.39 ], [ 148.312083300000012, -9.070525, 767.36 ], [ 148.3123283, -9.0702783, 769.92 ], [ 148.31265830000001, -9.070135, 774.7 ], [ 148.3128283, -9.0700267, 775.32 ], [ 148.31294, -9.06989, 776.91 ], [ 148.312985, -9.06971, 778.95 ], [ 148.31309, -9.06949, 779.16 ], [ 148.3132067, -9.0692783, 779.63 ], [ 148.313345, -9.0694533, 784.73 ], [ 148.313391700000011, -9.06958, 785.02 ], [ 148.313545, -9.0696617, 792.0 ], [ 148.313675, -9.0695333, 796.35 ], [ 148.31384, -9.0693567, 798.14 ], [ 148.313965, -9.0691633, 799.8 ], [ 148.3140417, -9.06893, 803.08 ], [ 148.314291700000012, -9.0687, 807.97 ], [ 148.314516700000013, -9.0684533, 807.11 ], [ 148.31469, -9.0681667, 804.79 ], [ 148.3149233, -9.0679333, 807.29 ], [ 148.3151033, -9.067775, 810.51 ], [ 148.315325, -9.06753, 813.2 ], [ 148.3153417, -9.067255, 815.79 ], [ 148.3154533, -9.0670967, 822.06 ], [ 148.3154683, -9.06689, 825.19 ], [ 148.31551, -9.066625, 830.62 ], [ 148.315545, -9.0664283, 833.82 ], [ 148.315605, -9.0661633, 832.93 ], [ 148.3157133, -9.065965, 833.56 ], [ 148.315776699999986, -9.0657817, 838.98 ], [ 148.3160033, -9.0656033, 852.09 ], [ 148.316165, -9.0653817, 852.65 ], [ 148.3163817, -9.06519, 856.28 ], [ 148.316576700000013, -9.0649817, 856.32 ], [ 148.31684, -9.0647833, 855.81 ], [ 148.3171283, -9.064545, 858.93 ], [ 148.3174833, -9.064205, 864.2 ], [ 148.3177633, -9.06398, 865.17 ], [ 148.3179917, -9.0637583, 870.15 ], [ 148.3182017, -9.0634917, 875.66 ], [ 148.3185183, -9.0631783, 880.31 ], [ 148.3186933, -9.062935, 879.42 ], [ 148.31893, -9.062655, 880.99 ], [ 148.319256700000011, -9.0623267, 882.6 ], [ 148.319555, -9.0619933, 887.15 ], [ 148.319765, -9.0617133, 890.48 ], [ 148.3199233, -9.0614567, 890.15 ], [ 148.3200883, -9.0611367, 887.13 ], [ 148.320256699999987, -9.0609217, 887.74 ], [ 148.3203967, -9.0607117, 889.44 ], [ 148.320495, -9.0604967, 893.24 ], [ 148.320645, -9.060345, 898.28 ], [ 148.320735, -9.0601783, 903.0 ], [ 148.3209783, -9.0600717, 905.96 ], [ 148.321165, -9.0599533, 909.46 ], [ 148.3213833, -9.05978, 914.18 ], [ 148.3216167, -9.05963, 920.37 ], [ 148.32184, -9.0594433, 922.8 ], [ 148.322025, -9.0592533, 924.16 ], [ 148.322136699999987, -9.0590617, 927.27 ], [ 148.3223883, -9.058895, 925.3 ], [ 148.32261, -9.0587833, 926.03 ], [ 148.3228617, -9.0586467, 925.79 ], [ 148.32325, -9.0584833, 926.84 ], [ 148.3235483, -9.0583567, 929.71 ], [ 148.323875, -9.058185, 934.41 ], [ 148.3240233, -9.0581317, 938.2 ], [ 148.32449, -9.05794, 935.38 ], [ 148.3247967, -9.057785, 928.26 ], [ 148.325153300000011, -9.05781, 928.39 ], [ 148.3255167, -9.0579417, 930.36 ], [ 148.32593, -9.0581567, 934.73 ], [ 148.3262533, -9.0582983, 940.67 ], [ 148.3265567, -9.0583867, 941.21 ], [ 148.3269733, -9.0584517, 943.36 ], [ 148.32729, -9.0585783, 936.42 ], [ 148.3276133, -9.058705, 931.41 ], [ 148.3278483, -9.058805, 926.49 ], [ 148.328185, -9.0589, 922.84 ], [ 148.32853, -9.0590967, 918.91 ], [ 148.3287417, -9.0592717, 915.99 ], [ 148.329015, -9.0594733, 911.45 ], [ 148.3294017, -9.0598133, 910.54 ], [ 148.3295617, -9.060105, 911.21 ], [ 148.3297717, -9.0604817, 909.19 ], [ 148.3298283, -9.0610133, 906.36 ], [ 148.3298767, -9.06143, 895.78 ], [ 148.329971699999987, -9.0618183, 895.29 ], [ 148.329993300000012, -9.0623567, 895.61 ], [ 148.3299233, -9.062825, 887.38 ], [ 148.32984, -9.0632167, 879.39 ], [ 148.3298317, -9.063775, 872.7 ], [ 148.32993, -9.06422, 863.85 ], [ 148.329985, -9.0646683, 862.23 ], [ 148.329961700000013, -9.065025, 858.81 ], [ 148.33, -9.0653533, 851.06 ], [ 148.330038300000012, -9.0656467, 842.55 ], [ 148.3301117, -9.0660417, 838.42 ], [ 148.3303383, -9.0664167, 836.27 ], [ 148.330495, -9.0667833, 836.55 ], [ 148.3306317, -9.06727, 836.87 ], [ 148.3307533, -9.067815, 834.03 ], [ 148.3308733, -9.06833, 831.57 ], [ 148.331096699999989, -9.06888, 826.65 ], [ 148.3312233, -9.0692983, 824.48 ], [ 148.331478299999986, -9.06948, 823.37 ], [ 148.331755, -9.0696083, 819.53 ], [ 148.3319383, -9.0697783, 819.62 ], [ 148.3321833, -9.0698733, 818.44 ], [ 148.3324417, -9.0699533, 810.17 ], [ 148.3327233, -9.0702, 806.09 ], [ 148.3329933, -9.07039, 798.61 ], [ 148.333085, -9.0700833, 793.6 ], [ 148.332985, -9.0697433, 786.56 ], [ 148.3326333, -9.06943, 786.49 ], [ 148.332571699999988, -9.0689333, 781.86 ], [ 148.3328017, -9.0685433, 773.5 ], [ 148.3330817, -9.0681217, 767.94 ], [ 148.333225, -9.0678333, 760.69 ], [ 148.33328, -9.06763, 756.24 ], [ 148.3333833, -9.0674717, 755.65 ], [ 148.333605, -9.0674083, 755.02 ], [ 148.3338483, -9.0672583, 757.94 ], [ 148.333975, -9.0670083, 759.77 ], [ 148.3341883, -9.0667517, 763.34 ], [ 148.33419330000001, -9.0664033, 767.61 ], [ 148.33432830000001, -9.066135, 775.68 ], [ 148.334555, -9.0658733, 783.16 ], [ 148.3348317, -9.065635, 790.63 ], [ 148.335113299999989, -9.06552, 800.47 ], [ 148.3354133, -9.065395, 805.75 ], [ 148.335925, -9.0652617, 813.37 ], [ 148.3364483, -9.065135, 818.64 ], [ 148.3369633, -9.0649967, 824.8 ], [ 148.337415, -9.064805, 825.97 ], [ 148.33801170000001, -9.06459, 832.17 ], [ 148.3385367, -9.0643767, 839.34 ], [ 148.339015, -9.064175, 839.41 ], [ 148.339565, -9.064005, 843.91 ], [ 148.3402, -9.06392, 850.6 ], [ 148.3407, -9.063875, 856.0 ], [ 148.3411083, -9.0635533, 858.94 ], [ 148.34148, -9.0631717, 863.51 ], [ 148.341903300000013, -9.0627483, 868.2 ], [ 148.342408299999988, -9.062245, 864.48 ], [ 148.342813299999989, -9.0616067, 866.04 ], [ 148.3430617, -9.0609967, 868.43 ], [ 148.3433, -9.0605633, 869.34 ], [ 148.343575, -9.0600117, 870.53 ], [ 148.343985, -9.0594733, 873.71 ], [ 148.3445367, -9.0591283, 881.54 ], [ 148.344853300000011, -9.05867, 894.49 ], [ 148.3450817, -9.0581917, 901.27 ], [ 148.3452633, -9.0576933, 904.62 ], [ 148.3454917, -9.0572217, 906.27 ], [ 148.345821699999988, -9.0567567, 908.49 ], [ 148.346465, -9.05636, 912.23 ], [ 148.3468317, -9.0556817, 914.67 ], [ 148.3472567, -9.0549883, 919.86 ], [ 148.3474283, -9.0541883, 920.86 ], [ 148.34764, -9.0536133, 927.22 ], [ 148.3478467, -9.0530583, 934.76 ], [ 148.34799, -9.0525867, 936.13 ], [ 148.348195, -9.052055, 934.14 ], [ 148.348305, -9.05146, 941.76 ], [ 148.3485283, -9.0510233, 949.88 ], [ 148.3487517, -9.0508267, 952.21 ], [ 148.34889, -9.05071, 955.17 ], [ 148.34923, -9.0504683, 954.94 ], [ 148.3496283, -9.0506883, 950.03 ], [ 148.3499117, -9.050955, 946.46 ], [ 148.35015, -9.0512, 943.92 ], [ 148.3505233, -9.0515333, 937.66 ], [ 148.350885, -9.0518667, 932.19 ], [ 148.3511117, -9.0521583, 928.13 ], [ 148.351415, -9.0525267, 925.52 ], [ 148.3517017, -9.0530517, 928.42 ], [ 148.35179, -9.05324, 930.6 ], [ 148.351885, -9.0534567, 932.44 ], [ 148.3520867, -9.0539417, 930.01 ], [ 148.3524367, -9.0544633, 925.1 ], [ 148.3528067, -9.0548367, 924.01 ], [ 148.35336, -9.0553767, 924.24 ], [ 148.3537633, -9.0559367, 931.22 ], [ 148.3541483, -9.0566133, 938.64 ], [ 148.353875, -9.05708, 945.4 ], [ 148.353643299999987, -9.05711, 948.19 ], [ 148.3533933, -9.05716, 948.27 ], [ 148.3530917, -9.0573183, 950.16 ], [ 148.3529017, -9.0573633, 942.41 ], [ 148.35254, -9.0576133, 945.61 ], [ 148.35256, -9.0581367, 946.32 ], [ 148.3525617, -9.058595, 945.82 ], [ 148.3526, -9.059095, 948.3 ], [ 148.3528483, -9.0594617, 943.97 ], [ 148.3530317, -9.059835, 940.62 ], [ 148.3535617, -9.0596467, 933.72 ], [ 148.3538017, -9.06013, 932.41 ], [ 148.353915, -9.0605283, 922.12 ], [ 148.3542467, -9.0608033, 915.93 ], [ 148.3546517, -9.06092, 911.62 ], [ 148.35509, -9.0611567, 909.19 ], [ 148.3554933, -9.0616083, 912.41 ], [ 148.3560733, -9.06195, 902.46 ], [ 148.356535, -9.0624133, 891.93 ], [ 148.35657, -9.062825, 884.08 ], [ 148.356575, -9.0633167, 875.02 ], [ 148.3567533, -9.0638817, 866.15 ], [ 148.3568567, -9.0642367, 855.3 ], [ 148.3568967, -9.0645283, 843.33 ], [ 148.3570183, -9.0650817, 833.44 ], [ 148.357155, -9.0656733, 827.0 ], [ 148.3573367, -9.0661067, 818.57 ], [ 148.3578167, -9.0663233, 818.08 ], [ 148.3581883, -9.0665417, 818.53 ], [ 148.3582733, -9.0665767, 818.76 ], [ 148.358348299999989, -9.0666683, 819.08 ], [ 148.35838, -9.0667633, 818.45 ], [ 148.358495, -9.0671767, 818.72 ], [ 148.358643300000011, -9.0675633, 816.22 ], [ 148.358895, -9.0677467, 813.43 ], [ 148.3591017, -9.067465, 815.81 ], [ 148.359345, -9.0671633, 818.27 ], [ 148.35962, -9.0670883, 811.53 ], [ 148.3600217, -9.067165, 804.27 ], [ 148.360555, -9.0674233, 797.42 ], [ 148.361055, -9.0675117, 795.92 ], [ 148.3613, -9.0676983, 794.14 ], [ 148.3616283, -9.0679967, 793.86 ], [ 148.3618917, -9.0683383, 793.87 ], [ 148.36245, -9.0685833, 793.15 ], [ 148.3629033, -9.0686983, 787.58 ], [ 148.3631933, -9.0688483, 788.29 ], [ 148.3635683, -9.069035, 781.69 ], [ 148.3638817, -9.0692917, 772.01 ], [ 148.3641567, -9.06975, 762.19 ], [ 148.36459, -9.0700717, 755.52 ], [ 148.3652367, -9.0701267, 748.53 ], [ 148.365996700000011, -9.07007, 754.4 ], [ 148.3664833, -9.0705267, 744.51 ], [ 148.3670883, -9.0710983, 735.3 ], [ 148.36760670000001, -9.0715833, 726.06 ], [ 148.3681, -9.0719683, 727.35 ], [ 148.3684567, -9.0722167, 725.22 ], [ 148.368765, -9.072425, 721.26 ], [ 148.3689517, -9.07265, 715.47 ], [ 148.3689417, -9.0730017, 714.18 ], [ 148.36901, -9.0734767, 704.63 ], [ 148.3691567, -9.07385, 696.52 ], [ 148.369236699999988, -9.0744817, 691.34 ], [ 148.369375, -9.0749767, 688.78 ], [ 148.369455, -9.0757917, 684.54 ], [ 148.36977, -9.076535, 685.37 ], [ 148.3702417, -9.0774633, 688.73 ], [ 148.371015, -9.0780217, 690.07 ], [ 148.3710683, -9.0786917, 684.37 ], [ 148.37150170000001, -9.0794817, 675.63 ], [ 148.372006699999986, -9.0803433, 673.77 ], [ 148.3727117, -9.080875, 668.74 ], [ 148.373253299999988, -9.0810417, 668.5 ], [ 148.37361, -9.081205, 671.81 ], [ 148.3740417, -9.081455, 670.68 ], [ 148.3744333, -9.082025, 674.03 ], [ 148.37443, -9.0826667, 680.47 ], [ 148.3744, -9.08311, 680.26 ], [ 148.37426, -9.0836083, 677.25 ], [ 148.3745433, -9.0840483, 674.61 ], [ 148.3746483, -9.084645, 668.8 ], [ 148.37497, -9.0852567, 663.24 ], [ 148.3749033, -9.0860267, 662.63 ], [ 148.37525, -9.08674, 658.67 ], [ 148.3757, -9.087425, 652.19 ], [ 148.375945, -9.08796, 654.06 ], [ 148.376335, -9.0881733, 652.11 ], [ 148.376725, -9.0884517, 649.05 ], [ 148.3770467, -9.08893, 650.26 ], [ 148.3774683, -9.0890883, 650.16 ], [ 148.377955, -9.0892717, 647.79 ], [ 148.378185, -9.08948, 645.65 ], [ 148.3778017, -9.089735, 645.54 ], [ 148.37727670000001, -9.0901217, 639.04 ], [ 148.3771583, -9.090625, 638.11 ], [ 148.3771467, -9.09088, 634.41 ], [ 148.3772533, -9.0909433, 629.38 ], [ 148.377318300000013, -9.09102, 622.91 ], [ 148.377713300000011, -9.0912033, 624.53 ], [ 148.377816700000011, -9.091655, 623.35 ], [ 148.3780567, -9.09224, 624.94 ], [ 148.3786567, -9.0924833, 631.41 ], [ 148.3786333, -9.09309, 634.32 ], [ 148.3785167, -9.0937017, 638.06 ], [ 148.378401700000012, -9.0942433, 641.74 ], [ 148.378485, -9.094775, 649.61 ], [ 148.378533299999987, -9.095375, 652.43 ], [ 148.3790167, -9.0958983, 660.32 ], [ 148.3796767, -9.096475, 663.59 ], [ 148.3800133, -9.0969467, 666.91 ], [ 148.3803933, -9.097085, 671.14 ], [ 148.38075, -9.097105, 676.32 ], [ 148.3811933, -9.097015, 683.5 ], [ 148.381745, -9.0972433, 689.79 ], [ 148.38218, -9.0974733, 694.23 ], [ 148.3828133, -9.0977617, 693.91 ], [ 148.3832667, -9.098355, 693.11 ], [ 148.383915, -9.0987033, 694.55 ], [ 148.384298300000012, -9.0986783, 696.84 ], [ 148.3848633, -9.0986217, 702.54 ], [ 148.3854433, -9.098655, 707.2 ], [ 148.3860017, -9.0990733, 706.9 ], [ 148.3866, -9.0991533, 705.82 ], [ 148.3869867, -9.0992083, 715.99 ], [ 148.387393300000014, -9.0994733, 721.95 ], [ 148.387505, -9.0997967, 729.4 ], [ 148.387675, -9.1003333, 730.68 ], [ 148.3880967, -9.1008883, 732.1 ], [ 148.388386700000012, -9.1016883, 728.01 ], [ 148.38871, -9.1023267, 730.17 ], [ 148.3887167, -9.103015, 735.86 ], [ 148.3887583, -9.1034983, 739.92 ], [ 148.38879, -9.1038733, 739.15 ], [ 148.38885830000001, -9.1043567, 741.57 ], [ 148.3888217, -9.1047033, 746.33 ], [ 148.388645, -9.1050833, 747.62 ], [ 148.388455, -9.105435, 749.54 ], [ 148.3882983, -9.105695, 753.36 ], [ 148.3881317, -9.1060417, 753.81 ], [ 148.387988299999989, -9.106455, 754.08 ], [ 148.387988299999989, -9.107025, 757.53 ], [ 148.388238300000012, -9.1076067, 762.94 ], [ 148.3884367, -9.10817, 763.37 ], [ 148.388145, -9.1085833, 766.53 ], [ 148.387891700000011, -9.109045, 772.43 ], [ 148.387645, -9.1094767, 776.05 ], [ 148.387628299999989, -9.10979, 779.32 ], [ 148.388113299999986, -9.11012, 785.29 ], [ 148.388383299999987, -9.1104233, 792.46 ], [ 148.3885033, -9.110655, 799.84 ], [ 148.3887217, -9.1109333, 803.45 ], [ 148.389095, -9.1110183, 810.25 ], [ 148.389255, -9.1111, 810.86 ], [ 148.3894917, -9.1112133, 814.16 ], [ 148.38992, -9.1115283, 812.71 ], [ 148.3902367, -9.111635, 809.56 ], [ 148.3906033, -9.1116317, 808.95 ], [ 148.3909817, -9.1116483, 809.67 ], [ 148.391375, -9.1117317, 811.33 ], [ 148.3918217, -9.1118533, 814.68 ], [ 148.39223, -9.1120717, 818.39 ], [ 148.3923317, -9.1124517, 823.21 ], [ 148.3919567, -9.1128267, 827.57 ], [ 148.39157, -9.1130083, 829.28 ], [ 148.391301700000014, -9.1130567, 822.64 ], [ 148.3910233, -9.1132817, 813.71 ], [ 148.39073830000001, -9.1137817, 807.79 ], [ 148.390395, -9.1142217, 802.15 ], [ 148.3898883, -9.1145483, 797.44 ], [ 148.3896417, -9.11469, 792.59 ], [ 148.3894233, -9.1146883, 783.72 ], [ 148.38930830000001, -9.1147217, 780.68 ], [ 148.388833299999988, -9.11477, 784.27 ], [ 148.388563299999987, -9.1148933, 786.41 ], [ 148.3886417, -9.11505, 784.84 ], [ 148.3888883, -9.11528, 788.43 ], [ 148.388756699999988, -9.11568, 788.85 ], [ 148.3884983, -9.116, 783.41 ], [ 148.38831, -9.1163133, 780.91 ], [ 148.388105, -9.1166567, 778.29 ], [ 148.3879767, -9.1168483, 770.64 ], [ 148.3880617, -9.1170233, 768.34 ], [ 148.388465, -9.1172717, 767.44 ], [ 148.3885883, -9.117555, 761.7 ], [ 148.3885683, -9.1179317, 758.68 ], [ 148.388445, -9.1183483, 750.7 ], [ 148.38846, -9.1188783, 745.56 ], [ 148.3886633, -9.1190567, 743.28 ], [ 148.388563299999987, -9.1192783, 742.04 ], [ 148.38849, -9.1195417, 741.72 ], [ 148.3885167, -9.1197717, 738.05 ], [ 148.38823, -9.12024, 731.97 ], [ 148.388015, -9.120755, 723.25 ], [ 148.3879083, -9.1209233, 720.68 ], [ 148.387753300000014, -9.1210667, 719.13 ], [ 148.3873233, -9.121585, 715.9 ], [ 148.3870867, -9.1218317, 704.81 ], [ 148.386935, -9.122125, 701.86 ], [ 148.3869767, -9.122435, 701.59 ], [ 148.387043299999988, -9.1227067, 699.63 ], [ 148.38719, -9.1229733, 695.61 ], [ 148.3871983, -9.1232833, 692.67 ], [ 148.3871867, -9.1235917, 688.1 ], [ 148.38707, -9.12385, 681.94 ], [ 148.3868783, -9.1240583, 674.53 ], [ 148.3865683, -9.1244167, 672.03 ], [ 148.3862033, -9.1248133, 662.7 ], [ 148.385908300000011, -9.125055, 664.4 ], [ 148.38579, -9.1251783, 663.45 ], [ 148.385683300000011, -9.1253183, 657.59 ], [ 148.38567, -9.12541, 649.76 ], [ 148.38558, -9.1255467, 648.37 ], [ 148.385491699999989, -9.1258317, 645.96 ], [ 148.385446699999989, -9.1260267, 642.81 ], [ 148.385315, -9.126065, 641.57 ], [ 148.385131699999988, -9.1261417, 636.58 ], [ 148.38489, -9.1263033, 634.98 ], [ 148.3849917, -9.1268167, 632.69 ], [ 148.384975, -9.1274017, 632.71 ], [ 148.3851867, -9.128025, 638.14 ], [ 148.3849017, -9.1286833, 649.7 ], [ 148.3846117, -9.129205, 659.82 ], [ 148.3844733, -9.1293717, 662.76 ], [ 148.3842867, -9.1295083, 667.67 ], [ 148.3840667, -9.1297183, 676.8 ], [ 148.383803300000011, -9.13, 682.17 ], [ 148.383723300000014, -9.1302, 685.33 ], [ 148.38362, -9.1303217, 688.61 ], [ 148.38344, -9.130355, 688.51 ], [ 148.3832667, -9.130345, 690.23 ], [ 148.383048300000013, -9.1303683, 688.03 ], [ 148.3828483, -9.1304767, 690.39 ], [ 148.3825967, -9.1305983, 693.48 ], [ 148.3824483, -9.130795, 696.54 ], [ 148.3825617, -9.13101, 698.15 ], [ 148.3825167, -9.131175, 697.81 ], [ 148.3826283, -9.131365, 700.74 ], [ 148.3828433, -9.1317, 705.23 ], [ 148.38322, -9.13213, 709.21 ], [ 148.383591700000011, -9.1324167, 716.02 ], [ 148.384035, -9.1325917, 714.77 ], [ 148.384525, -9.132725, 723.12 ], [ 148.3848533, -9.1330817, 721.25 ], [ 148.384975, -9.1333033, 715.69 ], [ 148.38502, -9.13354, 717.9 ], [ 148.385118299999988, -9.1338117, 721.71 ], [ 148.3851383, -9.1341333, 723.58 ], [ 148.38535, -9.134645, 728.2 ], [ 148.3855, -9.1352567, 724.87 ], [ 148.385728300000011, -9.1356367, 723.86 ], [ 148.3859067, -9.13593, 725.73 ], [ 148.38604, -9.1363267, 735.51 ], [ 148.386188299999986, -9.1367083, 732.05 ], [ 148.386371700000012, -9.1372533, 731.03 ], [ 148.3866133, -9.1379833, 737.77 ], [ 148.38698, -9.138725, 742.41 ], [ 148.387245, -9.1390617, 751.8 ], [ 148.38733, -9.138995, 750.66 ], [ 148.38744, -9.139, 749.17 ], [ 148.38746, -9.1389083, 746.79 ], [ 148.3875883, -9.13893, 751.5 ], [ 148.3874767, -9.1389267, 752.75 ], [ 148.387316700000014, -9.1389267, 757.1 ], [ 148.387395, -9.1388683, 751.96 ], [ 148.38735, -9.1387567, 732.07 ], [ 148.387438300000014, -9.1388067, 739.15 ], [ 148.3873433, -9.1386117, 721.35 ], [ 148.3873633, -9.1387, 740.14 ], [ 148.387361700000014, -9.1388, 750.62 ], [ 148.387326699999988, -9.138715, 754.53 ], [ 148.3874117, -9.1387817, 748.3 ], [ 148.3873367, -9.13873, 745.4 ], [ 148.3873733, -9.1388183, 744.63 ], [ 148.3873217, -9.13874, 752.0 ], [ 148.38738330000001, -9.1388083, 744.83 ], [ 148.3873183, -9.1387333, 740.43 ], [ 148.387375, -9.1388067, 739.85 ], [ 148.387313299999988, -9.1387267, 746.13 ], [ 148.3874133, -9.1387867, 745.7 ], [ 148.3873633, -9.138895, 745.53 ], [ 148.387315, -9.1389767, 746.43 ], [ 148.3873233, -9.13922, 747.33 ], [ 148.38736, -9.13982, 748.72 ], [ 148.387575, -9.1404067, 744.63 ], [ 148.388283300000012, -9.14088, 740.8 ], [ 148.3889217, -9.140275, 741.55 ], [ 148.38947, -9.1396017, 738.3 ], [ 148.389545, -9.139535, 741.25 ], [ 148.390015, -9.1388217, 743.39 ], [ 148.39044, -9.138065, 738.49 ], [ 148.3907283, -9.1375233, 733.61 ], [ 148.3910433, -9.1370467, 733.12 ], [ 148.39141, -9.1364217, 733.16 ], [ 148.391883299999989, -9.1353767, 729.19 ], [ 148.39262, -9.1342017, 728.21 ], [ 148.3934783, -9.1330533, 730.01 ], [ 148.3944033, -9.1319967, 724.9 ], [ 148.39512, -9.1319317, 723.24 ], [ 148.3960817, -9.1326083, 717.91 ], [ 148.3970683, -9.133325, 702.71 ], [ 148.3980317, -9.1337333, 698.59 ], [ 148.398741699999988, -9.1332917, 692.11 ], [ 148.39938, -9.1327817, 685.4 ], [ 148.399565, -9.1334733, 682.11 ], [ 148.4004117, -9.1338967, 678.91 ], [ 148.401835, -9.1336833, 670.54 ], [ 148.402941700000014, -9.1334717, 662.2 ], [ 148.4035417, -9.132485, 651.51 ], [ 148.4044783, -9.13159, 659.55 ], [ 148.4054767, -9.130795, 637.86 ], [ 148.40672330000001, -9.13032, 628.99 ], [ 148.4080817, -9.1301967, 644.67 ], [ 148.4095333, -9.1300433, 643.98 ], [ 148.4110217, -9.1299083, 644.15 ], [ 148.41249, -9.12976, 650.41 ], [ 148.4136933, -9.129955, 650.5 ], [ 148.414591699999988, -9.1300117, 652.91 ], [ 148.4151333, -9.129775, 652.22 ], [ 148.41593, -9.129555, 656.29 ], [ 148.416905, -9.1293983, 665.83 ], [ 148.4177817, -9.1296383, 675.69 ], [ 148.41839, -9.1297867, 676.83 ], [ 148.4191683, -9.1298817, 686.79 ], [ 148.4199283, -9.1303867, 693.47 ], [ 148.420491700000014, -9.1308933, 707.08 ], [ 148.4212233, -9.1305817, 716.88 ], [ 148.42222670000001, -9.1301467, 729.48 ], [ 148.423213299999986, -9.1299683, 734.94 ], [ 148.4242633, -9.1304383, 732.98 ], [ 148.4252717, -9.1310067, 729.69 ], [ 148.4264483, -9.13136, 737.13 ], [ 148.4276333, -9.1310983, 742.64 ], [ 148.4284417, -9.1310333, 750.82 ], [ 148.4288, -9.1309067, 755.51 ], [ 148.4294467, -9.130875, 764.67 ], [ 148.43039, -9.130595, 772.38 ], [ 148.431411700000012, -9.13027, 786.06 ], [ 148.43238, -9.1300917, 796.87 ], [ 148.4334833, -9.12999, 802.45 ], [ 148.434708300000011, -9.130345, 814.33 ], [ 148.435698300000013, -9.1305167, 819.83 ], [ 148.4367533, -9.130095, 820.54 ], [ 148.43788330000001, -9.1299017, 830.72 ], [ 148.439045, -9.1300683, 830.17 ], [ 148.440303300000011, -9.1303, 818.46 ], [ 148.44152, -9.1303567, 812.06 ], [ 148.4428083, -9.130385, 809.49 ], [ 148.444145, -9.13032, 806.3 ], [ 148.445365, -9.1298067, 795.44 ], [ 148.4461833, -9.12924, 800.49 ], [ 148.446538299999986, -9.1287783, 803.49 ], [ 148.4466233, -9.1286583, 811.71 ], [ 148.446683299999989, -9.1285817, 811.7 ], [ 148.44671, -9.128465, 811.63 ], [ 148.446676700000012, -9.1283633, 812.25 ], [ 148.446901700000012, -9.1278717, 810.05 ], [ 148.447203300000012, -9.1274233, 807.28 ], [ 148.4473583, -9.1267483, 802.56 ], [ 148.447798299999988, -9.1260333, 795.79 ], [ 148.4480517, -9.1249267, 792.38 ], [ 148.448611699999987, -9.1240767, 790.77 ], [ 148.4494183, -9.123655, 780.44 ], [ 148.450648300000012, -9.12351, 767.29 ], [ 148.451685, -9.1238567, 757.11 ], [ 148.45254, -9.1240617, 737.55 ], [ 148.4535517, -9.123815, 729.61 ], [ 148.45428, -9.122955, 724.84 ], [ 148.4544117, -9.1217983, 719.4 ], [ 148.454553299999986, -9.1206433, 716.04 ], [ 148.4548117, -9.119715, 704.45 ], [ 148.455385, -9.1188067, 694.19 ], [ 148.4562367, -9.1182083, 681.98 ], [ 148.457045, -9.1179367, 669.45 ], [ 148.4572717, -9.1178233, 669.2 ], [ 148.457635, -9.117815, 662.7 ], [ 148.4582483, -9.1176483, 664.51 ], [ 148.4588, -9.1171567, 664.56 ], [ 148.459203300000013, -9.1165217, 665.7 ], [ 148.4599183, -9.11619, 668.32 ], [ 148.4602817, -9.1163183, 671.86 ], [ 148.4606267, -9.1163417, 666.47 ], [ 148.4610267, -9.1162917, 658.42 ], [ 148.46172, -9.1164083, 662.5 ], [ 148.4624217, -9.1163333, 661.85 ], [ 148.4630933, -9.1165083, 659.87 ], [ 148.463526699999989, -9.1166683, 655.58 ], [ 148.463615, -9.1167, 648.41 ], [ 148.463818300000014, -9.1166667, 645.19 ], [ 148.4639817, -9.1166233, 642.73 ], [ 148.464088299999986, -9.1165717, 640.17 ], [ 148.4644233, -9.1162467, 637.65 ], [ 148.4648067, -9.1161817, 629.96 ], [ 148.465065, -9.1160767, 622.26 ], [ 148.46532, -9.1159733, 619.47 ], [ 148.465631699999989, -9.1157617, 610.65 ], [ 148.466161699999986, -9.1154783, 602.59 ], [ 148.4665233, -9.1155083, 595.89 ], [ 148.4668317, -9.1155417, 588.37 ], [ 148.4672833, -9.1154617, 585.26 ], [ 148.467803300000014, -9.1153167, 579.72 ], [ 148.468391700000012, -9.115065, 573.67 ], [ 148.4691067, -9.1146933, 564.01 ], [ 148.46964, -9.11429, 560.73 ], [ 148.469963299999989, -9.1140533, 555.66 ], [ 148.4702733, -9.11381, 544.66 ], [ 148.4704567, -9.1136867, 540.77 ], [ 148.4705333, -9.1134633, 536.73 ], [ 148.47079, -9.1131133, 531.92 ], [ 148.4711533, -9.1129267, 524.35 ], [ 148.471595, -9.1128983, 518.31 ], [ 148.4720733, -9.1128217, 514.98 ], [ 148.4725733, -9.1128267, 510.96 ], [ 148.472656699999987, -9.113275, 505.68 ], [ 148.47261, -9.11372, 503.47 ], [ 148.472725, -9.11382, 500.44 ], [ 148.4727833, -9.1139883, 496.33 ], [ 148.472868299999988, -9.1141417, 494.79 ], [ 148.4729333, -9.1142183, 489.15 ], [ 148.47299, -9.114305, 486.72 ], [ 148.4731983, -9.114375, 484.13 ], [ 148.4735167, -9.1142517, 484.27 ], [ 148.4738767, -9.1142, 483.89 ], [ 148.4742933, -9.1140967, 484.46 ], [ 148.4745767, -9.1140767, 486.01 ], [ 148.474931700000013, -9.11422, 483.98 ], [ 148.47515, -9.1144183, 481.13 ], [ 148.4752667, -9.1146083, 476.88 ], [ 148.4754017, -9.1148283, 472.47 ], [ 148.4755367, -9.1151167, 474.67 ], [ 148.4757, -9.11513, 476.2 ], [ 148.4757617, -9.11521, 467.41 ], [ 148.4759017, -9.1152033, 460.65 ], [ 148.4760867, -9.1151267, 453.7 ], [ 148.4762467, -9.1151033, 450.57 ], [ 148.4763383, -9.115105, 445.72 ], [ 148.476415, -9.1150517, 443.64 ], [ 148.476385, -9.1149317, 442.42 ], [ 148.4764233, -9.1147233, 439.87 ], [ 148.476605, -9.1145933, 438.22 ], [ 148.4768367, -9.11463, 436.18 ], [ 148.4770983, -9.1146067, 433.84 ], [ 148.4771283, -9.11421, 429.87 ], [ 148.4769383, -9.1139683, 425.31 ], [ 148.4767067, -9.11366, 422.3 ], [ 148.476725, -9.1133583, 420.15 ], [ 148.47718, -9.1132017, 414.42 ], [ 148.4775883, -9.113105, 409.88 ], [ 148.4780183, -9.1130133, 402.28 ], [ 148.47855, -9.1131333, 392.47 ], [ 148.47899, -9.1132683, 383.63 ], [ 148.4793733, -9.113335, 377.72 ], [ 148.4795267, -9.1133083, 371.43 ], [ 148.479723299999989, -9.1132217, 367.52 ], [ 148.479885, -9.11316, 365.62 ], [ 148.48015, -9.1131167, 361.4 ], [ 148.480298299999987, -9.1128983, 356.29 ], [ 148.480445, -9.1124933, 354.15 ], [ 148.4807983, -9.1122667, 347.48 ], [ 148.481146700000011, -9.11221, 340.74 ], [ 148.481425, -9.112265, 329.63 ], [ 148.48178, -9.11242, 328.69 ], [ 148.48236, -9.1123383, 326.05 ], [ 148.482898299999988, -9.1119133, 320.41 ], [ 148.483105, -9.1117167, 309.65 ], [ 148.4832633, -9.111555, 303.02 ], [ 148.48351, -9.111325, 295.74 ], [ 148.483615, -9.111165, 294.23 ], [ 148.483665, -9.11097, 292.09 ], [ 148.483733300000011, -9.1109017, 287.71 ], [ 148.483753299999989, -9.1107717, 288.12 ], [ 148.4837183, -9.1106817, 284.96 ], [ 148.4835967, -9.1104667, 283.34 ], [ 148.483698299999986, -9.1099533, 287.1 ], [ 148.4841633, -9.1095817, 287.37 ], [ 148.48446, -9.1092917, 277.48 ], [ 148.48480330000001, -9.10891, 272.41 ], [ 148.485115, -9.108605, 266.61 ], [ 148.485565, -9.1083383, 259.82 ], [ 148.48582, -9.1083617, 255.77 ], [ 148.485905, -9.1085417, 251.88 ], [ 148.4861, -9.1084717, 251.36 ], [ 148.48633670000001, -9.1083917, 255.56 ], [ 148.48651670000001, -9.1083767, 259.11 ], [ 148.4868133, -9.108405, 260.9 ], [ 148.487315, -9.1086883, 258.71 ], [ 148.48781, -9.1093517, 264.71 ], [ 148.488123300000012, -9.1099767, 261.85 ], [ 148.4883783, -9.11031, 264.54 ], [ 148.48853170000001, -9.1097467, 263.64 ], [ 148.48871170000001, -9.1093333, 260.69 ], [ 148.488991700000014, -9.1090533, 264.94 ], [ 148.489216699999986, -9.1088, 268.45 ], [ 148.4891733, -9.108455, 277.87 ], [ 148.489148300000011, -9.107905, 282.59 ], [ 148.4894117, -9.107315, 284.76 ], [ 148.4891433, -9.1067183, 288.31 ], [ 148.48863, -9.106305, 284.75 ], [ 148.4887467, -9.105595, 285.26 ], [ 148.4890733, -9.105405, 286.41 ], [ 148.4891433, -9.105235, 287.91 ], [ 148.4891833, -9.1051517, 295.66 ], [ 148.489258299999989, -9.1049567, 293.94 ], [ 148.489406699999989, -9.104945, 292.98 ], [ 148.4894917, -9.1051783, 288.44 ], [ 148.4895583, -9.1055067, 283.84 ], [ 148.4898167, -9.1056283, 283.12 ], [ 148.4902983, -9.1053367, 269.09 ], [ 148.4904617, -9.1053033, 261.38 ], [ 148.490625, -9.1052733, 258.52 ], [ 148.4908433, -9.1051967, 256.35 ], [ 148.4911917, -9.105225, 253.86 ], [ 148.4914383, -9.1053083, 249.38 ], [ 148.49158, -9.1054617, 247.57 ], [ 148.4915483, -9.1055667, 243.75 ], [ 148.4915267, -9.10586, 243.25 ], [ 148.491588299999989, -9.1060683, 249.71 ], [ 148.4916883, -9.106075, 249.62 ], [ 148.491785, -9.10604, 249.4 ], [ 148.4919467, -9.1060383, 247.79 ], [ 148.492065, -9.1060417, 245.84 ], [ 148.492166700000013, -9.1059217, 242.76 ], [ 148.49239, -9.10608, 239.94 ], [ 148.492671699999988, -9.106105, 238.27 ], [ 148.492973299999989, -9.1059983, 233.03 ], [ 148.49313, -9.105965, 229.34 ], [ 148.493268300000011, -9.105835, 226.21 ], [ 148.49341, -9.10559, 219.0 ], [ 148.493445, -9.105245, 214.45 ], [ 148.49364, -9.1049317, 217.7 ], [ 148.493925, -9.1048833, 213.72 ], [ 148.4941433, -9.1048017, 210.01 ], [ 148.4942317, -9.1047317, 201.8 ], [ 148.49429, -9.104655, 197.62 ], [ 148.494425, -9.1044283, 192.49 ], [ 148.494955, -9.1040467, 187.12 ], [ 148.49517, -9.1037967, 182.73 ], [ 148.4952883, -9.103465, 187.19 ], [ 148.495525, -9.1029317, 179.98 ], [ 148.495531699999987, -9.102355, 173.91 ], [ 148.495845, -9.101945, 173.3 ], [ 148.4962917, -9.1015017, 171.46 ], [ 148.49683, -9.101215, 163.32 ], [ 148.49725, -9.1009933, 161.3 ], [ 148.4976383, -9.1006967, 160.85 ], [ 148.4978883, -9.1002483, 159.02 ], [ 148.49832, -9.0996867, 156.84 ], [ 148.498693300000014, -9.0995083, 155.71 ], [ 148.4987883, -9.0992517, 162.72 ], [ 148.499045, -9.0990817, 173.19 ], [ 148.4992583, -9.0988883, 177.47 ], [ 148.4994667, -9.0987317, 183.07 ], [ 148.4997617, -9.0987567, 185.41 ], [ 148.4998233, -9.098955, 187.83 ], [ 148.499925, -9.0992217, 193.44 ], [ 148.5000233, -9.0993183, 200.93 ], [ 148.5002983, -9.0991367, 207.33 ], [ 148.500475, -9.0988533, 210.6 ], [ 148.5006567, -9.09837, 215.99 ], [ 148.501265, -9.098125, 214.97 ], [ 148.5020767, -9.0981333, 216.72 ], [ 148.5024817, -9.0979133, 219.66 ], [ 148.50238, -9.09754, 220.73 ], [ 148.502193299999988, -9.0970283, 214.37 ], [ 148.502575, -9.0964567, 207.05 ], [ 148.503048299999989, -9.09607, 199.38 ], [ 148.5037467, -9.09606, 187.89 ], [ 148.50431, -9.0958617, 178.71 ], [ 148.50508, -9.095375, 174.65 ], [ 148.5057683, -9.0949233, 178.12 ], [ 148.5060633, -9.0947117, 174.63 ], [ 148.5063983, -9.0947617, 173.1 ], [ 148.50652, -9.0950167, 173.23 ], [ 148.5067717, -9.095135, 170.4 ], [ 148.50691, -9.094915, 164.8 ], [ 148.5071283, -9.0949183, 156.67 ], [ 148.507338299999986, -9.09496, 154.02 ], [ 148.5075617, -9.09495, 149.84 ], [ 148.5078617, -9.0949183, 148.03 ], [ 148.50821830000001, -9.09462, 142.37 ], [ 148.508543300000014, -9.0943, 133.08 ], [ 148.5088833, -9.0942983, 129.1 ], [ 148.5091717, -9.0943633, 125.13 ], [ 148.5093267, -9.0944983, 112.03 ], [ 148.509655, -9.0942983, 108.77 ], [ 148.510108300000013, -9.0940617, 106.18 ], [ 148.510525, -9.093735, 112.05 ], [ 148.5111683, -9.0937583, 140.58 ], [ 148.511695, -9.09328, 139.29 ], [ 148.512046700000013, -9.0928517, 135.7 ], [ 148.512416699999989, -9.092655, 133.17 ], [ 148.512645, -9.092385, 130.25 ], [ 148.512981700000012, -9.0919567, 140.12 ], [ 148.5134783, -9.0915083, 138.5 ], [ 148.51411, -9.0911617, 137.35 ], [ 148.5148083, -9.090665, 134.44 ], [ 148.5155117, -9.090055, 132.65 ], [ 148.516291700000011, -9.0895683, 130.59 ], [ 148.51725, -9.08955, 123.78 ], [ 148.518125, -9.08944, 113.86 ], [ 148.5188817, -9.0893333, 113.03 ], [ 148.519206700000012, -9.0892333, 110.86 ], [ 148.5193817, -9.089145, 107.55 ], [ 148.5197867, -9.08885, 109.8 ], [ 148.520263300000011, -9.0886733, 110.35 ], [ 148.5208067, -9.08861, 110.26 ], [ 148.52118, -9.08829, 110.77 ], [ 148.5217317, -9.0881883, 109.92 ], [ 148.5223633, -9.0883317, 107.81 ], [ 148.5231533, -9.0885133, 106.96 ], [ 148.5240267, -9.0885783, 103.02 ], [ 148.524711700000012, -9.0880733, 103.77 ], [ 148.5252283, -9.087495, 101.44 ], [ 148.525825, -9.08683, 97.57 ], [ 148.5263833, -9.086155, 88.29 ], [ 148.526985, -9.0854983, 89.22 ], [ 148.5271783, -9.0846283, 81.11 ], [ 148.527298300000012, -9.0837167, 76.5 ], [ 148.52751, -9.0829083, 73.14 ], [ 148.52756, -9.0819517, 71.81 ], [ 148.527365, -9.0810617, 71.26 ], [ 148.527265, -9.0800767, 67.98 ], [ 148.52715, -9.079165, 67.94 ], [ 148.5270333, -9.0782133, 66.67 ], [ 148.5269817, -9.077325, 66.41 ], [ 148.527055, -9.07641, 65.0 ], [ 148.5272883, -9.0757017, 60.54 ], [ 148.527581700000013, -9.07503, 51.18 ], [ 148.527803299999988, -9.074355, 42.46 ], [ 148.527861699999988, -9.0736717, 37.44 ], [ 148.527851700000014, -9.073295, 40.22 ], [ 148.52781, -9.0731467, 37.62 ], [ 148.5276017, -9.072835, 33.05 ], [ 148.5273383, -9.0724383, 38.43 ], [ 148.527145, -9.072085, 34.75 ], [ 148.5270333, -9.071815, 31.97 ], [ 148.5269533, -9.0715933, 32.56 ], [ 148.5268067, -9.0713517, 30.43 ], [ 148.5265767, -9.0709633, 31.18 ], [ 148.526415, -9.070265, 44.67 ], [ 148.526345, -9.0694983, 41.06 ], [ 148.5263717, -9.06877, 34.24 ], [ 148.526565, -9.0683017, 27.35 ], [ 148.5265767, -9.06821, 27.54 ], [ 148.5266383, -9.0680483, 28.76 ], [ 148.5268, -9.0678683, 28.95 ], [ 148.526826699999987, -9.06768, 39.88 ], [ 148.5268983, -9.067615, 43.37 ], [ 148.527086700000012, -9.0674333, 44.15 ], [ 148.5272333, -9.06722, 42.63 ], [ 148.527335, -9.0669417, 44.77 ], [ 148.5274833, -9.06645, 44.38 ], [ 148.527658300000013, -9.0657283, 42.78 ], [ 148.527825, -9.0650433, 41.61 ], [ 148.5280517, -9.0641617, 38.52 ], [ 148.5282367, -9.06334, 37.15 ], [ 148.5284167, -9.0626717, 34.66 ], [ 148.528665, -9.0618983, 33.13 ], [ 148.528825, -9.06122, 35.95 ], [ 148.528985, -9.060485, 34.35 ], [ 148.529188299999987, -9.059695, 29.49 ], [ 148.529435, -9.0589483, 26.4 ], [ 148.5295917, -9.0581717, 29.29 ], [ 148.529835, -9.0573883, 32.68 ], [ 148.5300283, -9.0566117, 32.9 ], [ 148.5302783, -9.0557617, 28.44 ], [ 148.5304633, -9.0551217, 23.14 ], [ 148.5305267, -9.0548333, 22.76 ], [ 148.53062, -9.0543067, 23.05 ], [ 148.530705, -9.0539583, 20.5 ], [ 148.5307717, -9.0536033, 20.9 ], [ 148.530933299999987, -9.0532517, 20.52 ], [ 148.531075, -9.05301, 22.6 ], [ 148.5312183, -9.05267, 22.7 ], [ 148.5313617, -9.0524167, 25.13 ], [ 148.531595, -9.0520983, 18.73 ], [ 148.531875, -9.0516217, 16.11 ], [ 148.5321133, -9.0511617, 11.61 ], [ 148.532443300000011, -9.050595, 9.34 ], [ 148.5326717, -9.05023, 7.48 ], [ 148.532835, -9.0499867, 8.6 ], [ 148.5331983, -9.049375, 11.33 ], [ 148.533545, -9.0488867, 9.54 ], [ 148.5337733, -9.0485133, 8.58 ], [ 148.5339483, -9.0482267, 8.92 ], [ 148.534175, -9.0478683, 13.04 ], [ 148.534311699999989, -9.0476767, 8.91 ], [ 148.534565, -9.0472517, 13.93 ], [ 148.5347233, -9.0470067, 15.47 ], [ 148.5348833, -9.0468467, 15.41 ], [ 148.5350417, -9.0465717, 14.08 ], [ 148.535275, -9.0462083, 13.61 ], [ 148.535455, -9.0458117, 14.13 ], [ 148.5355117, -9.0453417, 13.38 ], [ 148.53540670000001, -9.0447783, 16.7 ], [ 148.5350233, -9.0444333, 13.78 ], [ 148.5347033, -9.044295, 11.53 ], [ 148.534415, -9.0442467, 11.23 ], [ 148.534018300000014, -9.0442033, 12.51 ], [ 148.5338567, -9.0441483, 12.96 ], [ 148.5336533, -9.04409, 12.75 ], [ 148.533445, -9.0440467, 13.79 ], [ 148.533245, -9.0440167, 12.78 ], [ 148.533125, -9.0438117, 10.01 ], [ 148.5328433, -9.04359, 7.18 ], [ 148.5326033, -9.043265, 3.37 ], [ 148.5323583, -9.04298, 5.69 ], [ 148.53223, -9.0427333, 7.8 ], [ 148.5321883, -9.0425683, 11.27 ], [ 148.5320733, -9.042415, 12.95 ], [ 148.5319533, -9.04225, 15.93 ], [ 148.531878299999988, -9.04208, 22.54 ], [ 148.53176830000001, -9.041935, 24.76 ], [ 148.5316183, -9.0418183, 31.33 ], [ 148.53140830000001, -9.0416517, 35.68 ], [ 148.531225, -9.0413917, 38.43 ], [ 148.5311567, -9.0411867, 40.13 ], [ 148.5310867, -9.0409517, 43.15 ], [ 148.5309167, -9.0407783, 43.81 ], [ 148.5307783, -9.0405967, 43.07 ], [ 148.53064, -9.0404433, 48.07 ], [ 148.530483299999986, -9.040245, 48.45 ], [ 148.5302567, -9.0400467, 49.23 ], [ 148.530045, -9.0398083, 52.23 ], [ 148.529898300000013, -9.03962, 54.53 ], [ 148.529745, -9.0394483, 54.83 ], [ 148.5295333, -9.0392483, 55.35 ], [ 148.52939330000001, -9.0390967, 60.9 ], [ 148.529201699999987, -9.0389767, 64.23 ], [ 148.5289133, -9.0388267, 67.56 ], [ 148.528558299999986, -9.038945, 72.19 ], [ 148.5283583, -9.0390617, 77.7 ], [ 148.52808, -9.039175, 79.39 ], [ 148.527793300000013, -9.0391933, 82.4 ], [ 148.5274533, -9.039055, 84.45 ], [ 148.5269333, -9.0387833, 83.04 ], [ 148.526556699999986, -9.03809, 81.49 ], [ 148.5262167, -9.0377117, 72.04 ], [ 148.525746700000013, -9.0375733, 69.91 ], [ 148.5253567, -9.037505, 66.01 ], [ 148.525205, -9.03715, 63.45 ], [ 148.524891700000012, -9.0368783, 60.6 ], [ 148.5245367, -9.0366067, 45.17 ], [ 148.5244083, -9.0362233, 38.24 ], [ 148.5240833, -9.036135, 32.7 ], [ 148.5236467, -9.03613, 30.64 ], [ 148.5233517, -9.0362117, 23.4 ], [ 148.5230933, -9.0361967, 24.97 ], [ 148.5228217, -9.0361917, 22.33 ], [ 148.5224667, -9.03624, 17.86 ], [ 148.5219933, -9.0362783, 15.15 ], [ 148.521645, -9.0362217, 9.76 ], [ 148.521565, -9.03617, 0.59 ], [ 148.5211383, -9.0360467, 2.34 ], [ 148.520463299999989, -9.0357667, 2.0 ], [ 148.5198033, -9.0352933, 3.39 ], [ 148.5193683, -9.03487, 11.14 ], [ 148.5189733, -9.0345667, 10.23 ], [ 148.51842, -9.0342083, 8.71 ], [ 148.51797830000001, -9.0338783, 11.11 ], [ 148.51772, -9.033355, 5.91 ], [ 148.517645, -9.0327883, 6.4 ], [ 148.5176483, -9.0320883, 7.88 ], [ 148.51755, -9.0313467, 3.38 ], [ 148.5171983, -9.0309333, -0.79 ], [ 148.5168933, -9.03047, -0.87 ], [ 148.5165467, -9.02979, 7.29 ], [ 148.516648300000014, -9.0289383, 8.5 ], [ 148.5166217, -9.028525, 6.57 ], [ 148.5162633, -9.02808, 5.08 ], [ 148.51585, -9.0275417, -0.17 ], [ 148.515145, -9.0273217, -9.7 ], [ 148.5144617, -9.0270983, -18.82 ], [ 148.513878299999988, -9.0268683, -20.35 ], [ 148.5135133, -9.0268033, -15.65 ], [ 148.5131733, -9.0267367, -11.07 ], [ 148.51313, -9.026655, -10.96 ], [ 148.5127033, -9.0266133, -11.81 ], [ 148.5121383, -9.0266167, -6.45 ], [ 148.5116633, -9.02652, 0.72 ], [ 148.510928299999989, -9.0263633, 7.71 ], [ 148.5102617, -9.0261633, 0.83 ], [ 148.50973, -9.02564, 3.01 ], [ 148.5099367, -9.0249067, 6.01 ], [ 148.510335, -9.024545, 5.8 ], [ 148.51098, -9.02468, 7.45 ], [ 148.5117683, -9.02473, 9.17 ], [ 148.512551699999989, -9.02439, 9.77 ], [ 148.513068299999986, -9.0240667, 11.31 ], [ 148.5136317, -9.0234383, 11.88 ], [ 148.51385830000001, -9.0229733, 13.63 ], [ 148.5139183, -9.022475, 14.07 ], [ 148.514363300000014, -9.022075, 15.23 ], [ 148.515073300000012, -9.0220333, 23.56 ], [ 148.5157983, -9.0220083, 25.47 ], [ 148.51666, -9.0219717, 31.81 ], [ 148.5173733, -9.0218383, 29.38 ], [ 148.51806830000001, -9.02161, 18.16 ], [ 148.5187933, -9.0214817, 9.0 ], [ 148.519296700000012, -9.0210267, 3.0 ], [ 148.51932, -9.0203167, -0.89 ], [ 148.5194167, -9.0199583, 0.27 ], [ 148.5194267, -9.0198167, 0.8 ], [ 148.51953, -9.01958, 0.87 ], [ 148.5195367, -9.0192317, 1.85 ], [ 148.51969170000001, -9.01847, 5.61 ], [ 148.519836700000013, -9.0179933, 7.35 ], [ 148.519965, -9.0175967, 4.58 ], [ 148.5201133, -9.0170283, 3.68 ], [ 148.520283299999988, -9.0165667, 2.02 ], [ 148.5204617, -9.01619, 3.15 ], [ 148.5206733, -9.01556, 2.36 ], [ 148.520623300000011, -9.015075, 5.29 ], [ 148.5205233, -9.01463, 6.49 ], [ 148.520411700000011, -9.0142533, 0.6 ], [ 148.5203117, -9.01386, -2.74 ], [ 148.520251699999989, -9.0135217, -1.71 ], [ 148.5201317, -9.0130867, -1.72 ], [ 148.51992, -9.0125233, -3.16 ], [ 148.5198617, -9.0122133, -2.61 ], [ 148.51982, -9.011875, 0.53 ], [ 148.519756699999988, -9.011325, 3.98 ], [ 148.519746700000013, -9.01105, 8.69 ], [ 148.51983, -9.0107883, 10.15 ], [ 148.519885, -9.0105167, 11.13 ], [ 148.5201467, -9.0101133, 9.74 ], [ 148.520283299999988, -9.009925, 7.83 ], [ 148.5203817, -9.00966, 10.94 ], [ 148.5202617, -9.00939, 12.03 ], [ 148.51997, -9.00905, 13.14 ], [ 148.5195333, -9.0085717, 16.87 ], [ 148.5190767, -9.0082167, 17.9 ], [ 148.518496699999986, -9.0077083, 22.85 ], [ 148.5178333, -9.007305, 26.6 ], [ 148.516966700000012, -9.0070383, 27.86 ], [ 148.5163533, -9.0066083, 21.97 ], [ 148.5161817, -9.00616, 21.85 ], [ 148.5160133, -9.0057883, 22.88 ], [ 148.51557170000001, -9.0055833, 19.43 ], [ 148.5150017, -9.0054833, 15.64 ], [ 148.5144267, -9.0052217, 9.63 ], [ 148.5138317, -9.0049617, 8.74 ], [ 148.513195, -9.00453, 9.46 ], [ 148.512753300000014, -9.00398, 7.81 ], [ 148.512665, -9.00328, 4.4 ], [ 148.5134083, -9.0028183, 2.84 ], [ 148.5141117, -9.0026333, 6.58 ], [ 148.5147567, -9.002505, 5.49 ], [ 148.515231699999987, -9.0023033, 5.03 ], [ 148.51517, -9.0017233, 5.87 ], [ 148.515105, -9.001145, 5.98 ], [ 148.5153467, -9.000295, 5.11 ], [ 148.515536700000013, -8.999835, 4.32 ], [ 148.5157117, -8.9993733, 6.05 ], [ 148.51594, -8.9990233, 2.83 ], [ 148.516288300000014, -8.99852, 2.09 ], [ 148.516716699999989, -8.998005, 3.86 ], [ 148.51709, -8.99754, 5.97 ], [ 148.5174217, -8.9971017, 10.45 ], [ 148.5177567, -8.9967167, 8.72 ], [ 148.518065, -8.9965167, 3.46 ], [ 148.5186167, -8.99618, 3.33 ], [ 148.5188633, -8.9960467, 2.53 ], [ 148.51922, -8.9958367, 4.35 ], [ 148.519285, -8.9951017, 6.07 ], [ 148.519585, -8.9942483, 2.59 ], [ 148.5193817, -8.9936033, 5.16 ], [ 148.5191417, -8.9928017, 7.13 ], [ 148.5187717, -8.99209, 5.5 ], [ 148.5185, -8.9918433, 6.19 ], [ 148.518261700000011, -8.9916167, 8.25 ], [ 148.51799170000001, -8.991435, 14.47 ], [ 148.5176133, -8.9910783, 16.87 ], [ 148.517066699999987, -8.9906167, 20.28 ], [ 148.51673, -8.9904667, 23.42 ], [ 148.516378300000014, -8.9903033, 29.07 ], [ 148.5161233, -8.9901333, 34.34 ], [ 148.515865, -8.9899883, 39.11 ], [ 148.515478300000012, -8.9895733, 42.16 ], [ 148.515086700000012, -8.9890617, 44.86 ], [ 148.514615, -8.9885917, 47.86 ], [ 148.5141717, -8.9881317, 53.06 ], [ 148.5136283, -8.987605, 54.84 ], [ 148.5131217, -8.987195, 60.35 ], [ 148.51271, -8.9869483, 65.3 ], [ 148.5123783, -8.9868067, 71.4 ], [ 148.5119633, -8.9866467, 76.67 ], [ 148.511405, -8.98663, 76.93 ], [ 148.51085, -8.9866367, 87.53 ], [ 148.51029170000001, -8.9868483, 94.3 ], [ 148.5096933, -8.98666, 97.98 ], [ 148.509343300000012, -8.9864967, 101.77 ], [ 148.5091067, -8.9863983, 109.8 ], [ 148.5086983, -8.9862417, 113.58 ], [ 148.5080917, -8.9860617, 117.75 ], [ 148.507625, -8.9858483, 122.1 ], [ 148.507418300000012, -8.9856217, 121.71 ], [ 148.507195, -8.9853167, 124.99 ], [ 148.50713, -8.9852117, 129.97 ], [ 148.5068583, -8.9846283, 132.95 ], [ 148.506635, -8.98417, 136.5 ], [ 148.5063417, -8.98388, 137.32 ], [ 148.505855, -8.98372, 143.77 ], [ 148.5054417, -8.9836217, 145.76 ], [ 148.504998300000011, -8.983395, 147.73 ], [ 148.504661700000014, -8.9831667, 155.71 ], [ 148.50411170000001, -8.98288, 163.2 ], [ 148.503636699999987, -8.98251, 171.22 ], [ 148.5033283, -8.9821, 177.15 ], [ 148.5032717, -8.9812683, 178.82 ], [ 148.502805, -8.9805433, 183.4 ], [ 148.502355, -8.980085, 188.22 ], [ 148.502061700000013, -8.9798633, 191.03 ], [ 148.5017167, -8.9797833, 193.86 ], [ 148.50129, -8.9796883, 195.39 ], [ 148.5004883, -8.979705, 197.91 ], [ 148.499673300000012, -8.97981, 204.34 ], [ 148.4987917, -8.9795333, 217.94 ], [ 148.497795, -8.9790583, 225.32 ], [ 148.497035, -8.9784767, 234.94 ], [ 148.496575, -8.97737, 242.2 ], [ 148.496061700000013, -8.97618, 251.07 ], [ 148.4950967, -8.9754983, 256.06 ], [ 148.49369, -8.9756417, 263.56 ], [ 148.4925467, -8.9750833, 269.2 ], [ 148.4915, -8.974755, 279.48 ], [ 148.49053, -8.97483, 288.07 ], [ 148.4896617, -8.974435, 296.35 ], [ 148.48915, -8.9739383, 304.81 ], [ 148.488305, -8.97332, 313.42 ], [ 148.48731, -8.9729317, 316.23 ], [ 148.486785, -8.9722617, 317.19 ], [ 148.485855, -8.97185, 313.43 ], [ 148.4855033, -8.97128, 311.24 ], [ 148.485591699999986, -8.9705983, 316.36 ], [ 148.4855533, -8.96996, 319.87 ], [ 148.4849567, -8.9694867, 324.31 ], [ 148.48454670000001, -8.96906, 328.09 ], [ 148.4836, -8.9691267, 329.91 ], [ 148.4824583, -8.9690617, 334.24 ], [ 148.481325, -8.96913, 342.52 ], [ 148.480436700000013, -8.9684583, 354.15 ], [ 148.47954, -8.9682567, 359.3 ], [ 148.4782367, -8.9681783, 364.6 ], [ 148.477348299999989, -8.9678083, 365.84 ], [ 148.4767333, -8.9678833, 370.26 ], [ 148.47559, -8.967725, 376.92 ], [ 148.4745183, -8.967555, 382.6 ], [ 148.47387, -8.9673983, 387.88 ], [ 148.473315, -8.967195, 392.98 ], [ 148.4725733, -8.967055, 394.28 ], [ 148.4720067, -8.9662867, 404.88 ], [ 148.471476700000011, -8.9657067, 413.22 ], [ 148.4703417, -8.9660867, 418.42 ], [ 148.468935, -8.9665767, 416.21 ], [ 148.467523300000011, -8.9669333, 422.02 ], [ 148.4664517, -8.9671717, 421.76 ], [ 148.4656067, -8.9668783, 403.79 ], [ 148.465095, -8.966565, 397.32 ], [ 148.4642917, -8.967105, 391.91 ], [ 148.463765, -8.9668967, 387.25 ], [ 148.4636083, -8.9662133, 378.63 ], [ 148.462475, -8.9663833, 373.2 ], [ 148.4619317, -8.9658917, 366.37 ], [ 148.4624317, -8.9654383, 365.23 ], [ 148.46288, -8.96495, 364.14 ], [ 148.4624933, -8.9644467, 364.08 ], [ 148.461795, -8.9639383, 364.87 ], [ 148.46142, -8.9632767, 367.44 ], [ 148.4610567, -8.9628567, 374.02 ], [ 148.4606767, -8.963195, 378.1 ], [ 148.4606733, -8.9639617, 383.47 ], [ 148.460023299999989, -8.9639283, 387.91 ], [ 148.4596483, -8.963675, 385.74 ], [ 148.45915, -8.9638683, 385.05 ], [ 148.458618300000012, -8.9637467, 387.63 ], [ 148.4580817, -8.9634267, 396.2 ], [ 148.4574417, -8.96308, 411.26 ], [ 148.456455, -8.9631233, 428.56 ], [ 148.4555, -8.963145, 447.24 ], [ 148.4546933, -8.9632867, 457.77 ], [ 148.4539033, -8.9629883, 464.6 ], [ 148.453425, -8.9626833, 471.21 ], [ 148.4529867, -8.9625533, 476.3 ], [ 148.452845, -8.962505, 485.25 ], [ 148.4527167, -8.9624517, 486.72 ], [ 148.452361700000012, -8.9622183, 485.9 ], [ 148.45176330000001, -8.96158, 482.73 ], [ 148.451516700000013, -8.96086, 480.15 ], [ 148.4509117, -8.9608883, 484.61 ], [ 148.4502233, -8.96109, 491.35 ], [ 148.449983300000014, -8.9611133, 490.09 ], [ 148.4499017, -8.9609817, 497.62 ], [ 148.449805, -8.9608667, 494.44 ], [ 148.449705, -8.96082, 491.11 ], [ 148.4498317, -8.96053, 491.31 ], [ 148.450005, -8.9603033, 490.07 ], [ 148.4501433, -8.96015, 493.67 ], [ 148.4506333, -8.9596433, 497.87 ], [ 148.451355, -8.95926, 499.08 ], [ 148.4516233, -8.9585683, 499.49 ], [ 148.4521, -8.958345, 501.61 ], [ 148.4527367, -8.9576967, 506.94 ], [ 148.453665, -8.9572217, 505.31 ], [ 148.454071699999986, -8.956835, 502.68 ], [ 148.453125, -8.9566283, 506.26 ], [ 148.45206, -8.9566267, 507.34 ], [ 148.4515733, -8.956065, 510.5 ], [ 148.4509267, -8.9557867, 515.75 ], [ 148.4511833, -8.9551, 521.51 ], [ 148.45196, -8.9543183, 520.94 ], [ 148.4528617, -8.9535933, 515.11 ], [ 148.453715, -8.9528183, 499.98 ], [ 148.454155, -8.9519417, 498.2 ], [ 148.454868299999987, -8.9514383, 489.29 ], [ 148.4550533, -8.950645, 475.16 ], [ 148.4552133, -8.9495683, 464.57 ], [ 148.455775, -8.94906, 455.22 ], [ 148.4563617, -8.94841, 446.11 ], [ 148.4570133, -8.9473483, 437.96 ], [ 148.457765, -8.94647, 429.64 ], [ 148.45894, -8.9456517, 421.67 ], [ 148.459775, -8.9447133, 420.76 ], [ 148.4606817, -8.9437883, 420.29 ], [ 148.462038299999989, -8.9430083, 419.26 ], [ 148.4627867, -8.942865, 415.05 ], [ 148.4634733, -8.9422533, 415.2 ], [ 148.4644267, -8.94182, 403.1 ], [ 148.4650083, -8.9409633, 390.34 ], [ 148.4652433, -8.9398067, 381.35 ], [ 148.4657383, -8.938675, 369.4 ], [ 148.46656, -8.937645, 356.74 ], [ 148.467015, -8.9365083, 348.59 ], [ 148.467295, -8.9351317, 341.17 ], [ 148.4674683, -8.933985, 334.37 ], [ 148.4683967, -8.9331583, 325.49 ], [ 148.469275, -8.93253, 311.63 ], [ 148.47033, -8.9318467, 301.46 ], [ 148.471195, -8.9309433, 295.95 ], [ 148.471615, -8.929655, 292.91 ], [ 148.472305, -8.9285033, 289.0 ], [ 148.4725333, -8.9273383, 283.93 ], [ 148.4732567, -8.9267, 276.86 ], [ 148.4743483, -8.9268117, 270.41 ], [ 148.4745867, -8.9258367, 267.27 ], [ 148.4744, -8.9246283, 264.27 ], [ 148.4742867, -8.9235667, 243.45 ], [ 148.474378300000012, -8.9227117, 231.41 ], [ 148.4745667, -8.9218467, 232.54 ], [ 148.4761117, -8.921525, 217.06 ], [ 148.4764767, -8.9209433, 207.93 ], [ 148.47528, -8.9208517, 188.67 ], [ 148.4738467, -8.9209083, 174.79 ], [ 148.47301, -8.92013, 165.16 ], [ 148.4736483, -8.918515, 154.99 ], [ 148.4749617, -8.9173033, 151.65 ], [ 148.4760933, -8.9162, 144.38 ], [ 148.4768, -8.9147083, 132.49 ], [ 148.47753, -8.9132433, 131.22 ], [ 148.4780967, -8.9115217, 122.94 ], [ 148.478585, -8.9098983, 113.27 ], [ 148.4796967, -8.9087933, 99.05 ], [ 148.480795, -8.907775, 96.78 ], [ 148.4813083, -8.9067583, 94.94 ], [ 148.481731700000012, -8.9071483, 85.7 ], [ 148.4817517, -8.908685, 75.39 ], [ 148.4823633, -8.9096, 67.53 ], [ 148.4833317, -8.9088383, 59.62 ], [ 148.4837133, -8.9079167, 53.98 ], [ 148.48422, -8.9071833, 52.16 ], [ 148.4841333, -8.9061217, 52.11 ], [ 148.4852117, -8.9050933, 48.94 ], [ 148.48572, -8.9040367, 47.59 ], [ 148.4861383, -8.9033317, 42.85 ], [ 148.48654830000001, -8.9026017, 36.17 ], [ 148.486301700000013, -8.9015983, 32.82 ], [ 148.4870617, -8.9014067, 30.47 ], [ 148.48793, -8.9009567, 24.17 ], [ 148.48838, -8.9005217, 19.77 ], [ 148.4877217, -8.9002967, 11.96 ], [ 148.48681, -8.9001167, 7.28 ], [ 148.485318299999989, -8.8997583, 3.69 ], [ 148.48386, -8.8990467, -1.61 ], [ 148.4830433, -8.897395, -6.77 ], [ 148.48323, -8.89549, -3.72 ], [ 148.4840917, -8.893845, -3.39 ], [ 148.485356700000011, -8.8925517, 5.42 ], [ 148.48633, -8.8914067, 11.96 ], [ 148.4871133, -8.89045, 5.65 ], [ 148.487795, -8.88953, 1.65 ], [ 148.488416699999988, -8.8887467, 4.99 ], [ 148.4892467, -8.88758, 5.47 ], [ 148.4896783, -8.8857267, 5.59 ], [ 148.49057, -8.8844183, 5.76 ], [ 148.491975, -8.8834483, 5.98 ], [ 148.4924183, -8.881895, 10.08 ], [ 148.4918433, -8.8802883, 5.47 ], [ 148.4901333, -8.879215, -2.97 ], [ 148.48842, -8.8779767, -2.57 ], [ 148.48733, -8.8762383, -3.19 ], [ 148.48677330000001, -8.8740183, 4.0 ], [ 148.486095, -8.8717733, 6.84 ], [ 148.485265, -8.869495, 1.24 ], [ 148.4844017, -8.8671867, 3.47 ], [ 148.483553300000011, -8.86536, 0.88 ], [ 148.482285, -8.864785, -2.09 ], [ 148.4813517, -8.8649883, -4.35 ], [ 148.4804133, -8.8651733, -6.21 ], [ 148.4788633, -8.8649617, -7.26 ], [ 148.4775333, -8.86389, -7.37 ], [ 148.476305, -8.8624917, -0.9 ], [ 148.475245, -8.860905, -2.83 ], [ 148.4751733, -8.85885, 1.86 ], [ 148.47542, -8.8566583, -0.33 ], [ 148.4748167, -8.8544967, -1.84 ], [ 148.473726699999986, -8.8523867, -10.74 ], [ 148.4726067, -8.8502583, -16.6 ], [ 148.4716717, -8.8482167, -16.24 ], [ 148.470268299999987, -8.8470617, -15.97 ], [ 148.4688717, -8.8457733, -18.47 ], [ 148.4671333, -8.84473, -19.86 ], [ 148.4650083, -8.8440483, -11.55 ], [ 148.46284, -8.84323, -2.5 ], [ 148.4610283, -8.8426683, 4.87 ], [ 148.46006, -8.842635, 3.3 ], [ 148.4590417, -8.84266, -0.99 ], [ 148.4571933, -8.8429417, -0.51 ], [ 148.4553017, -8.8423583, 2.81 ], [ 148.4541767, -8.8420667, 1.6 ], [ 148.4531967, -8.8423067, -1.54 ], [ 148.451831700000014, -8.8434183, -3.54 ], [ 148.45057, -8.8444617, -4.75 ], [ 148.44881, -8.8439017, -3.35 ], [ 148.4470717, -8.8425317, -5.66 ], [ 148.445696700000013, -8.840855, -2.65 ], [ 148.444256700000011, -8.839575, 1.17 ], [ 148.4432067, -8.8393, 1.58 ], [ 148.4424917, -8.8390833, 1.87 ], [ 148.4413117, -8.83858, 8.01 ], [ 148.439495, -8.838205, 11.34 ], [ 148.43716, -8.8379933, 19.68 ], [ 148.4349833, -8.8379583, 19.78 ], [ 148.4327117, -8.83745, 10.38 ], [ 148.430576699999989, -8.83675, 11.01 ], [ 148.428966699999989, -8.835565, 4.82 ], [ 148.42789, -8.8337983, 9.18 ], [ 148.4271317, -8.8320283, 18.05 ], [ 148.4262817, -8.8307067, 18.1 ], [ 148.4254283, -8.82949, 17.51 ], [ 148.424428299999988, -8.82825, 15.24 ], [ 148.42292, -8.8271733, 10.31 ], [ 148.42112, -8.82619, 10.5 ], [ 148.4192467, -8.825005, 8.04 ], [ 148.4175117, -8.82344, 9.49 ], [ 148.415706699999987, -8.8217617, 13.61 ], [ 148.4139017, -8.8201017, 13.22 ], [ 148.4121783, -8.8184933, 5.81 ], [ 148.410945, -8.81727, 8.66 ], [ 148.4094433, -8.8159933, 16.43 ], [ 148.40817, -8.8147267, 21.14 ], [ 148.4077533, -8.81315, 20.24 ], [ 148.4078183, -8.81229, 16.98 ], [ 148.4078317, -8.81146, 9.97 ], [ 148.4079433, -8.80983, 20.65 ], [ 148.407445, -8.8078, 23.69 ], [ 148.40673, -8.8056917, 26.88 ], [ 148.405265, -8.8038933, 18.67 ], [ 148.40356, -8.8028917, 18.55 ], [ 148.4016633, -8.80223, 19.58 ], [ 148.400608299999988, -8.8007283, 20.23 ], [ 148.40003, -8.7989817, 22.02 ], [ 148.3982083, -8.7981733, 26.07 ], [ 148.396298300000012, -8.7972417, 28.97 ], [ 148.394913300000013, -8.7964733, 26.02 ], [ 148.3944433, -8.79635, 27.11 ], [ 148.3942817, -8.7970267, 24.84 ], [ 148.39424, -8.7975567, 23.47 ], [ 148.394165, -8.7976467, 24.23 ], [ 148.3942633, -8.79767, 24.0 ], [ 148.3942183, -8.79759, 25.4 ], [ 148.3943083, -8.797605, 25.73 ], [ 148.394283300000012, -8.7975167, 25.36 ], [ 148.3943467, -8.7970933, 25.69 ], [ 148.39444, -8.7964483, 26.46 ], [ 148.394553300000013, -8.7961233, 25.75 ], [ 148.3938733, -8.7953883, 32.28 ], [ 148.3929733, -8.7939833, 37.06 ], [ 148.3915883, -8.7927017, 38.43 ], [ 148.389465, -8.7919817, 31.64 ], [ 148.387303300000013, -8.79248, 34.71 ], [ 148.385076700000013, -8.79289, 31.32 ], [ 148.38259, -8.7928617, 26.85 ], [ 148.3799917, -8.79283, 25.24 ], [ 148.3774017, -8.7928017, 13.53 ], [ 148.3747667, -8.79285, 15.13 ], [ 148.3725117, -8.793505, 24.23 ], [ 148.370296700000011, -8.7945333, 33.35 ], [ 148.3680233, -8.7955867, 33.96 ], [ 148.3656983, -8.7966417, 34.01 ], [ 148.363371699999988, -8.7976683, 33.54 ], [ 148.360935, -8.7978083, 37.92 ], [ 148.3590217, -8.7974983, 40.89 ], [ 148.35766670000001, -8.79699, 39.76 ], [ 148.3563383, -8.7968233, 33.97 ], [ 148.35503, -8.7968367, 36.02 ], [ 148.353565, -8.7971667, 40.76 ], [ 148.3519283, -8.797815, 40.89 ], [ 148.35, -8.7986567, 41.59 ], [ 148.34797, -8.79951, 45.53 ], [ 148.3462467, -8.8007883, 48.46 ], [ 148.3449833, -8.802315, 49.64 ], [ 148.344603299999989, -8.803, 52.93 ], [ 148.344458300000014, -8.803715, 57.48 ], [ 148.3442083, -8.80438, 55.55 ], [ 148.344256699999988, -8.80462, 51.87 ], [ 148.3444217, -8.80459, 52.19 ], [ 148.344485, -8.80448, 55.56 ], [ 148.344413300000014, -8.804555, 57.34 ], [ 148.344505, -8.8045567, 56.97 ], [ 148.3446, -8.8045317, 56.67 ], [ 148.34451, -8.8045717, 56.44 ], [ 148.3443033, -8.8045467, 56.04 ], [ 148.344371700000011, -8.8041217, 55.95 ], [ 148.3447017, -8.8033017, 56.11 ], [ 148.344715, -8.8027317, 52.24 ], [ 148.34408, -8.803305, 50.01 ], [ 148.3428683, -8.8044367, 44.96 ], [ 148.340926700000011, -8.8050067, 45.13 ], [ 148.33858, -8.8048683, 44.38 ], [ 148.3358983, -8.8047667, 52.35 ], [ 148.333335, -8.804645, 58.88 ], [ 148.3306883, -8.80452, 58.96 ], [ 148.32811, -8.8043833, 59.95 ], [ 148.32553, -8.8042717, 60.3 ], [ 148.32299, -8.8041383, 60.49 ], [ 148.321043300000014, -8.8040883, 63.74 ], [ 148.32077670000001, -8.804095, 71.27 ], [ 148.3198583, -8.8039883, 72.99 ], [ 148.3178733, -8.8038767, 67.04 ], [ 148.3157867, -8.8040667, 70.4 ], [ 148.313795, -8.8045233, 65.29 ], [ 148.3119383, -8.80547, 73.91 ], [ 148.3101183, -8.8068717, 80.13 ], [ 148.308395, -8.8082667, 83.26 ], [ 148.30663, -8.8096217, 96.12 ], [ 148.304735, -8.8111183, 98.62 ], [ 148.3029, -8.81276, 100.28 ], [ 148.301155, -8.8145183, 106.01 ], [ 148.299905, -8.8165533, 102.41 ], [ 148.2983433, -8.81834, 105.61 ], [ 148.2965433, -8.8200767, 112.96 ], [ 148.2946033, -8.821805, 118.77 ], [ 148.292351700000012, -8.8231533, 120.78 ], [ 148.290066700000011, -8.8244283, 125.3 ], [ 148.2877867, -8.8253767, 124.24 ], [ 148.285965, -8.82703, 120.54 ], [ 148.284855, -8.8292567, 131.15 ], [ 148.2835517, -8.8312033, 136.89 ], [ 148.281486699999988, -8.832095, 129.15 ], [ 148.279741699999988, -8.8332833, 131.86 ], [ 148.27846, -8.8343683, 135.66 ], [ 148.2770267, -8.8352917, 140.36 ], [ 148.275341700000013, -8.8363533, 144.16 ], [ 148.2735633, -8.8372033, 146.88 ], [ 148.2718567, -8.8374817, 147.93 ], [ 148.270235, -8.8366967, 159.83 ], [ 148.268725, -8.8356683, 166.26 ], [ 148.267495, -8.8343483, 166.4 ], [ 148.2666817, -8.83256, 169.26 ], [ 148.26583, -8.8306367, 177.56 ], [ 148.264553299999989, -8.8288467, 176.72 ], [ 148.2634567, -8.82707, 173.54 ], [ 148.2625667, -8.8253683, 169.69 ], [ 148.2616483, -8.8238433, 163.37 ], [ 148.260615, -8.8225233, 161.48 ], [ 148.258865, -8.82215, 164.02 ], [ 148.2568733, -8.8221317, 167.48 ], [ 148.254825, -8.82208, 174.03 ], [ 148.252785, -8.822005, 182.58 ], [ 148.25087, -8.8217067, 188.82 ], [ 148.249223300000011, -8.8205283, 192.0 ], [ 148.2475267, -8.819365, 195.37 ], [ 148.2454467, -8.8189383, 195.75 ], [ 148.243346699999989, -8.81861, 196.41 ], [ 148.2420267, -8.8180783, 192.77 ], [ 148.241028300000011, -8.8168667, 194.09 ], [ 148.2399533, -8.815345, 194.08 ], [ 148.2388033, -8.813635, 191.03 ], [ 148.2376117, -8.8118917, 189.33 ], [ 148.236365, -8.8101617, 187.53 ], [ 148.2351933, -8.8084617, 180.27 ], [ 148.2339283, -8.80683, 174.44 ], [ 148.232815, -8.8052333, 169.98 ], [ 148.2320683, -8.8037383, 172.24 ], [ 148.2315767, -8.80253, 164.7 ], [ 148.2303083, -8.8024083, 164.33 ], [ 148.229145, -8.80162, 169.35 ], [ 148.2287383, -8.8000417, 170.41 ], [ 148.2283933, -8.7981883, 170.01 ], [ 148.2279533, -8.7961133, 167.85 ], [ 148.2279117, -8.7942767, 160.76 ], [ 148.2280183, -8.7931067, 153.95 ], [ 148.228026699999987, -8.792675, 152.8 ], [ 148.2279867, -8.7925767, 140.77 ], [ 148.22796, -8.7917717, 138.97 ], [ 148.2280117, -8.7901733, 139.34 ], [ 148.228, -8.7883083, 134.97 ], [ 148.22792, -8.7870917, 132.49 ], [ 148.22682, -8.786365, 126.12 ], [ 148.22547, -8.7854467, 115.61 ], [ 148.224121700000012, -8.784495, 111.55 ], [ 148.22264, -8.78354, 113.12 ], [ 148.220933300000013, -8.782455, 115.76 ], [ 148.2191683, -8.781295, 117.56 ], [ 148.2174817, -8.780135, 118.84 ], [ 148.2160083, -8.77948, 119.64 ], [ 148.2155117, -8.7794283, 112.38 ], [ 148.215393299999988, -8.7793967, 118.7 ], [ 148.214385, -8.77928, 118.74 ], [ 148.2141517, -8.77884, 120.84 ], [ 148.2148033, -8.777575, 127.48 ], [ 148.215465, -8.7760433, 128.84 ], [ 148.215635, -8.7744117, 133.47 ], [ 148.2156133, -8.7727417, 137.28 ], [ 148.2159417, -8.7711617, 142.07 ], [ 148.2174, -8.7702167, 138.61 ], [ 148.2192767, -8.7700217, 134.29 ], [ 148.2210933, -8.7696833, 133.47 ], [ 148.2228117, -8.7693133, 120.21 ], [ 148.22477, -8.7688567, 115.19 ], [ 148.22671170000001, -8.7680933, 109.81 ], [ 148.228515, -8.7674433, 105.61 ], [ 148.230335, -8.767635, 107.61 ], [ 148.2317617, -8.768605, 112.45 ], [ 148.2327067, -8.769395, 112.03 ], [ 148.2328, -8.7696433, 112.43 ], [ 148.23204, -8.7702683, 109.57 ], [ 148.23145, -8.7710067, 110.14 ], [ 148.230918300000013, -8.7716417, 115.28 ], [ 148.2306017, -8.7719583, 117.37 ], [ 148.23069670000001, -8.7719917, 114.16 ], [ 148.2310467, -8.771535, 111.27 ], [ 148.23146, -8.77101, 108.5 ], [ 148.2318717, -8.770485, 106.61 ], [ 148.232448299999987, -8.7698467, 101.83 ], [ 148.23314, -8.7693717, 98.66 ], [ 148.233765, -8.768765, 101.31 ], [ 148.234408300000013, -8.7679933, 100.81 ], [ 148.23488, -8.7674033, 100.28 ], [ 148.23512, -8.7675, 97.35 ], [ 148.23507, -8.7675833, 98.28 ], [ 148.234948300000013, -8.7677517, 98.26 ], [ 148.2348217, -8.76795, 96.56 ], [ 148.2348067, -8.768045, 97.34 ], [ 148.23489330000001, -8.7680033, 98.66 ], [ 148.234775, -8.76804, 97.01 ], [ 148.234825, -8.7679567, 98.64 ], [ 148.2349317, -8.76791, 99.38 ], [ 148.234858300000013, -8.7680367, 99.76 ], [ 148.23477, -8.7680833, 98.91 ], [ 148.23485, -8.7680033, 98.58 ], [ 148.2348183, -8.768105, 97.62 ], [ 148.2346867, -8.7682567, 99.42 ], [ 148.234565, -8.768305, 100.45 ], [ 148.2345, -8.7684517, 100.7 ] ] ] } },
{ "type": "Feature", "properties": { "name": "Road Track - Popondetta to Sakarina Junction (seg 2)", "mode": "Motor road", "mode_evidence": "GPS speed: median 12.2 km/h, 52% of moving time >12 km/h", "speed_kmh_median": 12.25, "speed_frac_over_12": 0.516, "gradient_p85_pct": 13.1, "source_file": "Roads_Popondetta_to_Afore.gpx", "format": "gpx", "length_km": 148.55, "source": "project GPS recording, Roads_Popondetta_to_Afore.gpx", "surface": "unknown", "tracktype": "unknown" }, "geometry": { "type": "MultiLineString", "coordinates": [ [ [ 148.2348503, -8.7680855 ], [ 148.2348528, -8.7679889 ], [ 148.2349433, -8.7679544 ], [ 148.2349544, -8.7680505 ], [ 148.234875499999987, -8.7681013 ], [ 148.23481670000001, -8.7681779 ], [ 148.2348421, -8.7682791 ], [ 148.2349388, -8.7681923 ], [ 148.2348946, -8.7680716 ], [ 148.2349826, -8.768046 ], [ 148.2350743, -8.768031 ], [ 148.2349739, -8.768031 ], [ 148.234966, -8.7679376 ], [ 148.2350353, -8.7676611 ], [ 148.2350935, -8.7675482 ], [ 148.2348804, -8.7674037 ], [ 148.2344449, -8.7679298 ], [ 148.2335252, -8.7690939 ], [ 148.23279740000001, -8.7696527 ], [ 148.231958100000014, -8.77043 ], [ 148.231123700000012, -8.7714587 ], [ 148.230574, -8.7725477 ], [ 148.2311939, -8.773887 ], [ 148.2317756, -8.775156 ], [ 148.2318601, -8.7764931 ], [ 148.2313696, -8.7784146 ], [ 148.2308497, -8.7806041 ], [ 148.23026010000001, -8.7824301 ], [ 148.229404, -8.7842711 ], [ 148.2284258, -8.7863439 ], [ 148.2280127, -8.7885538 ], [ 148.228009, -8.7909961 ], [ 148.2280175, -8.7932493 ], [ 148.2279929, -8.7953751 ], [ 148.2283854, -8.797756 ], [ 148.2288687, -8.7999681 ], [ 148.2293125, -8.8017502 ], [ 148.2305256, -8.8025227 ], [ 148.231843199999986, -8.8028234 ], [ 148.2322376, -8.803896 ], [ 148.2327493, -8.8050192 ], [ 148.233543, -8.8062354 ], [ 148.234209099999987, -8.8072661 ], [ 148.234981, -8.8083947 ], [ 148.2359318, -8.8095939 ], [ 148.2369771, -8.8109241 ], [ 148.237871899999988, -8.8121648 ], [ 148.2386085, -8.8132672 ], [ 148.2393935, -8.814402 ], [ 148.2402147, -8.8156091 ], [ 148.240857799999986, -8.8165571 ], [ 148.2414027, -8.8172828 ], [ 148.241943099999986, -8.8178298 ], [ 148.2428782, -8.8184356 ], [ 148.2444444, -8.8187601 ], [ 148.246713, -8.8191438 ], [ 148.2484675, -8.819923 ], [ 148.2504654, -8.8213316 ], [ 148.2522917, -8.8219663 ], [ 148.254428600000011, -8.8220719 ], [ 148.256830400000013, -8.8222249 ], [ 148.259255200000013, -8.8223284 ], [ 148.260992, -8.8227598 ], [ 148.262057700000014, -8.8244181 ], [ 148.2631915, -8.8264094 ], [ 148.2642942, -8.8282979 ], [ 148.2652644, -8.829903 ], [ 148.2663966, -8.831603 ], [ 148.2671229, -8.8335689 ], [ 148.2683552, -8.8351686 ], [ 148.26962420000001, -8.8363445 ], [ 148.270655799999986, -8.8368076 ], [ 148.27189, -8.8373024 ], [ 148.273651699999988, -8.8371279 ], [ 148.2758048, -8.8361019 ], [ 148.2774973, -8.8350716 ], [ 148.2792623, -8.8338782 ], [ 148.2808661, -8.8324623 ], [ 148.2828676, -8.8314801 ], [ 148.284428600000012, -8.8301381 ], [ 148.2855468, -8.8279741 ], [ 148.2869183, -8.8260163 ], [ 148.28885, -8.8248115 ], [ 148.2907806, -8.8240081 ], [ 148.292718, -8.8228637 ], [ 148.2947849, -8.8215398 ], [ 148.29647030000001, -8.8200697 ], [ 148.2977788, -8.8187735 ], [ 148.2985673, -8.8180347 ], [ 148.2995028, -8.8170883 ], [ 148.300436, -8.8158268 ], [ 148.3013767, -8.8143356 ], [ 148.3027351, -8.8129435 ], [ 148.304369900000012, -8.8114272 ], [ 148.3059921, -8.8101479 ], [ 148.307425599999988, -8.8090279 ], [ 148.308832200000012, -8.8079188 ], [ 148.3096472, -8.8072991 ], [ 148.3106326, -8.8065083 ], [ 148.3120495, -8.8054437 ], [ 148.3140028, -8.8044496 ], [ 148.316242, -8.8039254 ], [ 148.318294900000012, -8.8039045 ], [ 148.32027020000001, -8.8040272 ], [ 148.322069199999987, -8.8041031 ], [ 148.324155, -8.8042213 ], [ 148.3260119, -8.8042969 ], [ 148.3281541, -8.8043955 ], [ 148.3306172, -8.8045091 ], [ 148.332467400000013, -8.8046024 ], [ 148.3345405, -8.804698 ], [ 148.3365838, -8.8048023 ], [ 148.3389374, -8.804914 ], [ 148.341185700000011, -8.8049852 ], [ 148.3430282, -8.8043378 ], [ 148.3445193, -8.8028796 ], [ 148.346089400000011, -8.8011121 ], [ 148.3474708, -8.7997461 ], [ 148.3492717, -8.7989358 ], [ 148.3515802, -8.7979796 ], [ 148.353748, -8.7971083 ], [ 148.3558011, -8.7967657 ], [ 148.3577919, -8.7969645 ], [ 148.3598199, -8.7976505 ], [ 148.3621082, -8.7977741 ], [ 148.3639948, -8.7974513 ], [ 148.366027699999989, -8.7964974 ], [ 148.3681263, -8.7955336 ], [ 148.3701654, -8.7946271 ], [ 148.3722119, -8.7936838 ], [ 148.37449190000001, -8.7929273 ], [ 148.37672280000001, -8.7927929 ], [ 148.3790621, -8.7928179 ], [ 148.381573800000012, -8.792825 ], [ 148.383901, -8.7929429 ], [ 148.3865456, -8.7927314 ], [ 148.3887739, -8.7921101 ], [ 148.39105570000001, -8.7924492 ], [ 148.392884, -8.7937805 ], [ 148.39393960000001, -8.7954419 ], [ 148.3952799, -8.7967192 ], [ 148.3965323, -8.7973608 ], [ 148.3985169, -8.7983278 ], [ 148.4004498, -8.799558 ], [ 148.4012663, -8.8016997 ], [ 148.4030103, -8.8028073 ], [ 148.4049119, -8.8035682 ], [ 148.406398200000012, -8.8052009 ], [ 148.4073593, -8.8073024 ], [ 148.4079926, -8.8095277 ], [ 148.4079337, -8.8116774 ], [ 148.407839599999988, -8.8127731 ], [ 148.4079621, -8.8142576 ], [ 148.4093383, -8.8158981 ], [ 148.4112039, -8.8174846 ], [ 148.4131093, -8.8194343 ], [ 148.4149007, -8.8209967 ], [ 148.416614399999986, -8.8225962 ], [ 148.4186493, -8.8244949 ], [ 148.420957499999986, -8.8261449 ], [ 148.423425400000013, -8.8274532 ], [ 148.4252257, -8.8292358 ], [ 148.426912, -8.8317093 ], [ 148.4281867, -8.8342769 ], [ 148.429695400000014, -8.8362723 ], [ 148.4315798, -8.837135 ], [ 148.4338333, -8.8378128 ], [ 148.4360102, -8.8379668 ], [ 148.438680299999987, -8.8382337 ], [ 148.4409018, -8.8384233 ], [ 148.4428268, -8.8391818 ], [ 148.444982900000014, -8.8400888 ], [ 148.446287500000011, -8.8416642 ], [ 148.447384699999986, -8.8427894 ], [ 148.448599800000011, -8.8436589 ], [ 148.4496916, -8.8442005 ], [ 148.4508193, -8.8443068 ], [ 148.4518086, -8.843747 ], [ 148.4525739, -8.8427738 ], [ 148.4541199, -8.8420506 ], [ 148.45497610000001, -8.8420963 ], [ 148.4563704, -8.842732 ], [ 148.4581905, -8.8428598 ], [ 148.460189500000013, -8.8426376 ], [ 148.4618159, -8.8428393 ], [ 148.4638242, -8.8436214 ], [ 148.4659236, -8.8444062 ], [ 148.4679961, -8.8451498 ], [ 148.469432899999987, -8.8464036 ], [ 148.4709896, -8.8475733 ], [ 148.4721414, -8.8491334 ], [ 148.473099600000012, -8.8510749 ], [ 148.4739065, -8.852689 ], [ 148.4745153, -8.8538372 ], [ 148.4751206, -8.8550945 ], [ 148.4754629, -8.8563946 ], [ 148.4754648, -8.8577868 ], [ 148.4752588, -8.8591677 ], [ 148.4752102, -8.8604767 ], [ 148.4757548, -8.8617839 ], [ 148.4767228, -8.8629266 ], [ 148.4776022, -8.8638897 ], [ 148.478796499999987, -8.8648829 ], [ 148.4801262, -8.8652306 ], [ 148.4812349, -8.865058 ], [ 148.4818253, -8.8648721 ], [ 148.4829124, -8.8650004 ], [ 148.4838808, -8.8657772 ], [ 148.4843787, -8.8670124 ], [ 148.4848845, -8.8683511 ], [ 148.4854134, -8.8698068 ], [ 148.4858791, -8.8710008 ], [ 148.4863795, -8.872513 ], [ 148.4869749, -8.8743555 ], [ 148.487603400000012, -8.8765353 ], [ 148.488515799999988, -8.8781216 ], [ 148.4902889, -8.8793623 ], [ 148.4917796, -8.8804174 ], [ 148.4924187, -8.8816644 ], [ 148.492102499999987, -8.8833762 ], [ 148.4909802, -8.8843888 ], [ 148.4897914, -8.8853643 ], [ 148.489601, -8.8861615 ], [ 148.4895615, -8.8867273 ], [ 148.489296700000011, -8.8877071 ], [ 148.4884299, -8.8887969 ], [ 148.4874436, -8.8900726 ], [ 148.4864323, -8.8913624 ], [ 148.4856125, -8.8923914 ], [ 148.484535, -8.8935905 ], [ 148.483534, -8.8949176 ], [ 148.4830786, -8.8966863 ], [ 148.4835582, -8.8985752 ], [ 148.4849709, -8.8996722 ], [ 148.4867965, -8.9000943 ], [ 148.4876336, -8.9002563 ], [ 148.48810850000001, -8.9004026 ], [ 148.4883656, -8.9005807 ], [ 148.488294700000012, -8.900523 ], [ 148.488374599999986, -8.9005779 ], [ 148.488289900000012, -8.9006206 ], [ 148.488357, -8.900542 ], [ 148.488337300000012, -8.9006837 ], [ 148.4875174, -8.9013776 ], [ 148.4865982, -8.9015714 ], [ 148.486083900000011, -8.9019979 ], [ 148.4864382, -8.9029846 ], [ 148.48574210000001, -8.9035266 ], [ 148.4855671, -8.9046803 ], [ 148.4847251, -8.9056722 ], [ 148.4839742, -8.906611 ], [ 148.4841256, -8.9075962 ], [ 148.4834624, -8.9082758 ], [ 148.482803499999989, -8.9093803 ], [ 148.481846100000013, -8.9090522 ], [ 148.4817758, -8.9078842 ], [ 148.4815865, -8.9067449 ], [ 148.481046600000013, -8.9072337 ], [ 148.4804297, -8.9083718 ], [ 148.4791879, -8.9091197 ], [ 148.478378, -8.9103709 ], [ 148.4778468, -8.9123229 ], [ 148.4772254, -8.9142059 ], [ 148.4763549, -8.9157426 ], [ 148.4751942, -8.9170104 ], [ 148.4738821, -8.9182926 ], [ 148.4732568, -8.9198932 ], [ 148.4741013, -8.921016 ], [ 148.4754954, -8.9209902 ], [ 148.4764888, -8.9211018 ], [ 148.475469299999986, -8.9217519 ], [ 148.4742676, -8.9222309 ], [ 148.4742804, -8.92312 ], [ 148.474320299999988, -8.9238106 ], [ 148.47427, -8.9245788 ], [ 148.4744886, -8.9250845 ], [ 148.4744682, -8.9257361 ], [ 148.4744216, -8.926576 ], [ 148.4735899, -8.9267952 ], [ 148.4725904, -8.9271338 ], [ 148.4724151, -8.9281935 ], [ 148.47205, -8.9290492 ], [ 148.4717171, -8.9295053 ], [ 148.47129, -8.930598 ], [ 148.4705645, -8.931756 ], [ 148.4694476, -8.9324096 ], [ 148.468315, -8.9332057 ], [ 148.467407, -8.9339885 ], [ 148.467212600000011, -8.9352404 ], [ 148.4669968, -8.936492 ], [ 148.466609799999986, -8.9376357 ], [ 148.4659146, -8.9384797 ], [ 148.465251599999988, -8.9395151 ], [ 148.46499, -8.9409386 ], [ 148.4643992, -8.9418572 ], [ 148.4634409, -8.9423031 ], [ 148.4627595, -8.9427628 ], [ 148.4618386, -8.9431258 ], [ 148.460628, -8.9438351 ], [ 148.4598416, -8.9446144 ], [ 148.4590772, -8.9453877 ], [ 148.4581081, -8.9463062 ], [ 148.4570932, -8.947183 ], [ 148.456527200000011, -8.9481935 ], [ 148.4558102, -8.9490828 ], [ 148.455130200000013, -8.9496148 ], [ 148.455005199999988, -8.9506382 ], [ 148.454704099999987, -8.9515966 ], [ 148.453910400000012, -8.9522362 ], [ 148.453395300000011, -8.9531137 ], [ 148.4526016, -8.9538533 ], [ 148.451753, -8.9546201 ], [ 148.45089870000001, -8.9554157 ], [ 148.4509989, -8.9559821 ], [ 148.451795800000014, -8.9561263 ], [ 148.452446900000012, -8.9567714 ], [ 148.4536263, -8.9567778 ], [ 148.454010899999986, -8.9572857 ], [ 148.4530805, -8.9575658 ], [ 148.4522532, -8.9583784 ], [ 148.4515513, -8.9587189 ], [ 148.4510635, -8.9595195 ], [ 148.4502885, -8.9600138 ], [ 148.449713300000013, -8.9607791 ], [ 148.4502726, -8.9611574 ], [ 148.4511364, -8.9609 ], [ 148.4517727, -8.9612131 ], [ 148.452189299999986, -8.9621582 ], [ 148.452684799999986, -8.9623723 ], [ 148.453075, -8.9625092 ], [ 148.4536259, -8.9627311 ], [ 148.4542084, -8.9631452 ], [ 148.4551502, -8.9633875 ], [ 148.456055099999986, -8.9631391 ], [ 148.4570479, -8.9631564 ], [ 148.4579559, -8.9633786 ], [ 148.458615400000014, -8.9638755 ], [ 148.459345899999988, -8.9640528 ], [ 148.4598852, -8.9638604 ], [ 148.460662500000012, -8.9640457 ], [ 148.4607972, -8.9633273 ], [ 148.4611995, -8.9628972 ], [ 148.4617121, -8.9634788 ], [ 148.462396500000011, -8.9643074 ], [ 148.4628097, -8.9648267 ], [ 148.4625044, -8.9654506 ], [ 148.4621344, -8.9656371 ], [ 148.4620938, -8.9660799 ], [ 148.4624852, -8.9664329 ], [ 148.463234699999987, -8.9663518 ], [ 148.463673699999987, -8.9662536 ], [ 148.4638627, -8.9666249 ], [ 148.4641762, -8.9671457 ], [ 148.464643200000012, -8.9669406 ], [ 148.4652471, -8.966506 ], [ 148.4658618, -8.966983 ], [ 148.4670279, -8.9670921 ], [ 148.468132, -8.966711 ], [ 148.4694022, -8.9663839 ], [ 148.4706626, -8.9660023 ], [ 148.471811699999989, -8.9658408 ], [ 148.472327, -8.9668088 ], [ 148.4730954, -8.9671807 ], [ 148.4739456, -8.9673966 ], [ 148.47501410000001, -8.9676868 ], [ 148.4764192, -8.9678481 ], [ 148.477562, -8.967891 ], [ 148.478536600000012, -8.9682304 ], [ 148.479817, -8.968268 ], [ 148.4806395, -8.9685996 ], [ 148.481359700000013, -8.969122 ], [ 148.482345, -8.9690345 ], [ 148.483541699999989, -8.969145 ], [ 148.484432199999986, -8.9690439 ], [ 148.4849465, -8.9694219 ], [ 148.4855579, -8.9699765 ], [ 148.4856411, -8.9706545 ], [ 148.4856909, -8.9717262 ], [ 148.4866132, -8.9722055 ], [ 148.4871971, -8.9726996 ], [ 148.4877979, -8.9732053 ], [ 148.4885481, -8.9734343 ], [ 148.489207599999986, -8.9739648 ], [ 148.4897159, -8.9744989 ], [ 148.4904101, -8.9748128 ], [ 148.4911136, -8.9748392 ], [ 148.491627599999987, -8.9747825 ], [ 148.4920339, -8.9747777 ], [ 148.4925682, -8.975002 ], [ 148.493092, -8.9753827 ], [ 148.493708700000013, -8.9756323 ], [ 148.4942361, -8.9756431 ], [ 148.4948402, -8.9756133 ], [ 148.4954742, -8.9756284 ], [ 148.4959876, -8.9759726 ], [ 148.4963665, -8.9766804 ], [ 148.496624, -8.9774971 ], [ 148.4969008, -8.9781688 ], [ 148.4973412, -8.9788549 ], [ 148.4979665, -8.9791593 ], [ 148.498751199999987, -8.9794856 ], [ 148.4996351, -8.9797795 ], [ 148.500388500000014, -8.9797564 ], [ 148.501203, -8.979693 ], [ 148.501651399999986, -8.9797299 ], [ 148.5019681, -8.9798058 ], [ 148.502203, -8.9799744 ], [ 148.5024453, -8.9802239 ], [ 148.502917599999989, -8.98068 ], [ 148.503286, -8.9812714 ], [ 148.503298199999989, -8.9820099 ], [ 148.5034928, -8.9823447 ], [ 148.5039703, -8.982813 ], [ 148.5046008, -8.983194 ], [ 148.5048284, -8.9833014 ], [ 148.5052152, -8.983526 ], [ 148.50553450000001, -8.983648 ], [ 148.50574850000001, -8.9837297 ], [ 148.5060665, -8.9838078 ], [ 148.506357799999989, -8.9838922 ], [ 148.5066175, -8.9842135 ], [ 148.5068954, -8.9847484 ], [ 148.507254499999988, -8.9854393 ], [ 148.507436500000011, -8.9856901 ], [ 148.5075162, -8.9858193 ], [ 148.507865900000013, -8.9860235 ], [ 148.5085211, -8.9862282 ], [ 148.5090308, -8.9863606 ], [ 148.509237500000012, -8.9864182 ], [ 148.5094076, -8.9864803 ], [ 148.5097273, -8.9866468 ], [ 148.5101534, -8.9867896 ], [ 148.5109066, -8.986663 ], [ 148.511092100000013, -8.9866387 ], [ 148.511336699999987, -8.9866532 ], [ 148.511756600000012, -8.9866142 ], [ 148.5122601, -8.9867015 ], [ 148.512729799999988, -8.9869394 ], [ 148.513285200000013, -8.9872534 ], [ 148.513827099999986, -8.98778 ], [ 148.514294799999988, -8.9883185 ], [ 148.514793700000013, -8.9887378 ], [ 148.515199, -8.9891691 ], [ 148.5157639, -8.9897294 ], [ 148.5160388, -8.9899398 ], [ 148.516175, -8.9900516 ], [ 148.5163728, -8.9902464 ], [ 148.5166845, -8.9904366 ], [ 148.5169789, -8.9905861 ], [ 148.517439200000013, -8.9909115 ], [ 148.5178555, -8.9913415 ], [ 148.5182251, -8.9916167 ], [ 148.5185668, -8.991881 ], [ 148.51892380000001, -8.9922631 ], [ 148.519175600000011, -8.9928689 ], [ 148.5193902, -8.9937359 ], [ 148.5196216, -8.9941599 ], [ 148.5194247, -8.9946083 ], [ 148.519303799999989, -8.9953159 ], [ 148.5192638, -8.9957852 ], [ 148.519034299999987, -8.9959881 ], [ 148.5187697, -8.9961253 ], [ 148.5183428, -8.9963338 ], [ 148.5178216, -8.9966854 ], [ 148.5175759, -8.9969447 ], [ 148.51717, -8.9974633 ], [ 148.5168056, -8.9979358 ], [ 148.516277699999989, -8.9985994 ], [ 148.5159161, -8.9990638 ], [ 148.515772199999986, -8.9993128 ], [ 148.5155263, -8.9999164 ], [ 148.5154265, -9.0001966 ], [ 148.515162299999986, -9.0011165 ], [ 148.5152545, -9.0020627 ], [ 148.5150113, -9.0025361 ], [ 148.5145726, -9.00259 ], [ 148.5138661, -9.0027245 ], [ 148.513356, -9.0028426 ], [ 148.5127603, -9.0033534 ], [ 148.5129546, -9.0041261 ], [ 148.513742900000011, -9.0049378 ], [ 148.5145662, -9.005275 ], [ 148.5153728, -9.0055685 ], [ 148.51602410000001, -9.0058254 ], [ 148.516226100000011, -9.0063207 ], [ 148.51659380000001, -9.0068911 ], [ 148.5174293, -9.0072087 ], [ 148.5182552, -9.0075214 ], [ 148.5185935, -9.007786 ], [ 148.5189585, -9.0081369 ], [ 148.5192901, -9.0084418 ], [ 148.5196368, -9.008717 ], [ 148.5199938, -9.009054 ], [ 148.5202122, -9.0092863 ], [ 148.5203937, -9.0095516 ], [ 148.5204019, -9.0098033 ], [ 148.5202257, -9.0100454 ], [ 148.520071300000012, -9.0102718 ], [ 148.5199215, -9.0104795 ], [ 148.519829, -9.0106706 ], [ 148.519769700000012, -9.0108929 ], [ 148.5198035, -9.0113845 ], [ 148.5198342, -9.0116003 ], [ 148.5198698, -9.0117591 ], [ 148.5199322, -9.0120166 ], [ 148.5200232, -9.0124101 ], [ 148.520210600000013, -9.0131295 ], [ 148.520285800000011, -9.013434 ], [ 148.5203089, -9.0136638 ], [ 148.5203747, -9.013984 ], [ 148.520458100000013, -9.0142779 ], [ 148.5205403, -9.0146072 ], [ 148.520636, -9.0151057 ], [ 148.5205531, -9.0159539 ], [ 148.520282, -9.0166369 ], [ 148.5200854, -9.017115 ], [ 148.519867, -9.0177732 ], [ 148.5197871, -9.0180368 ], [ 148.519702599999988, -9.018324 ], [ 148.5195783, -9.0190269 ], [ 148.519480499999986, -9.0196126 ], [ 148.519432599999988, -9.0199304 ], [ 148.519388, -9.0201885 ], [ 148.5192739, -9.0209763 ], [ 148.5187709, -9.0215559 ], [ 148.5180086, -9.0216397 ], [ 148.516889, -9.0219112 ], [ 148.5157447, -9.0220515 ], [ 148.5148527, -9.0219893 ], [ 148.5142279, -9.0222333 ], [ 148.513886500000012, -9.0229776 ], [ 148.5136957, -9.0234049 ], [ 148.5132128, -9.0238543 ], [ 148.5125577, -9.0244068 ], [ 148.5117989, -9.0247207 ], [ 148.510734500000012, -9.0245975 ], [ 148.5100325, -9.0246748 ], [ 148.5098089, -9.0255661 ], [ 148.5106438, -9.0263419 ], [ 148.511458299999987, -9.0264767 ], [ 148.51213580000001, -9.0265815 ], [ 148.5123127, -9.0266321 ], [ 148.5128733, -9.0267166 ], [ 148.5131447, -9.0267669 ], [ 148.5136937, -9.0268456 ], [ 148.5141822, -9.0269036 ], [ 148.5148872, -9.0271567 ], [ 148.5156867, -9.027409 ], [ 148.5163361, -9.0280582 ], [ 148.516696200000013, -9.0286545 ], [ 148.5166573, -9.0290504 ], [ 148.5165603, -9.0297875 ], [ 148.5169345, -9.0304616 ], [ 148.517217, -9.0309854 ], [ 148.5174709, -9.0312699 ], [ 148.5176166, -9.0320189 ], [ 148.5176707, -9.0328372 ], [ 148.517774300000013, -9.0336499 ], [ 148.5183168, -9.0341827 ], [ 148.518763, -9.0344396 ], [ 148.519138, -9.0346716 ], [ 148.519513100000012, -9.0349471 ], [ 148.5199864, -9.0353837 ], [ 148.520423099999988, -9.0357216 ], [ 148.520811400000014, -9.035914 ], [ 148.521339500000011, -9.0360224 ], [ 148.521993900000012, -9.0362866 ], [ 148.5226535, -9.0363056 ], [ 148.5228352, -9.0362746 ], [ 148.5231607, -9.0362454 ], [ 148.523509499999989, -9.0361783 ], [ 148.524089300000014, -9.0361001 ], [ 148.5243592, -9.0361372 ], [ 148.5246114, -9.0364739 ], [ 148.5248991, -9.0368479 ], [ 148.5251098, -9.0370623 ], [ 148.5252515, -9.0374023 ], [ 148.525601099999989, -9.0376179 ], [ 148.52613980000001, -9.0376183 ], [ 148.52644810000001, -9.0380752 ], [ 148.5266988, -9.038502 ], [ 148.5272665, -9.0390612 ], [ 148.5274932, -9.0390811 ], [ 148.527613699999989, -9.0390976 ], [ 148.5278127, -9.0391545 ], [ 148.5280038, -9.0391806 ], [ 148.52829, -9.0391271 ], [ 148.528498899999988, -9.0390252 ], [ 148.5287145, -9.0389242 ], [ 148.5290431, -9.0389288 ], [ 148.5292293, -9.0390282 ], [ 148.5293708, -9.0391721 ], [ 148.529582299999987, -9.0393539 ], [ 148.5298043, -9.039589 ], [ 148.5299454, -9.0397073 ], [ 148.530135800000011, -9.0398831 ], [ 148.5303712, -9.0401424 ], [ 148.5305727, -9.0404111 ], [ 148.5307502, -9.0406161 ], [ 148.5308645, -9.0407105 ], [ 148.5309514, -9.0407895 ], [ 148.531060200000013, -9.040996 ], [ 148.531155500000011, -9.0411828 ], [ 148.5312165, -9.0413135 ], [ 148.5314028, -9.0416431 ], [ 148.531699800000013, -9.0418899 ], [ 148.5318054, -9.0419868 ], [ 148.531861600000013, -9.0420603 ], [ 148.5319419, -9.0421999 ], [ 148.5320931, -9.042418 ], [ 148.5322253, -9.0426239 ], [ 148.5322712, -9.0428322 ], [ 148.5324631, -9.0431512 ], [ 148.532591599999989, -9.0433392 ], [ 148.532719899999989, -9.0435093 ], [ 148.532829099999987, -9.0436141 ], [ 148.5327886, -9.0435288 ], [ 148.53270950000001, -9.0434791 ], [ 148.5326658, -9.0433874 ], [ 148.532605100000012, -9.0433017 ], [ 148.5326267, -9.0433932 ], [ 148.5326853, -9.0435068 ], [ 148.5327993, -9.0435654 ], [ 148.5328518, -9.043654 ], [ 148.5329865, -9.0437748 ], [ 148.53313940000001, -9.0439147 ], [ 148.5333784, -9.0440662 ], [ 148.5336164, -9.0441052 ], [ 148.5338942, -9.0441827 ], [ 148.534098199999988, -9.0442269 ], [ 148.534477, -9.0442861 ], [ 148.534712, -9.04436 ], [ 148.5349668, -9.0444705 ], [ 148.5353493, -9.0447064 ], [ 148.5355518, -9.0452949 ], [ 148.5354092, -9.046 ], [ 148.5351986, -9.0463873 ], [ 148.534886, -9.0468538 ], [ 148.534716300000014, -9.0470728 ], [ 148.5345676, -9.0473032 ], [ 148.5342312, -9.0478253 ], [ 148.5339796, -9.0482194 ], [ 148.533787499999988, -9.048552 ], [ 148.5334956, -9.0489865 ], [ 148.5330624, -9.0496829 ], [ 148.5328324, -9.0500927 ], [ 148.5327505, -9.050243 ], [ 148.5325417, -9.0505413 ], [ 148.5322333, -9.0510136 ], [ 148.5319513, -9.0514625 ], [ 148.5317174, -9.0518674 ], [ 148.5315826, -9.0520472 ], [ 148.5314678, -9.0522516 ], [ 148.531303799999989, -9.0525359 ], [ 148.5311704, -9.0528217 ], [ 148.5310672, -9.0530456 ], [ 148.5309475, -9.0532678 ], [ 148.5308269, -9.0535564 ], [ 148.5307374, -9.0538703 ], [ 148.530675800000012, -9.054203 ], [ 148.5305847, -9.0545976 ], [ 148.530527, -9.0548352 ], [ 148.5304688, -9.0550528 ], [ 148.5303575, -9.0554975 ], [ 148.5301102, -9.056433 ], [ 148.5299239, -9.0571399 ], [ 148.5297335, -9.0578804 ], [ 148.5295347, -9.0585717 ], [ 148.5293799, -9.0591581 ], [ 148.5292514, -9.0595794 ], [ 148.52908930000001, -9.0601615 ], [ 148.528999, -9.0605489 ], [ 148.5288962, -9.0609705 ], [ 148.528804900000011, -9.0613023 ], [ 148.5286776, -9.0618002 ], [ 148.5285131, -9.0624037 ], [ 148.5283063, -9.0632148 ], [ 148.5282068, -9.0636589 ], [ 148.5280689, -9.0642082 ], [ 148.5278586, -9.0650551 ], [ 148.527736800000014, -9.0655502 ], [ 148.527602800000011, -9.0660384 ], [ 148.527379700000012, -9.0667181 ], [ 148.527325, -9.0669153 ], [ 148.5273247, -9.0670115 ], [ 148.527246100000013, -9.0671902 ], [ 148.5271416, -9.0673207 ], [ 148.5270414, -9.067426 ], [ 148.526972, -9.0674948 ], [ 148.5269338, -9.0675796 ], [ 148.52686030000001, -9.0678099 ], [ 148.526772200000011, -9.0679899 ], [ 148.526695100000012, -9.0680775 ], [ 148.5266383, -9.068152 ], [ 148.5265934, -9.0682802 ], [ 148.5265678, -9.0684206 ], [ 148.5264874, -9.068707 ], [ 148.526348, -9.0691977 ], [ 148.526413100000013, -9.0699208 ], [ 148.5265066, -9.0705811 ], [ 148.52673630000001, -9.0711892 ], [ 148.5269066, -9.0715093 ], [ 148.526972300000011, -9.0716508 ], [ 148.5270143, -9.0717633 ], [ 148.527136500000012, -9.0720444 ], [ 148.527272399999987, -9.0722745 ], [ 148.5274795, -9.0725673 ], [ 148.5276264, -9.073114 ], [ 148.527710399999989, -9.0733655 ], [ 148.5278649, -9.0736473 ], [ 148.5278406, -9.0741616 ], [ 148.5278289, -9.0743454 ], [ 148.527686, -9.074698 ], [ 148.5274699, -9.0753136 ], [ 148.527219800000012, -9.0759817 ], [ 148.5270003, -9.0766999 ], [ 148.526964600000014, -9.0776993 ], [ 148.5270751, -9.0784087 ], [ 148.5272056, -9.0792258 ], [ 148.5273019, -9.0799876 ], [ 148.527441900000014, -9.0808634 ], [ 148.5275617, -9.0817333 ], [ 148.5275507, -9.0826546 ], [ 148.5273973, -9.0835861 ], [ 148.5272051, -9.0847134 ], [ 148.5271856, -9.085299 ], [ 148.527095800000012, -9.0853516 ], [ 148.5266222, -9.0859355 ], [ 148.5259427, -9.0866917 ], [ 148.5254335, -9.0872828 ], [ 148.5248958, -9.0878153 ], [ 148.524407700000012, -9.0883014 ], [ 148.523591399999987, -9.0885644 ], [ 148.52256460000001, -9.0883975 ], [ 148.521907, -9.0881662 ], [ 148.521418, -9.0881684 ], [ 148.521087599999987, -9.0881946 ], [ 148.5206422, -9.0884417 ], [ 148.520254099999988, -9.0886636 ], [ 148.5198806, -9.0888892 ], [ 148.5192982, -9.0892219 ], [ 148.5188417, -9.0893897 ], [ 148.518109900000013, -9.0894755 ], [ 148.5172727, -9.0895378 ], [ 148.5163097, -9.0896801 ], [ 148.515399300000013, -9.0902022 ], [ 148.5146191, -9.0908762 ], [ 148.513778699999989, -9.091322 ], [ 148.5131776, -9.0917386 ], [ 148.5128191, -9.0920446 ], [ 148.5125028, -9.0924449 ], [ 148.512047700000011, -9.092833 ], [ 148.5116597, -9.0932809 ], [ 148.511027500000012, -9.0937591 ], [ 148.5102982, -9.0938636 ], [ 148.509901899999988, -9.0942352 ], [ 148.5094934, -9.0945401 ], [ 148.509392, -9.0945275 ], [ 148.509055100000012, -9.0943333 ], [ 148.5085676, -9.0943209 ], [ 148.5082204, -9.0947714 ], [ 148.5077037, -9.0949819 ], [ 148.507268399999987, -9.0949905 ], [ 148.506918899999988, -9.0950686 ], [ 148.506538, -9.0949479 ], [ 148.5062457, -9.094724 ], [ 148.5058142, -9.0949394 ], [ 148.5049592, -9.0954735 ], [ 148.504049400000014, -9.0960066 ], [ 148.503265699999986, -9.0960685 ], [ 148.5024123, -9.0965774 ], [ 148.5021566, -9.0973621 ], [ 148.502479, -9.0978107 ], [ 148.502156500000012, -9.0982002 ], [ 148.5011605, -9.0982032 ], [ 148.500578100000013, -9.0986168 ], [ 148.5002522, -9.0992868 ], [ 148.4999636, -9.0992372 ], [ 148.499913, -9.0989395 ], [ 148.4997817, -9.0987442 ], [ 148.4993739, -9.0987271 ], [ 148.4991009, -9.0988994 ], [ 148.4988007, -9.0990364 ], [ 148.4986872, -9.0995009 ], [ 148.4981841, -9.0998538 ], [ 148.4977475, -9.1005189 ], [ 148.497293500000012, -9.1007819 ], [ 148.496950199999986, -9.101073 ], [ 148.4965158, -9.1012032 ], [ 148.4960699, -9.1016252 ], [ 148.4956077, -9.1023032 ], [ 148.495339300000012, -9.1033079 ], [ 148.4949969, -9.104048 ], [ 148.494538799999987, -9.1045901 ], [ 148.4943328, -9.1046791 ], [ 148.4941047, -9.1046639 ], [ 148.493828, -9.1047129 ], [ 148.49346030000001, -9.1049994 ], [ 148.4932016, -9.1056252 ], [ 148.4928873, -9.1059715 ], [ 148.4922675, -9.1059647 ], [ 148.4920118, -9.1060112 ], [ 148.4917793, -9.1060073 ], [ 148.4915427, -9.10566 ], [ 148.4915384, -9.105281 ], [ 148.4910332, -9.1052479 ], [ 148.4903366, -9.1053115 ], [ 148.4899849, -9.1054725 ], [ 148.489478, -9.1054 ], [ 148.489268399999986, -9.1049333 ], [ 148.48897, -9.104984 ], [ 148.4887292, -9.1055459 ], [ 148.4886005, -9.1063008 ], [ 148.4892236, -9.1071398 ], [ 148.4892213, -9.1078514 ], [ 148.489141100000012, -9.1086715 ], [ 148.4889987, -9.1091555 ], [ 148.4886471, -9.109526 ], [ 148.4884452, -9.1102516 ], [ 148.4880321, -9.1100138 ], [ 148.4876592, -9.1091149 ], [ 148.487049, -9.1085414 ], [ 148.486676499999987, -9.1083787 ], [ 148.486251, -9.1084239 ], [ 148.485995699999989, -9.1085793 ], [ 148.4859094, -9.1085473 ], [ 148.485760199999987, -9.1083367 ], [ 148.485264199999989, -9.1084977 ], [ 148.4849549, -9.1088164 ], [ 148.4845123, -9.1092306 ], [ 148.484208, -9.1095476 ], [ 148.4838043, -9.1098986 ], [ 148.4835703, -9.1104456 ], [ 148.48366, -9.1106842 ], [ 148.483709, -9.1107773 ], [ 148.4836343, -9.1111159 ], [ 148.48316650000001, -9.1116725 ], [ 148.4826471, -9.1120373 ], [ 148.4818435, -9.1124166 ], [ 148.481420899999989, -9.1122695 ], [ 148.4809673, -9.1122522 ], [ 148.4804106, -9.1125753 ], [ 148.4802939, -9.1130895 ], [ 148.4798594, -9.1132006 ], [ 148.4793315, -9.1132986 ], [ 148.4787437, -9.1131626 ], [ 148.477958699999988, -9.1129861 ], [ 148.4773663, -9.1130676 ], [ 148.4769618, -9.1132048 ], [ 148.476852, -9.1132472 ], [ 148.476689599999986, -9.1136114 ], [ 148.4770435, -9.1140449 ], [ 148.4771542, -9.1144382 ], [ 148.4768116, -9.1146474 ], [ 148.4764601, -9.1147386 ], [ 148.476426, -9.1150096 ], [ 148.4763404, -9.1150853 ], [ 148.4759741, -9.1152328 ], [ 148.47563310000001, -9.11503 ], [ 148.4753322, -9.1144251 ], [ 148.4749579, -9.1140651 ], [ 148.474341900000013, -9.1140533 ], [ 148.473624, -9.1142912 ], [ 148.4733056, -9.1143414 ], [ 148.4730714, -9.114242 ], [ 148.4728265, -9.1139291 ], [ 148.472628899999989, -9.1136551 ], [ 148.4727355, -9.113209 ], [ 148.4725833, -9.1127372 ], [ 148.4718593, -9.112904 ], [ 148.4714079, -9.1129282 ], [ 148.4709158, -9.1130982 ], [ 148.4706544, -9.1133897 ], [ 148.470452200000011, -9.1137238 ], [ 148.4701628, -9.1139117 ], [ 148.469844599999988, -9.1141697 ], [ 148.4694948, -9.1144102 ], [ 148.4689141, -9.1148514 ], [ 148.4682353, -9.1151364 ], [ 148.467795, -9.1153204 ], [ 148.4674526, -9.1154397 ], [ 148.4670912, -9.1155283 ], [ 148.4666249, -9.1155545 ], [ 148.4663268, -9.1155207 ], [ 148.4658526, -9.1155692 ], [ 148.4654055, -9.1158834 ], [ 148.4651116, -9.1160218 ], [ 148.464860499999986, -9.1161311 ], [ 148.4644428, -9.1162187 ], [ 148.464108900000014, -9.1165644 ], [ 148.4636741, -9.1166675 ], [ 148.4632609, -9.1165371 ], [ 148.462706200000014, -9.1163234 ], [ 148.461774100000014, -9.116291 ], [ 148.4609565, -9.116301 ], [ 148.4605996, -9.1163284 ], [ 148.4601653, -9.116268 ], [ 148.4595592, -9.1162338 ], [ 148.4590098, -9.1169028 ], [ 148.4585255, -9.1175257 ], [ 148.4579197, -9.1178158 ], [ 148.457427, -9.1178165 ], [ 148.4571072, -9.1179432 ], [ 148.4565757, -9.1181802 ], [ 148.455802, -9.1184763 ], [ 148.455177600000013, -9.1190386 ], [ 148.454855, -9.1197235 ], [ 148.4547543, -9.1200522 ], [ 148.4546733, -9.1203709 ], [ 148.454533700000013, -9.1210782 ], [ 148.4543329, -9.1221518 ], [ 148.4541901, -9.1231929 ], [ 148.453661899999986, -9.1235997 ], [ 148.4531863, -9.1239498 ], [ 148.4525988, -9.1239276 ], [ 148.4519329, -9.124005 ], [ 148.451564, -9.123878 ], [ 148.451032700000013, -9.1235862 ], [ 148.4503493, -9.1235644 ], [ 148.449468, -9.1237454 ], [ 148.4489207, -9.123974 ], [ 148.4485909, -9.124398 ], [ 148.4480558, -9.1250825 ], [ 148.4477408, -9.1257729 ], [ 148.4474937, -9.1265997 ], [ 148.447278399999988, -9.1270625 ], [ 148.4472303, -9.1273175 ], [ 148.4470513, -9.1275045 ], [ 148.4469241, -9.1277948 ], [ 148.4467388, -9.1280805 ], [ 148.446712100000013, -9.1282754 ], [ 148.446744099999989, -9.1285137 ], [ 148.4466778, -9.1286241 ], [ 148.4465333, -9.128873 ], [ 148.446463200000011, -9.1290382 ], [ 148.446445, -9.1291282 ], [ 148.446346, -9.1291532 ], [ 148.4462039, -9.1292715 ], [ 148.44613720000001, -9.1293441 ], [ 148.446002099999987, -9.1294298 ], [ 148.445839400000011, -9.1295348 ], [ 148.445604300000014, -9.1297123 ], [ 148.4453139, -9.1298799 ], [ 148.4447888, -9.1301222 ], [ 148.4442392, -9.1303238 ], [ 148.443768799999987, -9.1304023 ], [ 148.4434649, -9.1304159 ], [ 148.4429075, -9.1303647 ], [ 148.44198560000001, -9.1303579 ], [ 148.4410138, -9.1303182 ], [ 148.440617300000014, -9.1302839 ], [ 148.4401657, -9.1302787 ], [ 148.439612, -9.1301285 ], [ 148.4387135, -9.1299719 ], [ 148.437710399999986, -9.1298457 ], [ 148.436698799999988, -9.1301352 ], [ 148.4357779, -9.1305711 ], [ 148.4351337, -9.1304126 ], [ 148.434816399999988, -9.130336 ], [ 148.434296499999988, -9.1302587 ], [ 148.4338674, -9.1301033 ], [ 148.4334705, -9.1300109 ], [ 148.4328974, -9.1300689 ], [ 148.4322127, -9.1301705 ], [ 148.431752100000011, -9.1302384 ], [ 148.43150940000001, -9.1302712 ], [ 148.4312066, -9.1303915 ], [ 148.4307752, -9.1305562 ], [ 148.430610300000012, -9.130561 ], [ 148.430378100000013, -9.1306005 ], [ 148.4301867, -9.1306359 ], [ 148.430025699999987, -9.1306543 ], [ 148.4298923, -9.1306956 ], [ 148.4294243, -9.1308467 ], [ 148.4289633, -9.1309284 ], [ 148.4285994, -9.1308936 ], [ 148.4284059, -9.131036 ], [ 148.428059100000013, -9.131127 ], [ 148.427518, -9.1310711 ], [ 148.4264597, -9.1313285 ], [ 148.4259288, -9.1312896 ], [ 148.4256063, -9.1311734 ], [ 148.4251597, -9.1309244 ], [ 148.424592, -9.1306056 ], [ 148.4238413, -9.1302217 ], [ 148.4233054, -9.1299799 ], [ 148.4229741, -9.1299931 ], [ 148.42268820000001, -9.1299961 ], [ 148.4224844, -9.1300655 ], [ 148.422098299999988, -9.1303124 ], [ 148.4217931, -9.1304079 ], [ 148.4213853, -9.1305409 ], [ 148.421078099999988, -9.1306597 ], [ 148.420724400000012, -9.1309066 ], [ 148.420258, -9.1306798 ], [ 148.42001350000001, -9.1304326 ], [ 148.419779799999986, -9.1302997 ], [ 148.4196733, -9.1302382 ], [ 148.4192587, -9.129976 ], [ 148.4189244, -9.1297606 ], [ 148.418694, -9.12971 ], [ 148.4183165, -9.129685 ], [ 148.418055399999986, -9.1295789 ], [ 148.417846, -9.1295242 ], [ 148.417664699999989, -9.1295139 ], [ 148.4175007, -9.1294944 ], [ 148.4173351, -9.1294671 ], [ 148.4171628, -9.1294441 ], [ 148.4169809, -9.1294198 ], [ 148.4167419, -9.1294035 ], [ 148.416431, -9.1294395 ], [ 148.416007400000012, -9.1295396 ], [ 148.4157237, -9.1296064 ], [ 148.4154134, -9.1296189 ], [ 148.41515480000001, -9.1297255 ], [ 148.4150184, -9.1297684 ], [ 148.4148968, -9.1298273 ], [ 148.414496500000013, -9.1300227 ], [ 148.4137183, -9.1301463 ], [ 148.413393, -9.1299836 ], [ 148.413069400000012, -9.1298742 ], [ 148.4121384, -9.1298487 ], [ 148.411321500000014, -9.1299284 ], [ 148.410749, -9.1299594 ], [ 148.4102349, -9.1300193 ], [ 148.409477900000013, -9.1300751 ], [ 148.408907, -9.1301148 ], [ 148.4082315, -9.1301835 ], [ 148.407434, -9.130281 ], [ 148.4069263, -9.1303531 ], [ 148.4065055, -9.1304161 ], [ 148.406094200000013, -9.1305583 ], [ 148.40584960000001, -9.1306472 ], [ 148.405529800000011, -9.1308228 ], [ 148.405086399999988, -9.1310667 ], [ 148.4048388, -9.1312676 ], [ 148.404538699999989, -9.1315598 ], [ 148.404118399999987, -9.1318803 ], [ 148.4036376, -9.1323931 ], [ 148.4031714, -9.1332028 ], [ 148.402667900000012, -9.1336184 ], [ 148.4019744, -9.1336784 ], [ 148.4012981, -9.1337553 ], [ 148.4004514, -9.1338208 ], [ 148.3999282, -9.1337469 ], [ 148.3995042, -9.1334811 ], [ 148.399482799999987, -9.1331935 ], [ 148.3992749, -9.1328123 ], [ 148.3988496, -9.13302 ], [ 148.3985141, -9.1334061 ], [ 148.3984552, -9.13353 ], [ 148.3983179, -9.1336829 ], [ 148.397907, -9.1337381 ], [ 148.397509500000012, -9.1337118 ], [ 148.3972389, -9.1335518 ], [ 148.39697910000001, -9.1333094 ], [ 148.396741, -9.1331338 ], [ 148.3965088, -9.1329127 ], [ 148.3962175, -9.1326822 ], [ 148.3959126, -9.132441 ], [ 148.3954817, -9.1321765 ], [ 148.395136799999989, -9.1319719 ], [ 148.3945974, -9.1318421 ], [ 148.394213400000012, -9.1322787 ], [ 148.3937072, -9.1329066 ], [ 148.393207499999988, -9.1335071 ], [ 148.3928395, -9.1339882 ], [ 148.392579899999987, -9.1343182 ], [ 148.3921233, -9.1349801 ], [ 148.39167710000001, -9.1358392 ], [ 148.391555899999986, -9.1361759 ], [ 148.391314599999987, -9.1366214 ], [ 148.390980399999989, -9.1372152 ], [ 148.390481200000011, -9.1381063 ], [ 148.3901621, -9.1386396 ], [ 148.3897944, -9.139238 ], [ 148.389537499999989, -9.1395759 ], [ 148.3893864, -9.1397726 ], [ 148.3891059, -9.1400869 ], [ 148.388737600000013, -9.1405261 ], [ 148.3884333, -9.1408822 ], [ 148.388128200000011, -9.1408343 ], [ 148.3877103, -9.1405113 ], [ 148.3873189, -9.1401639 ], [ 148.387398600000012, -9.1397831 ], [ 148.3874252, -9.1393743 ], [ 148.3872725, -9.1391029 ], [ 148.38734, -9.139028 ], [ 148.3872561, -9.1390689 ], [ 148.3871643, -9.1390185 ], [ 148.386950399999989, -9.1387171 ], [ 148.386759500000011, -9.1383886 ], [ 148.3865935, -9.1380908 ], [ 148.386518, -9.1378809 ], [ 148.386376899999988, -9.1374457 ], [ 148.3862531, -9.1371246 ], [ 148.386119, -9.1367307 ], [ 148.3860517, -9.1365002 ], [ 148.3858672, -9.1360167 ], [ 148.38569720000001, -9.1355688 ], [ 148.3856217, -9.1353783 ], [ 148.3855206, -9.1351228 ], [ 148.3853742, -9.1346669 ], [ 148.38525820000001, -9.1342716 ], [ 148.3851454, -9.1340132 ], [ 148.3850296, -9.1337003 ], [ 148.3848973, -9.1333443 ], [ 148.384842099999986, -9.1331429 ], [ 148.3846357, -9.1328178 ], [ 148.3842644, -9.1326824 ], [ 148.3836895, -9.1325172 ], [ 148.383203, -9.1322368 ], [ 148.3828651, -9.1318337 ], [ 148.3825967, -9.1314177 ], [ 148.3825048, -9.1312043 ], [ 148.382382, -9.1308863 ], [ 148.3824387, -9.1306502 ], [ 148.3827107, -9.1305332 ], [ 148.383082300000012, -9.1303711 ], [ 148.383286199999986, -9.130355 ], [ 148.3834712, -9.1303716 ], [ 148.3836961, -9.130179 ], [ 148.383822900000013, -9.1299539 ], [ 148.3839955, -9.1297435 ], [ 148.3842591, -9.1295116 ], [ 148.384481, -9.1293444 ], [ 148.3846627, -9.1291826 ], [ 148.384828199999987, -9.1288432 ], [ 148.385100599999987, -9.1282607 ], [ 148.3850175, -9.1277277 ], [ 148.3849214, -9.1271954 ], [ 148.3849037, -9.1266044 ], [ 148.3848537, -9.1264208 ], [ 148.384925, -9.126305 ], [ 148.38500350000001, -9.1262349 ], [ 148.3851363, -9.1261552 ], [ 148.3852239, -9.1261042 ], [ 148.3854045, -9.1258224 ], [ 148.385410799999988, -9.1257164 ], [ 148.3854905, -9.1255184 ], [ 148.385537, -9.1254344 ], [ 148.385681, -9.1252695 ], [ 148.385888200000011, -9.1250555 ], [ 148.3862847, -9.1247627 ], [ 148.386473099999989, -9.1245443 ], [ 148.3866437, -9.1243676 ], [ 148.3868277, -9.1240889 ], [ 148.3869805, -9.1239017 ], [ 148.387248699999986, -9.1235289 ], [ 148.3872644, -9.1232019 ], [ 148.38711330000001, -9.1228289 ], [ 148.3869341, -9.1225405 ], [ 148.3868335, -9.122226 ], [ 148.3869694, -9.1219601 ], [ 148.3872486, -9.1214481 ], [ 148.387760899999989, -9.1209129 ], [ 148.388010900000012, -9.1206593 ], [ 148.388289500000013, -9.1200684 ], [ 148.3884936, -9.1193428 ], [ 148.3885448, -9.1190177 ], [ 148.388455099999987, -9.118432 ], [ 148.388572900000014, -9.1178183 ], [ 148.3884452, -9.1172951 ], [ 148.3880943, -9.1170232 ], [ 148.388038099999989, -9.1168016 ], [ 148.388255, -9.1164309 ], [ 148.3885286, -9.1159838 ], [ 148.388894099999987, -9.1154906 ], [ 148.388638899999989, -9.1150148 ], [ 148.3886555, -9.1147972 ], [ 148.3891932, -9.1147219 ], [ 148.3896498, -9.1145957 ], [ 148.390045500000014, -9.1143119 ], [ 148.390474, -9.1140856 ], [ 148.3908188, -9.1135739 ], [ 148.390988599999986, -9.1132404 ], [ 148.3913176, -9.1130244 ], [ 148.391761800000012, -9.1129238 ], [ 148.392238, -9.112461 ], [ 148.3922198, -9.1121135 ], [ 148.391671300000013, -9.111828 ], [ 148.391158, -9.1117379 ], [ 148.3907614, -9.1116651 ], [ 148.3903794, -9.1116658 ], [ 148.38988950000001, -9.1115326 ], [ 148.389300100000014, -9.1110971 ], [ 148.3889776, -9.1110327 ], [ 148.3885735, -9.1108199 ], [ 148.388421, -9.1105674 ], [ 148.3880781, -9.1100665 ], [ 148.387518199999988, -9.1096741 ], [ 148.3877072, -9.1091642 ], [ 148.3880356, -9.1085672 ], [ 148.388373699999988, -9.108127 ], [ 148.388071700000012, -9.107395 ], [ 148.3878992, -9.1067408 ], [ 148.3881021, -9.1059993 ], [ 148.3883208, -9.1055726 ], [ 148.388427799999988, -9.1054001 ], [ 148.3885659, -9.1051738 ], [ 148.3887322, -9.1048493 ], [ 148.38878, -9.1047617 ], [ 148.3887451, -9.1048465 ], [ 148.3888336, -9.1046173 ], [ 148.3888112, -9.1042156 ], [ 148.3887447, -9.103743 ], [ 148.388735200000013, -9.1034657 ], [ 148.3887288, -9.1033565 ], [ 148.3887035, -9.1032665 ], [ 148.3887119, -9.1031539 ], [ 148.3887115, -9.1030532 ], [ 148.3887035, -9.1028019 ], [ 148.3887039, -9.1024889 ], [ 148.3886142, -9.1021145 ], [ 148.388339699999989, -9.1015731 ], [ 148.3881677, -9.1010368 ], [ 148.387878199999989, -9.1005261 ], [ 148.387526400000013, -9.0999938 ], [ 148.3873873, -9.0995164 ], [ 148.3870198, -9.0992293 ], [ 148.3864407, -9.0991393 ], [ 148.385707599999989, -9.0989173 ], [ 148.385126899999989, -9.0986168 ], [ 148.384478, -9.0986451 ], [ 148.3839654, -9.098695 ], [ 148.383463, -9.0985446 ], [ 148.383094, -9.0979516 ], [ 148.382653299999987, -9.097628 ], [ 148.382252, -9.0974554 ], [ 148.3818421, -9.0972865 ], [ 148.3812542, -9.0970338 ], [ 148.3807828, -9.0971358 ], [ 148.380272100000013, -9.0970904 ], [ 148.3798026, -9.0967646 ], [ 148.379295899999988, -9.0961329 ], [ 148.3786088, -9.0955983 ], [ 148.378474, -9.0949562 ], [ 148.3783393, -9.094258 ], [ 148.3783923, -9.0938437 ], [ 148.378574500000013, -9.0933465 ], [ 148.3786747, -9.092889 ], [ 148.3785641, -9.0924333 ], [ 148.378006699999986, -9.0921856 ], [ 148.3777842, -9.0915683 ], [ 148.3775028, -9.0910722 ], [ 148.37730590000001, -9.0909505 ], [ 148.3772208, -9.0908777 ], [ 148.377136, -9.0906629 ], [ 148.377265, -9.0902841 ], [ 148.3776188, -9.0899044 ], [ 148.37811, -9.0897147 ], [ 148.378357200000011, -9.0893892 ], [ 148.3777581, -9.0891401 ], [ 148.377187600000013, -9.0889082 ], [ 148.376713, -9.0884938 ], [ 148.376190900000012, -9.0880477 ], [ 148.3756464, -9.0874826 ], [ 148.3752944, -9.0868108 ], [ 148.3748252, -9.0860558 ], [ 148.374878700000011, -9.085162 ], [ 148.3745279, -9.0845035 ], [ 148.374394700000011, -9.083957 ], [ 148.3742095, -9.0835375 ], [ 148.374367400000011, -9.0830605 ], [ 148.3743781, -9.0825376 ], [ 148.3743301, -9.0819882 ], [ 148.3743743, -9.0820778 ], [ 148.3743213, -9.0819964 ], [ 148.3742776, -9.08191 ], [ 148.3738205, -9.0813865 ], [ 148.3733767, -9.081147 ], [ 148.372791, -9.0809467 ], [ 148.3720537, -9.0805746 ], [ 148.371625, -9.0797773 ], [ 148.3711515, -9.0790271 ], [ 148.3709371, -9.0782885 ], [ 148.3705329, -9.0776674 ], [ 148.3699403, -9.077021 ], [ 148.369606, -9.0763264 ], [ 148.36932920000001, -9.0755617 ], [ 148.3692883, -9.074853 ], [ 148.369130899999988, -9.0743207 ], [ 148.3690865, -9.0738263 ], [ 148.369001700000013, -9.0735765 ], [ 148.3688712, -9.0730762 ], [ 148.3689167, -9.0726701 ], [ 148.368669899999986, -9.0723523 ], [ 148.3683857, -9.0721486 ], [ 148.368346300000013, -9.0720641 ], [ 148.36839470000001, -9.0721556 ], [ 148.3686317, -9.0723623 ], [ 148.3688688, -9.0725716 ], [ 148.3687899, -9.0726879 ], [ 148.3688429, -9.0725771 ], [ 148.3688018, -9.0724852 ], [ 148.368860500000011, -9.0725659 ], [ 148.3688955, -9.0727656 ], [ 148.3688694, -9.0730582 ], [ 148.3689598, -9.0734764 ], [ 148.3690626, -9.07376 ], [ 148.369114599999989, -9.0741078 ], [ 148.369159200000013, -9.0745656 ], [ 148.369304, -9.0750915 ], [ 148.3694118, -9.0758135 ], [ 148.3698204, -9.0765916 ], [ 148.370173, -9.0774319 ], [ 148.3708881, -9.0779066 ], [ 148.3709716, -9.0785434 ], [ 148.37131260000001, -9.0793138 ], [ 148.371720399999987, -9.0798738 ], [ 148.3720051, -9.0804782 ], [ 148.3726416, -9.0808756 ], [ 148.373358700000011, -9.081095 ], [ 148.3739229, -9.0814725 ], [ 148.374421899999987, -9.0821489 ], [ 148.3743681, -9.0828129 ], [ 148.3743648, -9.0833177 ], [ 148.374406099999987, -9.0838356 ], [ 148.3745351, -9.0843604 ], [ 148.374853699999989, -9.085026 ], [ 148.3748546, -9.085901 ], [ 148.3751015, -9.0864736 ], [ 148.375520599999987, -9.0872715 ], [ 148.3759227, -9.0879329 ], [ 148.3764923, -9.0882535 ], [ 148.3767647, -9.0885596 ], [ 148.3773419, -9.0889658 ], [ 148.377882, -9.0892215 ], [ 148.3782788, -9.089474 ], [ 148.3777255, -9.0897569 ], [ 148.3773113, -9.0901477 ], [ 148.377151700000013, -9.0906675 ], [ 148.3773672, -9.0910166 ], [ 148.3774698, -9.0911254 ], [ 148.3776782, -9.0912313 ], [ 148.3779192, -9.09152 ], [ 148.3779347, -9.0921328 ], [ 148.3785953, -9.0924639 ], [ 148.378605099999987, -9.093126 ], [ 148.37841370000001, -9.0937714 ], [ 148.3783434, -9.0945792 ], [ 148.3785294, -9.0954395 ], [ 148.37916340000001, -9.0960213 ], [ 148.3797389, -9.0966114 ], [ 148.380175400000013, -9.0970643 ], [ 148.38062690000001, -9.0971792 ], [ 148.3812479, -9.0970559 ], [ 148.3819704, -9.0973306 ], [ 148.382405799999987, -9.0974891 ], [ 148.3831037, -9.0979227 ], [ 148.3834099, -9.0984787 ], [ 148.384102, -9.0987035 ], [ 148.384799, -9.0986127 ], [ 148.385640099999989, -9.0988219 ], [ 148.3864654, -9.0991572 ], [ 148.387225300000011, -9.0993591 ], [ 148.3874789, -9.0997453 ], [ 148.3876861, -9.1003432 ], [ 148.388092699999987, -9.1008779 ], [ 148.3883578, -9.1016679 ], [ 148.3886786, -9.1023138 ], [ 148.3886832, -9.1027788 ], [ 148.3887001, -9.1032034 ], [ 148.388686400000012, -9.1033302 ], [ 148.388686, -9.1035636 ], [ 148.3886891, -9.1037784 ], [ 148.388692099999986, -9.1040884 ], [ 148.3887656, -9.1044314 ], [ 148.388740399999989, -9.1047012 ], [ 148.3886259, -9.1049621 ], [ 148.388397200000014, -9.1053979 ], [ 148.3882515, -9.1056632 ], [ 148.3880201, -9.1061677 ], [ 148.3879364, -9.1070479 ], [ 148.388368899999989, -9.1080013 ], [ 148.388, -9.1087007 ], [ 148.387713100000013, -9.1092526 ], [ 148.3875054, -9.1096477 ], [ 148.3876246, -9.1098593 ], [ 148.387956800000012, -9.110039 ], [ 148.387815499999988, -9.1099734 ], [ 148.3876477, -9.1098652 ], [ 148.3877563, -9.1099087 ], [ 148.3882934, -9.110343 ], [ 148.388483, -9.1107178 ], [ 148.3887173, -9.1109451 ], [ 148.389200100000011, -9.1110824 ], [ 148.3896383, -9.1113862 ], [ 148.3903646, -9.1116808 ], [ 148.3907848, -9.1116675 ], [ 148.3913091, -9.1117721 ], [ 148.3921259, -9.1120775 ], [ 148.3923129, -9.1125463 ], [ 148.392011599999989, -9.1128061 ], [ 148.3915815, -9.1129926 ], [ 148.391291099999989, -9.1130551 ], [ 148.391005799999988, -9.1133674 ], [ 148.3907199, -9.1138807 ], [ 148.3902799, -9.1142243 ], [ 148.3898237, -9.1145942 ], [ 148.389363800000012, -9.1147455 ], [ 148.388803700000011, -9.1147832 ], [ 148.3885616, -9.1149184 ], [ 148.38885830000001, -9.115144 ], [ 148.388895, -9.115588 ], [ 148.3885779, -9.1159601 ], [ 148.3882293, -9.1164582 ], [ 148.388064500000013, -9.1167979 ], [ 148.3881218, -9.1169987 ], [ 148.3884605, -9.1172038 ], [ 148.3885517, -9.1176847 ], [ 148.3885658, -9.1180748 ], [ 148.3884943, -9.1185894 ], [ 148.3885611, -9.1189612 ], [ 148.3885675, -9.1191164 ], [ 148.3885012, -9.1191802 ], [ 148.38844180000001, -9.1193721 ], [ 148.3883693, -9.1197984 ], [ 148.3881714, -9.1204372 ], [ 148.387760500000013, -9.1208512 ], [ 148.387475, -9.1211219 ], [ 148.387108899999987, -9.121667 ], [ 148.3869295, -9.1220005 ], [ 148.3868899, -9.1223114 ], [ 148.3870123, -9.122586 ], [ 148.387244900000013, -9.1228881 ], [ 148.387245400000012, -9.1232761 ], [ 148.3871767, -9.1235898 ], [ 148.3869028, -9.1238721 ], [ 148.3867646, -9.1241412 ], [ 148.386503299999987, -9.1244423 ], [ 148.3863522, -9.1246078 ], [ 148.3860382, -9.1249191 ], [ 148.3857585, -9.125141 ], [ 148.385585099999986, -9.1253103 ], [ 148.3855044, -9.1255223 ], [ 148.385402, -9.1257785 ], [ 148.38534580000001, -9.1259948 ], [ 148.385221800000011, -9.1261449 ], [ 148.3850362, -9.1262125 ], [ 148.38481010000001, -9.1263569 ], [ 148.3848731, -9.1267227 ], [ 148.384903400000013, -9.1272588 ], [ 148.3850792, -9.1278654 ], [ 148.3849385, -9.1285983 ], [ 148.3847111, -9.1290564 ], [ 148.3844889, -9.1293281 ], [ 148.3842338, -9.1295416 ], [ 148.3838155, -9.1299317 ], [ 148.3836648, -9.130179 ], [ 148.3834908, -9.1303534 ], [ 148.3833007, -9.1303556 ], [ 148.3830275, -9.130397 ], [ 148.3826448, -9.1305744 ], [ 148.382371799999987, -9.1308626 ], [ 148.3825095, -9.1312142 ], [ 148.3825764, -9.1314239 ], [ 148.3827719, -9.1317312 ], [ 148.38300430000001, -9.1320356 ], [ 148.3835499, -9.1324949 ], [ 148.3839998, -9.1326302 ], [ 148.3844415, -9.1327482 ], [ 148.3847357, -9.1329173 ], [ 148.384891399999987, -9.1331916 ], [ 148.3848999, -9.1332994 ], [ 148.384993400000013, -9.1336943 ], [ 148.385127399999988, -9.1340575 ], [ 148.385277800000011, -9.1344493 ], [ 148.3855002, -9.1351147 ], [ 148.3855921, -9.135344 ], [ 148.3856874, -9.1355495 ], [ 148.3858648, -9.1359567 ], [ 148.3860599, -9.1365032 ], [ 148.3861269, -9.1367133 ], [ 148.386251, -9.1370947 ], [ 148.3863711, -9.1373739 ], [ 148.3865821, -9.1379715 ], [ 148.386750299999989, -9.1383994 ], [ 148.38694910000001, -9.1387622 ], [ 148.387192199999987, -9.1390855 ], [ 148.387292300000013, -9.1390455 ], [ 148.3874169, -9.1389885 ], [ 148.387441599999988, -9.1388704 ], [ 148.3874759, -9.1387834 ], [ 148.3873816, -9.1388484 ], [ 148.387476, -9.1388422 ], [ 148.387443600000012, -9.1389393 ], [ 148.387296, -9.1390328 ], [ 148.387388, -9.1393123 ], [ 148.387416800000011, -9.139758 ], [ 148.3872552, -9.1401745 ], [ 148.3875703, -9.1404956 ], [ 148.3876541, -9.1405486 ], [ 148.3879969, -9.1408172 ], [ 148.3883018, -9.1409576 ], [ 148.3885635, -9.1407507 ], [ 148.3887382, -9.1404911 ], [ 148.3889419, -9.1402505 ], [ 148.3890068, -9.1401808 ], [ 148.3892529, -9.1399326 ], [ 148.3894211, -9.1397328 ], [ 148.389578, -9.1395213 ], [ 148.389755900000011, -9.1392537 ], [ 148.390078499999987, -9.1387183 ], [ 148.3902674, -9.1384091 ], [ 148.3907466, -9.1375982 ], [ 148.3911259, -9.1369691 ], [ 148.3913648, -9.1365905 ], [ 148.3915949, -9.1361543 ], [ 148.3918037, -9.1356046 ], [ 148.3923891, -9.1346097 ], [ 148.3928261, -9.1340445 ], [ 148.3933088, -9.1334161 ], [ 148.39365380000001, -9.1329357 ], [ 148.393961600000011, -9.132571 ], [ 148.3941476, -9.1323671 ], [ 148.394348, -9.1321445 ], [ 148.3946584, -9.1318045 ], [ 148.3952942, -9.1320152 ], [ 148.395611, -9.1322529 ], [ 148.3961387, -9.1326449 ], [ 148.3964455, -9.1328779 ], [ 148.3967002, -9.1330903 ], [ 148.3968797, -9.1332496 ], [ 148.3971094, -9.1333862 ], [ 148.397384100000011, -9.133575 ], [ 148.3977016, -9.133716 ], [ 148.3982593, -9.1337882 ], [ 148.3985286, -9.1335338 ], [ 148.3987089, -9.1332521 ], [ 148.399119500000012, -9.1328517 ], [ 148.3995313, -9.1328856 ], [ 148.3995554, -9.1332421 ], [ 148.3997181, -9.133588 ], [ 148.4002135, -9.1338219 ], [ 148.4008939, -9.1337429 ], [ 148.40137150000001, -9.1337065 ], [ 148.4017979, -9.1336891 ], [ 148.402394500000014, -9.1336122 ], [ 148.4030768, -9.133411 ], [ 148.4032995, -9.1331525 ], [ 148.40336, -9.1330816 ], [ 148.403394100000014, -9.132959 ], [ 148.403764700000011, -9.1322934 ], [ 148.40418360000001, -9.1318417 ], [ 148.404623500000014, -9.1315297 ], [ 148.4049804, -9.1311767 ], [ 148.4052197, -9.1309708 ], [ 148.405674, -9.1307041 ], [ 148.405943900000011, -9.1305876 ], [ 148.4062194, -9.1305078 ], [ 148.4066156, -9.1303919 ], [ 148.406996099999986, -9.1303212 ], [ 148.40750220000001, -9.1302666 ], [ 148.4083678, -9.1301822 ], [ 148.4090742, -9.1301046 ], [ 148.409710499999989, -9.1300673 ], [ 148.4103342, -9.1300137 ], [ 148.4110767, -9.1299114 ], [ 148.4117388, -9.129816 ], [ 148.412569, -9.1297482 ], [ 148.413354, -9.1298776 ], [ 148.413801400000011, -9.1300759 ], [ 148.4146203, -9.1298989 ], [ 148.4149218, -9.1297084 ], [ 148.415018300000014, -9.129691 ], [ 148.415224599999988, -9.1296026 ], [ 148.4156194, -9.1295111 ], [ 148.4160233, -9.1294847 ], [ 148.4165845, -9.129397 ], [ 148.416904100000011, -9.1294121 ], [ 148.4171729, -9.1294359 ], [ 148.41739, -9.1294696 ], [ 148.417606799999987, -9.1295463 ], [ 148.4178624, -9.1295991 ], [ 148.4182118, -9.1297257 ], [ 148.4186963, -9.1297283 ], [ 148.4191309, -9.1298425 ], [ 148.419519, -9.1300678 ], [ 148.4198261, -9.1302596 ], [ 148.4202572, -9.1306502 ], [ 148.4207394, -9.1308785 ], [ 148.4211942, -9.1306638 ], [ 148.4217386, -9.1304511 ], [ 148.4221518, -9.1303001 ], [ 148.4225499, -9.1301033 ], [ 148.4228362, -9.1300316 ], [ 148.423176, -9.130004 ], [ 148.4234583, -9.1300469 ], [ 148.424004, -9.130325 ], [ 148.424666699999989, -9.1306707 ], [ 148.424963600000012, -9.1308384 ], [ 148.4253438, -9.1310607 ], [ 148.4258849, -9.1312955 ], [ 148.4262934, -9.1314054 ], [ 148.4270492, -9.1312133 ], [ 148.427786200000014, -9.1311416 ], [ 148.4282304, -9.1311485 ], [ 148.4284999, -9.1310313 ], [ 148.428703899999988, -9.1309526 ], [ 148.42916360000001, -9.1309752 ], [ 148.4298346, -9.1307701 ], [ 148.4300577, -9.1307152 ], [ 148.430304, -9.130654 ], [ 148.430640399999987, -9.1305751 ], [ 148.4310908, -9.130438 ], [ 148.4314175, -9.1303605 ], [ 148.4317354, -9.1302662 ], [ 148.4323229, -9.1302364 ], [ 148.4332207, -9.1300413 ], [ 148.4336908, -9.1300706 ], [ 148.4337397, -9.1301555 ], [ 148.433874800000012, -9.130176 ], [ 148.43407830000001, -9.1302412 ], [ 148.4343505, -9.1303329 ], [ 148.4345635, -9.130374 ], [ 148.4349834, -9.1304196 ], [ 148.435545, -9.13059 ], [ 148.436173599999989, -9.1304427 ], [ 148.4370553, -9.1300186 ], [ 148.43802980000001, -9.1299341 ], [ 148.438826400000011, -9.1300544 ], [ 148.43948850000001, -9.1301991 ], [ 148.4400014, -9.1303119 ], [ 148.4402203, -9.1303303 ], [ 148.4403259, -9.1303385 ], [ 148.4406512, -9.1303768 ], [ 148.44111620000001, -9.1304218 ], [ 148.441652, -9.1304657 ], [ 148.4421988, -9.130518 ], [ 148.442689300000012, -9.1305074 ], [ 148.4430936, -9.1305082 ], [ 148.4434839, -9.1305018 ], [ 148.4440344, -9.1304266 ], [ 148.444407399999989, -9.1302986 ], [ 148.4449052, -9.1300673 ], [ 148.445317499999987, -9.129921 ], [ 148.445585099999988, -9.1297476 ], [ 148.445805, -9.1295546 ], [ 148.44601320000001, -9.129389 ], [ 148.446188799999987, -9.1292653 ], [ 148.446313800000013, -9.1292929 ], [ 148.4462253, -9.1292627 ], [ 148.4462912, -9.1291952 ], [ 148.4464093, -9.1289993 ], [ 148.44652450000001, -9.1287464 ], [ 148.4466483, -9.1285762 ], [ 148.4466955, -9.1284985 ], [ 148.4466941, -9.1284076 ], [ 148.4466516, -9.128245 ], [ 148.4466665, -9.1281161 ], [ 148.446717400000011, -9.128027 ], [ 148.4468331, -9.1278928 ], [ 148.4468757, -9.1277208 ], [ 148.4468488, -9.1276224 ], [ 148.4469374, -9.1275135 ], [ 148.4471208, -9.1274636 ], [ 148.4472297, -9.1272494 ], [ 148.447235, -9.1270311 ], [ 148.44724690000001, -9.1267559 ], [ 148.447483, -9.1264548 ], [ 148.4476655, -9.1261777 ], [ 148.44772420000001, -9.1258875 ], [ 148.4477498, -9.1255338 ], [ 148.447957, -9.1251658 ], [ 148.4483128, -9.1247406 ], [ 148.448674, -9.1243225 ], [ 148.4489571, -9.1240382 ], [ 148.4492414, -9.1238454 ], [ 148.449714300000011, -9.1237047 ], [ 148.450158499999986, -9.1236345 ], [ 148.450573100000014, -9.1236076 ], [ 148.4510823, -9.1236726 ], [ 148.4514355, -9.1238212 ], [ 148.4517573, -9.1239563 ], [ 148.4519527, -9.1240316 ], [ 148.4524552, -9.1239636 ], [ 148.4530634, -9.1239972 ], [ 148.453413399999988, -9.1237436 ], [ 148.4539301, -9.1234373 ], [ 148.454258900000013, -9.123037 ], [ 148.4543056, -9.1224919 ], [ 148.4544295, -9.1218016 ], [ 148.454538899999989, -9.121308 ], [ 148.454563400000012, -9.1208553 ], [ 148.4546638, -9.1203584 ], [ 148.4547211, -9.1201203 ], [ 148.454813699999988, -9.1199469 ], [ 148.4549048, -9.119655 ], [ 148.4551631, -9.1191001 ], [ 148.4554298, -9.1187529 ], [ 148.4557713, -9.1185073 ], [ 148.4560952, -9.1182888 ], [ 148.4565215, -9.1181378 ], [ 148.4569363, -9.1179925 ], [ 148.4571417, -9.1178794 ], [ 148.457282099999986, -9.1178301 ], [ 148.4573747, -9.117798 ], [ 148.4576293, -9.1178295 ], [ 148.4579363, -9.1177933 ], [ 148.4583936, -9.1176401 ], [ 148.4586051, -9.1175082 ], [ 148.4588175, -9.1172218 ], [ 148.459227700000014, -9.1166061 ], [ 148.4599198, -9.1162404 ], [ 148.460329800000011, -9.1164079 ], [ 148.4605755, -9.1163838 ], [ 148.4608613, -9.1162915 ], [ 148.461521800000014, -9.1162749 ], [ 148.462386900000013, -9.1162572 ], [ 148.4631813, -9.1164842 ], [ 148.463552600000014, -9.1166781 ], [ 148.4639152, -9.1166642 ], [ 148.4641638, -9.1165844 ], [ 148.464413400000012, -9.1163205 ], [ 148.4647182, -9.1162114 ], [ 148.4650087, -9.1161221 ], [ 148.4651184, -9.1160807 ], [ 148.4652099, -9.1160595 ], [ 148.465534100000013, -9.1158863 ], [ 148.4658839, -9.115642 ], [ 148.4663223, -9.1155333 ], [ 148.4666216, -9.1155811 ], [ 148.4669446, -9.1156267 ], [ 148.4672806, -9.1155643 ], [ 148.467647699999986, -9.115467 ], [ 148.4680256, -9.115299 ], [ 148.4684198, -9.1151199 ], [ 148.468942700000014, -9.1149022 ], [ 148.469433900000013, -9.1145278 ], [ 148.46982460000001, -9.114206 ], [ 148.4701752, -9.1139804 ], [ 148.4705257, -9.1137824 ], [ 148.4706367, -9.1136551 ], [ 148.4708316, -9.1132839 ], [ 148.4712265, -9.1130515 ], [ 148.471758599999987, -9.112999 ], [ 148.472082300000011, -9.1129743 ], [ 148.4725545, -9.1128409 ], [ 148.4729233, -9.1132603 ], [ 148.4728409, -9.1138057 ], [ 148.473021499999987, -9.1141154 ], [ 148.473216400000013, -9.1143955 ], [ 148.4734057, -9.1144614 ], [ 148.4737576, -9.1144066 ], [ 148.4741462, -9.114147 ], [ 148.474812, -9.1140004 ], [ 148.4753035, -9.1144055 ], [ 148.4754762, -9.1149198 ], [ 148.4755989, -9.1152001 ], [ 148.476009, -9.1155172 ], [ 148.4763151, -9.1155465 ], [ 148.4763841, -9.1154515 ], [ 148.476486200000011, -9.1152447 ], [ 148.4767018, -9.1150829 ], [ 148.4769777, -9.1150723 ], [ 148.4768508, -9.1146626 ], [ 148.4765097, -9.1140207 ], [ 148.4771552, -9.1136483 ], [ 148.47748150000001, -9.1135206 ], [ 148.478011, -9.1132976 ], [ 148.4786719, -9.1133421 ], [ 148.479428500000012, -9.1134144 ], [ 148.4800913, -9.1132133 ], [ 148.4803968, -9.1130152 ], [ 148.4804566, -9.1125736 ], [ 148.4810173, -9.1121983 ], [ 148.4814452, -9.1122336 ], [ 148.4816657, -9.1123042 ], [ 148.4820013, -9.1124582 ], [ 148.4824926, -9.1121783 ], [ 148.4831807, -9.1116589 ], [ 148.4836492, -9.1111335 ], [ 148.483766800000012, -9.1108014 ], [ 148.483699300000012, -9.1107014 ], [ 148.4835933, -9.1105372 ], [ 148.48366870000001, -9.1100594 ], [ 148.484124400000013, -9.1096426 ], [ 148.484466200000014, -9.1092865 ], [ 148.4849877, -9.1087879 ], [ 148.4854164, -9.108414 ], [ 148.4858659, -9.1084002 ], [ 148.4859787, -9.1085644 ], [ 148.4861838, -9.1085256 ], [ 148.4866324, -9.108357 ], [ 148.4870554, -9.108535 ], [ 148.487604800000014, -9.1090282 ], [ 148.4880009, -9.1096786 ], [ 148.4883158, -9.1103496 ], [ 148.488583799999986, -9.1097208 ], [ 148.4889217, -9.1091035 ], [ 148.4891544, -9.1086601 ], [ 148.4891379, -9.1079288 ], [ 148.4893352, -9.1071486 ], [ 148.4888732, -9.1064754 ], [ 148.488744700000012, -9.1056913 ], [ 148.489145, -9.105103 ], [ 148.489258, -9.1048738 ], [ 148.4895606, -9.105435 ], [ 148.4901806, -9.105581 ], [ 148.4906441, -9.1053067 ], [ 148.4912951, -9.1052561 ], [ 148.491667799999988, -9.1053866 ], [ 148.4915828, -9.1057874 ], [ 148.4919243, -9.1060343 ], [ 148.4920496, -9.1060153 ], [ 148.4924672, -9.105996 ], [ 148.493157700000012, -9.1059218 ], [ 148.493506, -9.1051661 ], [ 148.4939357, -9.1047511 ], [ 148.4942998, -9.1047297 ], [ 148.4944855, -9.1046878 ], [ 148.494857599999989, -9.1043076 ], [ 148.4953419, -9.1035992 ], [ 148.4954036, -9.1034944 ], [ 148.495415400000013, -9.1033998 ], [ 148.495547, -9.1030076 ], [ 148.495629900000012, -9.1024569 ], [ 148.4959325, -9.1019739 ], [ 148.4963938, -9.1013656 ], [ 148.496875499999987, -9.1011637 ], [ 148.497185699999989, -9.1009548 ], [ 148.4975293, -9.1006438 ], [ 148.497925, -9.1002802 ], [ 148.498346700000013, -9.099693 ], [ 148.4987257, -9.0993533 ], [ 148.498918, -9.0990207 ], [ 148.49920560000001, -9.0989036 ], [ 148.4995509, -9.0987472 ], [ 148.4998737, -9.0990444 ], [ 148.499995500000011, -9.0993497 ], [ 148.5003691, -9.099143 ], [ 148.500625, -9.098573 ], [ 148.501295699999986, -9.0981638 ], [ 148.5017617, -9.0981639 ], [ 148.5022952, -9.0981915 ], [ 148.5024955, -9.0978162 ], [ 148.50238, -9.0975661 ], [ 148.5021537, -9.0971947 ], [ 148.5023905, -9.0966579 ], [ 148.502778, -9.0962427 ], [ 148.5034751, -9.0960671 ], [ 148.504187300000012, -9.0960076 ], [ 148.5048137, -9.0956179 ], [ 148.5054903, -9.0951864 ], [ 148.5059904, -9.0948566 ], [ 148.5063204, -9.094751 ], [ 148.5065769, -9.0950037 ], [ 148.5069495, -9.0950207 ], [ 148.507126199999988, -9.0949406 ], [ 148.507337299999989, -9.094936 ], [ 148.5075554, -9.0949113 ], [ 148.5076498, -9.0948983 ], [ 148.5078547, -9.0948794 ], [ 148.5081745, -9.094823 ], [ 148.5083582, -9.0945038 ], [ 148.50868650000001, -9.0942828 ], [ 148.509048299999989, -9.0943742 ], [ 148.5093348, -9.0945435 ], [ 148.5094818, -9.094557 ], [ 148.509838, -9.0942775 ], [ 148.510302200000012, -9.0939331 ], [ 148.510648, -9.0937217 ], [ 148.5112796, -9.0936382 ], [ 148.5117804, -9.0931886 ], [ 148.512148200000013, -9.0927846 ], [ 148.512564200000014, -9.0923477 ], [ 148.51282, -9.0920469 ], [ 148.513143, -9.0917404 ], [ 148.513922900000011, -9.0911991 ], [ 148.514686899999987, -9.0908189 ], [ 148.51533520000001, -9.0902394 ], [ 148.5160191, -9.0897379 ], [ 148.517008800000013, -9.0896137 ], [ 148.5178364, -9.0895295 ], [ 148.518504400000012, -9.089455 ], [ 148.5190842, -9.089294 ], [ 148.5192959, -9.08918 ], [ 148.5198101, -9.0889372 ], [ 148.520149, -9.0886809 ], [ 148.5205277, -9.0884969 ], [ 148.521109700000011, -9.0882171 ], [ 148.5214943, -9.0881856 ], [ 148.5220931, -9.0881879 ], [ 148.5228634, -9.0884651 ], [ 148.5238057, -9.0885845 ], [ 148.5244941, -9.0883026 ], [ 148.5251388, -9.0876089 ], [ 148.5257703, -9.0869237 ], [ 148.5263134, -9.0862477 ], [ 148.526868799999988, -9.0856826 ], [ 148.5272325, -9.085279 ], [ 148.5278523, -9.0849772 ], [ 148.52832, -9.0847316 ], [ 148.5290043, -9.0844748 ], [ 148.5292628, -9.0843757 ], [ 148.529526299999986, -9.0842854 ], [ 148.530236800000011, -9.0840382 ], [ 148.530787800000013, -9.0838518 ], [ 148.5310576, -9.0836586 ], [ 148.531245899999988, -9.0833994 ], [ 148.53135420000001, -9.0832321 ], [ 148.5314402, -9.0831121 ], [ 148.531545599999987, -9.0829735 ], [ 148.531748099999987, -9.082681 ], [ 148.5318655, -9.0824193 ], [ 148.532106199999987, -9.0820504 ], [ 148.5321975, -9.0819078 ], [ 148.532466199999988, -9.0815616 ], [ 148.5327723, -9.0813275 ], [ 148.533218, -9.0813281 ], [ 148.5334886, -9.0813653 ], [ 148.534089, -9.0813656 ], [ 148.534839799999986, -9.0811585 ], [ 148.535294599999986, -9.0810595 ], [ 148.536228599999987, -9.0806598 ], [ 148.5369234, -9.0803406 ], [ 148.5378766, -9.079842 ], [ 148.5386498, -9.0793328 ], [ 148.5396503, -9.0789787 ], [ 148.54052630000001, -9.0787261 ], [ 148.541202700000014, -9.0781558 ], [ 148.541820699999988, -9.0774465 ], [ 148.542507, -9.076785 ], [ 148.5434347, -9.0763421 ], [ 148.5444216, -9.0761591 ], [ 148.5450405, -9.0756533 ], [ 148.5451266, -9.0754635 ], [ 148.5451467, -9.0748938 ], [ 148.5453853, -9.0743631 ], [ 148.545915, -9.073871 ], [ 148.5462367, -9.0736073 ], [ 148.546761299999986, -9.0732899 ], [ 148.5474324, -9.07327 ], [ 148.5481352, -9.073107 ], [ 148.5489519, -9.0726846 ], [ 148.5495334, -9.0726394 ], [ 148.5499541, -9.0733039 ], [ 148.5501856, -9.0738347 ], [ 148.55022790000001, -9.0739782 ], [ 148.5503003, -9.0742617 ], [ 148.5504104, -9.0747241 ], [ 148.5504546, -9.0752825 ], [ 148.5503214, -9.0756841 ], [ 148.550299200000012, -9.0761369 ], [ 148.5509157, -9.0767009 ], [ 148.551524, -9.077003 ], [ 148.551870799999989, -9.0772395 ], [ 148.5521244, -9.0774974 ], [ 148.5523062, -9.07768 ], [ 148.5525326, -9.0779504 ], [ 148.5527458, -9.078207 ], [ 148.5528792, -9.0783767 ], [ 148.5531868, -9.0787101 ], [ 148.553338, -9.0789484 ], [ 148.5534839, -9.0790982 ], [ 148.553712100000013, -9.0794122 ], [ 148.553849500000013, -9.0796985 ], [ 148.5540595, -9.0801143 ], [ 148.554255500000011, -9.0805842 ], [ 148.5542391, -9.0811127 ], [ 148.553895899999986, -9.0816873 ], [ 148.5534936, -9.0822809 ], [ 148.5533179, -9.0825315 ], [ 148.553158200000013, -9.0827478 ], [ 148.553015, -9.0829738 ], [ 148.5527521, -9.0832753 ], [ 148.5525553, -9.0835624 ], [ 148.5523676, -9.0838401 ], [ 148.552075699999989, -9.0842788 ], [ 148.5518246, -9.0846398 ], [ 148.5516074, -9.0849847 ], [ 148.5514326, -9.0851922 ], [ 148.5511606, -9.0855716 ], [ 148.5510285, -9.0857544 ], [ 148.550846299999989, -9.0860261 ], [ 148.5508015, -9.0862472 ], [ 148.5506935, -9.0864343 ], [ 148.550522, -9.0866421 ], [ 148.5503993, -9.0868899 ], [ 148.550205799999986, -9.0873686 ], [ 148.5500389, -9.0877877 ], [ 148.549697900000012, -9.0884635 ], [ 148.549714, -9.0890716 ], [ 148.549822799999987, -9.0893188 ], [ 148.54996, -9.0897554 ], [ 148.5499572, -9.0902992 ], [ 148.550035, -9.0905712 ], [ 148.5501174, -9.0908932 ], [ 148.550143, -9.091269 ], [ 148.55004120000001, -9.0918837 ], [ 148.550209599999988, -9.0924314 ], [ 148.5504171, -9.092979 ], [ 148.5503449, -9.0932791 ], [ 148.5504827, -9.0938222 ], [ 148.5505104, -9.0945418 ], [ 148.550547099999989, -9.0950115 ], [ 148.550635, -9.0953573 ], [ 148.550738200000012, -9.0956825 ], [ 148.550771700000013, -9.0957767 ], [ 148.5508156, -9.095864 ], [ 148.5509314, -9.0961909 ], [ 148.5510533, -9.096548 ], [ 148.551230299999986, -9.0970449 ], [ 148.551283, -9.0972129 ], [ 148.551358599999986, -9.0973995 ], [ 148.5515222, -9.0977378 ], [ 148.5517141, -9.0980563 ], [ 148.5518755, -9.0984217 ], [ 148.5520105, -9.0987348 ], [ 148.5520545, -9.0990179 ], [ 148.552012499999989, -9.0994693 ], [ 148.5519366, -9.0998608 ], [ 148.5518509, -9.100266 ], [ 148.5517647, -9.1007141 ], [ 148.551718599999987, -9.1012049 ], [ 148.551787100000013, -9.101551 ], [ 148.551889499999987, -9.1017223 ], [ 148.5522468, -9.1020262 ], [ 148.552507, -9.1024174 ], [ 148.552655, -9.102928 ], [ 148.5529218, -9.1034211 ], [ 148.5531609, -9.1037221 ], [ 148.553251499999988, -9.1040967 ], [ 148.5531962, -9.1044502 ], [ 148.5530575, -9.1050037 ], [ 148.5529498, -9.1055918 ], [ 148.5528998, -9.105873 ], [ 148.5528645, -9.106372 ], [ 148.552879499999989, -9.1070944 ], [ 148.553087799999986, -9.1075371 ], [ 148.553215, -9.1077822 ], [ 148.553226599999988, -9.108208 ], [ 148.553377399999988, -9.1087425 ], [ 148.5536989, -9.1091097 ], [ 148.554093, -9.1093871 ], [ 148.5546033, -9.1097156 ], [ 148.5548474, -9.1101744 ], [ 148.554845300000011, -9.1107304 ], [ 148.5548796, -9.1110579 ], [ 148.5549457, -9.1115284 ], [ 148.5552327, -9.112125 ], [ 148.5556932, -9.1125571 ], [ 148.5560697, -9.1129125 ], [ 148.55633610000001, -9.1132248 ], [ 148.5567786, -9.1134519 ], [ 148.557098200000013, -9.1136765 ], [ 148.5573292, -9.1138624 ], [ 148.557583099999988, -9.1140483 ], [ 148.5577944, -9.1142952 ], [ 148.5579035, -9.114562 ], [ 148.5580117, -9.1146729 ], [ 148.558087199999989, -9.1146151 ], [ 148.5581512, -9.1144878 ], [ 148.55809, -9.1143639 ], [ 148.558183, -9.1143476 ], [ 148.5580551, -9.1143655 ], [ 148.558132300000011, -9.1143121 ] ] ] } },
{ "type": "Feature", "properties": { "name": "Itokama to Afore Road (seg 1)", "mode": "Motor road", "mode_evidence": "GPS speed: median 12.2 km/h, 52% of moving time >12 km/h", "speed_kmh_median": 12.25, "speed_frac_over_12": 0.516, "gradient_p85_pct": 14.1, "source_file": "Roads_Popondetta_to_Afore.gpx", "format": "gpx", "length_km": 46.93, "source": "project GPS recording, Roads_Popondetta_to_Afore.gpx", "surface": "unknown", "tracktype": "unknown" }, "geometry": { "type": "MultiLineString", "coordinates": [ [ [ 148.2649324, -9.2002798 ], [ 148.264923, -9.2001858 ], [ 148.2649152, -9.2000865 ], [ 148.2648618, -9.2000053 ], [ 148.2648087, -9.1999072 ], [ 148.264759700000013, -9.1998234 ], [ 148.2646466, -9.1997922 ], [ 148.2645372, -9.1997754 ], [ 148.264428400000014, -9.1997655 ], [ 148.2643133, -9.1997623 ], [ 148.2641753, -9.1997542 ], [ 148.2640594, -9.1997639 ], [ 148.2639314, -9.1997637 ], [ 148.263819399999988, -9.1997249 ], [ 148.263696, -9.1997146 ], [ 148.2636205, -9.1998006 ], [ 148.263526399999989, -9.1998905 ], [ 148.2634414, -9.1999705 ], [ 148.263335500000011, -9.2000577 ], [ 148.2632307, -9.2001231 ], [ 148.263136, -9.200182 ], [ 148.2630284, -9.2002501 ], [ 148.2629292, -9.2003087 ], [ 148.2628377, -9.200375 ], [ 148.262756200000013, -9.2004405 ], [ 148.2626625, -9.2004976 ], [ 148.262562300000013, -9.2005593 ], [ 148.262476099999986, -9.2006469 ], [ 148.2623884, -9.2007367 ], [ 148.262294, -9.200795 ], [ 148.2621967, -9.2008728 ], [ 148.262092599999988, -9.2009275 ], [ 148.262012199999987, -9.2010012 ], [ 148.2618996, -9.201076 ], [ 148.2618302, -9.2011388 ], [ 148.261779100000012, -9.2012255 ], [ 148.2616957, -9.2012909 ], [ 148.261613, -9.2014021 ], [ 148.2615285, -9.201486 ], [ 148.2614968, -9.2016021 ], [ 148.2614208, -9.2016923 ], [ 148.2613773, -9.2018062 ], [ 148.2613307, -9.2019057 ], [ 148.2612794, -9.2020039 ], [ 148.2612162, -9.2020912 ], [ 148.2611918, -9.202211 ], [ 148.261130900000012, -9.2022926 ], [ 148.2610832, -9.202396 ], [ 148.26103950000001, -9.2025013 ], [ 148.261, -9.2026311 ], [ 148.2609409, -9.2027013 ], [ 148.2608461, -9.2028204 ], [ 148.260780899999986, -9.2029295 ], [ 148.2607159, -9.2030207 ], [ 148.2606131, -9.2031081 ], [ 148.2605089, -9.2031836 ], [ 148.2604014, -9.2032813 ], [ 148.260317, -9.2033593 ], [ 148.2602647, -9.2034483 ], [ 148.2601867, -9.2035181 ], [ 148.2601076, -9.2036053 ], [ 148.2600107, -9.203687 ], [ 148.2599215, -9.2037415 ], [ 148.2598065, -9.2038054 ], [ 148.2597341, -9.2038719 ], [ 148.2598175, -9.2038311 ], [ 148.2598882, -9.2037585 ], [ 148.2599619, -9.2036858 ], [ 148.2600311, -9.2036258 ], [ 148.2601172, -9.2035378 ], [ 148.260222199999987, -9.2034577 ], [ 148.2603297, -9.2033542 ], [ 148.26041330000001, -9.2032669 ], [ 148.2605001, -9.2031812 ], [ 148.260586499999988, -9.2031046 ], [ 148.2606955, -9.2030138 ], [ 148.260766600000011, -9.2029185 ], [ 148.2608248, -9.2028216 ], [ 148.2608966, -9.2027419 ], [ 148.2609608, -9.2026134 ], [ 148.2610087, -9.2024875 ], [ 148.261095399999988, -9.202389 ], [ 148.2611666, -9.2022996 ], [ 148.261185399999988, -9.2021933 ], [ 148.2612557, -9.2020822 ], [ 148.2613318, -9.2019385 ], [ 148.2613887, -9.2018332 ], [ 148.2614347, -9.2017311 ], [ 148.2614858, -9.2016313 ], [ 148.26154360000001, -9.2015226 ], [ 148.2616347, -9.2013976 ], [ 148.2617167, -9.2013088 ], [ 148.2617964, -9.2011977 ], [ 148.261873900000012, -9.2011106 ], [ 148.2619879, -9.2010222 ], [ 148.2620803, -9.2009425 ], [ 148.2621753, -9.2008718 ], [ 148.2622812, -9.2008059 ], [ 148.262383699999987, -9.2007354 ], [ 148.2624677, -9.2006811 ], [ 148.2625646, -9.2006753 ], [ 148.2625759, -9.200584 ], [ 148.2626521, -9.2005142 ], [ 148.2627678, -9.2004444 ], [ 148.2628742, -9.2003755 ], [ 148.262987900000013, -9.2003079 ], [ 148.2630919, -9.2002266 ], [ 148.2631716, -9.2001626 ], [ 148.263297, -9.2000988 ], [ 148.2633879, -9.2000266 ], [ 148.263488, -9.1999432 ], [ 148.2635699, -9.1998622 ], [ 148.263634200000013, -9.1997572 ], [ 148.2637372, -9.1997116 ], [ 148.2638762, -9.1997343 ], [ 148.263985600000012, -9.1997478 ], [ 148.264100899999988, -9.1997497 ], [ 148.2641955, -9.1997562 ], [ 148.264334100000013, -9.1997583 ], [ 148.2644817, -9.1997626 ], [ 148.264627, -9.1997726 ], [ 148.2647598, -9.1998083 ], [ 148.2648297, -9.1998883 ], [ 148.264877500000011, -9.2000191 ], [ 148.264937800000013, -9.2001254 ], [ 148.264952599999987, -9.2002354 ], [ 148.2649891, -9.2003463 ], [ 148.265102, -9.2004032 ], [ 148.265222, -9.2004316 ], [ 148.2653432, -9.2004625 ], [ 148.2653989, -9.2005431 ], [ 148.2654646, -9.2006539 ], [ 148.265574, -9.2006828 ], [ 148.2656986, -9.2007157 ], [ 148.265803299999988, -9.2007315 ], [ 148.2659065, -9.2007146 ], [ 148.265809499999989, -9.2007198 ], [ 148.2658068, -9.2004679 ], [ 148.265834, -9.2002109 ], [ 148.2658554, -9.2000089 ], [ 148.265864599999986, -9.1997055 ], [ 148.265877100000012, -9.1993881 ], [ 148.2658915, -9.1991395 ], [ 148.265885200000014, -9.1989446 ], [ 148.2658672, -9.1987727 ], [ 148.265820100000013, -9.1985929 ], [ 148.265818, -9.1985001 ], [ 148.2656845, -9.1983478 ], [ 148.265305899999987, -9.1983387 ], [ 148.264906, -9.1983642 ], [ 148.2645473, -9.1982323 ], [ 148.264631900000012, -9.1982902 ], [ 148.264625599999988, -9.1981989 ], [ 148.264543800000013, -9.1981378 ], [ 148.2644685, -9.1980721 ], [ 148.2642976, -9.1978557 ], [ 148.2642595, -9.1976635 ], [ 148.2643204, -9.1975323 ], [ 148.264476699999989, -9.1973567 ], [ 148.2646267, -9.1971833 ], [ 148.2648183, -9.1969167 ], [ 148.264998, -9.1966518 ], [ 148.2652041, -9.1963421 ], [ 148.2654466, -9.1959664 ], [ 148.265628600000014, -9.1956611 ], [ 148.265801900000014, -9.1954163 ], [ 148.2659477, -9.1952614 ], [ 148.2660995, -9.195094 ], [ 148.266336700000011, -9.1947507 ], [ 148.2665383, -9.1943737 ], [ 148.266728300000011, -9.1940251 ], [ 148.2668827, -9.1936607 ], [ 148.267112, -9.1932019 ], [ 148.267409, -9.1928727 ], [ 148.267733600000014, -9.192488 ], [ 148.2679938, -9.1920601 ], [ 148.268226, -9.1916335 ], [ 148.268359, -9.1911459 ], [ 148.2683955, -9.1905516 ], [ 148.2683769, -9.1899973 ], [ 148.2683683, -9.1894875 ], [ 148.268439699999988, -9.1890979 ], [ 148.2685988, -9.18875 ], [ 148.268890699999986, -9.1883334 ], [ 148.2693189, -9.1878095 ], [ 148.2696937, -9.18737 ], [ 148.270004699999987, -9.1869107 ], [ 148.2702521, -9.186405 ], [ 148.270393899999988, -9.1859463 ], [ 148.2705368, -9.1854426 ], [ 148.2706387, -9.1849495 ], [ 148.2706757, -9.184611 ], [ 148.2707186, -9.1843975 ], [ 148.2706618, -9.1841138 ], [ 148.2705249, -9.1836941 ], [ 148.2704358, -9.1831782 ], [ 148.2703991, -9.1828442 ], [ 148.2703764, -9.1826234 ], [ 148.2703045, -9.1822403 ], [ 148.2702, -9.1818017 ], [ 148.27008, -9.181405 ], [ 148.2698967, -9.181145 ], [ 148.2696267, -9.1810183 ], [ 148.269405, -9.1808833 ], [ 148.2691767, -9.1807048 ], [ 148.2690159, -9.1805617 ], [ 148.2687343, -9.1805256 ], [ 148.2684784, -9.1806364 ], [ 148.2682941, -9.1806099 ], [ 148.2682246, -9.1803334 ], [ 148.2681891, -9.1801487 ], [ 148.2682073, -9.1799819 ], [ 148.2683384, -9.1798526 ], [ 148.2686019, -9.1797742 ], [ 148.268638399999986, -9.1796107 ], [ 148.2685595, -9.1795422 ], [ 148.2684008, -9.1793891 ], [ 148.2682917, -9.1791329 ], [ 148.2682021, -9.1788253 ], [ 148.2680866, -9.1785652 ], [ 148.2679513, -9.1781696 ], [ 148.268051899999989, -9.177888 ], [ 148.268002, -9.1777802 ], [ 148.2681756, -9.1776186 ], [ 148.268303800000012, -9.1773404 ], [ 148.268276, -9.1771387 ], [ 148.2682302, -9.1768913 ], [ 148.2680636, -9.1766897 ], [ 148.2679535, -9.1764436 ], [ 148.2678421, -9.1761245 ], [ 148.2676906, -9.1757631 ], [ 148.267489, -9.175446 ], [ 148.2673364, -9.1752027 ], [ 148.2672819, -9.17488 ], [ 148.2673175, -9.1747695 ], [ 148.2674343, -9.174546 ], [ 148.26754, -9.1742401 ], [ 148.267673, -9.1739375 ], [ 148.267766099999989, -9.1737062 ], [ 148.267947, -9.1733639 ], [ 148.268081099999989, -9.1730414 ], [ 148.268119399999989, -9.1726762 ], [ 148.268179800000013, -9.1724344 ], [ 148.268247, -9.1721302 ], [ 148.268304300000011, -9.1718834 ], [ 148.26843740000001, -9.1715904 ], [ 148.268714100000011, -9.1712642 ], [ 148.269010400000013, -9.1710669 ], [ 148.269461299999989, -9.1709243 ], [ 148.269905, -9.1707596 ], [ 148.270226400000013, -9.1705233 ], [ 148.2703636, -9.1703046 ], [ 148.2705627, -9.1699839 ], [ 148.2706795, -9.1697281 ], [ 148.2707344, -9.1694693 ], [ 148.2707847, -9.1691461 ], [ 148.2708333, -9.168781 ], [ 148.270899899999989, -9.1685103 ], [ 148.2709945, -9.1682465 ], [ 148.271094799999986, -9.1677737 ], [ 148.271068500000013, -9.1674728 ], [ 148.271078, -9.1673512 ], [ 148.2711511, -9.1668951 ], [ 148.271291600000012, -9.1664154 ], [ 148.2714976, -9.1661237 ], [ 148.2716416, -9.1658128 ], [ 148.271839, -9.1652996 ], [ 148.2720453, -9.1645978 ], [ 148.2721034, -9.1642956 ], [ 148.272154699999987, -9.1640375 ], [ 148.2722473, -9.1636327 ], [ 148.272287, -9.163317 ], [ 148.2723354, -9.1630149 ], [ 148.2723791, -9.1626317 ], [ 148.272370099999989, -9.1622961 ], [ 148.2723689, -9.1619806 ], [ 148.272368300000011, -9.1616059 ], [ 148.2723719, -9.1613337 ], [ 148.272415099999989, -9.1611262 ], [ 148.2725029, -9.160782 ], [ 148.2726898, -9.1604033 ], [ 148.2727554, -9.1600716 ], [ 148.272912100000013, -9.1595382 ], [ 148.273063900000011, -9.1590775 ], [ 148.2730847, -9.1585085 ], [ 148.2730875, -9.1578162 ], [ 148.273072899999988, -9.1574237 ], [ 148.2730622, -9.1567601 ], [ 148.273075299999988, -9.1563145 ], [ 148.273095399999988, -9.1559743 ], [ 148.2730679, -9.1556793 ], [ 148.2730702, -9.1551849 ], [ 148.2730757, -9.1546915 ], [ 148.27307110000001, -9.1543275 ], [ 148.2728961, -9.1539957 ], [ 148.2728191, -9.1537521 ], [ 148.2728131, -9.1533577 ], [ 148.2728486, -9.1530372 ], [ 148.27291790000001, -9.1527799 ], [ 148.273054800000011, -9.1524018 ], [ 148.273085900000012, -9.1521649 ], [ 148.2730679, -9.1518744 ], [ 148.2730541, -9.1515829 ], [ 148.2731421, -9.1513369 ], [ 148.273326, -9.1510646 ], [ 148.273457799999989, -9.1507253 ], [ 148.2735063, -9.1505303 ], [ 148.2735329, -9.1504092 ], [ 148.2735548, -9.1502617 ], [ 148.2735983, -9.1500701 ], [ 148.2736564, -9.1497311 ], [ 148.273771900000014, -9.1494074 ], [ 148.273853, -9.1491699 ], [ 148.2740214, -9.1489378 ], [ 148.274125199999986, -9.1487713 ], [ 148.274227, -9.1485455 ], [ 148.274354499999987, -9.148247 ], [ 148.2744983, -9.1479103 ], [ 148.274595799999986, -9.1476245 ], [ 148.274655, -9.1474636 ], [ 148.2747393, -9.1472707 ], [ 148.2748321, -9.1469315 ], [ 148.2748784, -9.1466984 ], [ 148.2749287, -9.1464874 ], [ 148.274993200000011, -9.1461776 ], [ 148.2750227, -9.1459488 ], [ 148.2750029, -9.1457375 ], [ 148.2749696, -9.1456452 ], [ 148.2749538, -9.1454226 ], [ 148.274920900000012, -9.1451526 ], [ 148.274880200000013, -9.1448118 ], [ 148.2747903, -9.1445228 ], [ 148.2747123, -9.1441271 ], [ 148.274664, -9.1438375 ], [ 148.2746917, -9.1435377 ], [ 148.2746722, -9.1433533 ], [ 148.2746133, -9.1430629 ], [ 148.2746524, -9.1427563 ], [ 148.2746971, -9.1423305 ], [ 148.2746941, -9.1419982 ], [ 148.2746842, -9.141701 ], [ 148.2747067, -9.1413873 ], [ 148.2747694, -9.1410801 ], [ 148.2748493, -9.1407667 ], [ 148.2749589, -9.1404475 ], [ 148.2750628, -9.140121 ], [ 148.275228199999987, -9.1397041 ], [ 148.27537, -9.1391889 ], [ 148.2754299, -9.1389351 ], [ 148.2754699, -9.138553 ], [ 148.275487199999986, -9.138196 ], [ 148.275531300000011, -9.1378891 ], [ 148.2755905, -9.1375229 ], [ 148.2756219, -9.1373427 ], [ 148.2756154, -9.1372493 ], [ 148.2756354, -9.1369018 ], [ 148.275684899999987, -9.1363912 ], [ 148.27571180000001, -9.1359561 ], [ 148.275984, -9.135686 ], [ 148.2760657, -9.1356325 ], [ 148.276182, -9.1355888 ], [ 148.276425, -9.1357713 ], [ 148.276567, -9.136043 ], [ 148.276728, -9.1362236 ], [ 148.2768441, -9.1364367 ], [ 148.2769606, -9.1366907 ], [ 148.2770242, -9.1368101 ], [ 148.277068, -9.1368945 ], [ 148.277208800000011, -9.1373809 ], [ 148.2773976, -9.1378744 ], [ 148.2775202, -9.1382929 ], [ 148.2776048, -9.1385037 ], [ 148.277708499999989, -9.1387281 ], [ 148.2777915, -9.139017 ], [ 148.2779462, -9.1392497 ], [ 148.2780014, -9.1393635 ], [ 148.2781192, -9.1395541 ], [ 148.2783872, -9.1398938 ], [ 148.278697599999987, -9.1401605 ], [ 148.2790001, -9.1403342 ], [ 148.2792998, -9.1405258 ], [ 148.2795056, -9.1407653 ], [ 148.279648, -9.1410322 ], [ 148.2798175, -9.1414472 ], [ 148.2798599, -9.1417696 ], [ 148.279935099999989, -9.1420721 ], [ 148.2800359, -9.1422945 ], [ 148.280295700000011, -9.1426163 ], [ 148.2805118, -9.1431062 ], [ 148.280587700000012, -9.143484 ], [ 148.2806094, -9.1438145 ], [ 148.280604399999987, -9.1440926 ], [ 148.2805778, -9.1444952 ], [ 148.2805195, -9.1448415 ], [ 148.2805035, -9.1449327 ], [ 148.2803714, -9.1450341 ], [ 148.2804399, -9.1451318 ], [ 148.280460799999986, -9.1452631 ], [ 148.2806081, -9.1457714 ], [ 148.2808887, -9.1460999 ], [ 148.2810997, -9.1462633 ], [ 148.2812567, -9.1465138 ], [ 148.2813679, -9.1468953 ], [ 148.2815013, -9.1471998 ], [ 148.281645200000014, -9.1475379 ], [ 148.2817468, -9.1477283 ], [ 148.28186, -9.1479902 ], [ 148.281889799999988, -9.1482104 ], [ 148.281893700000012, -9.1483403 ], [ 148.2819936, -9.1487021 ], [ 148.2820676, -9.1491192 ], [ 148.2821142, -9.1494319 ], [ 148.28217380000001, -9.1498747 ], [ 148.2823033, -9.1502013 ], [ 148.282507, -9.1504917 ], [ 148.282686399999989, -9.150895 ], [ 148.2828395, -9.1512449 ], [ 148.2829556, -9.1514889 ], [ 148.283109200000013, -9.1518455 ], [ 148.283303499999988, -9.1521542 ], [ 148.2836212, -9.1524619 ], [ 148.283850300000012, -9.1528223 ], [ 148.2840876, -9.1532216 ], [ 148.284172899999987, -9.1534283 ], [ 148.2842752, -9.1536524 ], [ 148.2843926, -9.1538011 ], [ 148.2845893, -9.1540784 ], [ 148.2848813, -9.1543063 ], [ 148.2850235, -9.1544062 ], [ 148.2852332, -9.15457 ], [ 148.2854395, -9.154801 ], [ 148.285620099999988, -9.1550576 ], [ 148.285894899999988, -9.1554325 ], [ 148.2861342, -9.1556909 ], [ 148.2865335, -9.1558349 ], [ 148.2867905, -9.1560123 ], [ 148.2870182, -9.1562481 ], [ 148.2872247, -9.1564826 ], [ 148.2874305, -9.1567091 ], [ 148.2875761, -9.1568226 ], [ 148.2876846, -9.1569561 ], [ 148.2878308, -9.1571346 ], [ 148.2879743, -9.1573468 ], [ 148.2882426, -9.1576224 ], [ 148.2883745, -9.1577693 ], [ 148.28850030000001, -9.1579182 ], [ 148.2886268, -9.1580497 ], [ 148.2888298, -9.1582123 ], [ 148.2891916, -9.1585303 ], [ 148.289647800000012, -9.1589108 ], [ 148.2901041, -9.1592019 ], [ 148.2904968, -9.1594126 ], [ 148.2907898, -9.1596141 ], [ 148.2910898, -9.1598833 ], [ 148.2913443, -9.1602629 ], [ 148.2914702, -9.1606761 ], [ 148.291716, -9.1609513 ], [ 148.292107499999986, -9.1611749 ], [ 148.2923975, -9.1612826 ], [ 148.292723, -9.1614316 ], [ 148.292876799999988, -9.1615823 ], [ 148.2929878, -9.1616593 ], [ 148.293216300000012, -9.1616193 ], [ 148.2936512, -9.1614461 ], [ 148.293978, -9.1613011 ], [ 148.29428, -9.161229 ], [ 148.294545199999988, -9.1611521 ], [ 148.294840099999988, -9.1611514 ], [ 148.295074199999988, -9.1611206 ], [ 148.295165700000013, -9.1610754 ], [ 148.2954278, -9.1610244 ], [ 148.2957438, -9.1609671 ], [ 148.295904900000011, -9.1609262 ], [ 148.2961918, -9.1608833 ], [ 148.2964231, -9.1608431 ], [ 148.296709099999987, -9.1606151 ], [ 148.2968873, -9.1603311 ], [ 148.2969559, -9.1601367 ], [ 148.2970649, -9.1599183 ], [ 148.2972676, -9.1595185 ], [ 148.2973902, -9.1589764 ], [ 148.2974814, -9.1584391 ], [ 148.2975604, -9.1579906 ], [ 148.2976167, -9.1575555 ], [ 148.2976845, -9.1571707 ], [ 148.2977166, -9.1566304 ], [ 148.2977793, -9.156074 ], [ 148.2979081, -9.1556643 ], [ 148.298019900000014, -9.1553783 ], [ 148.2981537, -9.1550657 ], [ 148.2982402, -9.1546752 ], [ 148.29832110000001, -9.1544059 ], [ 148.2984351, -9.1540887 ], [ 148.2984668, -9.1538947 ], [ 148.298505299999988, -9.1533403 ], [ 148.29844460000001, -9.1529105 ], [ 148.2984155, -9.1525483 ], [ 148.2983381, -9.1520902 ], [ 148.298351200000013, -9.1517417 ], [ 148.298363, -9.1514508 ], [ 148.2983417, -9.1509872 ], [ 148.2983082, -9.1507232 ], [ 148.2983231, -9.1505565 ], [ 148.298373, -9.150221 ], [ 148.2984708, -9.1497127 ], [ 148.2984478, -9.1494413 ], [ 148.298382, -9.1489549 ], [ 148.2983026, -9.1483326 ], [ 148.298234900000011, -9.1480254 ], [ 148.2981991, -9.1476749 ], [ 148.2982438, -9.1471608 ], [ 148.298401, -9.1467306 ], [ 148.2985616, -9.1461287 ], [ 148.298750899999987, -9.1457266 ], [ 148.2989107, -9.1454144 ], [ 148.2991805, -9.1449312 ], [ 148.299408699999987, -9.1444551 ], [ 148.299691700000011, -9.1439656 ], [ 148.29962470000001, -9.143441 ], [ 148.2993997, -9.1429992 ], [ 148.2993616, -9.1426468 ], [ 148.2994879, -9.1423448 ], [ 148.299785500000013, -9.1422077 ], [ 148.300116800000012, -9.1421553 ], [ 148.30053620000001, -9.1421569 ], [ 148.3008399, -9.1420614 ], [ 148.3010914, -9.1419413 ], [ 148.30136, -9.1418877 ], [ 148.3016012, -9.1418615 ], [ 148.301531, -9.1417686 ], [ 148.301367, -9.1417149 ], [ 148.301312, -9.1416395 ], [ 148.3012984, -9.1415205 ], [ 148.301364799999988, -9.1413187 ], [ 148.3014753, -9.1409952 ], [ 148.3016557, -9.140537 ], [ 148.3018653, -9.1400524 ], [ 148.3020969, -9.1396676 ], [ 148.3020634, -9.1392337 ], [ 148.302095, -9.1387308 ], [ 148.3021807, -9.1383968 ], [ 148.3022604, -9.1380392 ], [ 148.302296500000011, -9.137894 ], [ 148.302450599999986, -9.137608 ], [ 148.3025343, -9.1374011 ], [ 148.3025781, -9.137257 ], [ 148.302624900000012, -9.1371747 ], [ 148.3026958, -9.1370064 ], [ 148.3029197, -9.1367492 ], [ 148.3030958, -9.1365005 ], [ 148.3032705, -9.1362035 ], [ 148.3033241, -9.1359952 ], [ 148.303365899999989, -9.1357185 ], [ 148.3033835, -9.1355829 ], [ 148.3034294, -9.1352214 ], [ 148.303442100000012, -9.1347459 ], [ 148.303472, -9.1344973 ], [ 148.303543, -9.1344351 ], [ 148.3037615, -9.1342513 ], [ 148.3038039, -9.1339226 ], [ 148.303588, -9.1337363 ], [ 148.303421500000013, -9.1334642 ], [ 148.303438, -9.1330662 ], [ 148.303447299999988, -9.1328502 ], [ 148.303451700000011, -9.1324643 ], [ 148.3032513, -9.1320731 ], [ 148.303123199999987, -9.1318412 ], [ 148.3029163, -9.1316022 ], [ 148.3026473, -9.1312965 ], [ 148.30243870000001, -9.130972 ], [ 148.302472099999989, -9.1306897 ], [ 148.302731, -9.1303676 ], [ 148.3029037, -9.1301136 ], [ 148.3030364, -9.1298821 ], [ 148.3030919, -9.1297614 ], [ 148.3031411, -9.1296718 ], [ 148.303608700000012, -9.1294776 ], [ 148.3039479, -9.1293082 ], [ 148.3041317, -9.1290766 ], [ 148.3043725, -9.1287264 ], [ 148.3046256, -9.1281325 ], [ 148.304642800000011, -9.1274429 ], [ 148.3045832, -9.1268166 ], [ 148.3043018, -9.1263641 ], [ 148.3042369, -9.1261102 ], [ 148.3043022, -9.1257207 ], [ 148.3044432, -9.1253104 ], [ 148.3046426, -9.1249982 ], [ 148.3049685, -9.1246381 ], [ 148.3052764, -9.1241957 ], [ 148.3055909, -9.1237504 ], [ 148.3058431, -9.1232979 ], [ 148.306200100000012, -9.1228635 ], [ 148.306550499999986, -9.1224087 ], [ 148.3069, -9.1217528 ], [ 148.307093, -9.1213255 ], [ 148.3073549, -9.1209021 ], [ 148.3076648, -9.1204737 ], [ 148.3078222, -9.1201066 ], [ 148.3078801, -9.1200192 ], [ 148.3080938, -9.1196098 ], [ 148.308256, -9.1190066 ], [ 148.3083533, -9.118645 ], [ 148.3085383, -9.1184433 ], [ 148.3088817, -9.1181917 ], [ 148.30918, -9.1179283 ], [ 148.309413299999989, -9.117685 ], [ 148.3096717, -9.1174033 ], [ 148.30994, -9.1171567 ], [ 148.3101633, -9.1169817 ], [ 148.3104033, -9.1167917 ], [ 148.3107105, -9.116581 ], [ 148.310999399999986, -9.1163111 ], [ 148.3112858, -9.1160024 ], [ 148.311687799999987, -9.1156355 ], [ 148.31209530000001, -9.115201 ], [ 148.312558, -9.1146027 ], [ 148.3127489, -9.1140189 ], [ 148.312819499999989, -9.1134062 ], [ 148.3127767, -9.1127189 ], [ 148.3127456, -9.1122123 ], [ 148.3127303, -9.1118289 ], [ 148.3126686, -9.1114918 ], [ 148.3125298, -9.1112377 ], [ 148.3122095, -9.1109002 ], [ 148.3118939, -9.110495 ], [ 148.3116875, -9.1101726 ], [ 148.3115228, -9.1099093 ], [ 148.3112568, -9.1095439 ], [ 148.3110513, -9.1091145 ], [ 148.3108799, -9.1086738 ], [ 148.3105617, -9.1081291 ], [ 148.310316, -9.1076676 ], [ 148.3101586, -9.1073603 ], [ 148.3099927, -9.1070762 ], [ 148.3097233, -9.1066565 ], [ 148.3095941, -9.1061283 ], [ 148.3095817, -9.1058607 ], [ 148.3095677, -9.1054659 ], [ 148.309559, -9.1051102 ], [ 148.3094499, -9.1047715 ], [ 148.3094074, -9.1044399 ], [ 148.3092991, -9.1040653 ], [ 148.309138499999989, -9.1036286 ], [ 148.3090885, -9.1033639 ], [ 148.309035200000011, -9.1031848 ], [ 148.3089482, -9.1027404 ], [ 148.308889, -9.1025007 ], [ 148.3087889, -9.1023551 ], [ 148.3085091, -9.1020025 ], [ 148.3083135, -9.1017608 ], [ 148.3082748, -9.1014867 ], [ 148.308211300000011, -9.1011536 ], [ 148.3081781, -9.1008664 ], [ 148.308196, -9.1003094 ], [ 148.308180599999986, -9.0997392 ], [ 148.308192600000012, -9.0992057 ], [ 148.3081824, -9.0988758 ], [ 148.3081564, -9.0983737 ], [ 148.3081406, -9.0981087 ], [ 148.308121, -9.0977787 ], [ 148.3081498, -9.0973189 ], [ 148.3081314, -9.097053 ], [ 148.308100200000013, -9.0969305 ], [ 148.308037899999988, -9.0964996 ], [ 148.308004, -9.0959591 ], [ 148.3079612, -9.0955856 ], [ 148.3079543, -9.0952429 ], [ 148.307947899999988, -9.0950646 ], [ 148.3078884, -9.0948947 ], [ 148.307902, -9.0945414 ], [ 148.3078717, -9.0940549 ], [ 148.3078418, -9.0935789 ], [ 148.307774200000011, -9.0930545 ], [ 148.3075748, -9.0925896 ], [ 148.3076198, -9.0920791 ], [ 148.3077666, -9.0915866 ], [ 148.3077036, -9.0911952 ], [ 148.3076568, -9.0910026 ], [ 148.307601299999988, -9.0908151 ], [ 148.3075307, -9.0906741 ], [ 148.3073948, -9.0903999 ], [ 148.3072187, -9.0900862 ], [ 148.3069264, -9.0898315 ], [ 148.3065742, -9.0895733 ], [ 148.306293899999986, -9.089333 ], [ 148.3061831, -9.0891919 ], [ 148.306126799999987, -9.0890789 ], [ 148.3059189, -9.088851 ], [ 148.3056824, -9.0885349 ], [ 148.3055355, -9.0882131 ], [ 148.305383299999988, -9.0879085 ], [ 148.30523, -9.0875899 ], [ 148.3051567, -9.0873105 ], [ 148.3050835, -9.0869462 ], [ 148.3050661, -9.0866713 ], [ 148.3051075, -9.0862733 ], [ 148.30508420000001, -9.0860226 ], [ 148.3050254, -9.085952 ], [ 148.304936700000013, -9.0857703 ], [ 148.3048748, -9.0855482 ], [ 148.304813599999989, -9.0854084 ], [ 148.304698, -9.085101 ], [ 148.304661, -9.0847001 ], [ 148.304801200000014, -9.0842317 ], [ 148.304904599999986, -9.0839603 ], [ 148.3049619, -9.0836878 ], [ 148.3050575, -9.0833654 ], [ 148.3051939, -9.083072 ], [ 148.3053118, -9.0828018 ], [ 148.305414899999988, -9.0824791 ], [ 148.305493500000011, -9.0821098 ], [ 148.305588, -9.0818864 ], [ 148.3056032, -9.0816941 ], [ 148.305603100000013, -9.0814876 ], [ 148.3057235, -9.081143 ], [ 148.3057614, -9.0808976 ], [ 148.3057192, -9.080563 ], [ 148.3056497, -9.0803322 ], [ 148.3056082, -9.0800074 ], [ 148.305602599999986, -9.0795916 ], [ 148.3055794, -9.0793374 ], [ 148.3055947, -9.0790121 ], [ 148.305639899999989, -9.0785977 ], [ 148.3057284, -9.07836 ], [ 148.305884099999986, -9.0779793 ], [ 148.306251, -9.0774605 ], [ 148.306530400000014, -9.0769596 ], [ 148.306590300000011, -9.0765382 ], [ 148.306587799999988, -9.0761941 ], [ 148.3066291, -9.0758383 ], [ 148.3066466, -9.0755021 ], [ 148.3065613, -9.0752038 ], [ 148.30648450000001, -9.0749967 ], [ 148.3063467, -9.0746824 ], [ 148.306291499999986, -9.0744226 ], [ 148.306201499999986, -9.0740326 ], [ 148.3061801, -9.0738625 ], [ 148.3062764, -9.0734434 ], [ 148.306410199999988, -9.0732826 ], [ 148.306573, -9.0730056 ], [ 148.3066586, -9.0728383 ], [ 148.3067222, -9.072699 ], [ 148.3068097, -9.0724339 ], [ 148.3068533, -9.0722111 ], [ 148.3068948, -9.0720864 ], [ 148.3069784, -9.0719349 ], [ 148.3070662, -9.0718065 ], [ 148.3072982, -9.0717358 ], [ 148.3074629, -9.0716498 ], [ 148.3076223, -9.0717534 ], [ 148.3077908, -9.0718887 ], [ 148.308068600000013, -9.072058 ], [ 148.308183899999989, -9.0721872 ], [ 148.3083609, -9.072417 ], [ 148.3086372, -9.0725131 ], [ 148.308781, -9.0721383 ], [ 148.3088449, -9.071858 ], [ 148.3088596, -9.0716968 ], [ 148.308933, -9.0715885 ], [ 148.30913910000001, -9.0715001 ], [ 148.3094175, -9.0717783 ], [ 148.3095437, -9.0721554 ], [ 148.309599, -9.0726004 ], [ 148.3098885, -9.0726581 ], [ 148.3100342, -9.0726277 ], [ 148.31019, -9.0725389 ], [ 148.3103601, -9.0724426 ], [ 148.310608, -9.0723569 ], [ 148.3108222, -9.0723563 ], [ 148.311114800000013, -9.072201 ], [ 148.3113124, -9.0718168 ], [ 148.3114742, -9.0714595 ], [ 148.3116196, -9.0711909 ], [ 148.3118354, -9.0709785 ], [ 148.3119881, -9.0707266 ], [ 148.31207950000001, -9.0705237 ], [ 148.3122024, -9.0703796 ], [ 148.3124377, -9.0702813 ], [ 148.3126799, -9.0701709 ], [ 148.3128032, -9.0700553 ], [ 148.3129195, -9.0699736 ], [ 148.312975099999989, -9.0698297 ], [ 148.313022, -9.0696655 ], [ 148.3130788, -9.0693848 ], [ 148.3132539, -9.0694052 ], [ 148.3133288, -9.0696544 ], [ 148.313546300000013, -9.0697014 ], [ 148.313685099999987, -9.0695195 ], [ 148.3138428, -9.069345 ], [ 148.3140449, -9.0690728 ], [ 148.3142607, -9.0688031 ], [ 148.3145352, -9.0684698 ], [ 148.3147438, -9.0681726 ], [ 148.315001599999988, -9.0678891 ], [ 148.3151646, -9.0676979 ], [ 148.315333399999986, -9.0675182 ], [ 148.31545460000001, -9.0672492 ], [ 148.315535899999986, -9.0670497 ], [ 148.3155619, -9.0668159 ], [ 148.3155837, -9.0666273 ], [ 148.3155932, -9.0664788 ], [ 148.3156086, -9.0663684 ], [ 148.315674699999988, -9.06608 ], [ 148.315758, -9.0658732 ], [ 148.315845200000012, -9.065735 ], [ 148.31597690000001, -9.0656078 ], [ 148.316209, -9.0653614 ], [ 148.316435500000011, -9.0650858 ], [ 148.3167737, -9.0648192 ], [ 148.317047300000013, -9.0645661 ], [ 148.3172434, -9.0643379 ], [ 148.3173765, -9.0642008 ], [ 148.317463, -9.0641416 ], [ 148.31770130000001, -9.0639651 ], [ 148.317801800000012, -9.0638733 ], [ 148.317865500000011, -9.0637873 ], [ 148.3179924, -9.0636531 ], [ 148.3180792, -9.0635323 ], [ 148.3181496, -9.0634488 ], [ 148.318311599999987, -9.0632801 ], [ 148.3184719, -9.0631304 ], [ 148.318576900000011, -9.0629677 ], [ 148.3187633, -9.0627722 ], [ 148.3189755, -9.0625014 ], [ 148.319213499999989, -9.0622409 ], [ 148.3194101, -9.0620301 ], [ 148.3195905, -9.061802 ], [ 148.3197587, -9.0615706 ], [ 148.3199107, -9.0613351 ], [ 148.3199629, -9.0611685 ], [ 148.3200342, -9.0610915 ], [ 148.3201287, -9.060912 ], [ 148.32021610000001, -9.060725 ], [ 148.3203279, -9.0605394 ], [ 148.320487500000013, -9.0603829 ], [ 148.320632100000012, -9.0602251 ], [ 148.320850299999989, -9.0600755 ], [ 148.3210291, -9.0599307 ], [ 148.3213174, -9.0597254 ], [ 148.321533100000011, -9.059536 ], [ 148.321690100000012, -9.0593357 ], [ 148.321879, -9.059079 ], [ 148.322108899999989, -9.0588795 ], [ 148.32236850000001, -9.0588051 ], [ 148.3226593, -9.0587096 ], [ 148.3229687, -9.0585238 ], [ 148.323215299999987, -9.0583916 ], [ 148.323598, -9.0582187 ], [ 148.3238125, -9.0581626 ], [ 148.3242238, -9.0579805 ], [ 148.324540500000012, -9.0578859 ], [ 148.324837800000012, -9.0578681 ], [ 148.32521220000001, -9.0579593 ], [ 148.3254426, -9.0580384 ], [ 148.3256735, -9.0581428 ], [ 148.325918800000011, -9.0582574 ], [ 148.326082500000012, -9.0583304 ], [ 148.3263311, -9.0584028 ], [ 148.3266061, -9.0584239 ], [ 148.3267181, -9.0584318 ], [ 148.3269424, -9.0584848 ], [ 148.327251600000011, -9.0585431 ], [ 148.327484, -9.0586287 ], [ 148.3277105, -9.0587173 ], [ 148.3279545, -9.0588118 ], [ 148.3282112, -9.058895 ], [ 148.3284946, -9.0590272 ], [ 148.3286359, -9.0591697 ], [ 148.3287879, -9.059364 ], [ 148.3290122, -9.0596248 ], [ 148.3292137, -9.0598453 ], [ 148.329246399999988, -9.0599387 ], [ 148.329362800000013, -9.0601283 ], [ 148.3295047, -9.060332 ], [ 148.3296526, -9.0605547 ], [ 148.329724, -9.060877 ], [ 148.3297349, -9.0612442 ], [ 148.329764, -9.0614694 ], [ 148.329800299999988, -9.0617426 ], [ 148.3298541, -9.0621246 ], [ 148.3298292, -9.062506 ], [ 148.3297887, -9.0628539 ], [ 148.3297193, -9.0631292 ], [ 148.3296772, -9.0634725 ], [ 148.3297277, -9.0637485 ], [ 148.3297579, -9.0640734 ], [ 148.3298177, -9.064401 ], [ 148.3298752, -9.0647366 ], [ 148.329941600000012, -9.065091 ], [ 148.329968799999989, -9.0654137 ], [ 148.3300181, -9.065711 ], [ 148.330148799999989, -9.066017 ], [ 148.3303594, -9.0663637 ], [ 148.3305348, -9.0668321 ], [ 148.3306612, -9.0673108 ], [ 148.3307557, -9.067758 ], [ 148.330873200000013, -9.0681742 ], [ 148.3309964, -9.0685635 ], [ 148.3311267, -9.069 ], [ 148.3313033, -9.069365 ], [ 148.3316317, -9.0695467 ], [ 148.331825, -9.0696817 ], [ 148.332015, -9.069815 ], [ 148.3322217, -9.0699967 ], [ 148.3325039, -9.0700881 ], [ 148.3327205, -9.0702808 ], [ 148.3329776, -9.0704488 ], [ 148.33308310000001, -9.0702457 ], [ 148.3331377, -9.0699346 ], [ 148.332909300000011, -9.0697423 ], [ 148.3325908, -9.0695547 ], [ 148.3324749, -9.0691543 ], [ 148.3327305, -9.0686793 ], [ 148.3329943, -9.0682916 ], [ 148.333125599999988, -9.0680067 ], [ 148.3332772, -9.06776 ], [ 148.333396, -9.0676836 ], [ 148.333478500000012, -9.0675421 ], [ 148.3336354, -9.0674406 ], [ 148.3338513, -9.0673281 ], [ 148.3339124, -9.0671307 ], [ 148.334128600000014, -9.066908 ], [ 148.3342333, -9.0665864 ], [ 148.334346399999987, -9.0662004 ], [ 148.3346229, -9.0658722 ], [ 148.3348648, -9.0656474 ], [ 148.335202900000013, -9.0654826 ], [ 148.33555, -9.0653679 ], [ 148.3360327, -9.0652305 ], [ 148.3363929, -9.0651235 ], [ 148.3366848, -9.0650589 ], [ 148.3370021, -9.0649409 ], [ 148.3373178, -9.0648112 ], [ 148.3377626, -9.064665 ], [ 148.3382206, -9.0644794 ], [ 148.3386836, -9.064327 ], [ 148.339054, -9.0642022 ], [ 148.3395933, -9.0640265 ], [ 148.339998799999989, -9.0639639 ], [ 148.34040490000001, -9.0639877 ], [ 148.3409208, -9.0637927 ], [ 148.3413631, -9.0633215 ], [ 148.341804200000013, -9.0629027 ], [ 148.342246, -9.0625298 ], [ 148.3423736, -9.0624197 ], [ 148.342421699999989, -9.0623424 ], [ 148.34264, -9.0620577 ], [ 148.3428336, -9.0616229 ], [ 148.3429984, -9.0612101 ], [ 148.34314710000001, -9.060929 ], [ 148.3432846, -9.0606576 ], [ 148.3434934, -9.0603128 ], [ 148.3437681, -9.0598162 ], [ 148.344102600000014, -9.0594357 ], [ 148.344552099999987, -9.0591407 ], [ 148.3447504, -9.0587841 ], [ 148.3450211, -9.0583434 ], [ 148.3452283, -9.0577872 ], [ 148.3454285, -9.057372 ], [ 148.345593900000011, -9.057098 ], [ 148.345842299999987, -9.0567741 ], [ 148.3463332, -9.0565191 ], [ 148.3467231, -9.0560285 ], [ 148.346977399999986, -9.0554862 ], [ 148.347213, -9.0549582 ], [ 148.3474354, -9.0544734 ], [ 148.3475033, -9.0539183 ], [ 148.3476383, -9.0536283 ], [ 148.3477633, -9.0532767 ], [ 148.3477633, -9.0529483 ], [ 148.3478333, -9.052685 ], [ 148.348125, -9.0522933 ], [ 148.348218300000013, -9.0517817 ], [ 148.348276700000014, -9.0514567 ], [ 148.348465, -9.051035 ], [ 148.348781699999989, -9.0508183 ], [ 148.349, -9.050635 ], [ 148.3493317, -9.0505383 ], [ 148.3496317, -9.0507883 ], [ 148.3498083, -9.050905 ], [ 148.3499033, -9.0509783 ], [ 148.349963300000013, -9.0510583 ], [ 148.350166699999988, -9.0512383 ], [ 148.350415, -9.051475 ], [ 148.35066, -9.0516717 ], [ 148.3509283, -9.0519267 ], [ 148.3510967, -9.0521717 ], [ 148.351325, -9.052445 ], [ 148.3515997, -9.0527936 ], [ 148.3517722, -9.0531402 ], [ 148.3518325, -9.0533336 ], [ 148.352011, -9.0535962 ], [ 148.352065, -9.0537103 ], [ 148.3521065, -9.0537966 ], [ 148.3522695, -9.0540687 ], [ 148.3524502, -9.0542984 ], [ 148.352623599999987, -9.0545127 ], [ 148.3528526, -9.0547908 ], [ 148.3531199, -9.0550482 ], [ 148.353434099999987, -9.0553707 ], [ 148.353662899999989, -9.0556439 ], [ 148.353897100000012, -9.0559618 ], [ 148.3540461, -9.0562661 ], [ 148.354162800000012, -9.0565405 ], [ 148.3541908, -9.056879 ], [ 148.3538833, -9.0570695 ], [ 148.353725, -9.0571314 ], [ 148.3534976, -9.0571954 ], [ 148.3532006, -9.0573105 ], [ 148.3529658, -9.0574163 ], [ 148.3527435, -9.0575237 ], [ 148.352589099999989, -9.0576837 ], [ 148.3525879, -9.0580473 ], [ 148.3525969, -9.0584178 ], [ 148.3526331, -9.0587127 ], [ 148.3526215, -9.0590642 ], [ 148.352759600000013, -9.0592991 ], [ 148.3529151, -9.0597365 ], [ 148.3532793, -9.0597331 ], [ 148.35354670000001, -9.0596589 ], [ 148.3537643, -9.0600739 ], [ 148.3538694, -9.0603603 ], [ 148.3540697, -9.060683 ], [ 148.354376300000013, -9.0608868 ], [ 148.354602, -9.0609259 ], [ 148.354836299999988, -9.061021 ], [ 148.3550607, -9.061151 ], [ 148.3552917, -9.0613719 ], [ 148.3554337, -9.06161 ], [ 148.355664, -9.0618061 ], [ 148.3559904, -9.0619815 ], [ 148.356346300000013, -9.0622765 ], [ 148.3565185, -9.0626625 ], [ 148.3565332, -9.0629419 ], [ 148.3565436, -9.0632508 ], [ 148.3566844, -9.0635925 ], [ 148.356833099999989, -9.0640327 ], [ 148.356951400000014, -9.0643912 ], [ 148.3570379, -9.0647533 ], [ 148.3570862, -9.0650212 ], [ 148.35716, -9.0653338 ], [ 148.3572507, -9.06571 ], [ 148.3573586, -9.0660511 ], [ 148.3576084, -9.066264 ], [ 148.357938499999989, -9.0664103 ], [ 148.358170699999988, -9.0665334 ], [ 148.3584124, -9.0667948 ], [ 148.358522099999988, -9.0671642 ], [ 148.35858060000001, -9.0674981 ], [ 148.3587875, -9.0677729 ], [ 148.3590725, -9.0676288 ], [ 148.3592509, -9.0672968 ], [ 148.3595057, -9.0671613 ], [ 148.3597035, -9.0671569 ], [ 148.3600367, -9.0672197 ], [ 148.3603048, -9.0673502 ], [ 148.360596500000014, -9.0674205 ], [ 148.36093360000001, -9.0675139 ], [ 148.3611641, -9.0676434 ], [ 148.3614048, -9.067833 ], [ 148.3616355, -9.068089 ], [ 148.361899599999987, -9.0683511 ], [ 148.3622468, -9.0685383 ], [ 148.3626481, -9.0686602 ], [ 148.362936, -9.0687619 ], [ 148.3632134, -9.0689152 ], [ 148.363499600000011, -9.0690527 ], [ 148.3638228, -9.0691841 ], [ 148.3639583, -9.0696049 ], [ 148.3642669, -9.0699949 ], [ 148.3647091, -9.0701493 ], [ 148.3652334, -9.0701518 ], [ 148.365701699999988, -9.0700009 ], [ 148.366011, -9.070137 ], [ 148.3662717, -9.0703729 ], [ 148.3667103, -9.0707796 ], [ 148.367163299999987, -9.0712012 ], [ 148.367468800000012, -9.0714615 ], [ 148.3677337, -9.0717101 ], [ 148.3679656, -9.0719177 ], [ 148.368256, -9.0721002 ], [ 148.3683383, -9.0721482 ], [ 148.368569799999989, -9.0723198 ], [ 148.368801499999989, -9.0725043 ], [ 148.368902600000013, -9.0727386 ], [ 148.3689039, -9.0730333 ], [ 148.3689382, -9.0733684 ], [ 148.369036599999987, -9.0736322 ], [ 148.3690929, -9.0738123 ], [ 148.3691382, -9.0740311 ], [ 148.36915590000001, -9.0743718 ], [ 148.3692629, -9.0746521 ], [ 148.3693242, -9.0749349 ], [ 148.3693318, -9.0754817 ], [ 148.3694513, -9.0761263 ], [ 148.3698191, -9.0765508 ], [ 148.3700575, -9.0772241 ], [ 148.3705132, -9.0776697 ], [ 148.3709795, -9.0780076 ], [ 148.3709871, -9.0784601 ], [ 148.3712677, -9.0791361 ], [ 148.3715479, -9.0795945 ], [ 148.371773, -9.0799645 ], [ 148.3721242, -9.0805861 ], [ 148.3727503, -9.0808847 ], [ 148.373272899999989, -9.0810509 ], [ 148.3735556, -9.0811982 ], [ 148.3739582, -9.0814847 ], [ 148.3743151, -9.0819802 ], [ 148.374418600000013, -9.0823102 ], [ 148.3743469, -9.0827084 ], [ 148.3743705, -9.083061 ], [ 148.3742631, -9.0834868 ], [ 148.374360200000012, -9.0837835 ], [ 148.374484, -9.0840086 ], [ 148.3745376, -9.0842767 ], [ 148.374590500000011, -9.0845999 ], [ 148.3748376, -9.0848999 ], [ 148.3749355, -9.0854226 ], [ 148.374864, -9.0860119 ], [ 148.3749813, -9.0863483 ], [ 148.375227200000012, -9.0865993 ], [ 148.3753931, -9.0870129 ], [ 148.3756209, -9.0874641 ], [ 148.3758568, -9.0878913 ], [ 148.3761245, -9.0880312 ], [ 148.3764761, -9.0882048 ], [ 148.3766684, -9.0884978 ], [ 148.376903199999987, -9.0887637 ], [ 148.3772314, -9.0890255 ], [ 148.3777015, -9.08921 ], [ 148.378163, -9.0893295 ], [ 148.3780676, -9.0896281 ], [ 148.377589699999987, -9.0898316 ], [ 148.3772832, -9.0901644 ], [ 148.3771458, -9.0905794 ], [ 148.377299099999988, -9.0909159 ], [ 148.3775118, -9.0910624 ], [ 148.3777682, -9.0912846 ], [ 148.3780118, -9.0915656 ], [ 148.378047, -9.0921992 ], [ 148.378543799999989, -9.0924871 ], [ 148.3787959, -9.0927268 ], [ 148.3787, -9.0930404 ], [ 148.3786206, -9.0933909 ], [ 148.3785186, -9.0938195 ], [ 148.378454, -9.0941432 ], [ 148.3785421, -9.0946675 ], [ 148.3786514, -9.0952522 ], [ 148.378760199999988, -9.0957119 ], [ 148.3792008, -9.0960474 ], [ 148.379550099999989, -9.0963518 ], [ 148.3798837, -9.0967772 ], [ 148.3802403, -9.0970577 ], [ 148.38066280000001, -9.0971966 ], [ 148.3809614, -9.097127 ], [ 148.3814649, -9.0970968 ], [ 148.3818771, -9.0972712 ], [ 148.382122, -9.09739 ], [ 148.3825704, -9.0975733 ], [ 148.383072199999987, -9.0979218 ], [ 148.383318, -9.0984039 ], [ 148.3838369, -9.0986798 ], [ 148.3841941, -9.0986685 ], [ 148.3845359, -9.0986258 ], [ 148.38508, -9.0986147 ], [ 148.385607, -9.0988042 ], [ 148.386119900000011, -9.0991301 ], [ 148.3867397, -9.099179 ], [ 148.3872676, -9.0993801 ], [ 148.3874054, -9.0995879 ], [ 148.387481900000012, -9.099857 ], [ 148.3874932, -9.099961 ], [ 148.3876214, -9.1002213 ], [ 148.3878913, -9.1005372 ], [ 148.3881016, -9.1009177 ], [ 148.3882829, -9.1014441 ], [ 148.388541300000014, -9.1020104 ], [ 148.3887067, -9.1025733 ], [ 148.3887217, -9.1032117 ], [ 148.3887233, -9.1035583 ], [ 148.388756699999988, -9.1039533 ], [ 148.38882670000001, -9.1044483 ], [ 148.388778300000013, -9.1047117 ], [ 148.3886717, -9.104905 ], [ 148.3884933, -9.1052567 ], [ 148.388338299999987, -9.1054783 ], [ 148.3881729, -9.1058432 ], [ 148.3880513, -9.1062126 ], [ 148.3879077, -9.1067518 ], [ 148.3879527, -9.107148 ], [ 148.388178, -9.1076236 ], [ 148.38838530000001, -9.1081169 ], [ 148.3881916, -9.1084724 ], [ 148.387900300000013, -9.1088729 ], [ 148.387700700000011, -9.1092791 ], [ 148.3875338, -9.1097611 ], [ 148.3878147, -9.1099594 ], [ 148.3882374, -9.1101987 ], [ 148.3883993, -9.1105011 ], [ 148.3884798, -9.1107376 ], [ 148.388782600000013, -9.1110316 ], [ 148.3891563, -9.1111151 ], [ 148.389430299999987, -9.1112271 ], [ 148.3898522, -9.1115576 ], [ 148.3901458, -9.1116656 ], [ 148.3906088, -9.1116905 ], [ 148.391007699999989, -9.1117376 ], [ 148.3915068, -9.111821 ], [ 148.392040400000013, -9.1119705 ], [ 148.3923431, -9.1124073 ], [ 148.3920478, -9.1127621 ], [ 148.391713900000013, -9.1130092 ], [ 148.3913929, -9.1130399 ], [ 148.3911587, -9.1131674 ], [ 148.3909557, -9.1133956 ], [ 148.3908255, -9.1136502 ], [ 148.3906306, -9.1140285 ], [ 148.3902467, -9.1143087 ], [ 148.3899192, -9.1145225 ], [ 148.3896325, -9.1147001 ], [ 148.3892289, -9.1147666 ], [ 148.3888197, -9.1147993 ], [ 148.3885541, -9.1149003 ], [ 148.388691599999987, -9.1151226 ], [ 148.3888986, -9.1153774 ], [ 148.3888168, -9.1156656 ], [ 148.388603, -9.115913 ], [ 148.388324, -9.1161863 ], [ 148.388192299999986, -9.1165198 ], [ 148.3880601, -9.1167791 ], [ 148.3880365, -9.1169533 ], [ 148.388103300000012, -9.1170876 ], [ 148.38839, -9.1172643 ], [ 148.3884962, -9.1175619 ], [ 148.3885287, -9.1178127 ], [ 148.3885368, -9.1181132 ], [ 148.388445, -9.1184487 ], [ 148.38850930000001, -9.1188901 ], [ 148.388540799999987, -9.1190891 ], [ 148.388493399999987, -9.1193396 ], [ 148.388476200000014, -9.1195432 ], [ 148.388375, -9.119792 ], [ 148.3882807, -9.1200836 ], [ 148.3882398, -9.1202478 ], [ 148.388154500000013, -9.1205143 ], [ 148.3878695, -9.1208454 ], [ 148.38775720000001, -9.1209665 ], [ 148.3872915, -9.1213996 ], [ 148.387155400000012, -9.1217587 ], [ 148.386933699999986, -9.12206 ], [ 148.3868798, -9.1223991 ], [ 148.3869977, -9.1226371 ], [ 148.387168800000012, -9.1228678 ], [ 148.3872989, -9.1231393 ], [ 148.3872962, -9.1233963 ], [ 148.3871718, -9.1236964 ], [ 148.3869949, -9.1239638 ], [ 148.3868754, -9.1242024 ], [ 148.386607199999986, -9.1244292 ], [ 148.3863556, -9.1246746 ], [ 148.386038899999988, -9.1248537 ], [ 148.3857133, -9.1251398 ], [ 148.3858993, -9.1249138 ], [ 148.38586140000001, -9.125 ], [ 148.3857894, -9.1250553 ], [ 148.385713900000013, -9.1251233 ], [ 148.3856379, -9.1252519 ], [ 148.385515, -9.1254191 ], [ 148.38549, -9.1256097 ], [ 148.3854441, -9.1258585 ], [ 148.3853382, -9.1260169 ], [ 148.3851917, -9.1261305 ], [ 148.3850367, -9.1261986 ], [ 148.384875, -9.1265585 ], [ 148.384937400000013, -9.12711 ], [ 148.3849576, -9.1276383 ], [ 148.385085, -9.1281584 ], [ 148.384868399999988, -9.1286869 ], [ 148.38465020000001, -9.1291001 ], [ 148.38428780000001, -9.129433 ], [ 148.3840361, -9.1296464 ], [ 148.3837198, -9.1300206 ], [ 148.3835516, -9.1303239 ], [ 148.3833218, -9.1303345 ], [ 148.383112899999986, -9.1303385 ], [ 148.382793, -9.1304535 ], [ 148.38253370000001, -9.1305967 ], [ 148.3824291, -9.130916 ], [ 148.382517799999988, -9.1311894 ], [ 148.382602100000014, -9.1313488 ], [ 148.382805499999989, -9.1317092 ], [ 148.3830819, -9.1320537 ], [ 148.38346820000001, -9.1324434 ], [ 148.3839016, -9.13259 ], [ 148.384353299999987, -9.1327062 ], [ 148.384673099999986, -9.1328776 ], [ 148.384891900000014, -9.1332811 ], [ 148.3849416, -9.1335407 ], [ 148.3850233, -9.1337955 ], [ 148.385179099999988, -9.1341963 ], [ 148.385323699999987, -9.1345945 ], [ 148.385422, -9.1348638 ], [ 148.3855041, -9.1351079 ], [ 148.385584599999987, -9.1353673 ], [ 148.3857018, -9.1356005 ], [ 148.3858161, -9.1358818 ], [ 148.3859295, -9.1361538 ], [ 148.3860836, -9.1366194 ], [ 148.386175, -9.1368471 ], [ 148.386295100000012, -9.1372699 ], [ 148.3865112, -9.137826 ], [ 148.386627, -9.1381264 ], [ 148.3869081, -9.1386878 ], [ 148.387162100000012, -9.1390537 ], [ 148.3872551, -9.139085 ], [ 148.3873264, -9.1390158 ], [ 148.3874735, -9.1389879 ], [ 148.3874792, -9.1388023 ], [ 148.38754, -9.1389196 ], [ 148.3874524, -9.1389604 ], [ 148.3874193, -9.1388649 ], [ 148.3874664, -9.1389428 ], [ 148.387554099999988, -9.1388578 ], [ 148.387469900000013, -9.1388938 ] ] ] } },
{ "type": "Feature", "properties": { "name": "Gadzot Road", "mode": "Motor road", "mode_evidence": "GPS speed: median 14.3 km/h, 66% of moving time >12 km/h", "speed_kmh_median": 14.35, "speed_frac_over_12": 0.659, "gradient_p85_pct": 14.1, "source_file": "Gadzot_Road.gpx", "format": "gpx", "length_km": 29.47, "source": "project GPS recording, Gadzot_Road.gpx", "surface": "unknown", "tracktype": "unknown" }, "geometry": { "type": "MultiLineString", "coordinates": [ [ [ 148.27564, -9.1363717 ], [ 148.2756483, -9.13572 ], [ 148.2757417, -9.1353533 ], [ 148.27588, -9.13488 ], [ 148.2757867, -9.1343817 ], [ 148.275788299999988, -9.133925 ], [ 148.275936699999988, -9.133465 ], [ 148.27609, -9.1331033 ], [ 148.2760867, -9.13277 ], [ 148.2759867, -9.132515 ], [ 148.27591, -9.1322783 ], [ 148.2758967, -9.1321867 ], [ 148.2758283, -9.1319483 ], [ 148.2757867, -9.131845 ], [ 148.2757067, -9.1314667 ], [ 148.275643300000013, -9.13093 ], [ 148.27554330000001, -9.1303717 ], [ 148.27546670000001, -9.1297567 ], [ 148.2753783, -9.1292467 ], [ 148.2750917, -9.1288033 ], [ 148.274933299999987, -9.1284767 ], [ 148.274798299999986, -9.1281233 ], [ 148.2746967, -9.1275933 ], [ 148.274563300000011, -9.127195 ], [ 148.274451699999986, -9.1268383 ], [ 148.274371699999989, -9.1265183 ], [ 148.2742333, -9.1260217 ], [ 148.274075, -9.1256567 ], [ 148.2738333, -9.125205 ], [ 148.2736083, -9.124865 ], [ 148.273475, -9.1250033 ], [ 148.2735117, -9.1253383 ], [ 148.273425, -9.1255383 ], [ 148.2733, -9.1257983 ], [ 148.273191700000012, -9.1260783 ], [ 148.273146700000012, -9.126285 ], [ 148.2730933, -9.1265783 ], [ 148.2730367, -9.12679 ], [ 148.2729567, -9.1271617 ], [ 148.2729267, -9.12742 ], [ 148.2728667, -9.127755 ], [ 148.2728217, -9.1280633 ], [ 148.2727533, -9.1279917 ], [ 148.27282, -9.1278983 ], [ 148.272885, -9.1278267 ], [ 148.272915, -9.1275983 ], [ 148.2729383, -9.1273617 ], [ 148.272976699999987, -9.1271567 ], [ 148.273015, -9.1268883 ], [ 148.27305, -9.1266883 ], [ 148.273075, -9.1265217 ], [ 148.2730833, -9.1262633 ], [ 148.273115, -9.125975 ], [ 148.2732667, -9.125675 ], [ 148.2733733, -9.125505 ], [ 148.273448300000013, -9.1253817 ], [ 148.27349, -9.125065 ], [ 148.27361, -9.12481 ], [ 148.2735583, -9.1244133 ], [ 148.27349670000001, -9.1236683 ], [ 148.2735217, -9.123095 ], [ 148.2736, -9.1225833 ], [ 148.2736683, -9.1221267 ], [ 148.2736233, -9.121615 ], [ 148.27363170000001, -9.1211983 ], [ 148.273505, -9.1210383 ], [ 148.2734233, -9.1211067 ], [ 148.2733533, -9.1211733 ], [ 148.2731533, -9.1213967 ], [ 148.2729283, -9.1216283 ], [ 148.2727083, -9.1218833 ], [ 148.2725733, -9.1220133 ], [ 148.272516700000011, -9.122105 ], [ 148.2723833, -9.1222683 ], [ 148.2722717, -9.122455 ], [ 148.272195, -9.1226067 ], [ 148.27212, -9.1228083 ], [ 148.27197, -9.1230733 ], [ 148.271835, -9.1231417 ], [ 148.2717333, -9.123195 ], [ 148.2714767, -9.1232467 ], [ 148.2713333, -9.123325 ], [ 148.271253300000012, -9.1234167 ], [ 148.2711233, -9.1235233 ], [ 148.2710433, -9.123575 ], [ 148.270805, -9.123645 ], [ 148.2707117, -9.1236717 ], [ 148.2705267, -9.1237133 ], [ 148.270411700000011, -9.1237417 ], [ 148.270325, -9.1238267 ], [ 148.270141700000011, -9.1240483 ], [ 148.270105, -9.12422 ], [ 148.269945, -9.1245317 ], [ 148.2696683, -9.12494 ], [ 148.269441699999987, -9.1253733 ], [ 148.2692767, -9.1258183 ], [ 148.26916, -9.1262667 ], [ 148.269115, -9.1267533 ], [ 148.2690183, -9.1270917 ], [ 148.2688283, -9.1274733 ], [ 148.268795, -9.1277933 ], [ 148.2687867, -9.1282333 ], [ 148.2687383, -9.1286667 ], [ 148.268718299999989, -9.1290267 ], [ 148.2686933, -9.12939 ], [ 148.2685483, -9.12973 ], [ 148.268281699999989, -9.130175 ], [ 148.268015, -9.1305917 ], [ 148.267773299999988, -9.1310283 ], [ 148.2675667, -9.1314133 ], [ 148.26739, -9.1317983 ], [ 148.26731, -9.13224 ], [ 148.26736, -9.1326833 ], [ 148.26726, -9.13309 ], [ 148.2670383, -9.1335083 ], [ 148.2668483, -9.1339283 ], [ 148.266845, -9.13434 ], [ 148.26685, -9.1348417 ], [ 148.2667533, -9.1351133 ], [ 148.2664967, -9.1354917 ], [ 148.26615, -9.1358417 ], [ 148.2659533, -9.1361933 ], [ 148.265895, -9.1367167 ], [ 148.2657667, -9.1370683 ], [ 148.26561, -9.13751 ], [ 148.2655667, -9.137615 ], [ 148.2654533, -9.1378167 ], [ 148.2653467, -9.1381433 ], [ 148.2653283, -9.1384983 ], [ 148.2651233, -9.1389983 ], [ 148.2648733, -9.13945 ], [ 148.264511700000014, -9.1398683 ], [ 148.2640917, -9.14032 ], [ 148.263715, -9.1407767 ], [ 148.2636017, -9.141235 ], [ 148.2636017, -9.1413367 ], [ 148.2636733, -9.141725 ], [ 148.2637067, -9.1421883 ], [ 148.2636167, -9.142575 ], [ 148.2634233, -9.1430083 ], [ 148.263215, -9.1435633 ], [ 148.263015, -9.14409 ], [ 148.2628733, -9.144465 ], [ 148.26276, -9.1449883 ], [ 148.262705, -9.1455117 ], [ 148.26269, -9.1460283 ], [ 148.26259, -9.14652 ], [ 148.2625133, -9.1468767 ], [ 148.262406700000014, -9.1472917 ], [ 148.26215, -9.1478983 ], [ 148.262011699999988, -9.14827 ], [ 148.2619283, -9.1484417 ], [ 148.2618467, -9.1486883 ], [ 148.26184330000001, -9.1487833 ], [ 148.261775, -9.1487017 ], [ 148.261818299999987, -9.1487817 ], [ 148.261876699999988, -9.1488617 ], [ 148.2619033, -9.1490283 ], [ 148.2618833, -9.14924 ], [ 148.2618483, -9.1493383 ], [ 148.261786699999988, -9.14957 ], [ 148.261696699999987, -9.1498483 ], [ 148.261596700000013, -9.1501467 ], [ 148.2615567, -9.150455 ], [ 148.2615, -9.150765 ], [ 148.2615717, -9.1509567 ], [ 148.261485, -9.1510117 ], [ 148.2613917, -9.1513417 ], [ 148.2612933, -9.1517667 ], [ 148.2612167, -9.1521402 ], [ 148.2611765, -9.1522617 ], [ 148.2612535, -9.1523343 ], [ 148.261442, -9.1523587 ], [ 148.261560800000012, -9.1523723 ], [ 148.2617158, -9.1523769 ], [ 148.2618076, -9.152406 ], [ 148.2619024, -9.1523938 ], [ 148.2620466, -9.1522793 ], [ 148.26197830000001, -9.1521528 ], [ 148.2620308, -9.1520146 ], [ 148.262134800000013, -9.151641 ], [ 148.2621269, -9.1513147 ], [ 148.2620767, -9.1511883 ], [ 148.26213, -9.1513172 ], [ 148.262155, -9.1512269 ], [ 148.2621383, -9.1513167 ], [ 148.2621483, -9.1514083 ], [ 148.2620933, -9.1515733 ], [ 148.2620267, -9.1518967 ], [ 148.26197, -9.1521333 ], [ 148.2620183, -9.152295 ], [ 148.26195, -9.1523583 ], [ 148.261831699999988, -9.1524117 ], [ 148.261655, -9.1524 ], [ 148.2614975, -9.1523818 ], [ 148.261327599999987, -9.1523239 ], [ 148.261256, -9.1521753 ], [ 148.2612647, -9.1519451 ], [ 148.2613297, -9.1516539 ], [ 148.2614084, -9.151299 ], [ 148.261483199999986, -9.1509398 ], [ 148.2615032, -9.1508391 ], [ 148.261548299999987, -9.1505547 ], [ 148.2615945, -9.1502574 ], [ 148.26164, -9.1499364 ], [ 148.2617266, -9.1496322 ], [ 148.2618367, -9.1492508 ], [ 148.2619158, -9.1489538 ], [ 148.2618783, -9.1488344 ], [ 148.261854699999986, -9.1487445 ], [ 148.261930400000011, -9.1484828 ], [ 148.2620565, -9.1480644 ], [ 148.2622087, -9.1476537 ], [ 148.2624309, -9.1472017 ], [ 148.262529199999989, -9.1467214 ], [ 148.2626113, -9.1463558 ], [ 148.2627009, -9.1458441 ], [ 148.2627095, -9.1453336 ], [ 148.262773399999986, -9.1447299 ], [ 148.2628856, -9.1442579 ], [ 148.2630964, -9.1437393 ], [ 148.2633167, -9.1432283 ], [ 148.26351, -9.14269 ], [ 148.263655, -9.1421617 ], [ 148.26363, -9.14161 ], [ 148.2635617, -9.14129 ], [ 148.263575, -9.140945 ], [ 148.263895, -9.1404483 ], [ 148.264435, -9.1399033 ], [ 148.2649633, -9.1393517 ], [ 148.26523, -9.13884 ], [ 148.2653583, -9.1382233 ], [ 148.26548, -9.1377083 ], [ 148.2656183, -9.1373717 ], [ 148.26587, -9.1368033 ], [ 148.265973300000013, -9.1362867 ], [ 148.26609830000001, -9.1358383 ], [ 148.26648, -9.1354683 ], [ 148.266755, -9.1350383 ], [ 148.26681, -9.134945 ], [ 148.26686, -9.13465 ], [ 148.2668167, -9.1341859 ], [ 148.2669721, -9.1336233 ], [ 148.2672179, -9.1331757 ], [ 148.2673733, -9.132753 ], [ 148.2673183, -9.1321926 ], [ 148.2674255, -9.1317282 ], [ 148.2675908, -9.1314153 ], [ 148.2678412, -9.1309083 ], [ 148.268012700000014, -9.1305131 ], [ 148.2683466, -9.1299694 ], [ 148.2686072, -9.1295138 ], [ 148.2686391, -9.1291962 ], [ 148.2686864, -9.1287793 ], [ 148.268732300000011, -9.1282597 ], [ 148.2687933, -9.1277349 ], [ 148.268941, -9.1272149 ], [ 148.269093199999986, -9.126714 ], [ 148.2691437, -9.1261614 ], [ 148.269358399999987, -9.1255749 ], [ 148.269658600000014, -9.1249802 ], [ 148.2699743, -9.1245801 ], [ 148.27020060000001, -9.1240834 ], [ 148.270519, -9.1237426 ], [ 148.2706681, -9.1236694 ], [ 148.2709461, -9.1235377 ], [ 148.271293500000013, -9.1233118 ], [ 148.2717935, -9.1231045 ], [ 148.272024499999986, -9.1228748 ], [ 148.2722464, -9.1225387 ], [ 148.2723265, -9.1222964 ], [ 148.272392599999989, -9.1222018 ], [ 148.272613400000012, -9.1219766 ], [ 148.272869899999989, -9.121721 ], [ 148.2732833, -9.1212955 ], [ 148.2735308, -9.1210904 ], [ 148.2736655, -9.121458 ], [ 148.273709200000013, -9.1220644 ], [ 148.27364510000001, -9.1225444 ], [ 148.273559, -9.1231912 ], [ 148.2735525, -9.1238795 ], [ 148.273693, -9.1246618 ], [ 148.2738326, -9.1251809 ], [ 148.2741332, -9.1258045 ], [ 148.2743235, -9.1265611 ], [ 148.2744769, -9.1271697 ], [ 148.2746511, -9.1276666 ], [ 148.274763299999989, -9.1280928 ], [ 148.2749336, -9.128548 ], [ 148.2752653, -9.129048 ], [ 148.275479499999989, -9.129642 ], [ 148.2755195, -9.1301711 ], [ 148.2756197, -9.1307373 ], [ 148.2756539, -9.1311266 ], [ 148.275735700000013, -9.131633 ], [ 148.2758178, -9.1320153 ], [ 148.2758341, -9.1321236 ], [ 148.2759194, -9.132338 ], [ 148.2760021, -9.1325827 ], [ 148.2761085, -9.1329314 ], [ 148.2760094, -9.1333253 ], [ 148.275896, -9.1337359 ], [ 148.275810799999988, -9.1341743 ], [ 148.2758738, -9.1346595 ], [ 148.2757739, -9.135261 ], [ 148.2756446, -9.1357711 ], [ 148.2757622, -9.1358437 ], [ 148.276038199999988, -9.1356101 ], [ 148.2763813, -9.1357543 ], [ 148.276662499999986, -9.1362191 ], [ 148.276904300000012, -9.1365698 ], [ 148.2770337, -9.1368658 ], [ 148.2771138, -9.1372446 ], [ 148.2773685, -9.1378525 ], [ 148.27749510000001, -9.1382724 ], [ 148.277634799999987, -9.1387125 ], [ 148.2778078, -9.1390683 ], [ 148.2780114, -9.1392626 ], [ 148.2782013, -9.1396414 ], [ 148.2785509, -9.1400074 ], [ 148.2789402, -9.1403334 ], [ 148.2793585, -9.1406574 ], [ 148.279685699999987, -9.1410509 ], [ 148.279831699999988, -9.1415911 ], [ 148.2799325, -9.1420024 ], [ 148.2800446, -9.142358 ], [ 148.2804079, -9.1428796 ], [ 148.280574300000012, -9.1434681 ], [ 148.2805769, -9.1439022 ], [ 148.2805817, -9.1443439 ], [ 148.2805103, -9.1448478 ], [ 148.2804774, -9.1452339 ], [ 148.2807048, -9.1459096 ], [ 148.2810754, -9.1462306 ], [ 148.2812767, -9.1465574 ], [ 148.2814065, -9.1469649 ], [ 148.2815621, -9.1473237 ], [ 148.2817374, -9.1476876 ], [ 148.281814, -9.1480709 ], [ 148.2818459, -9.1483484 ], [ 148.28190330000001, -9.1488174 ], [ 148.282023, -9.1494207 ], [ 148.2821739, -9.1500456 ], [ 148.2825138, -9.1505307 ], [ 148.2828106, -9.1511773 ], [ 148.28296180000001, -9.1515909 ], [ 148.2831253, -9.1519553 ], [ 148.283210700000012, -9.1520551 ], [ 148.2835733, -9.1524869 ], [ 148.2839569, -9.1529784 ], [ 148.2841103, -9.1532657 ], [ 148.2842224, -9.1535134 ], [ 148.2844125, -9.1539045 ], [ 148.2848156, -9.1542968 ], [ 148.285266900000011, -9.1546328 ], [ 148.2855667, -9.1549053 ], [ 148.2859219, -9.1553417 ], [ 148.2862656, -9.1557057 ], [ 148.286857700000013, -9.1560716 ], [ 148.287071700000013, -9.156312 ], [ 148.287388, -9.1566041 ], [ 148.287616899999989, -9.1568824 ], [ 148.287945, -9.1572503 ], [ 148.2882596, -9.1576069 ], [ 148.2884253, -9.1578225 ], [ 148.2885602, -9.157988 ], [ 148.288686899999988, -9.1581602 ], [ 148.2890712, -9.1584558 ], [ 148.2894651, -9.1588557 ], [ 148.28983310000001, -9.1591231 ], [ 148.2903811, -9.1594344 ], [ 148.290748799999989, -9.1596874 ], [ 148.2910233, -9.1599933 ], [ 148.2912933, -9.16044 ], [ 148.291583300000013, -9.1610033 ], [ 148.2921466, -9.1613294 ], [ 148.2925986, -9.1613888 ], [ 148.292834699999986, -9.1615446 ], [ 148.2930385, -9.1615535 ], [ 148.2935029, -9.1614634 ], [ 148.293912299999988, -9.1612856 ], [ 148.2942884, -9.1612087 ], [ 148.294606499999986, -9.1612 ], [ 148.2949872, -9.1611663 ], [ 148.295337, -9.1610696 ], [ 148.2956764, -9.1610498 ], [ 148.2960138, -9.1610099 ], [ 148.296325599999989, -9.1609567 ], [ 148.296568799999989, -9.1608815 ], [ 148.2966006, -9.1609955 ], [ 148.2966125, -9.1611753 ], [ 148.2966075, -9.1610844 ], [ 148.2965649, -9.1609869 ], [ 148.2965132, -9.1609111 ], [ 148.2960635, -9.1609887 ], [ 148.2956259, -9.1610404 ], [ 148.295258, -9.1610489 ], [ 148.2951115, -9.1611488 ], [ 148.2951294, -9.1612828 ], [ 148.295107800000011, -9.1613753 ], [ 148.2952712, -9.161455 ], [ 148.2954839, -9.1615002 ], [ 148.2957547, -9.161537 ], [ 148.2959471, -9.1614661 ], [ 148.2960272, -9.1614138 ], [ 148.2961052, -9.1613137 ], [ 148.296118400000012, -9.1612149 ], [ 148.29605140000001, -9.1612931 ], [ 148.2960033, -9.161388 ], [ 148.295800899999989, -9.1614187 ], [ 148.2955752, -9.1614173 ], [ 148.295436599999988, -9.1614519 ], [ 148.295316, -9.1614371 ], [ 148.2953029, -9.1613431 ], [ 148.29527490000001, -9.1612048 ], [ 148.2951354, -9.16116 ], [ 148.294740600000011, -9.161178 ], [ 148.2944027, -9.1612027 ], [ 148.2939786, -9.1613127 ], [ 148.2936943, -9.1614423 ], [ 148.293313899999987, -9.1615216 ], [ 148.2930585, -9.1616035 ], [ 148.2928643, -9.1615316 ], [ 148.2926266, -9.1613227 ], [ 148.292097399999989, -9.1612063 ], [ 148.291650800000014, -9.1609487 ], [ 148.291388500000011, -9.1603627 ], [ 148.291138499999988, -9.1599673 ], [ 148.290859399999988, -9.1596753 ], [ 148.2903221, -9.1593458 ], [ 148.2897494, -9.1589508 ], [ 148.289312700000011, -9.1585594 ], [ 148.2889169, -9.1582624 ], [ 148.2886403, -9.1580772 ], [ 148.28855, -9.1579911 ], [ 148.288432199999988, -9.1577794 ], [ 148.2882452, -9.1575834 ], [ 148.2879328, -9.1572134 ], [ 148.2876176, -9.1568267 ], [ 148.2873454, -9.1565254 ], [ 148.287039099999987, -9.1562877 ], [ 148.286730299999988, -9.1560052 ], [ 148.2862916, -9.1557535 ], [ 148.285917500000011, -9.1553701 ], [ 148.285582799999986, -9.1549167 ], [ 148.2852718, -9.154645 ], [ 148.284839799999986, -9.1542809 ], [ 148.2844805, -9.1539308 ], [ 148.2842124, -9.1534783 ], [ 148.284079600000013, -9.1531442 ], [ 148.2836886, -9.1526102 ], [ 148.2832508, -9.1520649 ], [ 148.2830035, -9.1515063 ], [ 148.28274540000001, -9.1509295 ], [ 148.282443300000011, -9.1503635 ], [ 148.2821865, -9.1499752 ], [ 148.2820882, -9.1494896 ], [ 148.2820649, -9.1491255 ], [ 148.2819954, -9.1487263 ], [ 148.28193730000001, -9.1484031 ], [ 148.28191240000001, -9.1482148 ], [ 148.2818215, -9.1478429 ], [ 148.28163, -9.1474185 ], [ 148.281396, -9.1469591 ], [ 148.281177500000013, -9.1464003 ], [ 148.2808551, -9.1461012 ], [ 148.2806002, -9.1456812 ], [ 148.2804602, -9.1451328 ], [ 148.2805171, -9.1448549 ], [ 148.280612499999989, -9.1444478 ], [ 148.2806074, -9.1440268 ], [ 148.2805778, -9.1437012 ], [ 148.280499, -9.1432411 ], [ 148.280325, -9.1426565 ], [ 148.2800521, -9.1422439 ], [ 148.2799559, -9.1418916 ], [ 148.2798238, -9.1413756 ], [ 148.279642200000012, -9.1408957 ], [ 148.279253, -9.1405303 ], [ 148.278836899999988, -9.1402558 ], [ 148.278453500000012, -9.1399706 ], [ 148.2781845, -9.1396948 ], [ 148.2780334, -9.1393941 ], [ 148.277898599999986, -9.1391729 ], [ 148.277697499999988, -9.1387885 ], [ 148.2775245, -9.1383601 ], [ 148.2774057, -9.1380366 ], [ 148.2773441, -9.1377713 ], [ 148.2773039, -9.1376364 ], [ 148.277171399999986, -9.1373433 ], [ 148.2770678, -9.1369989 ], [ 148.27704030000001, -9.136801 ], [ 148.2768927, -9.1365178 ], [ 148.2766839, -9.1361796 ], [ 148.2764286, -9.1357781 ], [ 148.276020100000011, -9.1356882 ], [ 148.2756989, -9.1359771 ], [ 148.275642299999987, -9.1364477 ], [ 148.27560170000001, -9.1370176 ], [ 148.275614600000011, -9.1373393 ], [ 148.2755742, -9.1376351 ], [ 148.2755096, -9.1379359 ], [ 148.275484799999987, -9.1381885 ], [ 148.2754756, -9.1384809 ], [ 148.2754979, -9.1387409 ], [ 148.2754548, -9.1390435 ], [ 148.2753721, -9.1394292 ], [ 148.275177500000012, -9.1398416 ], [ 148.2750148, -9.1402198 ], [ 148.2749072, -9.1405483 ], [ 148.2747938, -9.1408806 ], [ 148.274735600000014, -9.1412049 ], [ 148.2746673, -9.141585 ], [ 148.27468970000001, -9.141723 ], [ 148.2747427, -9.1419723 ], [ 148.274727399999989, -9.1423082 ], [ 148.2746946, -9.1426685 ], [ 148.2747159, -9.1429876 ], [ 148.2747503, -9.143306 ], [ 148.2747391, -9.1435713 ], [ 148.274768200000011, -9.1440388 ], [ 148.274831400000011, -9.1444351 ], [ 148.2748808, -9.1447733 ], [ 148.2749302, -9.1451324 ], [ 148.274978800000014, -9.1455067 ], [ 148.275043399999987, -9.1458976 ], [ 148.275030500000014, -9.1462658 ], [ 148.2749566, -9.1466379 ], [ 148.2748268, -9.1470436 ], [ 148.2747545, -9.1473076 ], [ 148.2746792, -9.1474678 ], [ 148.274637500000011, -9.1476327 ], [ 148.2744552, -9.1480212 ], [ 148.274278900000013, -9.1483564 ], [ 148.2742213, -9.1486327 ], [ 148.274000300000012, -9.1489647 ], [ 148.273861, -9.1491983 ], [ 148.273694400000011, -9.1496362 ], [ 148.27363, -9.1500394 ], [ 148.2735676, -9.1502315 ], [ 148.2735332, -9.1504004 ], [ 148.2734836, -9.1505855 ], [ 148.2733825, -9.150858 ], [ 148.2731997, -9.151148 ], [ 148.2730578, -9.1515022 ], [ 148.2730874, -9.1518659 ], [ 148.2730742, -9.1522559 ], [ 148.272934, -9.1526729 ], [ 148.272861, -9.1528946 ], [ 148.2728424, -9.153141 ], [ 148.272830699999986, -9.153612 ], [ 148.2728505, -9.1539352 ], [ 148.2730285, -9.1542218 ], [ 148.2730746, -9.1546415 ], [ 148.273061500000011, -9.1550681 ], [ 148.2730621, -9.1554963 ], [ 148.273062, -9.1558691 ], [ 148.2730789, -9.1562665 ], [ 148.273081, -9.1564738 ], [ 148.2730971, -9.1565653 ], [ 148.2730819, -9.1568553 ], [ 148.2730832, -9.1572348 ], [ 148.2730841, -9.1575741 ], [ 148.2730948, -9.15795 ], [ 148.273093499999987, -9.1584913 ], [ 148.2730962, -9.1588416 ], [ 148.2730024, -9.1591847 ], [ 148.2728112, -9.1595921 ], [ 148.2726657, -9.159985 ], [ 148.2725836, -9.160298 ], [ 148.27246, -9.1606859 ], [ 148.2723665, -9.1610256 ], [ 148.272354799999988, -9.1611469 ], [ 148.2723498, -9.1613172 ], [ 148.272346199999987, -9.1616523 ], [ 148.2723782, -9.1619331 ], [ 148.2723014, -9.1622117 ], [ 148.2722774, -9.1624976 ], [ 148.2722879, -9.1627993 ], [ 148.272320900000011, -9.1630656 ], [ 148.2723455, -9.1633728 ], [ 148.27218160000001, -9.1638366 ], [ 148.272206399999988, -9.1641695 ], [ 148.2721429, -9.1644155 ], [ 148.272058, -9.1648689 ], [ 148.2717958, -9.16547 ], [ 148.2716285, -9.1659327 ], [ 148.2714283, -9.1662414 ], [ 148.271186699999987, -9.1667118 ], [ 148.271138400000012, -9.1671031 ], [ 148.271120200000013, -9.1673647 ], [ 148.2710731, -9.1674675 ], [ 148.2711185, -9.167771 ], [ 148.271024899999986, -9.1682181 ], [ 148.2709673, -9.1685151 ], [ 148.2709154, -9.168835 ], [ 148.2707919, -9.1692945 ], [ 148.2706566, -9.1695524 ], [ 148.2705311, -9.1698152 ], [ 148.2703999, -9.1701059 ], [ 148.2702687, -9.1704034 ], [ 148.2698646, -9.1706785 ], [ 148.269495400000011, -9.1708172 ], [ 148.2691261, -9.1709692 ], [ 148.2688757, -9.1710888 ], [ 148.2685744, -9.1713978 ], [ 148.268439199999989, -9.1716709 ], [ 148.2683299, -9.1719067 ], [ 148.2682067, -9.1722568 ], [ 148.268138099999987, -9.1724977 ], [ 148.268137599999989, -9.1727481 ], [ 148.268079, -9.1730023 ], [ 148.267972500000013, -9.173315 ], [ 148.2678358, -9.1736173 ], [ 148.2677007, -9.1739603 ], [ 148.2675111, -9.1743043 ], [ 148.267362, -9.1746331 ], [ 148.267283099999986, -9.1748144 ], [ 148.2672336, -9.1748931 ], [ 148.2672708, -9.175157 ], [ 148.2674082, -9.1753423 ], [ 148.2675509, -9.175561 ], [ 148.2676778, -9.1758602 ], [ 148.26779, -9.1761064 ], [ 148.2679032, -9.1763394 ], [ 148.2680154, -9.1765873 ], [ 148.2681141, -9.1767971 ], [ 148.268209899999988, -9.1770089 ], [ 148.2682322, -9.1772316 ], [ 148.2682189, -9.1774851 ], [ 148.2680753, -9.1778142 ], [ 148.2679148, -9.1781222 ], [ 148.267965800000013, -9.1784352 ], [ 148.26812480000001, -9.1786906 ], [ 148.268273599999986, -9.1790003 ], [ 148.2684631, -9.1792934 ], [ 148.2686931, -9.1794486 ], [ 148.26864230000001, -9.1796321 ], [ 148.26843070000001, -9.1797768 ], [ 148.2682417, -9.1798428 ], [ 148.2681096, -9.1800652 ], [ 148.2682326, -9.1803226 ], [ 148.2683585, -9.1805684 ], [ 148.2686481, -9.1805076 ], [ 148.2689637, -9.1804577 ], [ 148.2692605, -9.180688 ], [ 148.269495, -9.1809025 ], [ 148.26984920000001, -9.1811196 ], [ 148.270057400000013, -9.1813167 ], [ 148.2701686, -9.1815835 ], [ 148.2702648, -9.181891 ], [ 148.2703938, -9.1822583 ], [ 148.270466, -9.1826146 ], [ 148.270495899999986, -9.1830619 ], [ 148.270590199999987, -9.1835756 ], [ 148.2707222, -9.1840168 ], [ 148.270746800000012, -9.1842883 ], [ 148.2707172, -9.1846411 ], [ 148.2706516, -9.1850294 ], [ 148.2705568, -9.1855026 ], [ 148.2703756, -9.18603 ], [ 148.270213899999987, -9.186435 ], [ 148.2700204, -9.1868596 ], [ 148.2697449, -9.1873056 ], [ 148.2692827, -9.187847 ], [ 148.2688803, -9.1882961 ], [ 148.2685009, -9.1887962 ], [ 148.2683438, -9.1893962 ], [ 148.2683423, -9.189999 ], [ 148.2683668, -9.1905589 ], [ 148.2683262, -9.1911529 ], [ 148.2681794, -9.1916433 ], [ 148.2679477, -9.1921238 ], [ 148.2677215, -9.1925202 ], [ 148.2674977, -9.1927827 ], [ 148.267103100000014, -9.193181 ], [ 148.2669099, -9.1935515 ], [ 148.2667001, -9.1940734 ], [ 148.2664486, -9.1946065 ], [ 148.2661982, -9.1949812 ], [ 148.2659643, -9.1952375 ], [ 148.2657854, -9.1954461 ], [ 148.2654957, -9.1957748 ], [ 148.2652731, -9.1961944 ], [ 148.2651004, -9.1964733 ], [ 148.264889399999987, -9.1967927 ], [ 148.2646982, -9.1970557 ], [ 148.2645924, -9.1971753 ], [ 148.2644641, -9.1973198 ], [ 148.2643118, -9.1975335 ], [ 148.2642012, -9.1974955 ], [ 148.264037300000012, -9.1976325 ], [ 148.2640413, -9.1979565 ], [ 148.264073200000013, -9.1982671 ], [ 148.264064100000013, -9.1985319 ], [ 148.264082, -9.1988157 ], [ 148.2640801, -9.1990416 ], [ 148.264082300000013, -9.1992671 ], [ 148.2640733, -9.1995067 ], [ 148.2640433, -9.19972 ], [ 148.2637517, -9.1996633 ], [ 148.26354, -9.1997817 ], [ 148.263215, -9.20006 ], [ 148.2628833, -9.2003133 ], [ 148.2625133, -9.2005833 ], [ 148.2621517, -9.200835 ], [ 148.2617967, -9.2011733 ], [ 148.2614767, -9.2015967 ], [ 148.26126, -9.2019833 ], [ 148.261095, -9.2022983 ], [ 148.260945, -9.202515 ], [ 148.260795, -9.2027933 ], [ 148.260613299999989, -9.2030383 ], [ 148.2603717, -9.203235 ], [ 148.2601017, -9.20342 ], [ 148.25997, -9.203635 ], [ 148.2598533, -9.2037183 ], [ 148.25998, -9.20375 ], [ 148.260135, -9.20381 ], [ 148.2600683, -9.2038717 ], [ 148.260121700000013, -9.2037983 ], [ 148.2601167, -9.2036917 ], [ 148.260031700000013, -9.203575 ], [ 148.2600017, -9.2037567 ], [ 148.260073299999988, -9.2038133 ], [ 148.2600917, -9.2039133 ] ] ] } },
{ "type": "Feature", "properties": { "name": "road track save (seg 3)", "mode": "Motor road", "mode_evidence": "GPS speed: median 12.2 km/h, 52% of moving time >12 km/h", "speed_kmh_median": 12.25, "speed_frac_over_12": 0.516, "gradient_p85_pct": 13.8, "source_file": "Roads_Popondetta_to_Afore.gpx", "format": "gpx", "length_km": 27.87, "source": "project GPS recording, Roads_Popondetta_to_Afore.gpx", "surface": "unknown", "tracktype": "unknown" }, "geometry": { "type": "MultiLineString", "coordinates": [ [ [ 148.3076252, -9.1206344 ], [ 148.3075979, -9.120548 ], [ 148.307664499999987, -9.1204629 ], [ 148.3077499, -9.1202528 ], [ 148.307908200000014, -9.1199512 ], [ 148.308077700000013, -9.1196525 ], [ 148.3082231, -9.1192209 ], [ 148.308345800000012, -9.1187693 ], [ 148.308502299999986, -9.1185079 ], [ 148.308780899999988, -9.1183549 ], [ 148.309063, -9.1181072 ], [ 148.3092915, -9.1178711 ], [ 148.309409100000011, -9.1177264 ], [ 148.3094964, -9.1176826 ], [ 148.3098001, -9.1173664 ], [ 148.31012290000001, -9.1170939 ], [ 148.310398600000013, -9.1168871 ], [ 148.3106602, -9.1167035 ], [ 148.310948599999989, -9.1164139 ], [ 148.3112341, -9.1161216 ], [ 148.31164290000001, -9.1157565 ], [ 148.3120252, -9.1153723 ], [ 148.3124175, -9.1148983 ], [ 148.312685, -9.1143555 ], [ 148.312761099999989, -9.1140426 ], [ 148.3127581, -9.1138365 ], [ 148.312785, -9.1131673 ], [ 148.3127148, -9.1125189 ], [ 148.3127289, -9.1121495 ], [ 148.3126526, -9.1117917 ], [ 148.312638600000014, -9.1116963 ], [ 148.3126168, -9.1115115 ], [ 148.3124957, -9.1112381 ], [ 148.3122826, -9.1109704 ], [ 148.3119898, -9.1106299 ], [ 148.3117806, -9.1103316 ], [ 148.311670099999986, -9.1101128 ], [ 148.3114526, -9.1097895 ], [ 148.3111362, -9.1092843 ], [ 148.3109603, -9.1088834 ], [ 148.3106837, -9.1083482 ], [ 148.3103581, -9.1078474 ], [ 148.31018, -9.1074517 ], [ 148.3100268, -9.1071612 ], [ 148.309762799999987, -9.106736 ], [ 148.3096094, -9.1061543 ], [ 148.309564, -9.1057314 ], [ 148.3095343, -9.1053435 ], [ 148.309487499999989, -9.1051144 ], [ 148.309380800000014, -9.104818 ], [ 148.3093518, -9.1045421 ], [ 148.3092843, -9.1042234 ], [ 148.309166299999987, -9.1039464 ], [ 148.3090373, -9.1035373 ], [ 148.3090094, -9.1033525 ], [ 148.30897490000001, -9.1032622 ], [ 148.3089334, -9.1029156 ], [ 148.308866599999988, -9.1026133 ], [ 148.3088362, -9.1024579 ], [ 148.3086468, -9.1021736 ], [ 148.3083995, -9.101841 ], [ 148.3083116, -9.1015788 ], [ 148.3082182, -9.101191 ], [ 148.308188800000011, -9.1008757 ], [ 148.3081417, -9.1002975 ], [ 148.308163400000012, -9.099815 ], [ 148.308136, -9.0993725 ], [ 148.3081305, -9.09895 ], [ 148.308062400000011, -9.098477 ], [ 148.3080425, -9.0981235 ], [ 148.3080701, -9.0977015 ], [ 148.3080965, -9.0972189 ], [ 148.3081206, -9.0970478 ], [ 148.308038900000014, -9.0967141 ], [ 148.307987700000012, -9.0962319 ], [ 148.30793220000001, -9.0957584 ], [ 148.307929800000011, -9.0953315 ], [ 148.307918300000011, -9.0951293 ], [ 148.307913899999988, -9.0949811 ], [ 148.307903399999987, -9.0947713 ], [ 148.3079204, -9.0945324 ], [ 148.3079191, -9.0944265 ], [ 148.307885199999987, -9.0940655 ], [ 148.307875, -9.0936878 ], [ 148.3077396, -9.0930855 ], [ 148.3075395, -9.0924418 ], [ 148.3077064, -9.0917274 ], [ 148.3076634, -9.0911989 ], [ 148.3076207, -9.0909939 ], [ 148.307568300000014, -9.0907651 ], [ 148.3074358, -9.0905227 ], [ 148.3072984, -9.0902124 ], [ 148.307042599999988, -9.0899064 ], [ 148.3066455, -9.0895774 ], [ 148.3062309, -9.0892532 ], [ 148.3059917, -9.0889917 ], [ 148.305734199999989, -9.0886933 ], [ 148.3055397, -9.0883418 ], [ 148.305417799999987, -9.0880057 ], [ 148.305185, -9.0875161 ], [ 148.305116700000013, -9.0869735 ], [ 148.3051123, -9.08648 ], [ 148.305014300000011, -9.0860181 ], [ 148.3048667, -9.0857471 ], [ 148.304773899999986, -9.0854526 ], [ 148.304664, -9.0851375 ], [ 148.304654699999986, -9.0847386 ], [ 148.304774400000014, -9.0843183 ], [ 148.3048967, -9.0839827 ], [ 148.3049469, -9.0836316 ], [ 148.3050571, -9.0832815 ], [ 148.3052181, -9.0829172 ], [ 148.305303400000014, -9.082618 ], [ 148.3054051, -9.0821002 ], [ 148.3054632, -9.0817348 ], [ 148.3054768, -9.0814658 ], [ 148.3055041, -9.0811302 ], [ 148.3055556, -9.0807976 ], [ 148.3055218, -9.0804237 ], [ 148.3055575, -9.0802824 ], [ 148.3054994, -9.0799887 ], [ 148.3054792, -9.0795791 ], [ 148.305457499999989, -9.0792499 ], [ 148.305444599999987, -9.0789939 ], [ 148.3055163, -9.0786022 ], [ 148.305603499999989, -9.0784133 ], [ 148.3056429, -9.0780648 ], [ 148.3059998, -9.0775788 ], [ 148.3063807, -9.0771768 ], [ 148.3065325, -9.0767722 ], [ 148.3064948, -9.0764885 ], [ 148.3064429, -9.0761362 ], [ 148.3064674, -9.0757181 ], [ 148.306464799999986, -9.0754445 ], [ 148.3064195, -9.0751888 ], [ 148.3063117, -9.0749169 ], [ 148.3062694, -9.0746304 ], [ 148.30614030000001, -9.0742676 ], [ 148.3061404, -9.0740308 ], [ 148.3062912, -9.0736302 ], [ 148.3063817, -9.0734782 ], [ 148.3065167, -9.0730981 ], [ 148.306550499999986, -9.0729152 ], [ 148.3065468, -9.0726583 ], [ 148.3066049, -9.0724419 ], [ 148.3065985, -9.0722827 ], [ 148.3066983, -9.0721092 ], [ 148.306783700000011, -9.0719977 ], [ 148.306901399999987, -9.0718576 ], [ 148.307161900000011, -9.0717547 ], [ 148.3073532, -9.0716651 ], [ 148.3076094, -9.0717609 ], [ 148.307796599999989, -9.0719226 ], [ 148.3080795, -9.0720534 ], [ 148.30831950000001, -9.0722377 ], [ 148.3086075, -9.0723306 ], [ 148.308673199999987, -9.0719864 ], [ 148.3086848, -9.0717494 ], [ 148.3087109, -9.0716073 ], [ 148.3088267, -9.0715011 ], [ 148.309126099999986, -9.0715765 ], [ 148.3093834, -9.0717208 ], [ 148.309449199999989, -9.0718879 ], [ 148.3095097, -9.0720934 ], [ 148.309546899999987, -9.0724339 ], [ 148.3098449, -9.0725163 ], [ 148.3100633, -9.0724813 ], [ 148.3103496, -9.0723481 ], [ 148.3107173, -9.0723468 ], [ 148.311111, -9.0722289 ], [ 148.3113361, -9.0717248 ], [ 148.3115101, -9.07132 ], [ 148.3116568, -9.0710593 ], [ 148.3118244, -9.0708081 ], [ 148.3118493, -9.0705845 ], [ 148.3118514, -9.0704934 ], [ 148.3121179, -9.070296 ], [ 148.312427, -9.0701164 ], [ 148.3126244, -9.0699932 ], [ 148.3127244, -9.0699695 ], [ 148.3127686, -9.0698887 ], [ 148.3127958, -9.0697912 ], [ 148.3128428, -9.0696104 ], [ 148.3128677, -9.0693434 ], [ 148.3131814, -9.0693434 ], [ 148.313334200000014, -9.0695687 ], [ 148.3135651, -9.0694612 ], [ 148.313828, -9.0692075 ], [ 148.314074299999987, -9.0688984 ], [ 148.314363500000013, -9.0684584 ], [ 148.3146701, -9.0681766 ], [ 148.3149654, -9.0678888 ], [ 148.315254399999986, -9.0675769 ], [ 148.315542599999986, -9.067394 ], [ 148.3156586, -9.0671716 ], [ 148.3157486, -9.0669899 ], [ 148.315752, -9.0667166 ], [ 148.315701, -9.0664823 ], [ 148.3157473, -9.0662349 ], [ 148.3157486, -9.0660128 ], [ 148.315976400000011, -9.0658166 ], [ 148.316246299999989, -9.0655482 ], [ 148.3165332, -9.0652708 ], [ 148.3168858, -9.0649146 ], [ 148.317215, -9.0644087 ], [ 148.3174644, -9.0641769 ], [ 148.317781700000012, -9.0639557 ], [ 148.318024799999989, -9.0636776 ], [ 148.3181803, -9.063438 ], [ 148.318396799999988, -9.0631809 ], [ 148.3185609, -9.0630768 ], [ 148.3187499, -9.0629014 ], [ 148.3189452, -9.0626437 ], [ 148.3192367, -9.062392 ], [ 148.31953630000001, -9.0620929 ], [ 148.3197568, -9.0617949 ], [ 148.3199165, -9.0616017 ], [ 148.3201214, -9.0612799 ], [ 148.320265299999988, -9.060977 ], [ 148.3204043, -9.0607829 ], [ 148.3205606, -9.0605264 ], [ 148.320799, -9.0603119 ], [ 148.321045199999986, -9.0601119 ], [ 148.3212818, -9.0599456 ], [ 148.3217299, -9.0596302 ], [ 148.321908900000011, -9.0594593 ], [ 148.3221617, -9.0591416 ], [ 148.3224683, -9.0589079 ], [ 148.3227295, -9.0587689 ], [ 148.3230652, -9.0585186 ], [ 148.3233529, -9.0583834 ], [ 148.323826200000013, -9.0581821 ], [ 148.3242529, -9.0580312 ], [ 148.3247298, -9.0578399 ], [ 148.3251941, -9.0579098 ], [ 148.3256304, -9.058088 ], [ 148.3260525, -9.0582651 ], [ 148.3262916, -9.0583517 ], [ 148.3265319, -9.0584347 ], [ 148.3268347, -9.0585109 ], [ 148.327190800000011, -9.0586206 ], [ 148.3275545, -9.0587383 ], [ 148.3278009, -9.0588255 ], [ 148.328087900000014, -9.0589393 ], [ 148.3283629, -9.059061 ], [ 148.3286048, -9.0592084 ], [ 148.3288072, -9.0593757 ], [ 148.329049700000013, -9.0595801 ], [ 148.3293788, -9.0598801 ], [ 148.3295516, -9.060167 ], [ 148.329705600000011, -9.0604604 ], [ 148.3298321, -9.060919 ], [ 148.3298304, -9.0613185 ], [ 148.3298489, -9.0615991 ], [ 148.3299233, -9.0619238 ], [ 148.329956900000013, -9.0623819 ], [ 148.3298962, -9.0628615 ], [ 148.329809, -9.0632466 ], [ 148.3298192, -9.0637361 ], [ 148.3298783, -9.0640389 ], [ 148.329904, -9.0643872 ], [ 148.3299294, -9.0648028 ], [ 148.330002799999988, -9.065178 ], [ 148.330051, -9.0655313 ], [ 148.3301065, -9.0658489 ], [ 148.330245600000012, -9.0661775 ], [ 148.3304465, -9.0665155 ], [ 148.3305672, -9.0669045 ], [ 148.3306347, -9.0672937 ], [ 148.3307816, -9.0679211 ], [ 148.330939199999989, -9.0685059 ], [ 148.3311113, -9.0690657 ], [ 148.331365, -9.0694619 ], [ 148.3317509, -9.069638 ], [ 148.3319123, -9.0697725 ], [ 148.3320784, -9.069935 ], [ 148.332393, -9.070062 ], [ 148.3327325, -9.0702978 ], [ 148.3328272, -9.0703606 ], [ 148.3330274, -9.0704866 ], [ 148.3330935, -9.0702097 ], [ 148.3330707, -9.0698764 ], [ 148.3327315, -9.0696812 ], [ 148.332550199999986, -9.069262 ], [ 148.3326475, -9.0688675 ], [ 148.332915500000013, -9.0685204 ], [ 148.333139, -9.0681807 ], [ 148.333271700000012, -9.0679581 ], [ 148.3333589, -9.0677922 ], [ 148.333435400000013, -9.0676315 ], [ 148.3335808, -9.0674351 ], [ 148.3338161, -9.0673167 ], [ 148.333926600000012, -9.0670958 ], [ 148.3341764, -9.0668874 ], [ 148.3342379, -9.0664899 ], [ 148.3345512, -9.0659938 ], [ 148.3348224, -9.0657293 ], [ 148.3350182, -9.0656182 ], [ 148.3352478, -9.0654887 ], [ 148.335338900000011, -9.0654453 ], [ 148.3358078, -9.0653201 ], [ 148.3363367, -9.0652038 ], [ 148.3365963, -9.0651365 ], [ 148.3370621, -9.0649846 ], [ 148.3375576, -9.0647969 ], [ 148.3381162, -9.0645302 ], [ 148.338663, -9.0643134 ], [ 148.33935120000001, -9.0640904 ], [ 148.3400374, -9.063964 ], [ 148.340632699999986, -9.0639851 ], [ 148.3411532, -9.0635884 ], [ 148.3416674, -9.0630392 ], [ 148.3421653, -9.0625976 ], [ 148.342583100000013, -9.0621691 ], [ 148.3428312, -9.0616108 ], [ 148.3430204, -9.0610875 ], [ 148.343201099999987, -9.0607816 ], [ 148.3433532, -9.0605237 ], [ 148.3435582, -9.0601541 ], [ 148.34385180000001, -9.0597427 ], [ 148.3441104, -9.0594569 ], [ 148.344495099999989, -9.0592497 ], [ 148.3447371, -9.0590036 ], [ 148.3449397, -9.0586694 ], [ 148.3451097, -9.0582526 ], [ 148.3453113, -9.0577315 ], [ 148.3456703, -9.0570811 ], [ 148.346147800000011, -9.0565828 ], [ 148.3465966, -9.0562731 ], [ 148.3467628, -9.0558664 ], [ 148.346988, -9.0554568 ], [ 148.3472688, -9.0549877 ], [ 148.3474515, -9.0544789 ], [ 148.3475636, -9.0539038 ], [ 148.3477824, -9.0534483 ], [ 148.3478493, -9.0531182 ], [ 148.3480195, -9.0527099 ], [ 148.348247, -9.0523366 ], [ 148.3483291, -9.0518745 ], [ 148.3484273, -9.0513521 ], [ 148.3487729, -9.0508908 ], [ 148.349027799999988, -9.0507051 ], [ 148.349377299999986, -9.0505497 ], [ 148.3497563, -9.0508696 ], [ 148.349905299999989, -9.0510416 ], [ 148.3500479, -9.0511823 ], [ 148.3501197, -9.0512562 ], [ 148.3502694, -9.0513907 ], [ 148.3505281, -9.051595 ], [ 148.3507544, -9.0518313 ], [ 148.3509833, -9.0520525 ], [ 148.351168, -9.0522727 ], [ 148.35137850000001, -9.0525338 ], [ 148.3516392, -9.0528612 ], [ 148.351793500000014, -9.0531753 ], [ 148.3518751, -9.0534093 ], [ 148.35200420000001, -9.0537414 ], [ 148.352265100000011, -9.0541886 ], [ 148.352535499999988, -9.0545229 ], [ 148.3527335, -9.0547583 ], [ 148.353018600000013, -9.0550603 ], [ 148.3534146, -9.0554721 ], [ 148.3536872, -9.055861 ], [ 148.353984200000014, -9.0563672 ], [ 148.3541394, -9.0568936 ], [ 148.3537848, -9.0571547 ], [ 148.3534823, -9.0571818 ], [ 148.3530764, -9.0573033 ], [ 148.3528101, -9.0573988 ], [ 148.352527900000013, -9.0577596 ], [ 148.3524825, -9.058527 ], [ 148.3524928, -9.0589704 ], [ 148.3526683, -9.0593284 ], [ 148.3528814, -9.0595798 ], [ 148.3530098, -9.0598813 ], [ 148.3533669, -9.0597299 ], [ 148.3536889, -9.0597599 ], [ 148.3537681, -9.0601863 ], [ 148.3538053, -9.0603249 ], [ 148.3538457, -9.0604233 ], [ 148.353926, -9.0606043 ], [ 148.3541013, -9.0607641 ], [ 148.3542761, -9.06088 ], [ 148.354394899999988, -9.060977 ], [ 148.354747800000013, -9.061071 ], [ 148.3551955, -9.0613614 ], [ 148.355426099999988, -9.0616856 ], [ 148.355869399999989, -9.0619741 ], [ 148.356388399999986, -9.0623404 ], [ 148.356503800000013, -9.0628664 ], [ 148.356559, -9.0635644 ], [ 148.3568041, -9.0641916 ], [ 148.3569858, -9.0648305 ], [ 148.3571331, -9.0654676 ], [ 148.357312799999988, -9.0660453 ], [ 148.357803600000011, -9.0664198 ], [ 148.3583715, -9.0667621 ], [ 148.358568, -9.0673533 ], [ 148.358686, -9.0677105 ], [ 148.3590845, -9.0676366 ], [ 148.3593549, -9.067235 ], [ 148.3596723, -9.0672052 ], [ 148.3600822, -9.0672678 ], [ 148.360406399999988, -9.067433 ], [ 148.360804, -9.067532 ], [ 148.3612052, -9.0677053 ], [ 148.361676, -9.0680994 ], [ 148.3623387, -9.06859 ], [ 148.362996, -9.0688081 ], [ 148.363331100000011, -9.0689938 ], [ 148.3638163, -9.0691669 ], [ 148.3640993, -9.0698078 ], [ 148.3645235, -9.0702083 ], [ 148.3652215, -9.0702583 ], [ 148.366055499999987, -9.0701508 ], [ 148.3664566, -9.0705547 ], [ 148.3670284, -9.0710997 ], [ 148.36752, -9.0715243 ], [ 148.3678378, -9.0718134 ], [ 148.3682473, -9.0721225 ], [ 148.368449700000014, -9.0722364 ], [ 148.3685073, -9.0723139 ], [ 148.3687218, -9.0724603 ], [ 148.3688989, -9.0726285 ], [ 148.368943800000011, -9.0728419 ], [ 148.3689257, -9.0732805 ], [ 148.36906, -9.0736358 ], [ 148.3691574, -9.0739613 ], [ 148.3691647, -9.0744669 ], [ 148.369340200000011, -9.0750188 ], [ 148.3694391, -9.0758791 ], [ 148.36979980000001, -9.0765402 ], [ 148.3701701, -9.0773946 ], [ 148.37083530000001, -9.0779277 ], [ 148.3710067, -9.0785093 ], [ 148.371202399999987, -9.0790863 ], [ 148.3715972, -9.0796966 ], [ 148.3720261, -9.0804149 ], [ 148.372740099999987, -9.080924 ], [ 148.3735366, -9.0811766 ], [ 148.3739904, -9.0814821 ], [ 148.3744584, -9.0821424 ], [ 148.3744087, -9.0827146 ], [ 148.3744044, -9.0831373 ], [ 148.3743528, -9.0834499 ], [ 148.374446, -9.0839146 ], [ 148.3745496, -9.0842578 ], [ 148.374704900000012, -9.0847294 ], [ 148.3749526, -9.0853027 ], [ 148.3749247, -9.0860465 ], [ 148.375158199999987, -9.0865706 ], [ 148.3756206, -9.0874203 ], [ 148.3761319, -9.0880564 ], [ 148.3765659, -9.0883689 ], [ 148.3768174, -9.0886289 ], [ 148.3772432, -9.0890322 ], [ 148.3776995, -9.0892427 ], [ 148.3781684, -9.0893957 ], [ 148.378041, -9.0896717 ], [ 148.377555199999989, -9.089891 ], [ 148.377219599999989, -9.0902568 ], [ 148.377134, -9.0907061 ], [ 148.3772004, -9.0908921 ], [ 148.37722930000001, -9.0909945 ], [ 148.3774709, -9.0911495 ], [ 148.3778175, -9.0915395 ], [ 148.3779093, -9.0921618 ], [ 148.3783043, -9.092412 ], [ 148.378741600000012, -9.0927697 ], [ 148.3785782, -9.0933456 ], [ 148.378403, -9.0938708 ], [ 148.3783283, -9.0944418 ], [ 148.3784459, -9.0948786 ], [ 148.37858, -9.0954978 ], [ 148.3792776, -9.0961521 ], [ 148.379832599999986, -9.0967707 ], [ 148.380373100000014, -9.0971176 ], [ 148.3807578, -9.0971971 ], [ 148.381273, -9.0970836 ], [ 148.3819719, -9.0973563 ], [ 148.3825143, -9.0975792 ], [ 148.3830767, -9.0979267 ], [ 148.3833574, -9.0984432 ], [ 148.383953600000012, -9.0987409 ], [ 148.3843834, -9.0987143 ], [ 148.3852793, -9.0986696 ], [ 148.3860238, -9.0991239 ], [ 148.3869479, -9.0992531 ], [ 148.3874873, -9.0996364 ], [ 148.3876177, -9.1001151 ], [ 148.3878987, -9.1005721 ], [ 148.388243100000011, -9.1011146 ], [ 148.3885544, -9.1020139 ], [ 148.3887612, -9.1027346 ], [ 148.3887803, -9.1035048 ], [ 148.3888098, -9.1039695 ], [ 148.3888872, -9.1047344 ], [ 148.3887258, -9.1050542 ], [ 148.3885058, -9.1054478 ], [ 148.388279, -9.1058299 ], [ 148.387997500000012, -9.1065728 ], [ 148.388053899999989, -9.1073034 ], [ 148.3884172, -9.1081223 ], [ 148.3880887, -9.108731 ], [ 148.387693500000012, -9.1093067 ], [ 148.3875855, -9.1098164 ], [ 148.3881092, -9.1101382 ], [ 148.388463800000011, -9.1105475 ], [ 148.388540799999987, -9.110788 ], [ 148.3890285, -9.1110651 ], [ 148.3893143, -9.1111814 ], [ 148.3895803, -9.1113914 ], [ 148.3899644, -9.1116423 ], [ 148.390516, -9.1117292 ], [ 148.3909256, -9.1117423 ], [ 148.3914212, -9.1118338 ], [ 148.391992499999986, -9.1120075 ], [ 148.392339600000014, -9.1123821 ], [ 148.3921278, -9.1127208 ], [ 148.391753200000011, -9.1130364 ], [ 148.3913508, -9.1130873 ], [ 148.3911061, -9.1132742 ], [ 148.3908923, -9.113601 ], [ 148.390736800000013, -9.1139635 ], [ 148.3903597, -9.1142996 ], [ 148.3898556, -9.1146047 ], [ 148.3895078, -9.1147972 ], [ 148.3890697, -9.1148281 ], [ 148.3886862, -9.1148783 ], [ 148.3886099, -9.1150995 ], [ 148.3889072, -9.1153287 ], [ 148.3888322, -9.1157192 ], [ 148.3884789, -9.1160894 ], [ 148.3882403, -9.1164996 ], [ 148.388089400000013, -9.1168138 ], [ 148.3880733, -9.1170044 ], [ 148.3882877, -9.1171736 ], [ 148.3884985, -9.1175277 ], [ 148.3885894, -9.1178328 ], [ 148.38859020000001, -9.118146 ], [ 148.388467, -9.11866 ], [ 148.3885601, -9.1190414 ], [ 148.3885286, -9.1192895 ], [ 148.388451800000013, -9.1195579 ], [ 148.3883466, -9.1199583 ], [ 148.388183, -9.1204511 ], [ 148.3878784, -9.1208658 ], [ 148.3876993, -9.1210216 ], [ 148.3872522, -9.1214932 ], [ 148.387051, -9.121974 ], [ 148.3868666, -9.1222738 ], [ 148.386995, -9.1225591 ], [ 148.3871543, -9.1228985 ], [ 148.387313, -9.1231674 ], [ 148.38728660000001, -9.1234046 ], [ 148.3871819, -9.1237532 ], [ 148.386951900000014, -9.1239999 ], [ 148.386764699999986, -9.12431 ], [ 148.386446799999987, -9.1245771 ], [ 148.3861699, -9.1249203 ], [ 148.385831700000011, -9.1251371 ], [ 148.3857084, -9.1252357 ], [ 148.385603300000014, -9.1253585 ], [ 148.3855108, -9.1255271 ], [ 148.385479, -9.1257099 ], [ 148.3853971, -9.1259809 ], [ 148.3852545, -9.1261458 ], [ 148.3851645, -9.126252 ], [ 148.3848968, -9.1264613 ], [ 148.3850041, -9.1270355 ], [ 148.3849677, -9.1276305 ], [ 148.3852, -9.1281701 ], [ 148.3849587, -9.1287714 ], [ 148.3845823, -9.1293519 ], [ 148.3842793, -9.1295696 ], [ 148.383927300000011, -9.1299101 ], [ 148.383724, -9.1301769 ], [ 148.3834958, -9.1303998 ], [ 148.383274699999987, -9.1304056 ], [ 148.3830149, -9.1304698 ], [ 148.3825998, -9.1306822 ], [ 148.382465200000013, -9.1309903 ], [ 148.3825869, -9.1313233 ], [ 148.3826933, -9.1315599 ], [ 148.3832103, -9.1321969 ], [ 148.3836825, -9.1325046 ], [ 148.3837772, -9.1325314 ], [ 148.3841582, -9.1326729 ], [ 148.3846537, -9.132863 ], [ 148.384940300000011, -9.1333214 ], [ 148.385002899999989, -9.1335962 ], [ 148.38517250000001, -9.1341227 ], [ 148.385349600000012, -9.1346421 ], [ 148.3855184, -9.1351892 ], [ 148.385681, -9.1355647 ], [ 148.3858536, -9.1359841 ], [ 148.3860781, -9.1365682 ], [ 148.386171100000013, -9.1368414 ], [ 148.3863189, -9.1372781 ], [ 148.3864729, -9.1376808 ], [ 148.3866339, -9.1381077 ], [ 148.386857600000013, -9.1385505 ], [ 148.387148700000012, -9.1390003 ], [ 148.3873216, -9.1391581 ], [ 148.387357400000013, -9.1390594 ], [ 148.3874669, -9.1390787 ], [ 148.3875486, -9.1390006 ], [ 148.3874233, -9.1390404 ], [ 148.387503, -9.138995 ], [ 148.3874166, -9.1389392 ], [ 148.387515400000012, -9.1389355 ], [ 148.3873031, -9.1388402 ], [ 148.3874937, -9.1388862 ], [ 148.3876617, -9.138936 ], [ 148.3875674, -9.1389914 ], [ 148.3874825, -9.1389548 ], [ 148.387392799999986, -9.1389242 ], [ 148.387465099999986, -9.1389792 ] ] ] } },
{ "type": "Feature", "properties": { "name": "David's track record from Jorura to Afore", "mode": "Motor road", "mode_evidence": "overlap: 100% of its length runs along a track measured at road speed (no timestamps of its own)", "speed_kmh_median": null, "speed_frac_over_12": null, "gradient_p85_pct": 15.2, "source_file": "Jorura_to_Afore_Davids_track_record.kmz", "format": "kmz", "length_km": 23.11, "source": "project GPS recording, Jorura_to_Afore_Davids_track_record.kmz", "surface": "unknown", "tracktype": "unknown" }, "geometry": { "type": "MultiLineString", "coordinates": [ [ [ 148.30471, -9.08445, 777.22 ], [ 148.3047633, -9.0843733, 775.95 ], [ 148.304805, -9.0842867, 774.81 ], [ 148.30482330000001, -9.0841717, 774.6 ], [ 148.3048717, -9.0840667, 773.86 ], [ 148.3049083, -9.0839617, 775.11 ], [ 148.3049533, -9.0838583, 775.08 ], [ 148.3049567, -9.0837333, 774.25 ], [ 148.30500330000001, -9.083645, 773.34 ], [ 148.3050533, -9.083525, 773.84 ], [ 148.3051017, -9.08341, 773.23 ], [ 148.305135, -9.0833033, 770.48 ], [ 148.3051817, -9.0831783, 767.87 ], [ 148.305238300000013, -9.08306, 764.73 ], [ 148.3052817, -9.082955, 763.39 ], [ 148.305325, -9.0828333, 762.39 ], [ 148.3053683, -9.0827033, 762.22 ], [ 148.3054, -9.082575, 761.07 ], [ 148.3054333, -9.0824367, 761.61 ], [ 148.305473299999989, -9.08232, 762.25 ], [ 148.305518299999989, -9.0822117, 762.97 ], [ 148.3055283, -9.08209, 765.56 ], [ 148.305535, -9.081985, 768.3 ], [ 148.305576699999989, -9.081875, 773.29 ], [ 148.3056033, -9.0817583, 773.5 ], [ 148.305646700000011, -9.0816383, 774.06 ], [ 148.30566, -9.0815183, 774.81 ], [ 148.305675, -9.081395, 772.93 ], [ 148.305701699999986, -9.08126, 772.76 ], [ 148.305725, -9.0811533, 772.49 ], [ 148.3057517, -9.08102, 771.58 ], [ 148.305756699999989, -9.0808817, 771.56 ], [ 148.305755, -9.0807767, 769.8 ], [ 148.305725, -9.080645, 769.5 ], [ 148.30571, -9.08051, 770.97 ], [ 148.3057, -9.080385, 772.05 ], [ 148.305678300000011, -9.0802533, 773.63 ], [ 148.305685, -9.08014, 774.83 ], [ 148.3056517, -9.0800183, 777.73 ], [ 148.305666699999989, -9.0798983, 778.4 ], [ 148.30566, -9.0797917, 779.29 ], [ 148.305653299999989, -9.0796533, 780.72 ], [ 148.3056183, -9.0795283, 779.3 ], [ 148.30562, -9.0794317, 781.2 ], [ 148.30562, -9.0792933, 781.6 ], [ 148.305621699999989, -9.079175, 783.13 ], [ 148.3055917, -9.0790283, 780.43 ], [ 148.3055817, -9.0789033, 780.69 ], [ 148.305595, -9.0787883, 782.99 ], [ 148.305615, -9.0786783, 784.35 ], [ 148.30564, -9.0785617, 784.62 ], [ 148.305688300000014, -9.07845, 785.76 ], [ 148.3057317, -9.0783267, 786.53 ], [ 148.305775, -9.07822, 788.27 ], [ 148.305823299999986, -9.0781133, 787.71 ], [ 148.305881699999986, -9.0780033, 787.97 ], [ 148.3059433, -9.0778917, 787.13 ], [ 148.306013299999989, -9.0777917, 787.98 ], [ 148.306085, -9.0777117, 791.94 ], [ 148.3061633, -9.0776133, 794.52 ], [ 148.3062533, -9.07753, 796.61 ], [ 148.3063133, -9.077405, 798.19 ], [ 148.30636, -9.0773167, 795.52 ], [ 148.3064367, -9.0772383, 794.37 ], [ 148.30649, -9.077135, 794.08 ], [ 148.3065617, -9.077025, 794.89 ], [ 148.3066, -9.0769033, 795.36 ], [ 148.3066283, -9.0767883, 793.19 ], [ 148.3066633, -9.0766517, 790.78 ], [ 148.306645, -9.0765083, 788.18 ], [ 148.3066383, -9.0763733, 790.22 ], [ 148.306623300000012, -9.0762467, 789.82 ], [ 148.306633299999987, -9.07612, 790.36 ], [ 148.306636700000013, -9.0759833, 790.12 ], [ 148.3066383, -9.0758633, 789.31 ], [ 148.306665, -9.0757433, 789.93 ], [ 148.306668300000013, -9.0756283, 791.79 ], [ 148.3066517, -9.0754833, 792.33 ], [ 148.3066417, -9.0753617, 792.5 ], [ 148.306588299999987, -9.0752467, 795.59 ], [ 148.3065483, -9.07511, 796.1 ], [ 148.3065217, -9.0750083, 796.65 ], [ 148.306495, -9.0748983, 797.03 ], [ 148.306435, -9.074755, 799.81 ], [ 148.306375, -9.07465, 799.11 ], [ 148.3063117, -9.0745317, 798.66 ], [ 148.306305, -9.0744283, 801.71 ], [ 148.3062667, -9.0743217, 802.39 ], [ 148.3062383, -9.07423, 803.85 ], [ 148.3062117, -9.0741067, 804.27 ], [ 148.306186700000012, -9.0739867, 804.96 ], [ 148.30617, -9.0738667, 803.58 ], [ 148.3061883, -9.0737483, 803.34 ], [ 148.3062033, -9.0736117, 806.87 ], [ 148.3062483, -9.073495, 805.24 ], [ 148.306305, -9.0733967, 806.43 ], [ 148.3063933, -9.073295, 810.13 ], [ 148.3064583, -9.0731767, 810.5 ], [ 148.30652, -9.07308, 808.2 ], [ 148.306591700000013, -9.072975, 807.04 ], [ 148.30665, -9.072855, 807.44 ], [ 148.3067, -9.072745, 807.86 ], [ 148.30673, -9.0726367, 805.89 ], [ 148.306775, -9.07253, 806.06 ], [ 148.306795, -9.072425, 805.29 ], [ 148.3068333, -9.0723033, 805.61 ], [ 148.3068883, -9.0721783, 805.75 ], [ 148.306925, -9.0720433, 806.16 ], [ 148.30701, -9.0719217, 806.59 ], [ 148.30707670000001, -9.0718333, 807.32 ], [ 148.30717, -9.0717717, 805.98 ], [ 148.3072733, -9.071725, 806.83 ], [ 148.3074, -9.0717083, 806.43 ], [ 148.307523300000014, -9.0717167, 808.62 ], [ 148.3076017, -9.071775, 811.56 ], [ 148.307681699999989, -9.0718617, 812.7 ], [ 148.3077883, -9.0719383, 811.4 ], [ 148.307875, -9.0720117, 809.35 ], [ 148.3079883, -9.07208, 812.59 ], [ 148.3080867, -9.07215, 809.28 ], [ 148.308155, -9.072235, 808.73 ], [ 148.3082617, -9.0723333, 808.53 ], [ 148.3083217, -9.072405, 808.56 ], [ 148.3084017, -9.0724767, 807.86 ], [ 148.308525, -9.0725233, 806.97 ], [ 148.308651700000013, -9.0724983, 805.31 ], [ 148.308735, -9.072395, 802.84 ], [ 148.30875, -9.0722617, 800.4 ], [ 148.308773300000013, -9.0721467, 797.41 ], [ 148.3088033, -9.0720383, 796.94 ], [ 148.308855, -9.07194, 795.23 ], [ 148.3088967, -9.0718517, 795.44 ], [ 148.3089583, -9.0717483, 794.22 ], [ 148.3090167, -9.0716333, 794.47 ], [ 148.3090733, -9.071525, 791.93 ], [ 148.30916830000001, -9.0715733, 787.9 ], [ 148.309225, -9.071665, 786.37 ], [ 148.309316700000011, -9.0717283, 784.44 ], [ 148.3093667, -9.0718467, 784.76 ], [ 148.309413299999989, -9.0719483, 786.17 ], [ 148.3094633, -9.0720283, 785.77 ], [ 148.309483300000011, -9.0721567, 783.48 ], [ 148.309496700000011, -9.07227, 777.9 ], [ 148.30948, -9.072385, 773.86 ], [ 148.30949, -9.07253, 771.24 ], [ 148.3095917, -9.0726633, 770.2 ], [ 148.3096983, -9.07268, 772.57 ], [ 148.3098583, -9.0726467, 775.07 ], [ 148.3100317, -9.0725767, 775.12 ], [ 148.310123299999987, -9.0725483, 775.63 ], [ 148.3102067, -9.0725033, 775.72 ], [ 148.3103017, -9.0724317, 774.26 ], [ 148.31039, -9.0723683, 773.33 ], [ 148.31052170000001, -9.0724133, 773.72 ], [ 148.310645, -9.072415, 776.82 ], [ 148.3107933, -9.072385, 781.12 ], [ 148.31096, -9.072305, 780.24 ], [ 148.31103, -9.07224, 781.75 ], [ 148.3111217, -9.0721333, 782.4 ], [ 148.31121, -9.07206, 781.56 ], [ 148.311251700000014, -9.0719667, 782.07 ], [ 148.3112983, -9.07187, 781.37 ], [ 148.311351699999989, -9.071765, 782.24 ], [ 148.311395, -9.07162, 785.11 ], [ 148.3114517, -9.0715267, 786.29 ], [ 148.3115133, -9.0713867, 787.08 ], [ 148.311595, -9.0713333, 786.81 ], [ 148.3116633, -9.071225, 786.93 ], [ 148.3117533, -9.0711517, 784.39 ], [ 148.3118467, -9.07108, 785.99 ], [ 148.3119283, -9.07095, 785.52 ], [ 148.3119783, -9.0708417, 784.17 ], [ 148.3120333, -9.0707533, 783.32 ], [ 148.3120817, -9.07065, 782.25 ], [ 148.3121483, -9.0705567, 779.8 ], [ 148.312196699999987, -9.0704367, 778.38 ], [ 148.31226, -9.0703433, 773.7 ], [ 148.3123783, -9.0702917, 771.28 ], [ 148.3124817, -9.0702383, 769.15 ], [ 148.31256, -9.070175, 769.21 ], [ 148.312645, -9.07009, 770.14 ], [ 148.312745, -9.0700117, 769.08 ], [ 148.3128433, -9.0699633, 768.85 ], [ 148.3129, -9.0698917, 770.72 ], [ 148.312983300000013, -9.069805, 771.44 ], [ 148.3130433, -9.0697333, 774.67 ], [ 148.313038299999988, -9.0696367, 775.39 ], [ 148.31306, -9.0694933, 775.87 ], [ 148.313086700000014, -9.0693933, 777.12 ], [ 148.313141699999989, -9.0692783, 776.63 ], [ 148.3132333, -9.0692683, 775.81 ], [ 148.313211700000011, -9.0693683, 787.79 ], [ 148.313285, -9.06947, 792.76 ], [ 148.3133617, -9.0695733, 795.63 ], [ 148.31342, -9.06965, 796.49 ], [ 148.31352, -9.0696167, 794.75 ], [ 148.313636699999989, -9.0695217, 796.46 ], [ 148.3137083, -9.0694617, 798.1 ], [ 148.3137817, -9.0694067, 797.96 ], [ 148.313848299999989, -9.069335, 797.08 ], [ 148.31388, -9.0692483, 795.62 ], [ 148.313973299999986, -9.0691683, 797.37 ], [ 148.3140433, -9.0691033, 798.15 ], [ 148.3141233, -9.0690133, 799.68 ], [ 148.3142217, -9.0689517, 802.11 ], [ 148.314275, -9.0688567, 804.53 ], [ 148.314345, -9.06874, 804.79 ], [ 148.314413300000012, -9.06868, 805.51 ], [ 148.3144833, -9.0685983, 808.53 ], [ 148.3145383, -9.0685217, 811.46 ], [ 148.3146083, -9.0684333, 815.02 ], [ 148.31467, -9.06834, 818.4 ], [ 148.3147267, -9.06825, 818.41 ], [ 148.3147467, -9.0681583, 819.77 ], [ 148.3148017, -9.06808, 821.81 ], [ 148.31488, -9.0679933, 823.96 ], [ 148.3149333, -9.0679033, 827.96 ], [ 148.3149717, -9.0678167, 830.63 ], [ 148.3150317, -9.0677483, 829.43 ], [ 148.31509, -9.0676767, 830.33 ], [ 148.31516, -9.0676117, 829.91 ], [ 148.3152183, -9.0675383, 828.49 ], [ 148.3152883, -9.0674767, 830.93 ], [ 148.31533, -9.0673933, 829.29 ], [ 148.31539, -9.06731, 826.4 ], [ 148.3154117, -9.067205, 827.71 ], [ 148.3154433, -9.067115, 830.11 ], [ 148.31547, -9.0670167, 831.81 ], [ 148.3154783, -9.066915, 835.86 ], [ 148.315458299999989, -9.0667983, 835.29 ], [ 148.315483300000011, -9.0666983, 837.56 ], [ 148.315483300000011, -9.066595, 839.31 ], [ 148.31549, -9.0664783, 840.4 ], [ 148.3155183, -9.0663833, 840.64 ], [ 148.315573300000011, -9.0662917, 843.04 ], [ 148.3155783, -9.0661817, 844.35 ], [ 148.3156267, -9.0660833, 843.76 ], [ 148.31565, -9.0659917, 844.38 ], [ 148.315725, -9.0659067, 844.66 ], [ 148.315795, -9.065825, 844.69 ], [ 148.3158333, -9.0657367, 844.28 ], [ 148.315898299999986, -9.0656683, 841.11 ], [ 148.315995, -9.0656283, 841.21 ], [ 148.31604, -9.0655483, 842.81 ], [ 148.3160933, -9.065475, 846.34 ], [ 148.316171700000012, -9.065415, 849.07 ], [ 148.3162517, -9.0653383, 853.01 ], [ 148.316315, -9.0652683, 855.32 ], [ 148.3164, -9.06521, 855.97 ], [ 148.316475, -9.0650933, 857.69 ], [ 148.3165517, -9.06504, 860.59 ], [ 148.3166417, -9.0649867, 863.51 ], [ 148.31674670000001, -9.06493, 864.01 ], [ 148.31683, -9.06489, 864.1 ], [ 148.316905, -9.0648383, 865.03 ], [ 148.3169833, -9.0647783, 866.34 ], [ 148.317061700000011, -9.0647017, 868.83 ], [ 148.3171533, -9.064625, 866.54 ], [ 148.3172267, -9.0645267, 865.05 ], [ 148.317293299999989, -9.0644533, 864.79 ], [ 148.3173817, -9.0643683, 864.57 ], [ 148.3174567, -9.06429, 862.92 ], [ 148.317505, -9.06421, 863.02 ], [ 148.3175967, -9.0641317, 863.19 ], [ 148.31767, -9.0640733, 864.31 ], [ 148.3177383, -9.0640133, 865.8 ], [ 148.317825, -9.063965, 865.44 ], [ 148.317905, -9.0638983, 868.25 ], [ 148.318003299999987, -9.0638333, 868.37 ], [ 148.31809, -9.06375, 869.26 ], [ 148.31815, -9.06366, 868.08 ], [ 148.318218300000012, -9.0635983, 867.68 ], [ 148.3182817, -9.0635283, 869.9 ], [ 148.3183467, -9.0634517, 869.04 ], [ 148.318421699999988, -9.0633733, 869.19 ], [ 148.318498299999987, -9.0632583, 866.29 ], [ 148.3185767, -9.0631433, 865.0 ], [ 148.31863, -9.0630583, 865.56 ], [ 148.3187067, -9.06297, 866.63 ], [ 148.31876170000001, -9.0628867, 868.32 ], [ 148.318848300000013, -9.0628333, 873.08 ], [ 148.3189433, -9.0627417, 875.96 ], [ 148.319015, -9.0626467, 876.55 ], [ 148.3191117, -9.0625633, 879.13 ], [ 148.319186699999989, -9.06249, 880.82 ], [ 148.319255, -9.06242, 879.66 ], [ 148.3193133, -9.0623233, 880.57 ], [ 148.319395, -9.0622533, 879.68 ], [ 148.3194517, -9.0621733, 879.67 ], [ 148.319525, -9.0620833, 881.87 ], [ 148.319605, -9.0619783, 883.36 ], [ 148.3196733, -9.0618983, 884.24 ], [ 148.319745, -9.0618133, 885.66 ], [ 148.3198317, -9.06172, 885.42 ], [ 148.31991, -9.0616467, 887.85 ], [ 148.31998, -9.06156, 889.16 ], [ 148.32001, -9.0614633, 890.42 ], [ 148.3200517, -9.0613567, 891.96 ], [ 148.32012, -9.061295, 894.51 ], [ 148.320166699999987, -9.061215, 894.28 ], [ 148.320225, -9.06113, 895.36 ], [ 148.3202533, -9.0609867, 894.52 ], [ 148.3203067, -9.0609133, 894.34 ], [ 148.32035, -9.0608067, 896.71 ], [ 148.3204183, -9.0607417, 900.27 ], [ 148.320471700000013, -9.0606533, 903.52 ], [ 148.3205183, -9.06057, 905.22 ], [ 148.32055, -9.060485, 900.49 ], [ 148.32062830000001, -9.0604333, 902.66 ], [ 148.3206983, -9.0603717, 902.8 ], [ 148.3207167, -9.0602717, 904.97 ], [ 148.320796699999988, -9.0602183, 904.79 ], [ 148.320863300000013, -9.060155, 906.36 ], [ 148.320953300000014, -9.0601167, 906.37 ], [ 148.3210317, -9.0600683, 907.16 ], [ 148.32112, -9.0600217, 909.13 ], [ 148.321201699999989, -9.059955, 910.91 ], [ 148.3212633, -9.0598867, 913.61 ], [ 148.3213917, -9.0598517, 915.75 ], [ 148.3214633, -9.0597917, 918.48 ], [ 148.32153, -9.05972, 921.29 ], [ 148.321628299999986, -9.0596567, 922.15 ], [ 148.32172, -9.0595733, 921.09 ], [ 148.3217933, -9.0595117, 921.74 ], [ 148.3218483, -9.0594367, 921.35 ], [ 148.32193, -9.059355, 921.51 ], [ 148.3219867, -9.059265, 923.01 ], [ 148.3220517, -9.0592, 923.07 ], [ 148.3221067, -9.0591267, 925.42 ], [ 148.322181699999987, -9.059035, 926.63 ], [ 148.3222783, -9.058995, 927.94 ], [ 148.3223467, -9.05893, 930.48 ], [ 148.322425, -9.0588683, 932.42 ], [ 148.3225333, -9.058805, 935.99 ], [ 148.3226133, -9.0587617, 939.1 ], [ 148.32272, -9.0587133, 937.54 ], [ 148.3228483, -9.0586933, 938.57 ], [ 148.322933299999988, -9.0586083, 941.08 ], [ 148.3230217, -9.058565, 942.39 ], [ 148.3231233, -9.0585267, 946.36 ], [ 148.3232567, -9.058485, 949.09 ], [ 148.323385, -9.058425, 948.78 ], [ 148.3234967, -9.0583933, 944.81 ], [ 148.3235817, -9.0583433, 942.54 ], [ 148.323656699999987, -9.05829, 939.12 ], [ 148.323736700000012, -9.0582367, 938.16 ], [ 148.3238867, -9.0582233, 937.58 ], [ 148.3240017, -9.058195, 937.02 ], [ 148.324083300000012, -9.0581417, 933.21 ], [ 148.3241917, -9.058105, 930.78 ], [ 148.32429, -9.0580517, 930.91 ], [ 148.3244283, -9.0579933, 929.98 ], [ 148.3245617, -9.0579067, 928.11 ], [ 148.324646699999988, -9.0578517, 928.88 ], [ 148.3247633, -9.0578517, 929.91 ], [ 148.324851700000011, -9.05788, 928.58 ], [ 148.32497, -9.0578683, 928.85 ], [ 148.3250783, -9.05787, 931.95 ], [ 148.32519, -9.0579083, 935.69 ], [ 148.32531, -9.0579533, 939.57 ], [ 148.325391700000011, -9.0580017, 942.54 ], [ 148.3254933, -9.0580733, 946.07 ], [ 148.32562, -9.0581133, 945.74 ], [ 148.3257283, -9.058155, 942.44 ], [ 148.325841700000012, -9.0582033, 939.26 ], [ 148.3259483, -9.058255, 937.28 ], [ 148.3260367, -9.05829, 939.21 ], [ 148.3261317, -9.05833, 942.01 ], [ 148.3262733, -9.0583417, 943.35 ], [ 148.3264117, -9.0583433, 940.16 ], [ 148.326503300000013, -9.0583967, 938.86 ], [ 148.3266117, -9.05843, 938.31 ], [ 148.3267217, -9.05846, 937.45 ], [ 148.326805, -9.0584983, 936.25 ], [ 148.3269233, -9.0585383, 934.01 ], [ 148.3270383, -9.05856, 931.62 ], [ 148.32713, -9.0585833, 930.51 ], [ 148.327245, -9.0586133, 929.49 ], [ 148.3273417, -9.0586417, 931.17 ], [ 148.3274317, -9.0586733, 930.08 ], [ 148.327528300000012, -9.0587117, 928.96 ], [ 148.3276333, -9.0587417, 926.5 ], [ 148.3277, -9.0588033, 926.08 ], [ 148.32779, -9.0588233, 927.41 ], [ 148.3278867, -9.05887, 927.13 ], [ 148.328036700000013, -9.0588833, 927.38 ], [ 148.3281333, -9.058925, 924.33 ], [ 148.32823830000001, -9.0589833, 920.28 ], [ 148.3283217, -9.05906, 918.95 ], [ 148.3284367, -9.0591083, 916.47 ], [ 148.3285383, -9.0591733, 913.88 ], [ 148.328635, -9.05925, 912.48 ], [ 148.32875, -9.059295, 911.7 ], [ 148.328801700000014, -9.0593817, 911.0 ], [ 148.32887, -9.05945, 909.64 ], [ 148.3289433, -9.05951, 905.29 ], [ 148.3290283, -9.0595883, 901.64 ], [ 148.3291183, -9.0596717, 897.38 ], [ 148.329193299999986, -9.05975, 896.12 ], [ 148.3292633, -9.05982, 892.75 ], [ 148.3293467, -9.0599217, 893.15 ], [ 148.32944, -9.0600217, 896.11 ], [ 148.3295133, -9.0601467, 898.44 ], [ 148.32954, -9.0602383, 900.23 ], [ 148.3296067, -9.0603367, 902.75 ], [ 148.3296517, -9.0604283, 903.01 ], [ 148.329691700000012, -9.06053, 900.68 ], [ 148.329736700000012, -9.0606433, 896.71 ], [ 148.32976, -9.06077, 894.46 ], [ 148.329785, -9.06088, 895.38 ], [ 148.3298183, -9.061015, 897.29 ], [ 148.329835, -9.0611283, 896.87 ], [ 148.329835, -9.061245, 895.48 ], [ 148.32982, -9.0613633, 892.49 ], [ 148.3298317, -9.0614633, 890.38 ], [ 148.3298217, -9.0616067, 888.13 ], [ 148.3298633, -9.0617167, 885.2 ], [ 148.32988, -9.061825, 882.7 ], [ 148.329905, -9.0619533, 879.88 ], [ 148.32989, -9.0620533, 878.29 ], [ 148.3298867, -9.0621883, 876.81 ], [ 148.329903300000012, -9.0623067, 873.7 ], [ 148.3298967, -9.0624167, 872.62 ], [ 148.3298617, -9.0625367, 873.56 ], [ 148.3298567, -9.062655, 874.02 ], [ 148.329835, -9.06277, 873.73 ], [ 148.3297967, -9.0628767, 872.74 ], [ 148.3297733, -9.06301, 874.89 ], [ 148.329765, -9.06311, 875.91 ], [ 148.3297617, -9.06323, 877.88 ], [ 148.329745, -9.0633733, 876.55 ], [ 148.329725, -9.063515, 874.98 ], [ 148.32975, -9.0636133, 875.27 ], [ 148.329765, -9.0637617, 874.55 ], [ 148.329781700000012, -9.0638967, 875.06 ], [ 148.3298, -9.06399, 874.41 ], [ 148.329785, -9.0641317, 871.95 ], [ 148.3298217, -9.0642583, 870.71 ], [ 148.32986, -9.0643883, 867.27 ], [ 148.329858300000012, -9.0645367, 863.57 ], [ 148.32992, -9.0646917, 857.65 ], [ 148.32994, -9.0648117, 851.52 ], [ 148.3299383, -9.064935, 844.55 ], [ 148.3299067, -9.0650517, 839.29 ], [ 148.3299117, -9.06515, 841.48 ], [ 148.3299333, -9.0652717, 843.4 ], [ 148.329945, -9.0653767, 844.0 ], [ 148.3299467, -9.0654967, 845.34 ], [ 148.329985, -9.0656067, 847.26 ], [ 148.3300333, -9.06574, 846.92 ], [ 148.3300683, -9.065835, 846.16 ], [ 148.33009, -9.065925, 846.3 ], [ 148.330125, -9.06601, 852.29 ], [ 148.3301633, -9.066105, 854.49 ], [ 148.3302017, -9.0662167, 856.45 ], [ 148.330263300000013, -9.0662933, 857.56 ], [ 148.330325, -9.06643, 856.63 ], [ 148.3303733, -9.06656, 856.48 ], [ 148.330415, -9.066655, 855.31 ], [ 148.3304583, -9.0667733, 854.58 ], [ 148.330545, -9.0668717, 854.85 ], [ 148.3305633, -9.0669717, 853.52 ], [ 148.3305533, -9.0670683, 853.16 ], [ 148.330595, -9.0671567, 851.18 ], [ 148.330615, -9.0672717, 849.54 ], [ 148.330625, -9.067385, 847.82 ], [ 148.3306633, -9.067505, 846.74 ], [ 148.3306667, -9.0676417, 845.15 ], [ 148.33067, -9.067745, 842.81 ], [ 148.3306983, -9.0678733, 842.05 ], [ 148.33072, -9.0679667, 840.21 ], [ 148.330765, -9.06807, 838.63 ], [ 148.330803300000014, -9.0681733, 835.88 ], [ 148.330806700000011, -9.0682733, 835.8 ], [ 148.3308667, -9.06837, 834.88 ], [ 148.330895, -9.0684983, 834.49 ], [ 148.3309183, -9.0686033, 832.78 ], [ 148.3309533, -9.068705, 833.77 ], [ 148.3310033, -9.0688333, 831.79 ], [ 148.331018300000011, -9.0689367, 829.89 ], [ 148.3310717, -9.0690467, 829.55 ], [ 148.33111, -9.0691483, 829.78 ], [ 148.3311267, -9.069275, 828.13 ], [ 148.331163299999986, -9.0693683, 826.8 ], [ 148.3312733, -9.0694417, 826.13 ], [ 148.3313733, -9.0695033, 823.66 ], [ 148.3315033, -9.0695417, 821.01 ], [ 148.3315967, -9.0695717, 818.54 ], [ 148.3317183, -9.0696233, 812.21 ], [ 148.331761699999987, -9.0697117, 813.86 ], [ 148.3318367, -9.0698017, 812.62 ], [ 148.33195, -9.06986, 812.96 ], [ 148.3320733, -9.069925, 813.3 ], [ 148.332175, -9.07, 808.94 ], [ 148.3323, -9.070035, 803.0 ], [ 148.332423299999988, -9.0700783, 798.55 ], [ 148.33252, -9.0701433, 793.93 ], [ 148.3325983, -9.0702317, 793.33 ], [ 148.33268, -9.0702967, 794.21 ], [ 148.33276, -9.0703817, 793.91 ], [ 148.3328933, -9.07041, 789.05 ], [ 148.3330167, -9.0703283, 784.52 ], [ 148.33306, -9.07021, 780.83 ], [ 148.333091700000011, -9.0701, 778.37 ], [ 148.3331317, -9.0699867, 778.76 ], [ 148.3331383, -9.0698767, 779.94 ], [ 148.333056699999986, -9.06978, 779.0 ], [ 148.3329483, -9.0697317, 778.73 ], [ 148.3328383, -9.0696783, 778.89 ], [ 148.3328033, -9.0695833, 778.28 ], [ 148.3327467, -9.069465, 777.41 ], [ 148.3327033, -9.06935, 780.32 ], [ 148.3326583, -9.0692317, 778.5 ], [ 148.3326117, -9.0691167, 774.05 ], [ 148.3325983, -9.0689917, 770.6 ], [ 148.33261, -9.068885, 766.15 ], [ 148.332665, -9.0687733, 763.5 ], [ 148.332738299999988, -9.06867, 761.63 ], [ 148.3328117, -9.0685683, 761.58 ], [ 148.3328617, -9.0684867, 760.83 ], [ 148.332915, -9.0683967, 759.03 ], [ 148.33299, -9.0682967, 758.24 ], [ 148.33307, -9.0681783, 757.0 ], [ 148.333125, -9.06809, 755.34 ], [ 148.3331867, -9.06802, 756.06 ], [ 148.33325, -9.0678983, 755.94 ], [ 148.3332867, -9.067785, 754.21 ], [ 148.333355, -9.0677083, 751.99 ], [ 148.33343, -9.0676217, 749.09 ], [ 148.3334467, -9.0675317, 748.38 ], [ 148.3334767, -9.067405, 752.14 ], [ 148.33358, -9.0673967, 759.67 ], [ 148.3336717, -9.067375, 762.87 ], [ 148.3337733, -9.0673033, 762.89 ], [ 148.3338417, -9.0672333, 762.73 ], [ 148.333905, -9.067165, 762.49 ], [ 148.3339583, -9.06708, 766.88 ], [ 148.3340283, -9.0670183, 770.48 ], [ 148.3340983, -9.0669583, 773.15 ], [ 148.3341467, -9.0668767, 774.98 ], [ 148.334195, -9.0667817, 774.39 ], [ 148.334203300000013, -9.06668, 776.56 ], [ 148.33422, -9.0665583, 778.42 ], [ 148.33428, -9.066455, 779.42 ], [ 148.334306700000013, -9.0663617, 780.48 ], [ 148.3343117, -9.0662533, 781.83 ], [ 148.3343533, -9.06617, 783.73 ], [ 148.33441830000001, -9.0660967, 785.88 ], [ 148.33447, -9.0660067, 788.66 ], [ 148.33455, -9.0659417, 791.61 ], [ 148.3345833, -9.0658533, 791.68 ], [ 148.33468830000001, -9.0657483, 789.22 ], [ 148.33479, -9.06569, 788.83 ], [ 148.334885, -9.0656517, 791.21 ], [ 148.3349667, -9.0656033, 793.53 ], [ 148.335055, -9.065565, 798.01 ], [ 148.335165, -9.0655183, 799.41 ], [ 148.33528, -9.0654833, 799.1 ], [ 148.3354017, -9.0654583, 800.31 ], [ 148.3355033, -9.0654083, 801.78 ], [ 148.33561, -9.0653833, 804.65 ], [ 148.33574, -9.0653417, 806.32 ], [ 148.335871700000013, -9.0653083, 807.95 ], [ 148.3359667, -9.0652767, 809.27 ], [ 148.33608670000001, -9.065255, 810.66 ], [ 148.3362033, -9.0652417, 810.63 ], [ 148.336308300000013, -9.0652167, 811.1 ], [ 148.3364, -9.0652083, 813.72 ], [ 148.3365067, -9.065175, 814.22 ], [ 148.3366117, -9.0651567, 815.03 ], [ 148.336745, -9.0651017, 813.43 ], [ 148.3368633, -9.065035, 811.32 ], [ 148.336975, -9.0649983, 808.22 ], [ 148.337065, -9.0649633, 811.54 ], [ 148.337205, -9.0649283, 811.37 ], [ 148.33732, -9.06489, 812.89 ], [ 148.3374483, -9.0648483, 815.44 ], [ 148.33756, -9.064795, 814.6 ], [ 148.337665, -9.064765, 817.33 ], [ 148.3377917, -9.0647183, 818.52 ], [ 148.337905, -9.064675, 820.31 ], [ 148.338055, -9.064615, 822.69 ], [ 148.3381417, -9.06457, 825.85 ], [ 148.338256699999988, -9.06451, 826.8 ], [ 148.33837, -9.06447, 827.85 ], [ 148.3385, -9.0644167, 828.84 ], [ 148.3386367, -9.0643717, 827.33 ], [ 148.3387467, -9.0642817, 827.03 ], [ 148.3388517, -9.0642533, 826.2 ], [ 148.3389517, -9.0641983, 826.89 ], [ 148.339065, -9.0641733, 827.27 ], [ 148.33918, -9.06414, 828.9 ], [ 148.33929, -9.0641033, 827.76 ], [ 148.339406700000012, -9.064075, 830.21 ], [ 148.3395117, -9.064045, 830.88 ], [ 148.3396333, -9.0640117, 832.47 ], [ 148.3397267, -9.0639867, 833.6 ], [ 148.33983, -9.0639883, 834.56 ], [ 148.3399383, -9.0639717, 836.24 ], [ 148.3400667, -9.0639617, 836.82 ], [ 148.3401783, -9.0639767, 835.87 ], [ 148.34029, -9.0639867, 837.19 ], [ 148.3404233, -9.064, 838.38 ], [ 148.34055, -9.0639933, 837.46 ], [ 148.3406267, -9.0639333, 836.67 ], [ 148.3407583, -9.0638583, 835.43 ], [ 148.3408583, -9.0637733, 834.75 ], [ 148.34095, -9.0636933, 833.7 ], [ 148.3410183, -9.0636133, 834.76 ], [ 148.341085, -9.0635517, 844.1 ], [ 148.3411883, -9.0634417, 841.5 ], [ 148.3412617, -9.0633867, 842.0 ], [ 148.3413367, -9.06331, 844.27 ], [ 148.3414117, -9.06322, 844.77 ], [ 148.341505, -9.0630983, 843.97 ], [ 148.3415933, -9.0630067, 843.61 ], [ 148.3416933, -9.0629517, 845.11 ], [ 148.34178, -9.06288, 847.25 ], [ 148.3418917, -9.0627917, 846.89 ], [ 148.3419783, -9.062715, 847.27 ], [ 148.34208670000001, -9.0626067, 844.92 ], [ 148.3421617, -9.0625333, 845.22 ], [ 148.342275, -9.0624167, 844.39 ], [ 148.342345, -9.0623317, 843.31 ], [ 148.34243, -9.0622433, 845.38 ], [ 148.342511699999989, -9.0621733, 847.69 ], [ 148.3425967, -9.0620583, 849.44 ], [ 148.3426567, -9.06192, 850.17 ], [ 148.342715, -9.0618067, 849.02 ], [ 148.3427533, -9.061685, 848.93 ], [ 148.34279, -9.0615983, 849.67 ], [ 148.342855, -9.061475, 849.17 ], [ 148.3429, -9.0613517, 849.5 ], [ 148.3429533, -9.0612383, 849.6 ], [ 148.34302, -9.0611333, 850.72 ], [ 148.3430533, -9.06103, 852.84 ], [ 148.343115, -9.0609217, 854.62 ], [ 148.34317, -9.06082, 856.48 ], [ 148.3432283, -9.0607183, 856.98 ], [ 148.3432833, -9.0606117, 859.58 ], [ 148.3433417, -9.0605117, 862.46 ], [ 148.3434, -9.0604083, 864.75 ], [ 148.3434633, -9.0603033, 864.63 ], [ 148.343513300000012, -9.0602017, 867.68 ], [ 148.343571700000012, -9.0600933, 868.98 ], [ 148.3436383, -9.0599917, 868.35 ], [ 148.343706700000013, -9.0599217, 869.7 ], [ 148.34376, -9.0598283, 869.85 ], [ 148.3438233, -9.0597033, 869.4 ], [ 148.343895, -9.0596283, 869.45 ], [ 148.3439433, -9.0595517, 870.07 ], [ 148.3440233, -9.05946, 871.69 ], [ 148.3441167, -9.059405, 871.62 ], [ 148.344215, -9.0593533, 872.53 ], [ 148.3443117, -9.0593, 874.56 ], [ 148.3444017, -9.0592417, 878.03 ], [ 148.344481699999989, -9.05919, 878.08 ], [ 148.3445667, -9.0591067, 878.01 ], [ 148.344648299999989, -9.0590117, 876.93 ], [ 148.344706699999989, -9.0589133, 878.5 ], [ 148.34476, -9.058825, 880.22 ], [ 148.344815, -9.05874, 881.32 ], [ 148.3448933, -9.0586517, 881.79 ], [ 148.344956700000012, -9.0585767, 885.57 ], [ 148.345008299999989, -9.058465, 888.29 ], [ 148.345085, -9.058365, 888.03 ], [ 148.34513, -9.0582567, 888.13 ], [ 148.3451583, -9.0581167, 891.28 ], [ 148.3452017, -9.0580183, 891.66 ], [ 148.3452517, -9.0579183, 892.27 ], [ 148.345265, -9.0578017, 891.84 ], [ 148.3453117, -9.0577, 893.35 ], [ 148.34534, -9.0576117, 895.46 ], [ 148.3453917, -9.0575117, 896.45 ], [ 148.3454417, -9.057425, 898.25 ], [ 148.345485, -9.0573383, 897.31 ], [ 148.3455467, -9.0572467, 897.79 ], [ 148.3456083, -9.0571433, 896.6 ], [ 148.345655, -9.0570483, 896.64 ], [ 148.3456967, -9.0569133, 894.7 ], [ 148.345795, -9.0568533, 893.66 ], [ 148.3458583, -9.056745, 898.35 ], [ 148.34592, -9.0566617, 901.18 ], [ 148.34602, -9.0565767, 897.76 ], [ 148.34612, -9.0565167, 893.78 ], [ 148.3462417, -9.05648, 894.26 ], [ 148.346341700000011, -9.0564383, 893.97 ], [ 148.3464333, -9.0563817, 894.15 ], [ 148.3465333, -9.0562883, 895.22 ], [ 148.3466, -9.056195, 895.1 ], [ 148.346655, -9.0560983, 895.25 ], [ 148.3467133, -9.0559867, 895.99 ], [ 148.3467517, -9.0558867, 896.68 ], [ 148.3468083, -9.0558, 896.04 ], [ 148.346856699999989, -9.0556817, 894.53 ], [ 148.3468967, -9.055575, 895.41 ], [ 148.3469533, -9.0554917, 897.51 ], [ 148.347026699999986, -9.055435, 897.45 ], [ 148.3471183, -9.0554417, 900.48 ], [ 148.347195, -9.055515, 905.25 ], [ 148.3472933, -9.0555633, 908.78 ], [ 148.3473883, -9.055565, 910.93 ], [ 148.347505, -9.0555567, 910.52 ], [ 148.347625, -9.055575, 911.02 ], [ 148.3477283, -9.055575, 912.02 ], [ 148.3478533, -9.0555617, 912.1 ], [ 148.347955, -9.0555217, 912.62 ], [ 148.3480667, -9.0554933, 915.0 ], [ 148.34816, -9.055465, 907.89 ], [ 148.3482883, -9.055525, 905.61 ], [ 148.3484167, -9.0555333, 906.17 ], [ 148.3485167, -9.0555767, 908.35 ], [ 148.348658300000011, -9.0555867, 910.08 ], [ 148.348768299999989, -9.0555967, 908.63 ], [ 148.348906699999986, -9.05562, 905.98 ], [ 148.3489983, -9.05559, 903.22 ], [ 148.34912, -9.0555567, 902.2 ], [ 148.3492383, -9.0555317, 904.86 ], [ 148.34935, -9.0555317, 905.45 ], [ 148.3494767, -9.055535, 906.01 ], [ 148.34961, -9.05551, 905.52 ], [ 148.3497017, -9.0554483, 905.35 ], [ 148.349825, -9.05539, 902.96 ], [ 148.34996670000001, -9.0553717, 900.17 ], [ 148.3500717, -9.055355, 898.44 ], [ 148.350198299999988, -9.05537, 895.86 ], [ 148.35032, -9.05537, 894.35 ], [ 148.3504183, -9.0553517, 893.49 ], [ 148.350515, -9.0553, 891.9 ], [ 148.3506017, -9.0552, 888.59 ], [ 148.350693299999989, -9.0551517, 885.99 ], [ 148.3507933, -9.05513, 886.73 ], [ 148.3508883, -9.055115, 888.1 ], [ 148.3509717, -9.0550683, 890.33 ], [ 148.3510417, -9.0550033, 896.37 ], [ 148.35111, -9.0549417, 901.02 ], [ 148.351205, -9.05488, 905.03 ], [ 148.3512983, -9.0548417, 905.83 ], [ 148.3513783, -9.054765, 908.25 ], [ 148.35145, -9.0546983, 911.27 ], [ 148.3515433, -9.05463, 914.85 ], [ 148.35163, -9.0545583, 915.44 ], [ 148.35169830000001, -9.0544733, 915.67 ], [ 148.351766700000013, -9.054375, 916.76 ], [ 148.3518267, -9.0542933, 924.24 ], [ 148.3519267, -9.054185, 921.67 ], [ 148.3520217, -9.0540867, 920.62 ], [ 148.352085, -9.054005, 919.47 ], [ 148.352175, -9.05404, 918.74 ], [ 148.35223830000001, -9.054145, 916.01 ], [ 148.35231, -9.0542283, 915.71 ], [ 148.3523917, -9.0543283, 915.86 ], [ 148.352451699999989, -9.05441, 917.27 ], [ 148.352535, -9.0544983, 916.52 ], [ 148.352605, -9.0545933, 917.7 ], [ 148.352708299999989, -9.0546983, 917.08 ], [ 148.3527733, -9.0547667, 917.25 ], [ 148.352875, -9.0548583, 916.66 ], [ 148.35296, -9.054955, 919.76 ], [ 148.35305, -9.055035, 922.54 ], [ 148.353135, -9.055095, 920.13 ], [ 148.35322, -9.05517, 919.12 ], [ 148.3533117, -9.0552633, 919.59 ], [ 148.3533883, -9.0553483, 920.0 ], [ 148.3534583, -9.055425, 920.46 ], [ 148.35352, -9.05553, 920.91 ], [ 148.353585, -9.05563, 922.11 ], [ 148.35364, -9.0557417, 924.57 ], [ 148.35371330000001, -9.0558317, 924.14 ], [ 148.353785, -9.055935, 924.68 ], [ 148.35385, -9.05603, 925.11 ], [ 148.35390670000001, -9.0561267, 923.6 ], [ 148.3539667, -9.0562217, 926.67 ], [ 148.354003299999988, -9.0563417, 926.33 ], [ 148.354055, -9.0564333, 926.02 ], [ 148.3540817, -9.0565717, 927.62 ], [ 148.354095, -9.0566967, 930.48 ], [ 148.3541083, -9.0568033, 932.96 ], [ 148.3540583, -9.0569283, 936.19 ], [ 148.353985, -9.0570183, 940.51 ], [ 148.3538833, -9.05705, 942.29 ], [ 148.35377, -9.0570517, 941.85 ], [ 148.3536617, -9.05706, 940.96 ], [ 148.353556700000013, -9.0570917, 938.7 ], [ 148.353453300000012, -9.0571283, 936.88 ], [ 148.353341699999987, -9.057155, 936.89 ], [ 148.35322, -9.0571667, 938.4 ], [ 148.353093300000012, -9.0572283, 936.27 ], [ 148.352981699999987, -9.0572817, 933.72 ], [ 148.35289, -9.0572983, 933.9 ], [ 148.3527683, -9.0573333, 935.22 ], [ 148.3526783, -9.0573783, 933.93 ], [ 148.352608300000014, -9.05746, 930.92 ], [ 148.35255, -9.057555, 930.96 ], [ 148.35253, -9.057645, 930.71 ], [ 148.352525, -9.0577583, 930.21 ], [ 148.3525033, -9.057875, 931.75 ], [ 148.352483299999989, -9.0580133, 933.39 ], [ 148.352473300000014, -9.0581267, 935.61 ], [ 148.352473300000014, -9.0582567, 936.21 ], [ 148.352455, -9.05839, 938.19 ], [ 148.3524883, -9.0585, 938.88 ], [ 148.3524883, -9.0586367, 935.99 ], [ 148.35249, -9.058765, 933.18 ], [ 148.3524717, -9.0588817, 933.15 ], [ 148.3524717, -9.0589983, 932.79 ], [ 148.35252, -9.0591183, 929.74 ], [ 148.3526, -9.0592, 925.97 ], [ 148.3526833, -9.0592733, 921.48 ], [ 148.352765, -9.0593433, 917.3 ], [ 148.3528217, -9.0594433, 916.12 ], [ 148.35284, -9.0595483, 914.37 ], [ 148.3528567, -9.0596667, 912.79 ], [ 148.3529217, -9.059775, 910.64 ], [ 148.353061700000012, -9.0598033, 909.62 ], [ 148.3531883, -9.05976, 909.78 ], [ 148.35329, -9.0596983, 909.4 ], [ 148.3533817, -9.0596283, 908.11 ], [ 148.353511700000013, -9.0596033, 907.6 ], [ 148.353625, -9.0596533, 906.95 ], [ 148.353685, -9.0597333, 907.8 ], [ 148.3537317, -9.05988, 909.96 ], [ 148.3537433, -9.0599817, 910.22 ], [ 148.3537283, -9.06011, 911.47 ], [ 148.353765, -9.06022, 909.23 ], [ 148.3538067, -9.060345, 909.23 ], [ 148.353858300000013, -9.0604433, 908.89 ], [ 148.35392, -9.060535, 907.41 ], [ 148.3540183, -9.0606333, 907.06 ], [ 148.3541, -9.0606833, 900.89 ], [ 148.3542, -9.060755, 897.58 ], [ 148.3542817, -9.060825, 896.1 ], [ 148.3543833, -9.06089, 894.66 ], [ 148.354491700000011, -9.0609233, 891.82 ], [ 148.354623299999986, -9.0609383, 887.96 ], [ 148.354726699999986, -9.0609733, 885.65 ], [ 148.3548433, -9.0610283, 883.35 ], [ 148.3549467, -9.0610933, 884.01 ], [ 148.3550533, -9.0611733, 884.1 ], [ 148.3551567, -9.0612367, 886.8 ], [ 148.355266699999987, -9.0613283, 890.77 ], [ 148.355345, -9.0614217, 889.23 ], [ 148.35541, -9.06155, 887.36 ], [ 148.3554567, -9.0616467, 883.44 ], [ 148.35556170000001, -9.061775, 882.38 ], [ 148.355661700000013, -9.0618233, 880.06 ], [ 148.3557633, -9.0618617, 874.99 ], [ 148.355875, -9.0619067, 874.61 ], [ 148.35596670000001, -9.0619467, 873.97 ], [ 148.3561033, -9.0620333, 872.54 ], [ 148.356198299999988, -9.0621017, 870.64 ], [ 148.3562767, -9.062175, 868.21 ], [ 148.3563617, -9.0622867, 871.15 ], [ 148.3564383, -9.06241, 874.4 ], [ 148.356493300000011, -9.0625133, 871.74 ], [ 148.356495, -9.062635, 870.31 ], [ 148.3564867, -9.0627433, 869.02 ], [ 148.35646, -9.0628867, 869.78 ], [ 148.3564667, -9.063, 868.97 ], [ 148.356448300000011, -9.063115, 866.74 ], [ 148.356468299999989, -9.063245, 866.55 ], [ 148.356506700000011, -9.0633817, 864.69 ], [ 148.356596700000011, -9.0634533, 861.33 ], [ 148.356638299999986, -9.063555, 860.02 ], [ 148.3567033, -9.063675, 859.1 ], [ 148.35675, -9.0637817, 856.31 ], [ 148.3567367, -9.0638783, 857.34 ], [ 148.3567667, -9.0640233, 855.32 ], [ 148.3568017, -9.0641267, 856.27 ], [ 148.35681, -9.0642433, 852.8 ], [ 148.3568367, -9.06433, 851.45 ], [ 148.35687, -9.0644667, 849.73 ], [ 148.356925, -9.0646067, 847.63 ], [ 148.356935, -9.0647233, 846.88 ], [ 148.3569917, -9.06484, 846.56 ], [ 148.356995, -9.0649517, 843.08 ], [ 148.357011699999987, -9.0650683, 836.93 ], [ 148.3570533, -9.0651917, 836.56 ], [ 148.3570867, -9.0653217, 837.29 ], [ 148.3571067, -9.0654533, 838.26 ], [ 148.3571617, -9.065585, 836.25 ], [ 148.357181700000012, -9.0656833, 836.4 ], [ 148.35722, -9.0657833, 834.97 ], [ 148.35726, -9.0659267, 832.87 ], [ 148.3572983, -9.0660433, 830.84 ], [ 148.35737, -9.0661633, 827.37 ], [ 148.357506699999988, -9.0662167, 826.6 ], [ 148.357596699999988, -9.0662733, 826.69 ], [ 148.35771170000001, -9.0663183, 825.65 ], [ 148.3578183, -9.06638, 823.75 ], [ 148.35793670000001, -9.0664217, 820.47 ], [ 148.358046699999989, -9.0665017, 819.25 ], [ 148.3581883, -9.0665383, 817.95 ], [ 148.358275, -9.0666283, 817.24 ], [ 148.358345, -9.0667067, 817.27 ], [ 148.358406699999989, -9.0668133, 815.8 ], [ 148.35846, -9.0669433, 815.33 ], [ 148.358485, -9.0670367, 813.51 ], [ 148.358521700000011, -9.067175, 814.81 ], [ 148.3585467, -9.0672883, 814.56 ], [ 148.358585, -9.0674133, 811.87 ], [ 148.358618299999989, -9.0675333, 811.15 ], [ 148.358665, -9.0676617, 811.11 ], [ 148.358755, -9.0677517, 810.83 ], [ 148.35888, -9.0677717, 808.76 ], [ 148.3589917, -9.0677, 806.19 ], [ 148.359061700000012, -9.0675867, 803.56 ], [ 148.3591183, -9.0674733, 801.38 ], [ 148.3591767, -9.06735, 798.26 ], [ 148.35925, -9.0672583, 799.52 ], [ 148.359345, -9.0671783, 797.62 ], [ 148.359465, -9.0671417, 797.79 ], [ 148.359575, -9.0671183, 796.94 ], [ 148.3597, -9.0671283, 796.37 ], [ 148.359836699999988, -9.0671233, 797.64 ], [ 148.35995, -9.06714, 799.44 ], [ 148.3600767, -9.067185, 799.79 ], [ 148.360185, -9.0672533, 800.53 ], [ 148.36031, -9.0672883, 800.01 ], [ 148.3604067, -9.0673417, 800.68 ], [ 148.3605183, -9.067375, 800.35 ], [ 148.3606383, -9.0674, 798.0 ], [ 148.360745, -9.067435, 796.33 ], [ 148.3608867, -9.067495, 789.77 ], [ 148.3610017, -9.0675633, 788.45 ], [ 148.36112, -9.0676367, 785.24 ], [ 148.361225, -9.0676933, 781.37 ], [ 148.361325, -9.0677417, 776.91 ], [ 148.361436700000013, -9.0678183, 776.4 ], [ 148.3615383, -9.0679067, 776.24 ], [ 148.36160670000001, -9.06801, 776.24 ], [ 148.3616733, -9.0681133, 777.02 ], [ 148.3617533, -9.068195, 776.26 ], [ 148.36185, -9.0682783, 775.92 ], [ 148.3619433, -9.0683467, 775.01 ], [ 148.3620467, -9.068415, 775.46 ], [ 148.3621733, -9.0684833, 775.45 ], [ 148.3622767, -9.068525, 774.82 ], [ 148.3624017, -9.068565, 772.49 ], [ 148.362538300000011, -9.0686133, 771.91 ], [ 148.362655, -9.0686517, 772.9 ], [ 148.3627617, -9.06869, 770.17 ], [ 148.3628783, -9.068735, 768.46 ], [ 148.3629717, -9.0687733, 768.5 ], [ 148.3630867, -9.06883, 767.97 ], [ 148.36317, -9.068885, 766.83 ], [ 148.3632783, -9.0689567, 764.87 ], [ 148.36339670000001, -9.0690167, 762.14 ], [ 148.36351, -9.06903, 758.45 ], [ 148.363631700000013, -9.0690433, 758.57 ], [ 148.36376, -9.06912, 757.97 ], [ 148.36382, -9.0692233, 755.2 ], [ 148.3638483, -9.069335, 752.08 ], [ 148.363875, -9.0694667, 751.53 ], [ 148.36392, -9.0695783, 751.28 ], [ 148.3639983, -9.069675, 752.38 ], [ 148.3640883, -9.0697717, 753.74 ], [ 148.3641767, -9.0698683, 751.63 ], [ 148.364251700000011, -9.0699767, 750.51 ], [ 148.364355, -9.0700633, 746.57 ], [ 148.3644683, -9.0701, 744.49 ], [ 148.364595, -9.0701267, 745.24 ], [ 148.364715, -9.0701567, 743.93 ], [ 148.3648667, -9.0701733, 742.73 ], [ 148.3649883, -9.0701767, 739.6 ], [ 148.365115, -9.0701683, 736.33 ], [ 148.3652433, -9.07014, 736.29 ], [ 148.365375, -9.0701167, 735.06 ], [ 148.3655067, -9.0700883, 734.31 ], [ 148.3656283, -9.0700583, 734.97 ], [ 148.3657483, -9.0700417, 733.92 ], [ 148.365868299999988, -9.0700633, 734.39 ], [ 148.365971699999989, -9.0701233, 733.55 ], [ 148.3660567, -9.070215, 732.21 ], [ 148.3661367, -9.0702883, 732.98 ], [ 148.36623, -9.0703667, 730.97 ], [ 148.3663383, -9.0704533, 729.87 ], [ 148.366453299999989, -9.0705417, 730.19 ], [ 148.3665383, -9.0706133, 729.09 ], [ 148.3666333, -9.0707083, 728.04 ], [ 148.36671, -9.0707967, 725.26 ], [ 148.3667967, -9.0708833, 724.98 ], [ 148.366906699999987, -9.07098, 724.36 ], [ 148.3670117, -9.0710733, 725.03 ], [ 148.3671, -9.0711383, 724.84 ], [ 148.36718, -9.0712, 724.27 ], [ 148.3672783, -9.0712883, 725.04 ], [ 148.36739, -9.0713667, 723.74 ], [ 148.3674933, -9.071465, 724.23 ], [ 148.367585, -9.07156, 725.14 ], [ 148.367685, -9.0716383, 724.68 ], [ 148.36778, -9.0717217, 722.15 ], [ 148.367855, -9.071795, 722.08 ], [ 148.367945, -9.0718717, 720.26 ], [ 148.368055, -9.0719517, 719.04 ], [ 148.368145, -9.0720233, 718.3 ], [ 148.368243299999989, -9.0720867, 718.58 ], [ 148.3683483, -9.0721233, 716.98 ], [ 148.3684383, -9.07217, 715.24 ], [ 148.368505, -9.0722367, 715.14 ], [ 148.368583300000012, -9.072285, 712.09 ], [ 148.3686767, -9.072345, 710.31 ], [ 148.3687583, -9.07241, 710.5 ], [ 148.36885, -9.0724817, 708.07 ], [ 148.368898300000012, -9.0725767, 706.85 ], [ 148.3689417, -9.0726917, 706.81 ], [ 148.3689017, -9.0728133, 706.11 ], [ 148.3688833, -9.07292, 703.91 ], [ 148.36888, -9.07303, 703.11 ], [ 148.3688683, -9.0731717, 700.95 ], [ 148.3688917, -9.073305, 699.54 ], [ 148.368925, -9.07342, 696.26 ], [ 148.3689683, -9.07353, 695.05 ], [ 148.3690033, -9.0736533, 696.43 ], [ 148.3690717, -9.07377, 697.13 ], [ 148.3691133, -9.073885, 696.22 ], [ 148.36912, -9.07399, 694.3 ], [ 148.369115, -9.07413, 692.29 ], [ 148.369115, -9.074255, 690.62 ], [ 148.369123300000012, -9.0743933, 689.01 ], [ 148.369168300000013, -9.0745117, 689.19 ], [ 148.369226700000013, -9.0746283, 688.56 ], [ 148.369285, -9.0747367, 686.25 ], [ 148.369303300000013, -9.0748683, 684.27 ], [ 148.36932, -9.0749917, 683.8 ], [ 148.369313299999988, -9.075115, 683.69 ], [ 148.36931, -9.0752383, 683.19 ], [ 148.3693083, -9.07536, 683.36 ], [ 148.369313299999988, -9.0754817, 683.01 ], [ 148.36935, -9.07561, 682.93 ], [ 148.369395, -9.0757217, 682.74 ], [ 148.369435, -9.0758283, 682.92 ], [ 148.36944170000001, -9.0759533, 684.0 ], [ 148.36944170000001, -9.0760717, 683.23 ], [ 148.369483300000013, -9.0761833, 683.19 ], [ 148.3695567, -9.0762983, 684.61 ], [ 148.369641699999988, -9.07637, 682.66 ], [ 148.369731699999988, -9.0764567, 682.27 ], [ 148.369795, -9.07655, 684.31 ], [ 148.36986, -9.07665, 683.82 ], [ 148.3699183, -9.07678, 683.15 ], [ 148.36993, -9.0769, 683.66 ], [ 148.36996, -9.0770267, 684.3 ], [ 148.3700183, -9.0771433, 684.72 ], [ 148.37006, -9.07727, 684.03 ], [ 148.3701117, -9.0773467, 683.93 ], [ 148.3702117, -9.077435, 682.82 ], [ 148.370303299999989, -9.0775017, 681.9 ], [ 148.37041, -9.0775883, 682.35 ], [ 148.3705117, -9.0776533, 682.64 ], [ 148.3706233, -9.07774, 681.46 ], [ 148.3707367, -9.0778117, 681.13 ], [ 148.37086, -9.0778733, 681.35 ], [ 148.37093, -9.0779633, 682.32 ], [ 148.3709567, -9.0780883, 682.25 ], [ 148.3709533, -9.07821, 681.15 ], [ 148.3709633, -9.0783383, 678.2 ], [ 148.370955, -9.0784967, 678.26 ], [ 148.37099, -9.0785983, 675.24 ], [ 148.3710317, -9.0787067, 672.0 ], [ 148.3710733, -9.078835, 670.27 ], [ 148.37114170000001, -9.0789433, 669.93 ], [ 148.371206699999988, -9.0790517, 669.35 ], [ 148.371273300000013, -9.0791617, 668.54 ], [ 148.37132, -9.079255, 669.67 ], [ 148.3713917, -9.0793617, 669.74 ], [ 148.371465, -9.0794783, 669.05 ], [ 148.3715417, -9.0795833, 668.27 ], [ 148.3716067, -9.0796767, 667.63 ], [ 148.37168, -9.0797767, 668.33 ], [ 148.371736700000014, -9.0798933, 667.68 ], [ 148.3718067, -9.08, 665.89 ], [ 148.371855, -9.0801267, 666.41 ], [ 148.3719233, -9.080235, 666.39 ], [ 148.3719817, -9.080335, 665.57 ], [ 148.372035, -9.0804517, 666.84 ], [ 148.372106699999989, -9.0805517, 668.69 ], [ 148.372196699999989, -9.08063, 669.46 ], [ 148.3723, -9.0807, 669.31 ], [ 148.3724033, -9.08076, 669.47 ], [ 148.3725167, -9.0808217, 671.46 ], [ 148.3726333, -9.0808683, 672.28 ], [ 148.3727517, -9.080895, 672.35 ], [ 148.3728667, -9.0809367, 672.39 ], [ 148.3729933, -9.0809617, 672.54 ], [ 148.373121700000013, -9.080985, 671.29 ], [ 148.3732317, -9.0810317, 672.85 ], [ 148.37333, -9.0810683, 673.3 ], [ 148.373423300000013, -9.0811233, 674.54 ], [ 148.37352, -9.081175, 675.41 ], [ 148.3736183, -9.0812383, 677.72 ], [ 148.3737233, -9.0812983, 679.54 ], [ 148.3738333, -9.0813383, 680.12 ], [ 148.373918300000014, -9.08143, 679.13 ], [ 148.3740133, -9.0814883, 679.58 ], [ 148.3740833, -9.0815817, 680.26 ], [ 148.3741583, -9.0816733, 680.48 ], [ 148.37422, -9.0817833, 679.52 ], [ 148.3742767, -9.0818817, 679.59 ], [ 148.37435, -9.0819883, 679.2 ], [ 148.3743983, -9.0820817, 677.6 ], [ 148.374423299999989, -9.0821983, 677.75 ], [ 148.3744217, -9.082325, 679.17 ], [ 148.3744, -9.08245, 679.89 ], [ 148.374378299999989, -9.0825817, 678.52 ], [ 148.374335, -9.082695, 677.31 ], [ 148.374336699999986, -9.0828267, 674.55 ], [ 148.374358300000011, -9.08294, 674.06 ], [ 148.374371700000012, -9.0830683, 674.59 ], [ 148.374336699999986, -9.0831917, 675.51 ], [ 148.3743033, -9.083315, 674.49 ], [ 148.374236700000012, -9.0834283, 672.86 ], [ 148.3742033, -9.0835433, 670.97 ], [ 148.374288299999989, -9.0836467, 667.2 ], [ 148.374368299999986, -9.0837483, 665.9 ], [ 148.374415, -9.083865, 666.25 ], [ 148.37447, -9.0839633, 664.83 ], [ 148.3744917, -9.0841033, 663.96 ], [ 148.3744983, -9.08423, 660.41 ], [ 148.374516699999987, -9.0843417, 661.48 ], [ 148.3745283, -9.08447, 662.08 ], [ 148.3745733, -9.0845933, 660.49 ], [ 148.3746617, -9.0846867, 659.56 ], [ 148.3747517, -9.084765, 658.34 ], [ 148.374821700000012, -9.0848567, 657.53 ], [ 148.374853300000012, -9.0849883, 657.34 ], [ 148.374866700000013, -9.0851017, 657.13 ], [ 148.3748833, -9.0852267, 658.63 ], [ 148.3749033, -9.0853567, 657.13 ], [ 148.3749133, -9.0854633, 657.55 ], [ 148.37491, -9.085585, 658.64 ], [ 148.374885, -9.0856933, 657.14 ], [ 148.374866700000013, -9.085795, 656.82 ], [ 148.3748567, -9.0858933, 653.69 ], [ 148.3748567, -9.08601, 652.93 ], [ 148.374895, -9.0861217, 651.86 ], [ 148.3749483, -9.08623, 651.04 ], [ 148.3750167, -9.0863467, 649.82 ], [ 148.375088299999987, -9.0864233, 647.33 ], [ 148.375185, -9.0865033, 644.71 ], [ 148.37525, -9.0866067, 643.27 ], [ 148.3752917, -9.08675, 647.96 ], [ 148.3753183, -9.0868917, 649.09 ], [ 148.37538, -9.0870033, 651.84 ], [ 148.3754267, -9.08713, 652.72 ], [ 148.3754917, -9.0872267, 655.77 ], [ 148.37556330000001, -9.0873467, 657.4 ], [ 148.375605, -9.0874617, 659.9 ], [ 148.37568, -9.0875633, 659.06 ], [ 148.3757333, -9.0876617, 658.11 ], [ 148.375785, -9.0877483, 657.75 ], [ 148.3758633, -9.0878483, 657.19 ], [ 148.3759583, -9.08792, 657.74 ], [ 148.376068299999986, -9.0879667, 660.17 ], [ 148.376181699999989, -9.088025, 657.55 ], [ 148.3762983, -9.088085, 655.58 ], [ 148.376396699999987, -9.0881233, 654.42 ], [ 148.3764667, -9.0882117, 653.64 ], [ 148.3765367, -9.088295, 652.98 ], [ 148.376595, -9.0884, 651.15 ], [ 148.3766967, -9.0884883, 649.93 ], [ 148.376778300000012, -9.0885633, 649.08 ], [ 148.3768717, -9.0886717, 649.84 ], [ 148.376936699999987, -9.0887767, 650.77 ], [ 148.37703, -9.0888567, 651.8 ], [ 148.377138300000013, -9.0889333, 652.36 ], [ 148.3772567, -9.0889683, 652.88 ], [ 148.377385, -9.08902, 653.0 ], [ 148.377515, -9.08908, 648.52 ], [ 148.377636700000011, -9.0891383, 644.17 ], [ 148.377745, -9.0892033, 641.09 ], [ 148.377871699999986, -9.08925, 641.8 ], [ 148.3779917, -9.0892717, 640.22 ], [ 148.3781133, -9.0892983, 638.1 ], [ 148.3782067, -9.0893817, 637.0 ], [ 148.378185, -9.089505, 636.88 ], [ 148.378065, -9.0895667, 635.37 ], [ 148.377951700000011, -9.0896033, 632.92 ], [ 148.3778383, -9.0896483, 630.39 ], [ 148.3777117, -9.089705, 625.83 ], [ 148.3775967, -9.0897783, 622.7 ], [ 148.3774683, -9.0898417, 621.13 ], [ 148.377373299999988, -9.08994, 620.12 ], [ 148.377305, -9.0900317, 620.97 ], [ 148.3772083, -9.0901383, 621.65 ], [ 148.377116699999988, -9.09025, 618.91 ], [ 148.3770767, -9.0903467, 619.09 ], [ 148.3770433, -9.090485, 619.37 ], [ 148.377093300000013, -9.090625, 618.83 ], [ 148.377106700000013, -9.0907833, 615.8 ], [ 148.3771567, -9.090875, 614.15 ], [ 148.3772367, -9.0909283, 613.12 ], [ 148.3773117, -9.090985, 611.68 ], [ 148.37742, -9.091045, 611.91 ], [ 148.377508299999988, -9.0911017, 616.15 ], [ 148.377605, -9.091145, 617.5 ], [ 148.3777067, -9.0912, 619.08 ], [ 148.37779, -9.0912933, 620.48 ], [ 148.377813300000014, -9.091405, 622.01 ], [ 148.3778183, -9.0915367, 623.62 ], [ 148.3778, -9.0916583, 624.37 ], [ 148.377795, -9.0917717, 623.06 ], [ 148.377825, -9.0918817, 623.01 ], [ 148.377848300000011, -9.091995, 622.55 ], [ 148.377913299999989, -9.0921033, 627.13 ], [ 148.377993300000014, -9.0921917, 631.86 ], [ 148.378106699999989, -9.092255, 634.2 ], [ 148.3782017, -9.0923183, 634.75 ], [ 148.378311700000012, -9.0923667, 633.5 ], [ 148.3784383, -9.0924217, 631.24 ], [ 148.37855, -9.092465, 631.14 ], [ 148.3786483, -9.0925033, 631.99 ], [ 148.378705, -9.0926067, 632.9 ], [ 148.378705, -9.092745, 632.08 ], [ 148.378658300000012, -9.0928633, 632.25 ], [ 148.3786417, -9.092975, 633.21 ], [ 148.378591699999987, -9.0930917, 634.55 ], [ 148.3785767, -9.0932017, 635.93 ], [ 148.3785533, -9.09333, 637.56 ], [ 148.378515, -9.093435, 637.21 ], [ 148.378485, -9.0935717, 638.33 ], [ 148.378455, -9.0936817, 640.29 ], [ 148.378401700000012, -9.093775, 641.04 ], [ 148.37836, -9.093875, 644.03 ], [ 148.3783517, -9.0940133, 644.27 ], [ 148.378345, -9.0941367, 646.13 ], [ 148.378345, -9.09426, 649.77 ], [ 148.37837, -9.0943767, 651.12 ], [ 148.3783933, -9.094495, 651.45 ], [ 148.378425, -9.0946133, 653.92 ], [ 148.3784533, -9.0947317, 654.29 ], [ 148.37848, -9.09485, 655.89 ], [ 148.37851, -9.0949683, 656.16 ], [ 148.378535, -9.095085, 657.89 ], [ 148.378545, -9.0952117, 658.38 ], [ 148.3785483, -9.0953233, 662.32 ], [ 148.378565, -9.09545, 660.42 ], [ 148.37861, -9.09556, 658.41 ], [ 148.378695, -9.0956417, 658.45 ], [ 148.378795, -9.095715, 658.67 ], [ 148.37889, -9.09579, 658.37 ], [ 148.3789983, -9.095855, 659.39 ], [ 148.3790933, -9.095935, 661.13 ], [ 148.37919, -9.095995, 661.53 ], [ 148.3792833, -9.096085, 661.23 ], [ 148.3793833, -9.09618, 663.42 ], [ 148.379471700000011, -9.0962683, 663.57 ], [ 148.3795667, -9.0963717, 664.57 ], [ 148.379665, -9.09648, 664.63 ], [ 148.379715, -9.09658, 665.39 ], [ 148.3797817, -9.096685, 666.48 ], [ 148.3798617, -9.0968017, 666.78 ], [ 148.3799483, -9.0968817, 666.51 ], [ 148.3800367, -9.0969517, 666.62 ], [ 148.3801383, -9.0970033, 668.16 ], [ 148.380235, -9.0970283, 668.43 ], [ 148.3803417, -9.0970717, 669.4 ], [ 148.3804467, -9.0970967, 671.78 ], [ 148.380565, -9.0971167, 673.52 ], [ 148.380695, -9.0971183, 674.63 ], [ 148.3808017, -9.0971133, 678.59 ], [ 148.3809333, -9.097085, 679.65 ], [ 148.3810483, -9.0970417, 679.44 ], [ 148.381165, -9.0970267, 679.12 ], [ 148.3812833, -9.0970583, 677.73 ], [ 148.3814017, -9.09707, 679.3 ], [ 148.381525, -9.0971283, 679.27 ], [ 148.3816383, -9.0971733, 680.74 ], [ 148.38175, -9.097215, 682.6 ], [ 148.38185, -9.09728, 684.51 ], [ 148.3819667, -9.097335, 685.79 ], [ 148.3820967, -9.0973783, 685.35 ], [ 148.3822083, -9.0974167, 686.61 ], [ 148.3823267, -9.097465, 686.89 ], [ 148.382445, -9.0975217, 687.07 ], [ 148.382566700000012, -9.097575, 687.5 ], [ 148.3826683, -9.09762, 687.88 ], [ 148.38277, -9.09767, 688.82 ], [ 148.382875, -9.0977283, 688.66 ], [ 148.382995, -9.09782, 689.23 ], [ 148.383071699999988, -9.097935, 692.87 ], [ 148.3831367, -9.0980333, 692.85 ], [ 148.38319, -9.09815, 692.77 ], [ 148.3832433, -9.098265, 692.31 ], [ 148.3833033, -9.0983783, 692.59 ], [ 148.383375, -9.098465, 691.54 ], [ 148.3834617, -9.0985383, 690.58 ], [ 148.3835717, -9.0986033, 691.12 ], [ 148.38369, -9.09864, 691.41 ], [ 148.383826699999986, -9.0986767, 693.88 ], [ 148.3839433, -9.0986917, 692.52 ], [ 148.3840767, -9.0986933, 694.0 ], [ 148.3841917, -9.09867, 693.1 ], [ 148.384321699999987, -9.0986583, 693.92 ], [ 148.384455, -9.09864, 694.73 ], [ 148.384568300000012, -9.0986217, 696.26 ], [ 148.3846983, -9.098625, 698.41 ], [ 148.3848267, -9.0986133, 698.33 ], [ 148.384955, -9.0986133, 699.36 ], [ 148.385075, -9.0986317, 702.57 ], [ 148.38521, -9.0986383, 702.19 ], [ 148.3853217, -9.0986617, 701.69 ], [ 148.3854417, -9.0987033, 701.83 ], [ 148.3855533, -9.0987733, 700.85 ], [ 148.3856533, -9.09885, 702.14 ], [ 148.385751699999986, -9.0989117, 704.21 ], [ 148.385855, -9.09898, 705.68 ], [ 148.385941699999989, -9.0990533, 706.67 ], [ 148.38607, -9.0991, 703.74 ], [ 148.386191700000012, -9.0991283, 704.21 ], [ 148.3863017, -9.09913, 707.7 ], [ 148.38643, -9.0991533, 709.58 ], [ 148.38655, -9.099165, 712.81 ], [ 148.38667, -9.0991733, 715.63 ], [ 148.3867967, -9.0991683, 720.02 ], [ 148.3869267, -9.0991783, 717.29 ], [ 148.3870183, -9.0991983, 714.01 ], [ 148.38712670000001, -9.0992583, 715.92 ], [ 148.38724, -9.09931, 717.8 ], [ 148.38732, -9.0994067, 718.29 ], [ 148.38738330000001, -9.0994967, 719.01 ], [ 148.38743, -9.0995967, 718.56 ], [ 148.387473300000011, -9.0997067, 720.44 ], [ 148.387495, -9.0998217, 722.17 ], [ 148.3875433, -9.09994, 724.01 ], [ 148.3875717, -9.1000517, 725.53 ], [ 148.3876333, -9.1001567, 725.97 ], [ 148.3876933, -9.10026, 727.89 ], [ 148.38777, -9.1003483, 725.74 ], [ 148.387835, -9.1004467, 726.2 ], [ 148.387923300000011, -9.1005367, 728.49 ], [ 148.3879933, -9.100635, 730.22 ], [ 148.388075, -9.1007267, 731.3 ], [ 148.3881233, -9.1008517, 731.13 ], [ 148.3881533, -9.1009733, 731.07 ], [ 148.38818, -9.101095, 731.19 ], [ 148.388225, -9.10121, 731.32 ], [ 148.388261699999987, -9.1013333, 732.56 ], [ 148.3883133, -9.1014583, 731.59 ], [ 148.3883533, -9.10159, 731.69 ], [ 148.388396699999987, -9.10169, 733.32 ], [ 148.3884617, -9.101815, 733.45 ], [ 148.3885367, -9.1019133, 733.26 ], [ 148.3886, -9.102025, 734.75 ], [ 148.388645, -9.102135, 736.69 ], [ 148.388665, -9.102265, 734.7 ], [ 148.3887, -9.102365, 734.18 ], [ 148.388705, -9.102495, 732.44 ], [ 148.3887033, -9.1026233, 731.7 ], [ 148.3887, -9.10274, 733.37 ], [ 148.38871, -9.102875, 736.06 ], [ 148.388725, -9.1030117, 736.75 ], [ 148.38873, -9.1031383, 735.99 ], [ 148.388743299999987, -9.10325, 737.25 ], [ 148.3887317, -9.1033833, 739.04 ], [ 148.388745, -9.1035117, 739.62 ], [ 148.38874, -9.1036217, 740.44 ], [ 148.38873670000001, -9.1037533, 741.9 ], [ 148.3887583, -9.1038617, 744.78 ], [ 148.388785, -9.103985, 745.8 ], [ 148.3887933, -9.1040967, 746.05 ], [ 148.3888183, -9.1041933, 746.63 ], [ 148.3888417, -9.1043117, 748.09 ], [ 148.3888533, -9.104415, 746.68 ], [ 148.3888567, -9.10452, 746.49 ], [ 148.3888283, -9.1046633, 747.54 ], [ 148.3887767, -9.1047683, 747.02 ], [ 148.3887067, -9.1048667, 746.03 ], [ 148.3886617, -9.1049717, 744.77 ], [ 148.3886017, -9.1050767, 743.11 ], [ 148.3885383, -9.1051833, 742.82 ], [ 148.3884917, -9.1052783, 744.13 ], [ 148.3884383, -9.1053733, 745.61 ], [ 148.388383299999987, -9.1054733, 746.92 ], [ 148.38834, -9.10556, 749.68 ], [ 148.388283300000012, -9.1056583, 751.29 ], [ 148.388245, -9.1057667, 752.7 ], [ 148.388195, -9.1058633, 754.36 ], [ 148.3881517, -9.1059667, 754.9 ], [ 148.3881183, -9.1060783, 756.71 ], [ 148.3880767, -9.1061867, 756.2 ], [ 148.3880317, -9.10628, 755.5 ], [ 148.388, -9.1063883, 756.19 ], [ 148.3879617, -9.1064933, 757.36 ], [ 148.3879317, -9.106615, 757.21 ], [ 148.387915, -9.10673, 756.93 ], [ 148.38791, -9.1068533, 760.57 ], [ 148.3879417, -9.106965, 762.89 ], [ 148.3879733, -9.1070867, 764.84 ], [ 148.38802, -9.1071817, 764.7 ], [ 148.3880567, -9.1072883, 764.18 ], [ 148.38811, -9.1073967, 763.42 ], [ 148.3881817, -9.1075, 762.92 ], [ 148.38824, -9.1076233, 764.19 ], [ 148.3883133, -9.1077283, 764.96 ], [ 148.3883683, -9.1078367, 763.82 ], [ 148.388395, -9.1079483, 763.07 ], [ 148.3883983, -9.1080817, 762.76 ], [ 148.38841, -9.1082, 763.04 ], [ 148.3884, -9.10834, 763.21 ], [ 148.3883083, -9.1084217, 765.53 ], [ 148.3882183, -9.1085033, 766.53 ], [ 148.3881117, -9.1085683, 767.24 ], [ 148.388013300000011, -9.10863, 767.75 ], [ 148.387985, -9.1087383, 769.72 ], [ 148.3879217, -9.10884, 772.47 ], [ 148.38786, -9.10892, 775.05 ], [ 148.3878, -9.1090233, 779.72 ], [ 148.38779, -9.1091483, 781.64 ], [ 148.3877333, -9.109235, 781.51 ], [ 148.3876617, -9.1093317, 781.86 ], [ 148.387628299999989, -9.1094383, 783.45 ], [ 148.387583299999989, -9.109545, 786.35 ], [ 148.38754, -9.109645, 788.18 ], [ 148.3875533, -9.1097383, 791.88 ], [ 148.38766, -9.1098233, 793.39 ], [ 148.3877267, -9.109885, 795.26 ], [ 148.387835, -9.109935, 793.34 ], [ 148.3879517, -9.1100067, 792.39 ], [ 148.3880533, -9.11007, 792.39 ], [ 148.3881433, -9.1101067, 792.38 ], [ 148.38825, -9.1101867, 790.0 ], [ 148.38832, -9.110275, 790.43 ], [ 148.388341700000012, -9.1103833, 791.56 ], [ 148.38837, -9.1104917, 791.8 ], [ 148.388425, -9.1106167, 794.04 ], [ 148.388465, -9.1107167, 794.78 ], [ 148.3885483, -9.1107933, 793.51 ], [ 148.38864, -9.1108783, 796.05 ], [ 148.3887267, -9.1109283, 795.07 ], [ 148.3888217, -9.1110067, 798.6 ], [ 148.38894, -9.1110283, 800.19 ], [ 148.3890733, -9.1110533, 800.2 ], [ 148.389183300000013, -9.1110883, 802.85 ], [ 148.3892933, -9.11111, 802.16 ], [ 148.3893917, -9.1111533, 803.52 ], [ 148.3894817, -9.1112183, 804.78 ], [ 148.389566699999989, -9.1112767, 806.43 ], [ 148.38968, -9.1113517, 807.81 ], [ 148.3897383, -9.111425, 806.47 ], [ 148.3898517, -9.111515, 807.93 ], [ 148.3899533, -9.111565, 806.64 ], [ 148.390065, -9.1116117, 807.21 ], [ 148.3901933, -9.111635, 807.96 ], [ 148.39031, -9.111655, 811.25 ], [ 148.3904283, -9.1116417, 814.27 ], [ 148.3905483, -9.1116333, 812.86 ], [ 148.3906667, -9.1116317, 811.14 ], [ 148.39077, -9.1116317, 812.22 ], [ 148.39087330000001, -9.1116517, 813.6 ], [ 148.3909917, -9.11166, 814.39 ], [ 148.3911067, -9.1116717, 814.97 ], [ 148.3912067, -9.111695, 816.55 ], [ 148.3913483, -9.111725, 819.52 ], [ 148.39145, -9.111745, 818.93 ], [ 148.391593300000011, -9.111785, 820.7 ], [ 148.3916883, -9.1118067, 821.94 ], [ 148.3918017, -9.1118433, 820.54 ], [ 148.39191, -9.1118783, 819.47 ], [ 148.39202, -9.1119317, 818.77 ], [ 148.3921217, -9.112005, 817.51 ], [ 148.3922033, -9.1120617, 816.71 ], [ 148.39229, -9.1121617, 821.39 ], [ 148.3923333, -9.1122983, 824.4 ], [ 148.3923033, -9.112415, 823.92 ], [ 148.3922533, -9.11251, 819.98 ], [ 148.3921717, -9.112595, 814.15 ], [ 148.3920733, -9.1126867, 812.33 ], [ 148.3919867, -9.1127667, 811.44 ], [ 148.3919033, -9.112855, 812.56 ], [ 148.39182, -9.1129183, 811.25 ], [ 148.391738299999986, -9.112965, 810.45 ], [ 148.391626699999989, -9.1129983, 809.77 ], [ 148.39151, -9.113005, 810.53 ], [ 148.3913867, -9.11301, 811.17 ], [ 148.39129, -9.1130583, 813.41 ], [ 148.3912033, -9.1131083, 812.92 ], [ 148.3911167, -9.1131733, 811.38 ], [ 148.3910433, -9.113245, 806.65 ], [ 148.390975, -9.1133383, 801.47 ], [ 148.3909233, -9.1134317, 799.83 ], [ 148.3908667, -9.11353, 798.91 ], [ 148.390806700000013, -9.1136283, 795.87 ], [ 148.3907683, -9.1137433, 793.63 ], [ 148.3907183, -9.1138483, 791.32 ], [ 148.390635, -9.1139467, 793.7 ], [ 148.390565, -9.114045, 795.87 ], [ 148.39047, -9.1141233, 797.79 ], [ 148.390388300000012, -9.114185, 795.27 ], [ 148.39029, -9.1142483, 791.85 ], [ 148.390165, -9.1143017, 789.87 ], [ 148.3900567, -9.1143617, 789.66 ], [ 148.3899567, -9.1144283, 789.58 ], [ 148.3898733, -9.1145117, 790.45 ], [ 148.3897883, -9.11459, 790.43 ], [ 148.389685, -9.11465, 790.26 ], [ 148.3895633, -9.114695, 788.44 ], [ 148.3894383, -9.1147067, 787.44 ], [ 148.389321700000011, -9.1147233, 788.04 ], [ 148.389206699999988, -9.1147383, 786.81 ], [ 148.3890817, -9.1147517, 784.27 ], [ 148.388968299999988, -9.11476, 782.47 ], [ 148.3888483, -9.1147667, 780.35 ], [ 148.38873, -9.1147733, 778.08 ], [ 148.3886167, -9.1148067, 775.87 ], [ 148.3885617, -9.1148983, 772.57 ], [ 148.3885783, -9.115005, 772.01 ], [ 148.388666699999987, -9.1150617, 769.8 ], [ 148.38879, -9.11512, 769.39 ], [ 148.38886, -9.1151967, 767.93 ], [ 148.38889, -9.1153117, 765.13 ], [ 148.38888, -9.1154283, 763.65 ], [ 148.38884, -9.1155433, 759.96 ], [ 148.38879, -9.1156383, 757.3 ], [ 148.3887267, -9.115745, 757.62 ], [ 148.3886367, -9.1158383, 758.02 ], [ 148.388553300000012, -9.1159067, 757.14 ], [ 148.3884583, -9.1159633, 756.62 ], [ 148.388386700000012, -9.1160633, 755.24 ], [ 148.3883217, -9.1161633, 752.2 ], [ 148.3882633, -9.1162683, 751.07 ], [ 148.388203299999986, -9.1163767, 749.71 ], [ 148.388161700000012, -9.1164783, 748.73 ], [ 148.3881, -9.11658, 747.01 ], [ 148.3880483, -9.11669, 745.53 ], [ 148.3880283, -9.1168033, 743.7 ], [ 148.38801, -9.1169267, 742.59 ], [ 148.3880533, -9.1170083, 745.23 ], [ 148.3881433, -9.1170467, 748.08 ], [ 148.3882317, -9.1170817, 747.73 ], [ 148.3883533, -9.1171483, 746.81 ], [ 148.388435, -9.117255, 744.16 ], [ 148.3884717, -9.1173667, 742.59 ], [ 148.388473299999987, -9.11747, 739.79 ], [ 148.3884983, -9.1175867, 738.04 ], [ 148.38852, -9.1177117, 736.08 ], [ 148.3885383, -9.1178267, 733.68 ], [ 148.38854, -9.117935, 730.94 ], [ 148.3885283, -9.11805, 730.12 ], [ 148.388495, -9.1181717, 728.75 ], [ 148.38846, -9.1182717, 726.61 ], [ 148.3884383, -9.118385, 728.82 ], [ 148.388455, -9.1185, 731.24 ], [ 148.3884683, -9.1186183, 730.49 ], [ 148.3885067, -9.1187283, 726.57 ], [ 148.3885267, -9.1188417, 724.71 ], [ 148.3885367, -9.1189417, 723.67 ], [ 148.3885267, -9.11906, 722.73 ], [ 148.3884933, -9.119155, 724.41 ], [ 148.3884783, -9.1192533, 724.63 ], [ 148.3884783, -9.1193617, 720.98 ], [ 148.3884467, -9.11947, 718.45 ], [ 148.3884117, -9.1195633, 718.58 ], [ 148.388395, -9.1196767, 718.69 ], [ 148.3883583, -9.119785, 719.0 ], [ 148.388341700000012, -9.119895, 715.47 ], [ 148.38828, -9.12001, 712.97 ], [ 148.388238300000012, -9.1201183, 711.31 ], [ 148.3882183, -9.12023, 709.97 ], [ 148.3881683, -9.1203283, 712.03 ], [ 148.38813, -9.120435, 712.16 ], [ 148.3880833, -9.1205383, 712.35 ], [ 148.3879983, -9.12063, 712.31 ], [ 148.387933299999986, -9.1207117, 710.9 ], [ 148.3878383, -9.120785, 709.75 ], [ 148.387745, -9.1208567, 705.69 ], [ 148.387665, -9.1209233, 705.07 ], [ 148.3876017, -9.121, 706.61 ], [ 148.3874983, -9.12108, 706.48 ], [ 148.38743, -9.1211583, 703.8 ], [ 148.3873633, -9.1212483, 704.58 ], [ 148.38729, -9.1213283, 706.21 ], [ 148.38724, -9.1214367, 706.71 ], [ 148.38716, -9.1215333, 705.88 ], [ 148.3871217, -9.1216333, 701.89 ], [ 148.3870867, -9.1217417, 698.48 ], [ 148.387025, -9.1218333, 694.87 ], [ 148.386945, -9.1219033, 696.45 ], [ 148.3868783, -9.1219967, 696.81 ], [ 148.3868417, -9.1221167, 696.27 ], [ 148.386845, -9.1222383, 696.28 ], [ 148.386876699999988, -9.1223533, 694.65 ], [ 148.3869267, -9.122455, 693.04 ], [ 148.38698, -9.122565, 691.05 ], [ 148.387025, -9.1226767, 689.58 ], [ 148.38711, -9.1227583, 688.36 ], [ 148.38719, -9.1228367, 685.1 ], [ 148.3872533, -9.1229383, 684.17 ], [ 148.3872633, -9.123055, 681.16 ], [ 148.38724830000001, -9.1231717, 681.27 ], [ 148.3872417, -9.123285, 680.06 ], [ 148.3872417, -9.1233983, 679.12 ], [ 148.3872183, -9.1235183, 676.56 ], [ 148.38717, -9.1236217, 675.49 ], [ 148.3870983, -9.1237067, 673.98 ], [ 148.38703, -9.1237817, 673.51 ], [ 148.3869617, -9.12385, 673.61 ], [ 148.386876699999988, -9.1239317, 671.75 ], [ 148.3868067, -9.12404, 670.16 ], [ 148.386785, -9.124135, 668.52 ], [ 148.38671, -9.12422, 667.87 ], [ 148.3866167, -9.1242983, 665.77 ], [ 148.38654, -9.124375, 662.91 ], [ 148.386465, -9.1244633, 660.03 ], [ 148.3864, -9.12455, 659.13 ], [ 148.38634, -9.1246483, 658.49 ], [ 148.386255, -9.1247283, 657.03 ], [ 148.3861733, -9.1248, 656.5 ], [ 148.386075, -9.1248667, 656.15 ], [ 148.3859783, -9.12493, 653.56 ], [ 148.385875, -9.1249783, 651.76 ], [ 148.3857817, -9.1250517, 647.5 ], [ 148.3856883, -9.125125, 646.15 ], [ 148.3856083, -9.1252017, 645.45 ], [ 148.385535, -9.125305, 642.47 ], [ 148.385475, -9.1254217, 642.29 ], [ 148.385445, -9.12553, 639.63 ], [ 148.38541330000001, -9.1256433, 637.47 ], [ 148.3853933, -9.125755, 634.94 ], [ 148.385365, -9.1258833, 634.53 ], [ 148.3853167, -9.1259783, 633.45 ], [ 148.385243300000013, -9.126065, 632.33 ], [ 148.38515670000001, -9.1261117, 632.03 ], [ 148.3850717, -9.1261517, 633.17 ], [ 148.3849933, -9.126105, 633.33 ], [ 148.3849033, -9.1260483, 632.92 ], [ 148.38497, -9.12612, 643.61 ], [ 148.384935, -9.1262117, 638.17 ], [ 148.384855, -9.1262983, 638.18 ], [ 148.38481, -9.1264083, 637.92 ], [ 148.3848233, -9.1265067, 638.59 ], [ 148.3848683, -9.1265933, 640.53 ], [ 148.384893299999987, -9.1266883, 642.91 ], [ 148.384928300000013, -9.126785, 644.34 ], [ 148.38493170000001, -9.1268867, 645.98 ], [ 148.384941700000013, -9.12698, 647.93 ], [ 148.384938299999988, -9.12709, 650.26 ], [ 148.3849167, -9.1271917, 650.42 ], [ 148.3849033, -9.12729, 652.78 ], [ 148.3848917, -9.1273917, 654.03 ], [ 148.384893299999987, -9.1274867, 655.29 ], [ 148.3849233, -9.1275833, 656.23 ], [ 148.38496330000001, -9.1276767, 657.69 ], [ 148.385015, -9.1277567, 658.65 ], [ 148.3850817, -9.1278333, 659.03 ], [ 148.385125, -9.1279233, 658.94 ], [ 148.3851417, -9.1280133, 660.68 ], [ 148.3851383, -9.12811, 661.17 ], [ 148.38509830000001, -9.1282033, 661.8 ], [ 148.3850567, -9.1283017, 664.51 ], [ 148.3850067, -9.1284, 663.83 ], [ 148.384965, -9.1285083, 663.93 ], [ 148.38491830000001, -9.1286033, 663.78 ], [ 148.384875, -9.1287033, 664.89 ], [ 148.3848283, -9.128805, 665.99 ], [ 148.3847733, -9.1288917, 666.16 ], [ 148.3847233, -9.12899, 667.82 ], [ 148.384685, -9.1290883, 669.1 ], [ 148.384623299999987, -9.1291767, 670.58 ], [ 148.38455, -9.1292367, 670.9 ], [ 148.3844817, -9.1293117, 670.21 ], [ 148.3843917, -9.1293683, 672.51 ], [ 148.38431, -9.1294333, 675.31 ], [ 148.3842417, -9.1295033, 675.51 ], [ 148.38417, -9.1295717, 675.31 ], [ 148.384086700000012, -9.1296417, 676.94 ], [ 148.384005, -9.1297, 678.73 ], [ 148.3839367, -9.129775, 679.12 ], [ 148.38387, -9.1298467, 679.65 ], [ 148.383815, -9.1299267, 680.54 ], [ 148.3837517, -9.1300033, 681.63 ], [ 148.383701699999989, -9.1300933, 682.91 ], [ 148.3836517, -9.1301883, 683.35 ], [ 148.38358, -9.1302533, 683.63 ], [ 148.3834733, -9.130295, 685.53 ], [ 148.383373299999988, -9.1302967, 686.7 ], [ 148.3832567, -9.1302967, 687.29 ], [ 148.383155, -9.1303133, 689.44 ], [ 148.38305, -9.130335, 691.91 ], [ 148.3829567, -9.1303783, 693.13 ], [ 148.382865, -9.1304183, 692.54 ], [ 148.3827733, -9.130475, 692.94 ], [ 148.3826783, -9.13052, 691.88 ], [ 148.3825933, -9.1305533, 693.2 ], [ 148.382508300000012, -9.1305983, 694.79 ], [ 148.3824383, -9.1306733, 695.6 ], [ 148.3823917, -9.1307567, 694.91 ], [ 148.3824067, -9.1308617, 695.49 ], [ 148.3824583, -9.13098, 696.26 ], [ 148.3824933, -9.1310817, 696.24 ], [ 148.382525, -9.1311967, 698.23 ], [ 148.3825783, -9.13129, 699.05 ], [ 148.382611700000012, -9.1313933, 699.16 ], [ 148.3826467, -9.1314833, 700.04 ], [ 148.3827283, -9.131605, 700.76 ], [ 148.382785, -9.1316917, 700.36 ], [ 148.38286, -9.131775, 703.26 ], [ 148.3829217, -9.13185, 703.06 ], [ 148.383, -9.13195, 701.55 ], [ 148.3830733, -9.132045, 701.94 ], [ 148.38316, -9.1321267, 704.39 ], [ 148.38323170000001, -9.1322167, 705.75 ], [ 148.3833133, -9.1322983, 707.68 ], [ 148.383408300000013, -9.1323667, 708.89 ], [ 148.383505, -9.13241, 707.81 ], [ 148.383601700000014, -9.1324483, 707.5 ], [ 148.3837083, -9.1324817, 706.8 ], [ 148.3838217, -9.1325283, 710.23 ], [ 148.383916699999986, -9.1325683, 711.67 ], [ 148.3840433, -9.13261, 712.64 ], [ 148.3841483, -9.1326383, 713.56 ], [ 148.3842583, -9.132675, 714.11 ], [ 148.38436, -9.13271, 712.44 ], [ 148.3844717, -9.1327467, 709.84 ], [ 148.38458, -9.132785, 709.16 ], [ 148.384671700000013, -9.1328517, 709.69 ], [ 148.38474, -9.1329483, 708.41 ], [ 148.3847883, -9.133045, 708.41 ], [ 148.384851700000013, -9.1331533, 707.67 ], [ 148.38489, -9.1332533, 708.32 ], [ 148.3849133, -9.133355, 710.98 ], [ 148.3849333, -9.1334617, 712.4 ], [ 148.38496, -9.1335583, 713.32 ], [ 148.384996699999988, -9.133665, 714.03 ], [ 148.38504, -9.1337517, 712.58 ], [ 148.385075, -9.13386, 713.05 ], [ 148.3851167, -9.13395, 714.62 ], [ 148.385153300000013, -9.134045, 714.52 ], [ 148.3852033, -9.1341517, 715.53 ], [ 148.385256700000014, -9.1342467, 716.48 ], [ 148.38529, -9.134355, 717.02 ], [ 148.38532, -9.134465, 716.59 ], [ 148.3853517, -9.134575, 716.51 ], [ 148.385388299999988, -9.1346767, 717.21 ], [ 148.38542, -9.13478, 716.83 ], [ 148.3854633, -9.134885, 717.61 ], [ 148.3855, -9.1349817, 717.88 ], [ 148.385523299999988, -9.1350817, 717.9 ], [ 148.385555, -9.135185, 717.57 ], [ 148.385581699999989, -9.135295, 717.01 ], [ 148.3856117, -9.1354083, 716.42 ], [ 148.38567, -9.1354817, 716.91 ], [ 148.385706699999986, -9.1355917, 716.96 ], [ 148.3857433, -9.135685, 717.67 ], [ 148.3857767, -9.1357833, 719.12 ], [ 148.385805, -9.1358867, 721.02 ], [ 148.3858483, -9.1359867, 720.52 ], [ 148.385883299999989, -9.1360883, 722.67 ], [ 148.385921700000011, -9.1361933, 723.53 ], [ 148.385965, -9.1362933, 724.12 ], [ 148.38601, -9.1364017, 724.91 ], [ 148.38605, -9.1365083, 723.66 ], [ 148.3860933, -9.1366083, 723.6 ], [ 148.3861233, -9.1367083, 725.23 ], [ 148.386156699999987, -9.1368, 726.35 ], [ 148.38619, -9.1369083, 727.56 ], [ 148.386225, -9.136995, 727.33 ], [ 148.3862517, -9.1371033, 727.11 ], [ 148.3863, -9.1371967, 727.5 ], [ 148.3863433, -9.1372917, 728.15 ], [ 148.3863867, -9.1373833, 726.95 ], [ 148.386415, -9.1374817, 729.08 ], [ 148.386445, -9.1375817, 730.29 ], [ 148.38649, -9.1376617, 731.96 ], [ 148.3865117, -9.1377567, 731.59 ], [ 148.3865233, -9.137855, 734.14 ], [ 148.38656, -9.13794, 735.52 ], [ 148.3866033, -9.1380317, 736.84 ], [ 148.386641700000013, -9.1381267, 736.98 ], [ 148.3867, -9.1382083, 736.49 ], [ 148.3867383, -9.1383017, 736.01 ], [ 148.3867717, -9.138405, 738.76 ], [ 148.3868033, -9.1385, 738.94 ], [ 148.3868483, -9.138595, 741.09 ], [ 148.386915, -9.13869, 742.3 ], [ 148.386985, -9.1387633, 741.9 ], [ 148.3870617, -9.1388367, 741.49 ], [ 148.387135, -9.1389183, 741.7 ], [ 148.3871983, -9.1389967, 740.54 ], [ 148.3873, -9.13901, 742.9 ], [ 148.387393300000014, -9.1389633, 744.75 ], [ 148.38749, -9.1389467, 744.72 ] ] ] } },
{ "type": "Feature", "properties": { "name": "Numba to Koeno track and road to Afore", "mode": "Motor road", "mode_evidence": "GPS speed: median 11.7 km/h, 49% of moving time >12 km/h", "speed_kmh_median": 11.69, "speed_frac_over_12": 0.487, "gradient_p85_pct": 15.8, "source_file": "Numba_to_Koeno_track_and_road_to_Afore.gpx", "format": "gpx", "length_km": 14.66, "source": "project GPS recording, Numba_to_Koeno_track_and_road_to_Afore.gpx", "surface": "unknown", "tracktype": "unknown" }, "geometry": { "type": "MultiLineString", "coordinates": [ [ [ 148.3633701, -9.0491906 ], [ 148.3632775, -9.0492059 ], [ 148.3631834, -9.0492201 ], [ 148.3630829, -9.0492202 ], [ 148.3629924, -9.049229 ], [ 148.362897299999986, -9.0492479 ], [ 148.362813100000011, -9.0492857 ], [ 148.3627233, -9.049311 ], [ 148.3626279, -9.0493215 ], [ 148.3625434, -9.0493636 ], [ 148.3624539, -9.0493828 ], [ 148.3623627, -9.0494149 ], [ 148.362268199999988, -9.0494143 ], [ 148.3621714, -9.0494133 ], [ 148.362077199999987, -9.0494073 ], [ 148.3619881, -9.0493823 ], [ 148.361893900000013, -9.0493976 ], [ 148.3618094, -9.0494362 ], [ 148.361718200000013, -9.0494439 ], [ 148.3616238, -9.0494592 ], [ 148.361531, -9.0494769 ], [ 148.361452, -9.0495334 ], [ 148.3614076, -9.049622 ], [ 148.3613561, -9.049715 ], [ 148.3613341, -9.049809 ], [ 148.361324, -9.0499046 ], [ 148.3612946, -9.049994 ], [ 148.361305, -9.0500877 ], [ 148.3612951, -9.0502002 ], [ 148.3612733, -9.0503117 ], [ 148.361300699999987, -9.0504163 ], [ 148.3613619, -9.0504981 ], [ 148.361427, -9.0506002 ], [ 148.3614619, -9.0506916 ], [ 148.3615034, -9.0507748 ], [ 148.3614666, -9.0508618 ], [ 148.361445, -9.0509523 ], [ 148.361446199999989, -9.0510473 ], [ 148.3614599, -9.0511398 ], [ 148.3614518, -9.0512328 ], [ 148.361399, -9.051308 ], [ 148.3613628, -9.0513965 ], [ 148.3613331, -9.051484 ], [ 148.3613086, -9.0515735 ], [ 148.361286299999989, -9.0516662 ], [ 148.3612752, -9.051756 ], [ 148.3612402, -9.0518463 ], [ 148.3612019, -9.0519319 ], [ 148.36114, -9.052004 ], [ 148.3610672, -9.0519494 ], [ 148.3609763, -9.0519394 ], [ 148.360888499999987, -9.0519648 ], [ 148.3608371, -9.0520409 ], [ 148.3608164, -9.0521324 ], [ 148.3607919, -9.052224 ], [ 148.360780799999986, -9.0523155 ], [ 148.3607667, -9.0524057 ], [ 148.360688399999987, -9.0524583 ], [ 148.3606369, -9.0525348 ], [ 148.360587399999986, -9.0526122 ], [ 148.3605698, -9.0527044 ], [ 148.3605243, -9.0527832 ], [ 148.3604564, -9.0528528 ], [ 148.360381499999988, -9.0529092 ], [ 148.360305399999987, -9.0529689 ], [ 148.3602318, -9.0530284 ], [ 148.3601731, -9.0531033 ], [ 148.3601054, -9.0531652 ], [ 148.3600237, -9.053207 ], [ 148.3599496, -9.053261 ], [ 148.359866899999986, -9.0533027 ], [ 148.3597818, -9.0533485 ], [ 148.35971760000001, -9.0534131 ], [ 148.3596552, -9.0534837 ], [ 148.3595932, -9.0535506 ], [ 148.359532, -9.0536183 ], [ 148.3594583, -9.0536718 ], [ 148.3594884, -9.0537614 ], [ 148.35957830000001, -9.0537853 ], [ 148.359484400000014, -9.0537651 ], [ 148.359388700000011, -9.0537672 ], [ 148.3593348, -9.0538406 ], [ 148.3593081, -9.0539302 ], [ 148.359238299999987, -9.0539997 ], [ 148.359169900000012, -9.0540628 ], [ 148.3590776, -9.0540901 ], [ 148.35899950000001, -9.0541387 ], [ 148.3589106, -9.0541786 ], [ 148.3588341, -9.0542286 ], [ 148.3587579, -9.0542801 ], [ 148.3586781, -9.0543332 ], [ 148.358609699999988, -9.0543954 ], [ 148.3585444, -9.054461 ], [ 148.3584643, -9.054518 ], [ 148.358384300000012, -9.0545723 ], [ 148.358298, -9.054615 ], [ 148.358208100000013, -9.0546622 ], [ 148.35813, -9.0547111 ], [ 148.3580389, -9.0547355 ], [ 148.3579446, -9.0547575 ], [ 148.3578537, -9.0547903 ], [ 148.357761900000014, -9.0548079 ], [ 148.35768250000001, -9.0548643 ], [ 148.3575913, -9.0548643 ], [ 148.3574893, -9.054862 ], [ 148.357398100000012, -9.0548882 ], [ 148.3573001, -9.0548791 ], [ 148.3572073, -9.0548841 ], [ 148.3571162, -9.0548996 ], [ 148.357007, -9.0548996 ], [ 148.3569315, -9.0548399 ], [ 148.3568458, -9.0548003 ], [ 148.3567491, -9.0547758 ], [ 148.356638800000013, -9.0547449 ], [ 148.3565345, -9.0547099 ], [ 148.3564275, -9.0546907 ], [ 148.356324699999988, -9.0546774 ], [ 148.356229500000012, -9.054657 ], [ 148.3561287, -9.054671 ], [ 148.3560302, -9.054664 ], [ 148.3559472, -9.0546218 ], [ 148.3558592, -9.0545905 ], [ 148.3557499, -9.0545903 ], [ 148.3556525, -9.0545961 ], [ 148.3555538, -9.0545961 ], [ 148.355450600000012, -9.054608 ], [ 148.355354799999986, -9.0546256 ], [ 148.35525770000001, -9.0546499 ], [ 148.3551626, -9.0546634 ], [ 148.3550779, -9.0546969 ], [ 148.3549864, -9.0547306 ], [ 148.3548989, -9.0547635 ], [ 148.3548102, -9.0547903 ], [ 148.3547218, -9.0548288 ], [ 148.3546359, -9.0548768 ], [ 148.3545509, -9.0549156 ], [ 148.3544651, -9.0549517 ], [ 148.3543794, -9.0549842 ], [ 148.3543015, -9.0550406 ], [ 148.354210599999988, -9.0550874 ], [ 148.354127, -9.0551251 ], [ 148.3540461, -9.0551701 ], [ 148.3539606, -9.0552226 ], [ 148.3538737, -9.0552741 ], [ 148.3537934, -9.0553189 ], [ 148.3537119, -9.0553666 ], [ 148.3536417, -9.0554253 ], [ 148.353556200000014, -9.055474 ], [ 148.3534836, -9.0555297 ], [ 148.3535426, -9.0556068 ], [ 148.3536273, -9.055777 ], [ 148.3538245, -9.0560786 ], [ 148.353985, -9.0564666 ], [ 148.3540607, -9.0568142 ], [ 148.353893699999986, -9.0570679 ], [ 148.3537114, -9.0570824 ], [ 148.3535899, -9.0571203 ], [ 148.353424600000011, -9.0571522 ], [ 148.3532138, -9.0572022 ], [ 148.353039700000011, -9.0572723 ], [ 148.3528633, -9.0573208 ], [ 148.3526994, -9.0574149 ], [ 148.3525291, -9.0577095 ], [ 148.3525004, -9.0580032 ], [ 148.3524749, -9.0583126 ], [ 148.3524859, -9.058584 ], [ 148.3524777, -9.0587656 ], [ 148.3524759, -9.0589949 ], [ 148.3526508, -9.0592261 ], [ 148.35278550000001, -9.0594272 ], [ 148.3528344, -9.0596727 ], [ 148.3530408, -9.0597887 ], [ 148.3532313, -9.059725 ], [ 148.353353700000014, -9.0596415 ], [ 148.353611699999988, -9.0597207 ], [ 148.3537069, -9.0601408 ], [ 148.3538314, -9.0604143 ], [ 148.3540438, -9.0606944 ], [ 148.3543216, -9.0609097 ], [ 148.3546184, -9.0610349 ], [ 148.3550019, -9.0612114 ], [ 148.355349100000012, -9.0615475 ], [ 148.355858500000011, -9.0619525 ], [ 148.356362100000013, -9.0623735 ], [ 148.3564405, -9.0629157 ], [ 148.3565552, -9.063539 ], [ 148.356755600000014, -9.0641946 ], [ 148.3569068, -9.0647252 ], [ 148.35699790000001, -9.0650838 ], [ 148.357182200000011, -9.0657169 ], [ 148.3575286, -9.0662888 ], [ 148.3582027, -9.0666859 ], [ 148.35853, -9.0673366 ], [ 148.3588121, -9.0678086 ], [ 148.359185599999989, -9.0673467 ], [ 148.35981910000001, -9.0671648 ], [ 148.3605859, -9.067453 ], [ 148.3612874, -9.0677704 ], [ 148.361729700000012, -9.0681876 ], [ 148.3622187, -9.0685249 ], [ 148.3628352, -9.0687406 ], [ 148.363378899999987, -9.0690358 ], [ 148.3638048, -9.069222 ], [ 148.3640623, -9.0698056 ], [ 148.364597300000014, -9.0701457 ], [ 148.36536, -9.070167 ], [ 148.366013900000013, -9.0702268 ], [ 148.3666288, -9.0707323 ], [ 148.3672247, -9.0712796 ], [ 148.3677022, -9.0716833 ], [ 148.36819460000001, -9.0720615 ], [ 148.3683033, -9.0721309 ], [ 148.3683792, -9.0721937 ], [ 148.368749799999989, -9.0724459 ], [ 148.368862900000011, -9.0729522 ], [ 148.3689315, -9.0735278 ], [ 148.369083499999988, -9.0740637 ], [ 148.369199900000012, -9.0746397 ], [ 148.3692778, -9.0751356 ], [ 148.3693094, -9.0755893 ], [ 148.369429, -9.0759801 ], [ 148.3696591, -9.0764176 ], [ 148.3698654, -9.0768127 ], [ 148.370006100000012, -9.0772366 ], [ 148.3704697, -9.0776742 ], [ 148.370891199999988, -9.077969 ], [ 148.3709519, -9.0785158 ], [ 148.371300600000012, -9.0793135 ], [ 148.3717342, -9.0799493 ], [ 148.372184800000014, -9.0806446 ], [ 148.3730586, -9.0809894 ], [ 148.373706, -9.0813383 ], [ 148.3741125, -9.0817058 ], [ 148.374341500000014, -9.0821211 ], [ 148.374388399999987, -9.0824195 ], [ 148.3743542, -9.0826821 ], [ 148.374349200000012, -9.0830006 ], [ 148.374320899999987, -9.0833313 ], [ 148.3742547, -9.0835564 ], [ 148.374336699999986, -9.0837518 ], [ 148.374461599999989, -9.0840184 ], [ 148.3745198, -9.0843044 ], [ 148.374563599999988, -9.0845407 ], [ 148.3746338, -9.0846806 ], [ 148.3747874, -9.0848125 ], [ 148.374828900000011, -9.0851007 ], [ 148.3748304, -9.0855648 ], [ 148.3748079, -9.0859777 ], [ 148.374846600000012, -9.0860833 ], [ 148.3749024, -9.0861674 ], [ 148.3750042, -9.086353 ], [ 148.3752, -9.0865749 ], [ 148.3752958, -9.0868197 ], [ 148.375464, -9.0872456 ], [ 148.3757081, -9.0877118 ], [ 148.3759538, -9.0879756 ], [ 148.3763954, -9.0882637 ], [ 148.376774899999987, -9.0887073 ], [ 148.3772031, -9.0890257 ], [ 148.3775532, -9.08917 ], [ 148.3778533, -9.0892969 ], [ 148.3781045, -9.0893373 ], [ 148.378140300000013, -9.0894776 ], [ 148.3779845, -9.0895849 ], [ 148.3777378, -9.089676 ], [ 148.377498300000013, -9.0898305 ], [ 148.3772859, -9.0900344 ], [ 148.3771271, -9.0903017 ], [ 148.3770826, -9.0906194 ], [ 148.377206, -9.0908932 ], [ 148.3772936, -9.091032 ], [ 148.3775999, -9.0912116 ], [ 148.3777562, -9.0916322 ], [ 148.377874, -9.0920977 ], [ 148.377957400000014, -9.0921578 ], [ 148.3782285, -9.0923547 ], [ 148.3786531, -9.0925614 ], [ 148.378575500000011, -9.0930683 ], [ 148.3783992, -9.0936983 ], [ 148.3782765, -9.0942138 ], [ 148.3783345, -9.0942877 ], [ 148.3783776, -9.0945762 ], [ 148.378418, -9.0948041 ], [ 148.37846110000001, -9.0950896 ], [ 148.378523, -9.0954428 ], [ 148.3789406, -9.0958527 ], [ 148.3793959, -9.096257 ], [ 148.379778499999986, -9.0967604 ], [ 148.3802243, -9.0970694 ], [ 148.380826399999989, -9.0971121 ], [ 148.3813265, -9.0970786 ], [ 148.381804, -9.0973185 ], [ 148.3822465, -9.0974764 ], [ 148.3826628, -9.097649 ], [ 148.383068, -9.0979717 ], [ 148.3833644, -9.0984851 ], [ 148.384023899999988, -9.0987016 ], [ 148.3848374, -9.0986334 ], [ 148.3855475, -9.098797 ], [ 148.3861889, -9.0991471 ], [ 148.3868343, -9.0992196 ], [ 148.3872628, -9.0994406 ], [ 148.3874789, -9.0999691 ], [ 148.3878176, -9.1004844 ], [ 148.3881375, -9.1010535 ], [ 148.3883505, -9.1016648 ], [ 148.388614600000011, -9.1021498 ], [ 148.388648499999988, -9.1027431 ], [ 148.388662, -9.1033586 ], [ 148.3887504, -9.104039 ], [ 148.3887724, -9.1046167 ], [ 148.388462, -9.1051996 ], [ 148.388150700000011, -9.1058545 ], [ 148.3879585, -9.1063029 ], [ 148.3878589, -9.1068716 ], [ 148.3880665, -9.107397 ], [ 148.3882958, -9.1079391 ], [ 148.3880863, -9.1084533 ], [ 148.387749899999989, -9.1089624 ], [ 148.3874707, -9.1094599 ], [ 148.3875133, -9.1097447 ], [ 148.3879915, -9.1100774 ], [ 148.3883609, -9.1105794 ], [ 148.388927599999988, -9.1110285 ], [ 148.3896536, -9.1113797 ], [ 148.3902402, -9.1116744 ], [ 148.3909018, -9.1117082 ], [ 148.39151, -9.1119072 ], [ 148.3920601, -9.1120724 ], [ 148.3922299, -9.1125401 ], [ 148.3917055, -9.1129527 ], [ 148.391142300000013, -9.1131511 ], [ 148.3906783, -9.1138365 ], [ 148.3900476, -9.1143167 ], [ 148.3893759, -9.1147094 ], [ 148.388709799999987, -9.1147534 ], [ 148.388698799999986, -9.1151075 ], [ 148.3888422, -9.1155984 ], [ 148.388436, -9.1160749 ], [ 148.3881292, -9.1166036 ], [ 148.3880824, -9.1170201 ], [ 148.3884787, -9.1173482 ], [ 148.388580100000013, -9.1178971 ], [ 148.3884828, -9.1184778 ], [ 148.3885349, -9.1190806 ], [ 148.388371400000011, -9.1198211 ], [ 148.3881634, -9.1204951 ], [ 148.3876342, -9.1209962 ], [ 148.3872826, -9.1214873 ], [ 148.3871332, -9.1218118 ], [ 148.386964400000011, -9.1220959 ], [ 148.387036200000011, -9.1224409 ], [ 148.3871928, -9.1227686 ], [ 148.3872785, -9.1232427 ], [ 148.3871105, -9.1237368 ], [ 148.3867511, -9.1241686 ], [ 148.386348199999986, -9.1246171 ], [ 148.3858272, -9.1249832 ], [ 148.3854608, -9.125442 ], [ 148.3853124, -9.1259131 ], [ 148.3851574, -9.1261174 ], [ 148.3849074, -9.1262701 ], [ 148.3849023, -9.1266374 ], [ 148.384925, -9.1270821 ], [ 148.3849882, -9.1277482 ], [ 148.3850266, -9.1283888 ], [ 148.384605, -9.1291923 ], [ 148.3840232, -9.129716 ], [ 148.3836042, -9.1302858 ], [ 148.382941, -9.1303906 ], [ 148.382431, -9.1307346 ], [ 148.3825421, -9.1312964 ], [ 148.3828976, -9.1318553 ], [ 148.383530799999988, -9.132451 ], [ 148.384264, -9.1326698 ], [ 148.3849016, -9.1332969 ], [ 148.3851665, -9.134145 ], [ 148.3854278, -9.1349342 ], [ 148.3856525, -9.1355184 ], [ 148.3857601, -9.1357418 ], [ 148.385869899999989, -9.1361177 ], [ 148.3861315, -9.1367752 ], [ 148.386343900000014, -9.1373826 ], [ 148.3865614, -9.1379669 ], [ 148.386827399999987, -9.1385683 ], [ 148.3871047, -9.1389817 ], [ 148.3871714, -9.1390463 ], [ 148.3872605, -9.1390734 ], [ 148.387371800000011, -9.1390581 ], [ 148.387327, -9.1389729 ], [ 148.3873939, -9.1389115 ], [ 148.38740820000001, -9.1390054 ], [ 148.387459299999989, -9.1390835 ], [ 148.3873896, -9.1390079 ], [ 148.3874256, -9.139093 ], [ 148.3874715, -9.1390106 ], [ 148.3875337, -9.1389434 ], [ 148.387506800000011, -9.1390308 ], [ 148.38745, -9.1389498 ], [ 148.3874246, -9.1388626 ], [ 148.387485, -9.1389342 ], [ 148.3874679, -9.1390289 ], [ 148.387477100000012, -9.1389367 ] ] ] } },
{ "type": "Feature", "properties": { "name": "russell muraba track record july 10 july (seg 54)", "mode": "Motor road", "mode_evidence": "overlap: 100% of its length runs along a track measured at road speed (no timestamps of its own)", "speed_kmh_median": null, "speed_frac_over_12": null, "gradient_p85_pct": 15.2, "source_file": "russell_muraba_track_record_july_10_july_31.gpkg", "format": "gpkg", "length_km": 4.47, "source": "project GPS recording, russell_muraba_track_record_july_10_july_31.gpkg", "surface": "unknown", "tracktype": "unknown" }, "geometry": { "type": "MultiLineString", "coordinates": [ [ [ 148.330761700000011, -9.0679583 ], [ 148.3307016, -9.0678901 ], [ 148.3306542, -9.0678096 ], [ 148.330561, -9.0677427 ], [ 148.330453299999988, -9.0676742 ], [ 148.3303587, -9.0676165 ], [ 148.330264, -9.0675578 ], [ 148.330173300000013, -9.0675062 ], [ 148.3300544, -9.0674693 ], [ 148.329947299999986, -9.0674346 ], [ 148.329873600000013, -9.0673482 ], [ 148.3297856, -9.067248 ], [ 148.3297399, -9.0671573 ], [ 148.3296934, -9.0670546 ], [ 148.329637600000012, -9.0669388 ], [ 148.3295975, -9.0668342 ], [ 148.3295751, -9.0667168 ], [ 148.3295654, -9.0666049 ], [ 148.3295695, -9.0664758 ], [ 148.329536600000012, -9.066355 ], [ 148.3295191, -9.0662528 ], [ 148.3294979, -9.0661371 ], [ 148.3294929, -9.0660163 ], [ 148.3294709, -9.0658921 ], [ 148.3294749, -9.0657878 ], [ 148.3294893, -9.0656671 ], [ 148.3295654, -9.0655817 ], [ 148.3296257, -9.0654805 ], [ 148.329664799999989, -9.0653749 ], [ 148.329737, -9.0652849 ], [ 148.329838599999988, -9.0652321 ], [ 148.3299417, -9.0651497 ], [ 148.3299954, -9.0650749 ], [ 148.329967, -9.0649607 ], [ 148.3299591, -9.0648324 ], [ 148.3299505, -9.0647117 ], [ 148.3299369, -9.0646048 ], [ 148.3299132, -9.0644726 ], [ 148.3298883, -9.0643735 ], [ 148.3298824, -9.0642697 ], [ 148.329855, -9.0641446 ], [ 148.329860200000013, -9.064028 ], [ 148.3298534, -9.0639232 ], [ 148.329806100000013, -9.0638232 ], [ 148.3297962, -9.0637076 ], [ 148.3297925, -9.063614 ], [ 148.3297851, -9.0635104 ], [ 148.329762100000011, -9.0634203 ], [ 148.3297794, -9.063326 ], [ 148.3297952, -9.0632272 ], [ 148.329837199999986, -9.0631416 ], [ 148.32985450000001, -9.0630471 ], [ 148.3298581, -9.0629065 ], [ 148.3298986, -9.0627998 ], [ 148.329912900000011, -9.0626938 ], [ 148.3299357, -9.0626039 ], [ 148.329959300000013, -9.0624803 ], [ 148.3299706, -9.0623668 ], [ 148.329974600000014, -9.0622421 ], [ 148.329959300000013, -9.062135 ], [ 148.3299575, -9.062035 ], [ 148.3299528, -9.0619382 ], [ 148.329948699999989, -9.0618391 ], [ 148.329934, -9.0617458 ], [ 148.3299123, -9.0616516 ], [ 148.329867, -9.0615631 ], [ 148.329893, -9.0614288 ], [ 148.3298871, -9.0613318 ], [ 148.329852499999987, -9.061226 ], [ 148.3298461, -9.0611291 ], [ 148.3298509, -9.0610131 ], [ 148.3298246, -9.0609232 ], [ 148.3297964, -9.0608309 ], [ 148.329793200000012, -9.0607222 ], [ 148.329772600000013, -9.0605976 ], [ 148.329745, -9.0605057 ], [ 148.3296976, -9.0603941 ], [ 148.3296516, -9.0602725 ], [ 148.329619, -9.0601711 ], [ 148.3295534, -9.0600761 ], [ 148.329498199999989, -9.0600026 ], [ 148.3294414, -9.0599176 ], [ 148.32936140000001, -9.0598609 ], [ 148.3292874, -9.059777 ], [ 148.3292352, -9.0596801 ], [ 148.329165, -9.0596214 ], [ 148.3290869, -9.0595616 ], [ 148.3289883, -9.0594775 ], [ 148.328895, -9.0594052 ], [ 148.328818500000011, -9.059318 ], [ 148.3287493, -9.0592212 ], [ 148.3286688, -9.0591674 ], [ 148.3286084, -9.0590974 ], [ 148.3284928, -9.0590288 ], [ 148.3284061, -9.0589864 ], [ 148.3283276, -9.0589327 ], [ 148.328257900000011, -9.0588623 ], [ 148.3281625, -9.058841 ], [ 148.3280671, -9.058818 ], [ 148.3279777, -9.0588008 ], [ 148.3278877, -9.058758 ], [ 148.3277931, -9.0587566 ], [ 148.3277077, -9.0587229 ], [ 148.3276233, -9.0586871 ], [ 148.327528300000012, -9.0586542 ], [ 148.327440200000012, -9.0586194 ], [ 148.3273481, -9.0585993 ], [ 148.327255400000013, -9.0585626 ], [ 148.327169199999986, -9.0585171 ], [ 148.3270745, -9.0584704 ], [ 148.3269828, -9.0584458 ], [ 148.3268921, -9.0584257 ], [ 148.326796699999989, -9.0584241 ], [ 148.3267528, -9.0583421 ], [ 148.3266762, -9.0583938 ], [ 148.3265835, -9.0583818 ], [ 148.326493, -9.0583526 ], [ 148.3264207, -9.058294 ], [ 148.3263246, -9.0582658 ], [ 148.326215600000012, -9.0582517 ], [ 148.3261554, -9.0581817 ], [ 148.326053800000011, -9.0581555 ], [ 148.3259287, -9.0581157 ], [ 148.325798, -9.0580823 ], [ 148.3256833, -9.0580432 ], [ 148.325571, -9.0579792 ], [ 148.3254684, -9.0579224 ], [ 148.325381599999986, -9.0578918 ], [ 148.3253029, -9.0578443 ], [ 148.3252066, -9.0578151 ], [ 148.325085300000012, -9.0577971 ], [ 148.324976099999986, -9.0578027 ], [ 148.3248731, -9.0577837 ], [ 148.324776899999989, -9.0578025 ], [ 148.32467, -9.0578082 ], [ 148.3245468, -9.0578462 ], [ 148.3244379, -9.0578928 ], [ 148.324335, -9.0579299 ], [ 148.3242349, -9.0579756 ], [ 148.324109, -9.0580261 ], [ 148.324022, -9.0580545 ], [ 148.323907600000013, -9.058111 ], [ 148.32381, -9.0581433 ], [ 148.323730500000011, -9.0582149 ], [ 148.3235951, -9.0582675 ], [ 148.323479099999986, -9.058319 ], [ 148.3233447, -9.0583729 ], [ 148.3232133, -9.0584232 ], [ 148.3230924, -9.0584616 ], [ 148.323018100000013, -9.0585231 ], [ 148.3229282, -9.0585582 ], [ 148.322817, -9.0586034 ], [ 148.322706399999987, -9.0586533 ], [ 148.32259830000001, -9.0587066 ], [ 148.3224883, -9.0587709 ], [ 148.3223734, -9.058846 ], [ 148.3223255, -9.0589291 ], [ 148.3222323, -9.0589616 ], [ 148.322138200000012, -9.0590442 ], [ 148.3220604, -9.0591078 ], [ 148.321980200000013, -9.059212 ], [ 148.32188, -9.0593256 ], [ 148.321838899999989, -9.0594178 ], [ 148.321737899999988, -9.0595188 ], [ 148.3216775, -9.0595874 ], [ 148.321577600000012, -9.059647 ], [ 148.3214745, -9.0596997 ], [ 148.3213826, -9.0597665 ], [ 148.3212569, -9.0598721 ], [ 148.3211746, -9.0599234 ], [ 148.3210401, -9.0600154 ], [ 148.3209216, -9.0601007 ], [ 148.32083750000001, -9.0601515 ], [ 148.320731, -9.0602434 ], [ 148.3206476, -9.0603623 ], [ 148.3205565, -9.0604631 ], [ 148.3204781, -9.0605522 ], [ 148.3204299, -9.0606462 ], [ 148.3203758, -9.0607455 ], [ 148.320319, -9.060854 ], [ 148.3202407, -9.0609233 ], [ 148.320174900000012, -9.0610237 ], [ 148.320088700000014, -9.0611316 ], [ 148.320055599999989, -9.0612468 ], [ 148.3199974, -9.0613583 ], [ 148.3199548, -9.0614403 ], [ 148.3199134, -9.0615337 ], [ 148.319839800000011, -9.0616055 ], [ 148.3197659, -9.0617028 ], [ 148.3197106, -9.0617757 ], [ 148.319652100000013, -9.0618645 ], [ 148.3195751, -9.0619515 ], [ 148.319503, -9.0620572 ], [ 148.319447, -9.0621791 ], [ 148.3193627, -9.0622358 ], [ 148.319272500000011, -9.0623033 ], [ 148.3192063, -9.0623815 ], [ 148.3191042, -9.0624124 ], [ 148.3190841, -9.0625022 ], [ 148.3190018, -9.0625621 ], [ 148.3189315, -9.0626204 ], [ 148.3188841, -9.062749 ], [ 148.3188216, -9.0628183 ], [ 148.318753, -9.0628817 ], [ 148.31869, -9.0629568 ], [ 148.3186069, -9.0630447 ], [ 148.3185187, -9.0631287 ], [ 148.3184488, -9.0632324 ], [ 148.3183833, -9.0633288 ], [ 148.3182883, -9.063422 ], [ 148.3182079, -9.0634927 ], [ 148.318133, -9.06358 ], [ 148.3180692, -9.0636571 ], [ 148.3179997, -9.063717 ], [ 148.317932, -9.0637985 ], [ 148.3178548, -9.0638666 ], [ 148.317760600000014, -9.0639552 ], [ 148.3176726, -9.0640383 ], [ 148.3175762, -9.0640946 ], [ 148.3174827, -9.0641743 ], [ 148.3174038, -9.064273 ], [ 148.3173266, -9.0643312 ], [ 148.317230099999989, -9.0643751 ], [ 148.317136299999987, -9.0644406 ], [ 148.3170816, -9.0645138 ], [ 148.3169954, -9.0645911 ], [ 148.3169294, -9.0646684 ], [ 148.316829899999988, -9.0647203 ], [ 148.3167248, -9.0647879 ], [ 148.3166157, -9.064856 ], [ 148.3165086, -9.0649098 ], [ 148.3164217, -9.0649891 ], [ 148.3163472, -9.0650798 ], [ 148.316276, -9.0651934 ], [ 148.3162051, -9.0653032 ], [ 148.316115599999989, -9.065387 ], [ 148.316041899999988, -9.0654749 ], [ 148.3159613, -9.065569 ], [ 148.315863, -9.0656332 ], [ 148.3157792, -9.0657285 ], [ 148.3157405, -9.0658109 ], [ 148.315696800000012, -9.0659161 ], [ 148.3156281, -9.0660135 ], [ 148.3155837, -9.0661153 ], [ 148.3155667, -9.0662486 ], [ 148.3155423, -9.0663497 ], [ 148.3155049, -9.0664689 ], [ 148.3154893, -9.0665774 ], [ 148.3154978, -9.0666892 ], [ 148.3154893, -9.0667991 ], [ 148.315481299999988, -9.066906 ], [ 148.3154319, -9.0670431 ], [ 148.3153944, -9.0671493 ], [ 148.3153672, -9.0672675 ], [ 148.3152743, -9.0673578 ], [ 148.3152335, -9.067466 ], [ 148.3151317, -9.0675523 ], [ 148.315052, -9.0676099 ], [ 148.3149654, -9.067726 ], [ 148.314913499999989, -9.0678119 ], [ 148.314882, -9.0679009 ], [ 148.3147845, -9.0679964 ], [ 148.3146749, -9.0680904 ], [ 148.3146184, -9.0681945 ], [ 148.3145695, -9.068296 ], [ 148.31447270000001, -9.0683676 ], [ 148.3144019, -9.068475 ], [ 148.314350600000012, -9.0685586 ], [ 148.3143042, -9.0686957 ], [ 148.3142306, -9.0687813 ], [ 148.3141789, -9.0688741 ], [ 148.3140842, -9.0689557 ], [ 148.3139817, -9.0690288 ], [ 148.313903900000014, -9.0691283 ], [ 148.313819599999988, -9.0692456 ], [ 148.3137626, -9.0693454 ], [ 148.3136705, -9.0694094 ], [ 148.3136011, -9.0695089 ], [ 148.3135001, -9.0695971 ], [ 148.313391200000012, -9.0695599 ], [ 148.313322199999988, -9.0694891 ], [ 148.313279200000011, -9.069379 ], [ 148.3132302, -9.0692708 ], [ 148.3131294, -9.0692633 ], [ 148.313068500000014, -9.0693521 ], [ 148.3130468, -9.0694541 ], [ 148.31303410000001, -9.0695707 ], [ 148.3129912, -9.0696534 ], [ 148.3129655, -9.0697594 ], [ 148.3129659, -9.0698605 ], [ 148.3128908, -9.0699368 ], [ 148.312798500000014, -9.0699696 ], [ 148.3126978, -9.0700321 ], [ 148.3126083, -9.0700785 ], [ 148.312520299999989, -9.070158 ], [ 148.31244430000001, -9.0702099 ], [ 148.3123316, -9.0702778 ], [ 148.3122242, -9.0703039 ], [ 148.312101399999989, -9.070356 ], [ 148.3120393, -9.0704563 ], [ 148.3120025, -9.0705776 ], [ 148.311928200000011, -9.0706799 ], [ 148.311858300000011, -9.0707847 ], [ 148.3118298, -9.0709004 ], [ 148.311712199999988, -9.0709557 ], [ 148.311665299999987, -9.0710483 ], [ 148.3115869, -9.071145 ], [ 148.3115017, -9.0712177 ], [ 148.3114498, -9.0713177 ], [ 148.311411, -9.0714108 ], [ 148.3113548, -9.0715316 ], [ 148.311313, -9.071635 ], [ 148.311255499999987, -9.0717271 ], [ 148.3112208, -9.071839 ], [ 148.311148, -9.0719288 ], [ 148.311070199999989, -9.0720431 ], [ 148.3109781, -9.0721109 ], [ 148.3109034, -9.0722041 ], [ 148.310791, -9.0722047 ], [ 148.3106952, -9.0722219 ], [ 148.3105797, -9.0722494 ], [ 148.3104502, -9.0722841 ], [ 148.3103391, -9.0723125 ], [ 148.3102556, -9.072362 ], [ 148.3101299, -9.0724103 ], [ 148.3100029, -9.0724833 ], [ 148.309908400000012, -9.0725295 ], [ 148.309797, -9.0725718 ], [ 148.3097042, -9.0725498 ], [ 148.3096056, -9.0724534 ], [ 148.309600499999988, -9.0723539 ], [ 148.3095989, -9.0722594 ], [ 148.3095913, -9.0721672 ], [ 148.3095735, -9.0720731 ], [ 148.3095615, -9.0719739 ], [ 148.3095379, -9.0718832 ], [ 148.3094915, -9.0717932 ], [ 148.309446400000013, -9.0717123 ], [ 148.30935980000001, -9.0716089 ], [ 148.3092868, -9.071542 ], [ 148.3092306, -9.0714635 ], [ 148.3091273, -9.0714295 ], [ 148.3090402, -9.0714702 ], [ 148.308964, -9.0715241 ], [ 148.3089042, -9.0715928 ], [ 148.308864699999987, -9.0716814 ], [ 148.3088299, -9.0717872 ], [ 148.308807, -9.0718988 ], [ 148.3087884, -9.0719989 ], [ 148.3087539, -9.0721007 ], [ 148.308752, -9.0721931 ], [ 148.3087143, -9.0722797 ], [ 148.308684199999988, -9.0723733 ], [ 148.308620100000013, -9.072444 ], [ 148.3085236, -9.0724776 ], [ 148.30842770000001, -9.0724675 ], [ 148.308350600000011, -9.0724035 ], [ 148.308298799999989, -9.0723032 ], [ 148.30821610000001, -9.0722294 ], [ 148.3081276, -9.0721638 ], [ 148.3080659, -9.072081 ], [ 148.3079804, -9.0720064 ] ] ] } },
{ "type": "Feature", "properties": { "name": "russell muraba track record july 10 july (seg 43)", "mode": "Motor road", "mode_evidence": "overlap: 100% of its length runs along a track measured at road speed (no timestamps of its own)", "speed_kmh_median": null, "speed_frac_over_12": null, "gradient_p85_pct": 13.8, "source_file": "russell_muraba_track_record_july_10_july_31.gpkg", "format": "gpkg", "length_km": 4.33, "source": "project GPS recording, russell_muraba_track_record_july_10_july_31.gpkg", "surface": "unknown", "tracktype": "unknown" }, "geometry": { "type": "MultiLineString", "coordinates": [ [ [ 148.3688367, -9.0724278 ], [ 148.368903100000011, -9.0724982 ], [ 148.368929, -9.0726132 ], [ 148.3689378, -9.0727151 ], [ 148.368903, -9.0728349 ], [ 148.368884400000013, -9.0729432 ], [ 148.368867599999987, -9.0730487 ], [ 148.3688721, -9.0731455 ], [ 148.3688803, -9.0732589 ], [ 148.368907799999988, -9.0733998 ], [ 148.3689635, -9.0734996 ], [ 148.368996900000013, -9.0735941 ], [ 148.36908, -9.0737365 ], [ 148.3691064, -9.0738497 ], [ 148.3691172, -9.0739766 ], [ 148.3691191, -9.0740938 ], [ 148.369125700000012, -9.0742257 ], [ 148.3691437, -9.0743704 ], [ 148.3691751, -9.0744777 ], [ 148.3692456, -9.0745928 ], [ 148.369267900000011, -9.0747243 ], [ 148.369291299999986, -9.074836 ], [ 148.3693021, -9.0749722 ], [ 148.369303800000012, -9.0751014 ], [ 148.3693098, -9.0752167 ], [ 148.3693184, -9.0753493 ], [ 148.3693159, -9.0754742 ], [ 148.3693604, -9.0755882 ], [ 148.369405, -9.0757123 ], [ 148.369441200000011, -9.0758313 ], [ 148.369441, -9.0759679 ], [ 148.36944840000001, -9.0760966 ], [ 148.3695079, -9.0762081 ], [ 148.369607300000013, -9.0763081 ], [ 148.3696946, -9.0763855 ], [ 148.3698067, -9.0764867 ], [ 148.369877300000013, -9.0765652 ], [ 148.3699097, -9.0766651 ], [ 148.3699382, -9.0767802 ], [ 148.3699637, -9.0768999 ], [ 148.36998890000001, -9.0770198 ], [ 148.370031, -9.0771407 ], [ 148.370098, -9.0772761 ], [ 148.3701886, -9.0773979 ], [ 148.370315299999987, -9.0774735 ], [ 148.3704185, -9.0775576 ], [ 148.370526899999987, -9.0776241 ], [ 148.370631300000014, -9.0777051 ], [ 148.370747099999988, -9.0777843 ], [ 148.3708555, -9.077851 ], [ 148.3709273, -9.0779391 ], [ 148.370947699999988, -9.0780276 ], [ 148.3709821, -9.0781187 ], [ 148.3709394, -9.0782544 ], [ 148.37093680000001, -9.0784024 ], [ 148.3709768, -9.0785193 ], [ 148.3710136, -9.0786575 ], [ 148.3710625, -9.0787982 ], [ 148.371138300000013, -9.0788845 ], [ 148.3712137, -9.0790206 ], [ 148.3712803, -9.0791197 ], [ 148.3713515, -9.0792276 ], [ 148.3714213, -9.079335 ], [ 148.3715018, -9.0794677 ], [ 148.371577699999989, -9.0795429 ], [ 148.3716537, -9.0796849 ], [ 148.371721799999989, -9.079812 ], [ 148.3717777, -9.0799238 ], [ 148.371811799999989, -9.0800542 ], [ 148.3718785, -9.0801717 ], [ 148.371938300000011, -9.0802813 ], [ 148.372018200000014, -9.0804 ], [ 148.372120099999989, -9.0804749 ], [ 148.372206799999987, -9.0805822 ], [ 148.3722774, -9.0806421 ], [ 148.3723824, -9.0807176 ], [ 148.372499299999987, -9.0807692 ], [ 148.372605099999987, -9.0808145 ], [ 148.3727245, -9.0808483 ], [ 148.372852599999987, -9.0808793 ], [ 148.372993, -9.0809222 ], [ 148.3730937, -9.080955 ], [ 148.373222199999987, -9.0809956 ], [ 148.3733267, -9.0810308 ], [ 148.373436199999986, -9.0811056 ], [ 148.3735317, -9.0811702 ], [ 148.3736242, -9.0812277 ], [ 148.3737174, -9.0812796 ], [ 148.3738126, -9.0813455 ], [ 148.3739099, -9.0814134 ], [ 148.3739996, -9.0814847 ], [ 148.3740827, -9.0815917 ], [ 148.374156699999986, -9.0816915 ], [ 148.3742358, -9.0817928 ], [ 148.3743021, -9.0819262 ], [ 148.374353899999988, -9.0820444 ], [ 148.374383, -9.0821468 ], [ 148.374409500000013, -9.0822815 ], [ 148.3744159, -9.0824064 ], [ 148.374371, -9.0825334 ], [ 148.3743465, -9.0826369 ], [ 148.374320899999987, -9.0827715 ], [ 148.374340600000011, -9.0828752 ], [ 148.3743704, -9.0830132 ], [ 148.3743689, -9.0831415 ], [ 148.374331899999987, -9.0832571 ], [ 148.3742741, -9.083387 ], [ 148.374267, -9.0835198 ], [ 148.3743379, -9.0836445 ], [ 148.3743997, -9.0837685 ], [ 148.374438, -9.083895 ], [ 148.3744953, -9.0839863 ], [ 148.374529700000011, -9.0841248 ], [ 148.3745466, -9.084244 ], [ 148.3745605, -9.084381 ], [ 148.374574200000012, -9.0845085 ], [ 148.3746415, -9.0846126 ], [ 148.3747213, -9.0847206 ], [ 148.3748321, -9.0848131 ], [ 148.3748508, -9.0849128 ], [ 148.3748749, -9.0850387 ], [ 148.3749044, -9.0851624 ], [ 148.374921199999989, -9.0852903 ], [ 148.3749498, -9.0854203 ], [ 148.3749162, -9.0855455 ], [ 148.374877, -9.0856567 ], [ 148.3748424, -9.0857874 ], [ 148.3748563, -9.0859129 ], [ 148.3748708, -9.0860467 ], [ 148.3749024, -9.0861542 ], [ 148.3749722, -9.0862628 ], [ 148.3750445, -9.0863699 ], [ 148.375137200000012, -9.0864729 ], [ 148.3752136, -9.0865542 ], [ 148.3752915, -9.0866708 ], [ 148.37532490000001, -9.0867936 ], [ 148.375378399999988, -9.0869257 ], [ 148.375428199999988, -9.0870255 ], [ 148.3754667, -9.0871347 ], [ 148.375504799999987, -9.0872425 ], [ 148.3755539, -9.0873217 ], [ 148.3756357, -9.0874175 ], [ 148.375678, -9.0875079 ], [ 148.3757412, -9.0876083 ], [ 148.3757827, -9.0876891 ], [ 148.3758589, -9.0877965 ], [ 148.3759464, -9.0878863 ], [ 148.3760681, -9.0879288 ], [ 148.376159800000011, -9.0879753 ], [ 148.376246900000012, -9.0880302 ], [ 148.3763356, -9.0881237 ], [ 148.3764416, -9.0881766 ], [ 148.376542699999987, -9.0882591 ], [ 148.3766228, -9.0883735 ], [ 148.376705500000014, -9.0885065 ], [ 148.3767824, -9.0885718 ], [ 148.3768409, -9.0886895 ], [ 148.3769116, -9.0887815 ], [ 148.3770055, -9.088844 ], [ 148.3771465, -9.0889275 ], [ 148.377252, -9.0889643 ], [ 148.377355599999987, -9.0890008 ], [ 148.377469600000012, -9.0890781 ], [ 148.3775805, -9.0891119 ], [ 148.377691199999987, -9.0891732 ], [ 148.3778189, -9.08924 ], [ 148.377940099999989, -9.0892483 ], [ 148.378068, -9.0892734 ], [ 148.3781539, -9.0893494 ], [ 148.378131700000012, -9.0894501 ], [ 148.3780528, -9.0895083 ], [ 148.3779465, -9.0895087 ], [ 148.3778264, -9.0895498 ], [ 148.3777006, -9.0896154 ], [ 148.377634699999987, -9.0896784 ], [ 148.3775114, -9.0897454 ], [ 148.377369499999986, -9.0898188 ], [ 148.377318800000012, -9.0899021 ], [ 148.3772616, -9.0899782 ], [ 148.3771796, -9.0900781 ], [ 148.377121499999987, -9.0901805 ], [ 148.3770635, -9.0902861 ], [ 148.3770551, -9.0904138 ], [ 148.3770616, -9.0905526 ], [ 148.3771114, -9.0906679 ], [ 148.377167500000013, -9.0907722 ], [ 148.3772367, -9.0908343 ], [ 148.3772779, -9.0909257 ], [ 148.3773421, -9.0909914 ], [ 148.3774282, -9.0910248 ], [ 148.3775067, -9.0910709 ], [ 148.377607899999987, -9.0911238 ], [ 148.377698400000014, -9.0911387 ], [ 148.3777658, -9.0912066 ], [ 148.3777891, -9.0913012 ], [ 148.377771599999988, -9.0914023 ], [ 148.377770199999986, -9.0914973 ], [ 148.3777657, -9.0916017 ], [ 148.3777667, -9.0917113 ], [ 148.3777733, -9.0918067 ], [ 148.377800799999989, -9.0919199 ], [ 148.3778752, -9.0920265 ], [ 148.3779657, -9.0920974 ], [ 148.3780391, -9.0921565 ], [ 148.3781237, -9.0922215 ], [ 148.3782165, -9.0923016 ], [ 148.3783235, -9.0923691 ], [ 148.3784339, -9.0924155 ], [ 148.378544799999986, -9.0924833 ], [ 148.3786489, -9.0925347 ], [ 148.378687500000012, -9.0926367 ], [ 148.378685100000013, -9.0927369 ], [ 148.3786421, -9.0928432 ], [ 148.378600299999988, -9.0929484 ], [ 148.3785576, -9.0930518 ], [ 148.378541, -9.0931422 ], [ 148.3785197, -9.0932654 ], [ 148.3784857, -9.0933757 ], [ 148.37848360000001, -9.0935009 ], [ 148.378427, -9.0935829 ], [ 148.3783918, -9.0936827 ], [ 148.378365300000013, -9.0937727 ], [ 148.378338, -9.0938894 ], [ 148.3783415, -9.0939877 ], [ 148.378299, -9.0941028 ], [ 148.378303, -9.0942199 ], [ 148.3783281, -9.0943267 ], [ 148.3783549, -9.094439 ], [ 148.3783659, -9.0945476 ], [ 148.378387, -9.0946662 ], [ 148.3784426, -9.0947853 ], [ 148.37847690000001, -9.0948783 ], [ 148.3784943, -9.0949855 ], [ 148.3785278, -9.0950922 ], [ 148.3785163, -9.0952016 ], [ 148.3785375, -9.0953139 ], [ 148.3785543, -9.095416 ], [ 148.3786285, -9.0955159 ], [ 148.3787025, -9.0956092 ], [ 148.378803299999987, -9.0956974 ], [ 148.3789011, -9.0957846 ], [ 148.37898770000001, -9.0958668 ], [ 148.3790869, -9.0959475 ], [ 148.379167200000012, -9.0960287 ], [ 148.379264400000011, -9.0960934 ], [ 148.379332799999986, -9.0961911 ], [ 148.3794503, -9.0962804 ], [ 148.3795388, -9.0963616 ], [ 148.3796113, -9.096462 ], [ 148.379694199999989, -9.096549 ], [ 148.3797677, -9.0966073 ], [ 148.3798184, -9.096686 ], [ 148.3798979, -9.0967974 ], [ 148.3799722, -9.0968744 ], [ 148.3800491, -9.0969362 ], [ 148.3801426, -9.0969766 ], [ 148.3802504, -9.0970342 ], [ 148.3803389, -9.0970589 ], [ 148.38043540000001, -9.0970744 ], [ 148.3805481, -9.0970914 ], [ 148.3806473, -9.0971088 ], [ 148.3807459, -9.0970932 ], [ 148.380846100000014, -9.0970737 ], [ 148.3809649, -9.0970607 ], [ 148.381056699999988, -9.0970548 ], [ 148.3811751, -9.0970494 ], [ 148.3812858, -9.0970626 ], [ 148.3813796, -9.0970751 ], [ 148.3814882, -9.0971227 ], [ 148.381605, -9.0971898 ], [ 148.3816907, -9.0972409 ], [ 148.381787300000013, -9.0972728 ], [ 148.3818804, -9.0973342 ], [ 148.3819904, -9.097377 ], [ 148.3821022, -9.0974201 ], [ 148.382188, -9.0974548 ], [ 148.382317, -9.0975089 ], [ 148.3824357, -9.0975739 ], [ 148.3825302, -9.0975967 ], [ 148.38262610000001, -9.0975968 ], [ 148.3827134, -9.0976234 ], [ 148.3828081, -9.0976446 ], [ 148.3828967, -9.097718 ], [ 148.3829661, -9.0977876 ], [ 148.3830563, -9.0978438 ], [ 148.3830917, -9.0979319 ], [ 148.3831295, -9.0980179 ], [ 148.3831729, -9.0981011 ], [ 148.3832222, -9.0981834 ], [ 148.3832629, -9.0982668 ], [ 148.3833176, -9.0983462 ], [ 148.3833754, -9.0984536 ], [ 148.383485900000011, -9.0985158 ], [ 148.3835676, -9.098566 ], [ 148.3836532, -9.0986152 ], [ 148.3837829, -9.0986398 ], [ 148.3839007, -9.098669 ], [ 148.384019, -9.0986668 ], [ 148.384149400000013, -9.0986581 ], [ 148.384296299999988, -9.0986695 ], [ 148.3844211, -9.0986581 ], [ 148.384539100000012, -9.0986398 ], [ 148.3846581, -9.0986248 ], [ 148.384773, -9.0986368 ], [ 148.3848858, -9.0986303 ], [ 148.385010099999988, -9.0986403 ], [ 148.385125499999987, -9.0986585 ], [ 148.3852305, -9.0986597 ], [ 148.3853562, -9.098688 ], [ 148.3854465, -9.0987173 ], [ 148.3855515, -9.0987693 ], [ 148.3856338, -9.0988179 ], [ 148.3857098, -9.098882 ], [ 148.38578, -9.0989521 ], [ 148.3858788, -9.0989939 ], [ 148.3859981, -9.0990747 ], [ 148.3861319, -9.0990812 ], [ 148.386237, -9.0990727 ], [ 148.386326700000012, -9.0991057 ], [ 148.3864228, -9.0991113 ], [ 148.3865361, -9.0991321 ], [ 148.3866281, -9.0991347 ], [ 148.3867261, -9.0991524 ], [ 148.3869812, -9.0992018 ], [ 148.3872317, -9.0993444 ], [ 148.387445, -9.0996504 ] ] ] } },
{ "type": "Feature", "properties": { "name": "Afore to Sankose (seg 32)", "mode": "Motor road", "mode_evidence": "overlap: 100% of its length runs along a track measured at road speed (no timestamps of its own)", "speed_kmh_median": null, "speed_frac_over_12": null, "gradient_p85_pct": 18.1, "source_file": "russell_muraba_track_record_july_10_july_31.gpkg", "format": "gpkg", "length_km": 3.04, "source": "project GPS recording, russell_muraba_track_record_july_10_july_31.gpkg", "surface": "unknown", "tracktype": "unknown" }, "geometry": { "type": "MultiLineString", "coordinates": [ [ [ 148.383805, -9.1299167 ], [ 148.383875, -9.1298578 ], [ 148.3839312, -9.1297843 ], [ 148.3840343, -9.1297146 ], [ 148.384102899999988, -9.1296429 ], [ 148.3841467, -9.1295622 ], [ 148.384226, -9.1295135 ], [ 148.3843205, -9.1294568 ], [ 148.3843942, -9.1294014 ], [ 148.384472499999987, -9.1292996 ], [ 148.3845485, -9.1292343 ], [ 148.3846306, -9.1291705 ], [ 148.384691299999986, -9.1290849 ], [ 148.3847451, -9.1290077 ], [ 148.3847768, -9.1289172 ], [ 148.3848317, -9.1288344 ], [ 148.3848855, -9.1287151 ], [ 148.38492, -9.1286238 ], [ 148.384968, -9.1285448 ], [ 148.384988600000014, -9.1284523 ], [ 148.3850313, -9.1283695 ], [ 148.3850712, -9.1282875 ], [ 148.3851161, -9.1281911 ], [ 148.385162400000013, -9.1280748 ], [ 148.3851443, -9.1279848 ], [ 148.385112099999986, -9.127896 ], [ 148.3850626, -9.1278066 ], [ 148.3850071, -9.1277044 ], [ 148.3849485, -9.127617 ], [ 148.384918699999986, -9.1275073 ], [ 148.3849093, -9.1274116 ], [ 148.384910600000012, -9.1273132 ], [ 148.3849425, -9.1272029 ], [ 148.384971, -9.1270785 ], [ 148.3849678, -9.1269768 ], [ 148.3849611, -9.1268577 ], [ 148.384945, -9.1267411 ], [ 148.3849468, -9.1266249 ], [ 148.3848999, -9.1265025 ], [ 148.38488670000001, -9.1264085 ], [ 148.384918699999986, -9.1263099 ], [ 148.385003399999988, -9.1262688 ], [ 148.3850914, -9.1262367 ], [ 148.3851636, -9.1261693 ], [ 148.385245, -9.126095 ], [ 148.3853207, -9.1260355 ], [ 148.3853715, -9.1259579 ], [ 148.3853705, -9.1258667 ], [ 148.3854307, -9.1257922 ], [ 148.3854512, -9.1256989 ], [ 148.3854761, -9.1256118 ], [ 148.385473499999989, -9.1255168 ], [ 148.3855091, -9.1254248 ], [ 148.3855542, -9.1253403 ], [ 148.385626800000011, -9.1252804 ], [ 148.385671300000013, -9.1252013 ], [ 148.3857451, -9.1251467 ], [ 148.3858171, -9.125084 ], [ 148.3858947, -9.125022 ], [ 148.3859534, -9.1249483 ], [ 148.3860135, -9.1248798 ], [ 148.386103100000014, -9.1248348 ], [ 148.3861727, -9.1247752 ], [ 148.38617450000001, -9.1248677 ], [ 148.3862675, -9.1247616 ], [ 148.3863384, -9.1246742 ], [ 148.3864136, -9.1246085 ], [ 148.3864687, -9.1245298 ], [ 148.3865219, -9.124456 ], [ 148.386601399999989, -9.1243985 ], [ 148.3866664, -9.1243268 ], [ 148.3867433, -9.1242542 ], [ 148.386808699999989, -9.1241862 ], [ 148.3868572, -9.1240911 ], [ 148.3869129, -9.1240105 ], [ 148.3869714, -9.1239288 ], [ 148.387023199999987, -9.1238538 ], [ 148.3870948, -9.1237836 ], [ 148.387166, -9.1237093 ], [ 148.3872222, -9.1236342 ], [ 148.3872711, -9.1235478 ], [ 148.3873146, -9.1234602 ], [ 148.3873218, -9.1233623 ], [ 148.387284, -9.1232612 ], [ 148.3872996, -9.123169 ], [ 148.3873231, -9.1230768 ], [ 148.387323, -9.1229839 ], [ 148.3872939, -9.1228935 ], [ 148.387220500000012, -9.1228192 ], [ 148.3871522, -9.122749 ], [ 148.3870818, -9.1226826 ], [ 148.3870396, -9.1226001 ], [ 148.387011300000012, -9.1225108 ], [ 148.3869678, -9.1224179 ], [ 148.386933199999987, -9.1223331 ], [ 148.386910199999988, -9.1222351 ], [ 148.3868947, -9.1221384 ], [ 148.3869192, -9.1220474 ], [ 148.3869737, -9.121962 ], [ 148.38705490000001, -9.1219024 ], [ 148.3871368, -9.1218581 ], [ 148.387152, -9.1217492 ], [ 148.387194599999987, -9.1216545 ], [ 148.3872269, -9.1215552 ], [ 148.3872464, -9.1214528 ], [ 148.3872998, -9.1213653 ], [ 148.3873725, -9.121293 ], [ 148.387448299999988, -9.121228 ], [ 148.3875536, -9.1211697 ], [ 148.387624100000011, -9.1211109 ], [ 148.3876704, -9.1210158 ], [ 148.387741799999986, -9.1209466 ], [ 148.3878008, -9.1208606 ], [ 148.3878741, -9.1208058 ], [ 148.3879593, -9.1207475 ], [ 148.3880484, -9.120665 ], [ 148.388089900000011, -9.1205748 ], [ 148.3881408, -9.1204779 ], [ 148.3881979, -9.1203965 ], [ 148.3882434, -9.1202966 ], [ 148.3882657, -9.1201945 ], [ 148.3883006, -9.1200827 ], [ 148.3883428, -9.1199808 ], [ 148.388382299999989, -9.1198922 ], [ 148.388427900000011, -9.1198037 ], [ 148.388442199999986, -9.1196865 ], [ 148.3884435, -9.1195922 ], [ 148.388495400000011, -9.119492 ], [ 148.388493899999986, -9.1194011 ], [ 148.388510700000012, -9.1193101 ], [ 148.3885602, -9.1192314 ], [ 148.3885541, -9.119137 ], [ 148.3885673, -9.1190408 ], [ 148.3885635, -9.1189297 ], [ 148.388556099999988, -9.1188231 ], [ 148.3885637, -9.1187265 ], [ 148.3885345, -9.1186301 ], [ 148.3884961, -9.1185436 ], [ 148.388510200000013, -9.1184354 ], [ 148.3885098, -9.1183395 ], [ 148.3885535, -9.1182437 ], [ 148.388573400000013, -9.1181515 ], [ 148.388581499999987, -9.1180336 ], [ 148.388576, -9.1179136 ], [ 148.388566, -9.1178204 ], [ 148.388578, -9.1177306 ], [ 148.388537, -9.1176235 ], [ 148.388530800000012, -9.1175232 ], [ 148.3885359, -9.1174262 ], [ 148.3884725, -9.1173523 ], [ 148.388466099999988, -9.1172563 ], [ 148.3884376, -9.1171602 ], [ 148.3883136, -9.1171034 ], [ 148.3882245, -9.1170809 ], [ 148.3881398, -9.1170379 ], [ 148.3880685, -9.1169386 ], [ 148.388043, -9.1168456 ], [ 148.38805, -9.1167455 ], [ 148.3881, -9.1166592 ], [ 148.3881726, -9.1166007 ], [ 148.3882317, -9.1165025 ], [ 148.3882633, -9.1164036 ], [ 148.3882931, -9.1163094 ], [ 148.388355600000011, -9.1162285 ], [ 148.388396199999988, -9.1161356 ], [ 148.3884514, -9.1160599 ], [ 148.3885081, -9.1159872 ], [ 148.3885765, -9.1159192 ], [ 148.3886598, -9.1158585 ], [ 148.3887364, -9.1157711 ], [ 148.3887992, -9.1156953 ], [ 148.388858199999987, -9.1155999 ], [ 148.388905200000011, -9.1155072 ], [ 148.3889374, -9.1154158 ], [ 148.3889421, -9.1153016 ], [ 148.3889016, -9.1152117 ], [ 148.388825200000014, -9.1151313 ], [ 148.388742900000011, -9.1150741 ], [ 148.3886506, -9.1150355 ], [ 148.388586800000013, -9.114953 ], [ 148.3886152, -9.1148636 ], [ 148.3886889, -9.1148059 ], [ 148.38878, -9.1147773 ], [ 148.388877799999989, -9.114774 ], [ 148.388978900000012, -9.114753 ], [ 148.389074099999988, -9.1147618 ], [ 148.3891764, -9.114751 ], [ 148.3892674, -9.1147274 ], [ 148.3893689, -9.1147174 ], [ 148.3894788, -9.1147157 ], [ 148.389569099999989, -9.1146898 ], [ 148.3896787, -9.114658 ], [ 148.3897725, -9.114611 ], [ 148.3898519, -9.1145581 ], [ 148.3899238, -9.1144988 ], [ 148.389986599999986, -9.114427 ], [ 148.3900779, -9.1143516 ], [ 148.3901831, -9.1142959 ], [ 148.390263, -9.1142503 ], [ 148.390371499999986, -9.1141996 ], [ 148.3904659, -9.1141423 ], [ 148.390550600000012, -9.1140817 ], [ 148.3906282, -9.1140053 ], [ 148.3906974, -9.1138932 ], [ 148.390758799999986, -9.1138025 ], [ 148.3907963, -9.1137016 ], [ 148.390825400000011, -9.1136046 ], [ 148.390856500000012, -9.1135117 ], [ 148.3909109, -9.1134307 ], [ 148.390963699999986, -9.1133487 ], [ 148.3910498, -9.1133078 ], [ 148.391078, -9.1132161 ], [ 148.391132, -9.1131416 ], [ 148.391212700000011, -9.1130862 ], [ 148.3912908, -9.1130291 ], [ 148.391381, -9.1130093 ], [ 148.391481199999987, -9.1129965 ], [ 148.3915801, -9.1129936 ], [ 148.3916736, -9.1129706 ], [ 148.391789, -9.1129525 ], [ 148.3918659, -9.1128773 ], [ 148.391942, -9.1128232 ], [ 148.3920381, -9.112758 ], [ 148.3921077, -9.1126822 ], [ 148.392163900000014, -9.1126068 ], [ 148.3922275, -9.1125366 ], [ 148.3922863, -9.112457 ], [ 148.3923082, -9.1123685 ], [ 148.392317100000014, -9.1122714 ], [ 148.3922878, -9.1121831 ], [ 148.3922191, -9.1121081 ], [ 148.3921369, -9.1120449 ], [ 148.392035600000014, -9.1119851 ], [ 148.391951299999988, -9.1119325 ], [ 148.3918438, -9.111862 ], [ 148.3917535, -9.11183 ], [ 148.3916327, -9.1118103 ], [ 148.3915054, -9.1117864 ], [ 148.3913896, -9.1117678 ], [ 148.3912856, -9.1117485 ], [ 148.3911784, -9.1117225 ], [ 148.3910673, -9.1116978 ], [ 148.3909683, -9.1116899 ], [ 148.3908793, -9.1116686 ], [ 148.3907589, -9.1116569 ], [ 148.3906465, -9.1116662 ], [ 148.390537599999988, -9.1116564 ], [ 148.3904292, -9.1116471 ], [ 148.3903039, -9.1116518 ], [ 148.390178, -9.1116507 ], [ 148.3900721, -9.1116135 ], [ 148.389948800000013, -9.1115703 ], [ 148.3898534, -9.1115141 ], [ 148.3897518, -9.111459 ], [ 148.3896475, -9.1113779 ], [ 148.3895685, -9.1113191 ], [ 148.389503100000013, -9.1112521 ], [ 148.3893845, -9.1111763 ], [ 148.3892856, -9.1111389 ], [ 148.3891841, -9.1110854 ], [ 148.3890553, -9.1110609 ], [ 148.388935800000013, -9.1110498 ], [ 148.388842399999987, -9.1109917 ], [ 148.3887272, -9.1109591 ], [ 148.3886563, -9.1108791 ], [ 148.3885709, -9.110799 ], [ 148.388488, -9.1107262 ], [ 148.388441300000011, -9.1106398 ] ] ] } },
{ "type": "Feature", "properties": { "name": "Road 2 junction to Afore Station (seg 23)", "mode": "Motor road", "mode_evidence": "overlap: 98% of its length runs along a track measured at road speed (no timestamps of its own)", "speed_kmh_median": null, "speed_frac_over_12": null, "gradient_p85_pct": 9.5, "source_file": "russell_muraba_track_record_july_10_july_31.gpkg", "format": "gpkg", "length_km": 2.99, "source": "project GPS recording, russell_muraba_track_record_july_10_july_31.gpkg", "surface": "unknown", "tracktype": "unknown" }, "geometry": { "type": "MultiLineString", "coordinates": [ [ [ 148.4061236, -9.1304866 ], [ 148.406021, -9.1305022 ], [ 148.4059332, -9.1305634 ], [ 148.405838499999987, -9.1305997 ], [ 148.4057315, -9.1306482 ], [ 148.4056338, -9.130721 ], [ 148.4055461, -9.1307804 ], [ 148.4054544, -9.130822 ], [ 148.405368, -9.1308676 ], [ 148.4052643, -9.1309215 ], [ 148.4051995, -9.1309881 ], [ 148.4051149, -9.1310433 ], [ 148.4050388, -9.1311103 ], [ 148.4049607, -9.1311864 ], [ 148.404849399999989, -9.1312243 ], [ 148.4047654, -9.1313086 ], [ 148.4046997, -9.1313901 ], [ 148.404620599999987, -9.1314647 ], [ 148.4045269, -9.1315286 ], [ 148.404435400000011, -9.1315983 ], [ 148.404346, -9.1316838 ], [ 148.4042657, -9.1317564 ], [ 148.404175400000014, -9.1318176 ], [ 148.4041105, -9.131886 ], [ 148.4040149, -9.1319385 ], [ 148.4039187, -9.1320209 ], [ 148.40382120000001, -9.1321006 ], [ 148.403735, -9.1322076 ], [ 148.403690899999987, -9.1322886 ], [ 148.4036422, -9.1323706 ], [ 148.4036012, -9.1324578 ], [ 148.403545, -9.1325551 ], [ 148.4035001, -9.1326428 ], [ 148.403426200000013, -9.1327349 ], [ 148.4033536, -9.13283 ], [ 148.403311, -9.1329253 ], [ 148.4032683, -9.1330156 ], [ 148.403223200000014, -9.1331047 ], [ 148.4031631, -9.133181 ], [ 148.4031023, -9.1332712 ], [ 148.4030468, -9.1333486 ], [ 148.402953200000013, -9.1334265 ], [ 148.4028787, -9.1334894 ], [ 148.402780400000012, -9.1335195 ], [ 148.4026661, -9.1335581 ], [ 148.4025708, -9.1335782 ], [ 148.4024555, -9.1336005 ], [ 148.4023574, -9.1335896 ], [ 148.402266200000014, -9.1335895 ], [ 148.4021792, -9.1335612 ], [ 148.4020811, -9.1335668 ], [ 148.4019605, -9.1335966 ], [ 148.40184210000001, -9.1336013 ], [ 148.4017426, -9.1336049 ], [ 148.401642900000013, -9.1336254 ], [ 148.4015262, -9.1336411 ], [ 148.4014223, -9.1336572 ], [ 148.4013021, -9.1336638 ], [ 148.4011616, -9.1336737 ], [ 148.401060300000012, -9.1337166 ], [ 148.400970199999989, -9.1337378 ], [ 148.4008727, -9.1337448 ], [ 148.4007803, -9.1337665 ], [ 148.4006685, -9.1337741 ], [ 148.400545599999987, -9.1337789 ], [ 148.4004248, -9.1337928 ], [ 148.4003313, -9.1337626 ], [ 148.400238699999989, -9.1337758 ], [ 148.400156, -9.1337296 ], [ 148.40005690000001, -9.1336923 ], [ 148.399951, -9.1336391 ], [ 148.399875400000013, -9.1335865 ], [ 148.3997874, -9.1335505 ], [ 148.3997271, -9.1334809 ], [ 148.3996594, -9.1334203 ], [ 148.39958390000001, -9.1333664 ], [ 148.3995607, -9.1332779 ], [ 148.3995639, -9.1331772 ], [ 148.3995665, -9.1330867 ], [ 148.399575700000014, -9.1329896 ], [ 148.3995557, -9.1329 ], [ 148.3994883, -9.1328045 ], [ 148.3993946, -9.1327452 ], [ 148.399294700000013, -9.132757 ], [ 148.399199, -9.1327839 ], [ 148.3990899, -9.1328211 ], [ 148.39900320000001, -9.1328661 ], [ 148.3989281, -9.1329209 ], [ 148.39886340000001, -9.1329974 ], [ 148.398795, -9.1330838 ], [ 148.3987477, -9.1331651 ], [ 148.3987045, -9.133253 ], [ 148.398640300000011, -9.1333244 ], [ 148.3985706, -9.1333958 ], [ 148.3984897, -9.133483 ], [ 148.3984475, -9.1335673 ], [ 148.3983785, -9.1336272 ], [ 148.3982787, -9.1336834 ], [ 148.398186900000013, -9.1336948 ], [ 148.3980774, -9.1336984 ], [ 148.3979903, -9.1336671 ], [ 148.397907, -9.1336306 ], [ 148.3978098, -9.1336489 ], [ 148.397719200000012, -9.1336166 ], [ 148.3976145, -9.1336085 ], [ 148.3975217, -9.1335744 ], [ 148.3974379, -9.1335364 ], [ 148.3973555, -9.1334914 ], [ 148.3972665, -9.1334641 ], [ 148.3971927, -9.1334022 ], [ 148.3971234, -9.1333404 ], [ 148.3970505, -9.1332834 ], [ 148.396988, -9.133214 ], [ 148.3968968, -9.1331762 ], [ 148.396807599999988, -9.1331239 ], [ 148.3967123, -9.1330645 ], [ 148.3966398, -9.1329939 ], [ 148.3965738, -9.1329313 ], [ 148.3964808, -9.1328939 ], [ 148.396406399999989, -9.1328404 ], [ 148.3963252, -9.1327762 ], [ 148.3962596, -9.1327092 ], [ 148.396187200000014, -9.1326437 ], [ 148.396095699999989, -9.1325857 ], [ 148.3960071, -9.132539 ], [ 148.3959251, -9.1324776 ], [ 148.3958365, -9.1324249 ], [ 148.3957524, -9.1323596 ], [ 148.3956727, -9.1322961 ], [ 148.395573, -9.1322364 ], [ 148.395491600000014, -9.1321835 ], [ 148.3954146, -9.132133 ], [ 148.3953416, -9.1320762 ], [ 148.3952679, -9.132018 ], [ 148.395186200000012, -9.1319616 ], [ 148.3950999, -9.1319271 ], [ 148.395007600000014, -9.1318948 ], [ 148.3949275, -9.1318455 ], [ 148.3948298, -9.1318274 ], [ 148.3947378, -9.1318182 ], [ 148.3946455, -9.131806 ], [ 148.394562799999989, -9.1318592 ], [ 148.3944971, -9.1319236 ], [ 148.3944358, -9.1320056 ], [ 148.394347900000014, -9.1320765 ], [ 148.3942975, -9.132164 ], [ 148.3942276, -9.1322376 ], [ 148.3941561, -9.1323195 ], [ 148.3940892, -9.1323985 ], [ 148.3940213, -9.1324782 ], [ 148.393959099999989, -9.1325533 ], [ 148.3938949, -9.1326323 ], [ 148.3938286, -9.1327055 ], [ 148.393759, -9.132782 ], [ 148.393706900000012, -9.1328593 ], [ 148.3936479, -9.1329446 ], [ 148.3935787, -9.1330049 ], [ 148.393524, -9.1330779 ], [ 148.3934634, -9.1331503 ], [ 148.393403299999989, -9.1332348 ], [ 148.393343, -9.1333143 ], [ 148.393283200000013, -9.1333914 ], [ 148.3932269, -9.1334633 ], [ 148.3931612, -9.1335267 ], [ 148.393098400000014, -9.1336017 ], [ 148.393031, -9.1336665 ], [ 148.393012199999987, -9.1337552 ], [ 148.3929465, -9.1338266 ], [ 148.3928805, -9.1338959 ], [ 148.3928144, -9.1339745 ], [ 148.3927526, -9.1340673 ], [ 148.392682400000012, -9.1341568 ], [ 148.3926261, -9.1342339 ], [ 148.3925734, -9.1343197 ], [ 148.39251440000001, -9.1344003 ], [ 148.392465, -9.1344859 ], [ 148.3923902, -9.1345724 ], [ 148.3923278, -9.1346615 ], [ 148.3922476, -9.1347501 ], [ 148.3921804, -9.1348422 ], [ 148.3921463, -9.1349329 ], [ 148.3920867, -9.1350173 ], [ 148.3920151, -9.1351143 ], [ 148.3919773, -9.1352014 ], [ 148.39192220000001, -9.1352981 ], [ 148.391885, -9.1353934 ], [ 148.3918416, -9.1354834 ], [ 148.3917949, -9.1355753 ], [ 148.391746399999988, -9.1356857 ], [ 148.3917165, -9.1357846 ], [ 148.391683300000011, -9.1358793 ], [ 148.3916357, -9.1359565 ], [ 148.3916135, -9.1360508 ], [ 148.3915682, -9.1361435 ], [ 148.3915203, -9.1362353 ], [ 148.39147650000001, -9.1363202 ], [ 148.3914149, -9.1364095 ], [ 148.3913791, -9.1364998 ], [ 148.3913267, -9.1365758 ], [ 148.3912727, -9.1366536 ], [ 148.391215499999987, -9.1367362 ], [ 148.3911822, -9.1368268 ], [ 148.391138899999987, -9.1369114 ], [ 148.3910702, -9.1369889 ], [ 148.3910262, -9.137078 ], [ 148.390983, -9.1371653 ], [ 148.3909322, -9.1372523 ], [ 148.3908826, -9.137332 ], [ 148.3908366, -9.1374133 ], [ 148.3907849, -9.1374946 ], [ 148.3907388, -9.137573 ], [ 148.3906901, -9.1376596 ], [ 148.390634299999988, -9.1377398 ], [ 148.390598899999986, -9.1378274 ], [ 148.390571, -9.1379151 ], [ 148.39053340000001, -9.138017 ], [ 148.390477, -9.1380925 ], [ 148.390419900000012, -9.1381636 ], [ 148.3903618, -9.1382469 ], [ 148.3902821, -9.138336 ], [ 148.3902151, -9.1382659 ], [ 148.3901516, -9.1381877 ], [ 148.390095, -9.1381102 ], [ 148.3900247, -9.1380342 ], [ 148.3899618, -9.137964 ], [ 148.3898831, -9.1378726 ], [ 148.3898063, -9.1378219 ], [ 148.3897527, -9.1377447 ], [ 148.389666299999988, -9.1376622 ], [ 148.3895799, -9.1376206 ], [ 148.3895182, -9.1375495 ], [ 148.3894249, -9.1375173 ], [ 148.3893391, -9.1374759 ], [ 148.389255100000014, -9.1375227 ], [ 148.3891932, -9.1375894 ], [ 148.389123899999987, -9.1376528 ], [ 148.389060300000011, -9.1377184 ], [ 148.3889795, -9.1377863 ], [ 148.388896100000011, -9.1378366 ], [ 148.3888311, -9.1379087 ], [ 148.3887651, -9.1379776 ], [ 148.3886779, -9.1380325 ], [ 148.388597, -9.1380896 ], [ 148.3885328, -9.1381557 ], [ 148.388468100000011, -9.1382225 ], [ 148.3884008, -9.1382834 ], [ 148.3883467, -9.1383575 ], [ 148.3883141, -9.1384468 ], [ 148.3882736, -9.1385333 ], [ 148.388201, -9.1385973 ], [ 148.3881604, -9.1386783 ], [ 148.388087399999989, -9.1387366 ], [ 148.3880349, -9.1388151 ], [ 148.387999900000011, -9.1389001 ], [ 148.387948200000011, -9.1389836 ], [ 148.3878818, -9.1390544 ], [ 148.3878421, -9.1391405 ], [ 148.387785900000011, -9.1392187 ], [ 148.3877454, -9.1393037 ], [ 148.3876933, -9.1393799 ], [ 148.3876371, -9.1394513 ], [ 148.387571799999989, -9.1395201 ], [ 148.387494, -9.1394703 ], [ 148.387459299999989, -9.1393803 ], [ 148.387409, -9.1392965 ], [ 148.3873538, -9.1392233 ], [ 148.3873029, -9.1391437 ], [ 148.387261200000012, -9.139062 ], [ 148.38731150000001, -9.1389864 ] ] ] } },
{ "type": "Feature", "properties": { "name": "Sila Junction (seg 4)", "mode": "Motor road", "mode_evidence": "overlap: 100% of its length runs along a track measured at road speed (no timestamps of its own)", "speed_kmh_median": null, "speed_frac_over_12": null, "gradient_p85_pct": 15.6, "source_file": "russell_muraba_track_record_july_10_july_31.gpkg", "format": "gpkg", "length_km": 2.95, "source": "project GPS recording, russell_muraba_track_record_july_10_july_31.gpkg", "surface": "unknown", "tracktype": "unknown" }, "geometry": { "type": "MultiLineString", "coordinates": [ [ [ 148.353725, -9.05709 ], [ 148.353556700000013, -9.0570717 ], [ 148.3534383, -9.057105 ], [ 148.35333, -9.05714 ], [ 148.35319, -9.0571917 ], [ 148.3530633, -9.0572333 ], [ 148.35297, -9.05727 ], [ 148.352823300000011, -9.0573333 ], [ 148.3527033, -9.05737 ], [ 148.352576699999986, -9.05746 ], [ 148.3525233, -9.0575917 ], [ 148.3525033, -9.0577033 ], [ 148.3525033, -9.0578733 ], [ 148.3524917, -9.0579817 ], [ 148.35249, -9.0581183 ], [ 148.3524983, -9.0582567 ], [ 148.3524933, -9.0583833 ], [ 148.35249, -9.0584833 ], [ 148.352521700000011, -9.0585833 ], [ 148.3525, -9.0586717 ], [ 148.3525133, -9.058775 ], [ 148.352485, -9.0588733 ], [ 148.352518300000014, -9.0589617 ], [ 148.3525267, -9.0590967 ], [ 148.352595, -9.0591883 ], [ 148.352665, -9.0592667 ], [ 148.3527583, -9.059325 ], [ 148.35281, -9.0594017 ], [ 148.352823300000011, -9.0595217 ], [ 148.352835, -9.0596133 ], [ 148.3528717, -9.059755 ], [ 148.3529533, -9.05981 ], [ 148.3530867, -9.0597967 ], [ 148.353196700000012, -9.0597817 ], [ 148.35326, -9.0597 ], [ 148.3533517, -9.0596167 ], [ 148.353466700000013, -9.05959 ], [ 148.35359170000001, -9.0596233 ], [ 148.353678300000013, -9.0596967 ], [ 148.35372, -9.05981 ], [ 148.35375, -9.0599233 ], [ 148.3537567, -9.06006 ], [ 148.3537767, -9.0601517 ], [ 148.353733299999988, -9.0602367 ], [ 148.353813300000013, -9.0602883 ], [ 148.3538517, -9.0604033 ], [ 148.35392, -9.0604767 ], [ 148.35398, -9.06058 ], [ 148.3540633, -9.0606367 ], [ 148.35416, -9.06072 ], [ 148.3542383, -9.0607783 ], [ 148.354325, -9.0608333 ], [ 148.354415, -9.0608783 ], [ 148.3545067, -9.060925 ], [ 148.3546083, -9.0609417 ], [ 148.354715, -9.0609683 ], [ 148.35482, -9.0610033 ], [ 148.35493, -9.061075 ], [ 148.355041699999987, -9.0611533 ], [ 148.3551233, -9.06121 ], [ 148.3552383, -9.0613083 ], [ 148.355346700000013, -9.0614117 ], [ 148.3553933, -9.0614917 ], [ 148.3554383, -9.0615717 ], [ 148.3555083, -9.061675 ], [ 148.355615, -9.0617683 ], [ 148.355735, -9.0618183 ], [ 148.3558433, -9.0618483 ], [ 148.3559683, -9.06191 ], [ 148.356085, -9.0619717 ], [ 148.356175, -9.0620483 ], [ 148.3562717, -9.0621367 ], [ 148.356358300000011, -9.0622183 ], [ 148.356435, -9.062325 ], [ 148.3565083, -9.062435 ], [ 148.3565233, -9.0625583 ], [ 148.35652, -9.06268 ], [ 148.3565017, -9.06278 ], [ 148.3564917, -9.0628717 ], [ 148.3565017, -9.06297 ], [ 148.35651, -9.06307 ], [ 148.3565117, -9.063185 ], [ 148.3565283, -9.06329 ], [ 148.3565417, -9.0634017 ], [ 148.356583300000011, -9.063495 ], [ 148.356651699999986, -9.0635933 ], [ 148.35668, -9.0637183 ], [ 148.356705, -9.0638167 ], [ 148.3567433, -9.0639633 ], [ 148.3567817, -9.0640583 ], [ 148.3568033, -9.06417 ], [ 148.3568267, -9.06428 ], [ 148.3568783, -9.064375 ], [ 148.3569333, -9.0644817 ], [ 148.35696, -9.0646 ], [ 148.35698, -9.0647017 ], [ 148.3570133, -9.0648117 ], [ 148.3570217, -9.0649117 ], [ 148.3570417, -9.0650083 ], [ 148.3570667, -9.0651633 ], [ 148.3570683, -9.0652767 ], [ 148.3571083, -9.065415 ], [ 148.357135, -9.0655433 ], [ 148.357165, -9.0656333 ], [ 148.357205, -9.0657817 ], [ 148.3572667, -9.0659217 ], [ 148.357285, -9.0660467 ], [ 148.3573417, -9.0661533 ], [ 148.357438300000013, -9.0662267 ], [ 148.35757670000001, -9.0662783 ], [ 148.357715, -9.0663333 ], [ 148.357825, -9.06638 ], [ 148.35793670000001, -9.0664333 ], [ 148.35802, -9.0664817 ], [ 148.358145, -9.0665483 ], [ 148.3582467, -9.0666283 ], [ 148.358305, -9.0667033 ], [ 148.35839, -9.0668233 ], [ 148.3584367, -9.06693 ], [ 148.358465, -9.0670333 ], [ 148.358505, -9.0671767 ], [ 148.3585367, -9.0672717 ], [ 148.358555, -9.0674233 ], [ 148.3586, -9.0675317 ], [ 148.358656700000012, -9.0676433 ], [ 148.3587617, -9.0677517 ], [ 148.358895, -9.0677383 ], [ 148.359003300000012, -9.067685 ], [ 148.3590917, -9.0675667 ], [ 148.359148299999987, -9.0674617 ], [ 148.3591867, -9.0673583 ], [ 148.35926, -9.067235 ], [ 148.3593517, -9.067155 ], [ 148.3594467, -9.0671283 ], [ 148.3595933, -9.0671183 ], [ 148.35971, -9.0671233 ], [ 148.3598383, -9.06715 ], [ 148.359961700000014, -9.06717 ], [ 148.36008, -9.0672283 ], [ 148.3601817, -9.0672717 ], [ 148.360308300000014, -9.067335 ], [ 148.360421699999989, -9.067355 ], [ 148.360545, -9.0674067 ], [ 148.3606667, -9.0674417 ], [ 148.3607817, -9.0674633 ], [ 148.3609183, -9.0675133 ], [ 148.3610483, -9.0675367 ], [ 148.361166700000012, -9.0676133 ], [ 148.3612867, -9.0677117 ], [ 148.3613767, -9.0677383 ], [ 148.361485, -9.067835 ], [ 148.3615767, -9.0679067 ], [ 148.3616417, -9.06797 ], [ 148.36168, -9.0680533 ], [ 148.361738300000013, -9.0681383 ], [ 148.3617983, -9.0682233 ], [ 148.3618717, -9.06828 ], [ 148.3620067, -9.0683883 ], [ 148.3620967, -9.0684117 ], [ 148.362243299999989, -9.0684783 ], [ 148.3623317, -9.0685017 ], [ 148.36249, -9.06855 ], [ 148.362593299999986, -9.068575 ], [ 148.3627333, -9.0686317 ], [ 148.362853300000012, -9.0686817 ], [ 148.362945, -9.0687367 ], [ 148.363033300000012, -9.0687817 ], [ 148.363136700000013, -9.0688367 ], [ 148.3632433, -9.0688967 ], [ 148.363348300000013, -9.0689683 ], [ 148.363455, -9.0690117 ], [ 148.363583299999988, -9.0690333 ], [ 148.36371, -9.0690367 ], [ 148.3637933, -9.069125 ], [ 148.36385, -9.0692233 ], [ 148.3638733, -9.069315 ], [ 148.36391, -9.0694333 ], [ 148.3639583, -9.0695283 ], [ 148.3640167, -9.069615 ], [ 148.364085, -9.0697083 ], [ 148.364168299999989, -9.069775 ], [ 148.3642283, -9.069895 ], [ 148.364296700000011, -9.06997 ], [ 148.3643983, -9.0700533 ], [ 148.3645233, -9.0700783 ], [ 148.36461, -9.0701067 ], [ 148.3647067, -9.0701267 ], [ 148.3648317, -9.07016 ], [ 148.364936699999987, -9.0701667 ], [ 148.3650817, -9.0701533 ], [ 148.3652083, -9.0701417 ], [ 148.36533, -9.0701217 ], [ 148.3654517, -9.0700867 ], [ 148.3655833, -9.070045 ], [ 148.3656733, -9.0699933 ], [ 148.3657933, -9.06999 ], [ 148.3658867, -9.0700167 ], [ 148.365951700000011, -9.0700833 ], [ 148.36606, -9.070175 ], [ 148.366145, -9.0702483 ], [ 148.366253300000011, -9.070285 ], [ 148.3663017, -9.0703633 ], [ 148.3663817, -9.0704217 ], [ 148.366485, -9.0705233 ], [ 148.3665533, -9.0705917 ], [ 148.366655, -9.0706867 ], [ 148.36676, -9.0708017 ], [ 148.3668433, -9.0708683 ], [ 148.36694, -9.070965 ], [ 148.367028299999987, -9.0710333 ], [ 148.3671133, -9.071085 ], [ 148.367205, -9.0711733 ], [ 148.3673067, -9.0712583 ], [ 148.367388299999988, -9.0713217 ], [ 148.3674733, -9.0713617 ], [ 148.367545, -9.071425 ], [ 148.367603300000013, -9.071495 ], [ 148.3677, -9.07158 ], [ 148.367765, -9.071645 ], [ 148.36784, -9.0717233 ], [ 148.367921700000011, -9.0717783 ], [ 148.3679883, -9.071845 ], [ 148.3680617, -9.0719017 ], [ 148.368143300000014, -9.071975 ], [ 148.368223300000011, -9.072025 ], [ 148.368305, -9.07207 ] ] ] } },
{ "type": "Feature", "properties": { "name": "russell muraba track record july 10 july (seg 57)", "mode": "Motor road", "mode_evidence": "overlap: 100% of its length runs along a track measured at road speed (no timestamps of its own)", "speed_kmh_median": null, "speed_frac_over_12": null, "gradient_p85_pct": 12.9, "source_file": "russell_muraba_track_record_july_10_july_31.gpkg", "format": "gpkg", "length_km": 2.86, "source": "project GPS recording, russell_muraba_track_record_july_10_july_31.gpkg", "surface": "unknown", "tracktype": "unknown" }, "geometry": { "type": "MultiLineString", "coordinates": [ [ [ 148.3110945, -9.1092118 ], [ 148.311085, -9.1091203 ], [ 148.31103920000001, -9.1090346 ], [ 148.3109934, -9.1089437 ], [ 148.3109641, -9.1088356 ], [ 148.310911299999987, -9.1087085 ], [ 148.3108537, -9.1085859 ], [ 148.310798799999986, -9.1084571 ], [ 148.3107508, -9.1083431 ], [ 148.3106952, -9.1082383 ], [ 148.31062940000001, -9.1081477 ], [ 148.3105821, -9.1080697 ], [ 148.3105229, -9.1079966 ], [ 148.310459400000013, -9.1078876 ], [ 148.3104377, -9.107768 ], [ 148.310393, -9.1076393 ], [ 148.3102905, -9.1075074 ], [ 148.310240099999987, -9.1073861 ], [ 148.310167299999989, -9.107297 ], [ 148.3101059, -9.1071833 ], [ 148.310050600000011, -9.1070754 ], [ 148.30998, -9.1069817 ], [ 148.309927, -9.1068514 ], [ 148.309865800000011, -9.1067505 ], [ 148.309787, -9.1066977 ], [ 148.3097171, -9.1065813 ], [ 148.3096717, -9.1064459 ], [ 148.30963, -9.1062826 ], [ 148.3096071, -9.1061345 ], [ 148.309583300000014, -9.105983 ], [ 148.309596199999987, -9.1058824 ], [ 148.3095521, -9.1057532 ], [ 148.3095583, -9.1056615 ], [ 148.309564, -9.1055585 ], [ 148.3095547, -9.1054538 ], [ 148.309536, -9.1053412 ], [ 148.3095581, -9.1052113 ], [ 148.309546, -9.105092 ], [ 148.3095332, -9.1049678 ], [ 148.3094879, -9.1048668 ], [ 148.3094581, -9.1047457 ], [ 148.309466500000013, -9.1046364 ], [ 148.3094798, -9.1045092 ], [ 148.3094415, -9.1043989 ], [ 148.3094471, -9.1042844 ], [ 148.3093887, -9.1041661 ], [ 148.3093874, -9.1040593 ], [ 148.309343500000011, -9.103973 ], [ 148.309281, -9.10386 ], [ 148.309207500000014, -9.1037533 ], [ 148.309183600000011, -9.1036246 ], [ 148.309105, -9.1034961 ], [ 148.309097, -9.1033864 ], [ 148.3090804, -9.1032823 ], [ 148.309085399999987, -9.103159 ], [ 148.309051, -9.1030102 ], [ 148.309012599999988, -9.1028749 ], [ 148.308989700000012, -9.1027674 ], [ 148.308938, -9.1026494 ], [ 148.3088744, -9.1025508 ], [ 148.3088519, -9.1024155 ], [ 148.3088013, -9.1022818 ], [ 148.3087616, -9.1021608 ], [ 148.308667, -9.1020679 ], [ 148.3085926, -9.1019686 ], [ 148.3085466, -9.1018625 ], [ 148.3084701, -9.1017427 ], [ 148.3084025, -9.1016581 ], [ 148.3083203, -9.101537 ], [ 148.3082719, -9.101434 ], [ 148.3082535, -9.1012975 ], [ 148.3082387, -9.1011756 ], [ 148.308221800000013, -9.1010647 ], [ 148.308211199999988, -9.1009311 ], [ 148.3082233, -9.1008256 ], [ 148.308211699999987, -9.1006904 ], [ 148.308185900000012, -9.1005119 ], [ 148.3081996, -9.1003824 ], [ 148.3081996, -9.1002696 ], [ 148.3081847, -9.1001692 ], [ 148.308187, -9.1000679 ], [ 148.3081905, -9.0999701 ], [ 148.308199300000012, -9.0998504 ], [ 148.3081915, -9.0997227 ], [ 148.3081852, -9.0996006 ], [ 148.308197400000012, -9.099471 ], [ 148.3082044, -9.0993517 ], [ 148.3082068, -9.0992169 ], [ 148.3082011, -9.0990988 ], [ 148.3081838, -9.0989426 ], [ 148.3081817, -9.0988214 ], [ 148.3081417, -9.0987077 ], [ 148.3081104, -9.0985681 ], [ 148.3081163, -9.098429 ], [ 148.3081052, -9.0982874 ], [ 148.308104, -9.0981368 ], [ 148.308111700000012, -9.0980259 ], [ 148.3081001, -9.0978985 ], [ 148.308139899999986, -9.0977752 ], [ 148.3081216, -9.0976398 ], [ 148.308127399999989, -9.0975207 ], [ 148.3081564, -9.0974304 ], [ 148.308165800000012, -9.0972811 ], [ 148.3081569, -9.0971618 ], [ 148.3081387, -9.0970072 ], [ 148.3081218, -9.0969056 ], [ 148.3081397, -9.096774 ], [ 148.3081587, -9.0966719 ], [ 148.308133199999986, -9.0964877 ], [ 148.308089200000012, -9.0963378 ], [ 148.3080731, -9.0962154 ], [ 148.3080784, -9.0960995 ], [ 148.3080717, -9.0959859 ], [ 148.3080357, -9.0958381 ], [ 148.308044700000011, -9.0957032 ], [ 148.3080348, -9.0955823 ], [ 148.3079916, -9.0954605 ], [ 148.307981899999987, -9.0953336 ], [ 148.307985800000012, -9.0951833 ], [ 148.3079778, -9.0950894 ], [ 148.3079884, -9.0949583 ], [ 148.307974800000011, -9.0948484 ], [ 148.3079596, -9.0947073 ], [ 148.3079314, -9.0945365 ], [ 148.3079167, -9.0944195 ], [ 148.3078999, -9.0942837 ], [ 148.3078932, -9.0941706 ], [ 148.30789, -9.0940444 ], [ 148.307838800000013, -9.0939606 ], [ 148.3078296, -9.0938434 ], [ 148.307828699999988, -9.0937342 ], [ 148.3078252, -9.0936362 ], [ 148.30782880000001, -9.0935401 ], [ 148.3078256, -9.0934283 ], [ 148.3077941, -9.093308 ], [ 148.3077597, -9.0932242 ], [ 148.307752599999986, -9.0931301 ], [ 148.307706700000011, -9.0930131 ], [ 148.3076565, -9.0929145 ], [ 148.307611799999989, -9.0928018 ], [ 148.307577900000013, -9.0927056 ], [ 148.307545299999987, -9.0925811 ], [ 148.307525, -9.0924662 ], [ 148.3075249, -9.0923519 ], [ 148.3075259, -9.0922156 ], [ 148.3075543, -9.0920803 ], [ 148.3075867, -9.0919487 ], [ 148.3076206, -9.0918402 ], [ 148.3076604, -9.0917362 ], [ 148.307679400000012, -9.0916124 ], [ 148.307657799999987, -9.0914806 ], [ 148.3076585, -9.0913658 ], [ 148.307628099999988, -9.0912295 ], [ 148.3076213, -9.0911294 ], [ 148.3075967, -9.0910183 ], [ 148.3075816, -9.0908985 ], [ 148.3075379, -9.090782 ], [ 148.307494600000012, -9.0906655 ], [ 148.3074378, -9.0905296 ], [ 148.307374900000013, -9.0904206 ], [ 148.307335099999989, -9.0903276 ], [ 148.3072808, -9.0902218 ], [ 148.3072101, -9.0900989 ], [ 148.3071378, -9.0899944 ], [ 148.3070765, -9.0899123 ], [ 148.306992, -9.0898285 ], [ 148.3068902, -9.0897482 ], [ 148.306783599999989, -9.0896828 ], [ 148.306700400000011, -9.0896217 ], [ 148.3066207, -9.0895681 ], [ 148.3065531, -9.0894791 ], [ 148.306476800000013, -9.0894183 ], [ 148.306384799999989, -9.0893369 ], [ 148.3062967, -9.0892412 ], [ 148.306223100000011, -9.0891626 ], [ 148.306146899999987, -9.0890893 ], [ 148.3060954, -9.0890132 ], [ 148.306028199999986, -9.088929 ], [ 148.3059575, -9.0888677 ], [ 148.305889400000012, -9.0887995 ], [ 148.3058302, -9.088727 ], [ 148.305755299999987, -9.0886219 ], [ 148.3057016, -9.0885431 ], [ 148.3056239, -9.0884527 ], [ 148.3055516, -9.0883464 ], [ 148.3055181, -9.0882518 ], [ 148.305449399999986, -9.0881484 ], [ 148.3054134, -9.0880574 ], [ 148.305353200000013, -9.0879821 ], [ 148.3053194, -9.087888 ], [ 148.3052888, -9.0877953 ], [ 148.3052649, -9.0876949 ], [ 148.3052365, -9.0875858 ], [ 148.3052185, -9.0874891 ], [ 148.3052041, -9.087399 ], [ 148.305166, -9.0873134 ], [ 148.30515170000001, -9.087219 ], [ 148.3051484, -9.0871203 ], [ 148.3051379, -9.0870254 ], [ 148.305122399999988, -9.0869333 ], [ 148.3050991, -9.0868441 ], [ 148.3051121, -9.0867519 ], [ 148.305054899999988, -9.0866723 ], [ 148.3050809, -9.0865848 ], [ 148.3050624, -9.0864947 ], [ 148.3050819, -9.0863947 ], [ 148.3050711, -9.0863034 ], [ 148.3050982, -9.0862148 ], [ 148.305101799999989, -9.0861155 ], [ 148.3050553, -9.0859976 ], [ 148.3050005, -9.0858992 ], [ 148.3049695, -9.0858041 ], [ 148.3049413, -9.0856991 ], [ 148.3048895, -9.0855898 ], [ 148.3048646, -9.0854749 ], [ 148.304811199999989, -9.0853577 ], [ 148.304745, -9.085274 ], [ 148.304739899999987, -9.0851549 ] ] ] } },
{ "type": "Feature", "properties": { "name": "Tabuane to Dea village Main Road (seg 28)", "mode": "Motor road", "mode_evidence": "overlap: 100% of its length runs along a track measured at road speed (no timestamps of its own)", "speed_kmh_median": null, "speed_frac_over_12": null, "gradient_p85_pct": 15.8, "source_file": "russell_muraba_track_record_july_10_july_31.gpkg", "format": "gpkg", "length_km": 1.75, "source": "project GPS recording, russell_muraba_track_record_july_10_july_31.gpkg", "surface": "unknown", "tracktype": "unknown" }, "geometry": { "type": "MultiLineString", "coordinates": [ [ [ 148.34038, -9.0639467 ], [ 148.3402839, -9.063932 ], [ 148.3401925, -9.0639398 ], [ 148.3400981, -9.0639235 ], [ 148.3400038, -9.0638943 ], [ 148.3398975, -9.0638816 ], [ 148.339794399999988, -9.0638957 ], [ 148.3397031, -9.0639183 ], [ 148.339606300000014, -9.0639155 ], [ 148.3395343, -9.0639791 ], [ 148.339418200000011, -9.0640136 ], [ 148.3393189, -9.0640538 ], [ 148.339220399999988, -9.0640593 ], [ 148.339112, -9.0640842 ], [ 148.339013099999988, -9.064123 ], [ 148.338901600000014, -9.0641647 ], [ 148.3388117, -9.0641848 ], [ 148.3387304, -9.0642718 ], [ 148.3386451, -9.0643226 ], [ 148.3385302, -9.0643563 ], [ 148.3384239, -9.0643924 ], [ 148.3383336, -9.0644277 ], [ 148.338217500000013, -9.0644762 ], [ 148.3381325, -9.0645142 ], [ 148.338004, -9.0645727 ], [ 148.337885699999987, -9.0646314 ], [ 148.33776610000001, -9.0646532 ], [ 148.3376771, -9.0647034 ], [ 148.3375713, -9.0647598 ], [ 148.3374742, -9.0647918 ], [ 148.3373631, -9.0648251 ], [ 148.3372305, -9.0648641 ], [ 148.3371148, -9.0648943 ], [ 148.3370195, -9.0649291 ], [ 148.3369064, -9.064971 ], [ 148.3367858, -9.065011 ], [ 148.3366881, -9.0650463 ], [ 148.3365536, -9.065086 ], [ 148.336432300000013, -9.0651058 ], [ 148.3363124, -9.0651465 ], [ 148.3361673, -9.0651852 ], [ 148.336037800000014, -9.065196 ], [ 148.3359192, -9.0652221 ], [ 148.3358031, -9.0652612 ], [ 148.3356895, -9.0652684 ], [ 148.3355575, -9.0653013 ], [ 148.335424499999988, -9.0653347 ], [ 148.3353148, -9.0653893 ], [ 148.3351954, -9.0654392 ], [ 148.3351058, -9.0654793 ], [ 148.3350246, -9.0655253 ], [ 148.3349111, -9.0655743 ], [ 148.3348221, -9.0656481 ], [ 148.3347214, -9.0657373 ], [ 148.3346237, -9.0658237 ], [ 148.3345333, -9.0659051 ], [ 148.3344419, -9.06598 ], [ 148.3343634, -9.066078 ], [ 148.334307599999988, -9.0661785 ], [ 148.3342589, -9.0662875 ], [ 148.334242, -9.0663939 ], [ 148.3342313, -9.0665082 ], [ 148.3342002, -9.0666317 ], [ 148.3341929, -9.0667397 ], [ 148.3341379, -9.0668227 ], [ 148.3340514, -9.0668963 ], [ 148.333967800000011, -9.0669956 ], [ 148.3339143, -9.0670846 ], [ 148.3338377, -9.0671598 ], [ 148.333790599999986, -9.0672504 ], [ 148.3336959, -9.0673115 ], [ 148.333579500000013, -9.0673385 ], [ 148.3334714, -9.0673417 ], [ 148.3333824, -9.0674179 ], [ 148.333403, -9.0675084 ], [ 148.33338, -9.0676034 ], [ 148.3333222, -9.0676846 ], [ 148.3332488, -9.0677517 ], [ 148.3332081, -9.0678341 ], [ 148.333171599999986, -9.0679266 ], [ 148.333122300000014, -9.0680133 ], [ 148.333073500000012, -9.0680993 ], [ 148.3330287, -9.0681865 ], [ 148.3329673, -9.06827 ], [ 148.3329132, -9.0683563 ], [ 148.33285, -9.0684399 ], [ 148.3327904, -9.0685391 ], [ 148.3327224, -9.0686092 ], [ 148.3326791, -9.0686969 ], [ 148.332627800000012, -9.0687868 ], [ 148.3325807, -9.0688691 ], [ 148.3325218, -9.0689819 ], [ 148.3324962, -9.0690918 ], [ 148.3325233, -9.0692162 ], [ 148.332580299999989, -9.069314 ], [ 148.332618700000012, -9.069408 ], [ 148.332656899999989, -9.0695021 ], [ 148.3327218, -9.0695854 ], [ 148.3327582, -9.0696699 ], [ 148.3328716, -9.0697438 ], [ 148.333002599999986, -9.0697872 ], [ 148.333071, -9.0698619 ], [ 148.3330683, -9.0699566 ], [ 148.333035200000012, -9.0700584 ], [ 148.3330258, -9.0701552 ], [ 148.3330005, -9.0702507 ], [ 148.3329846, -9.070348 ], [ 148.3328933, -9.0703727 ], [ 148.332828400000011, -9.0703031 ], [ 148.3327616, -9.0702303 ], [ 148.3326864, -9.0701664 ], [ 148.332602900000012, -9.070124 ], [ 148.332546400000012, -9.0700454 ], [ 148.3324591, -9.0700159 ], [ 148.3323647, -9.0699868 ], [ 148.3322819, -9.0699461 ], [ 148.332199800000012, -9.0698961 ], [ 148.3321319, -9.0698349 ], [ 148.3320531, -9.0697815 ], [ 148.331971, -9.0697292 ], [ 148.3318926, -9.0696651 ], [ 148.3318348, -9.0695851 ], [ 148.331745500000011, -9.0695616 ], [ 148.3316681, -9.0695017 ], [ 148.331580699999989, -9.0694676 ], [ 148.3314853, -9.0694384 ], [ 148.3313915, -9.069412 ], [ 148.3313063, -9.0693693 ], [ 148.3312497, -9.0692936 ], [ 148.3312085, -9.0692106 ], [ 148.331130699999989, -9.0692589 ], [ 148.3311359, -9.0691687 ], [ 148.3311022, -9.0690642 ], [ 148.331092899999987, -9.0689646 ], [ 148.3310691, -9.0688437 ], [ 148.331045, -9.068723 ], [ 148.3310247, -9.0686274 ], [ 148.330965099999986, -9.0685152 ], [ 148.330916, -9.0684023 ], [ 148.3308831, -9.068288 ], [ 148.330837300000013, -9.0681863 ], [ 148.3308094, -9.068084 ], [ 148.3307673, -9.0679755 ], [ 148.330707600000011, -9.0678913 ], [ 148.3306446, -9.0678093 ], [ 148.3305384, -9.0677397 ], [ 148.330453299999988, -9.0677027 ] ] ] } },
{ "type": "Feature", "properties": { "name": "Baraja River (seg 1)", "mode": "Motor road", "mode_evidence": "overlap: 100% of its length runs along a track measured at road speed (no timestamps of its own)", "speed_kmh_median": null, "speed_frac_over_12": null, "gradient_p85_pct": 22.0, "source_file": "russell_muraba_track_record_july_10_july_31.gpkg", "format": "gpkg", "length_km": 1.38, "source": "project GPS recording, russell_muraba_track_record_july_10_july_31.gpkg", "surface": "unknown", "tracktype": "unknown" }, "geometry": { "type": "MultiLineString", "coordinates": [ [ [ 148.2983583, -9.1514733 ], [ 148.2983683, -9.1513733 ], [ 148.2983717, -9.1512817 ], [ 148.2983567, -9.1511817 ], [ 148.29835, -9.1510517 ], [ 148.2983667, -9.1509417 ], [ 148.2983633, -9.1508233 ], [ 148.298361699999987, -9.1506933 ], [ 148.298355, -9.1505883 ], [ 148.2983733, -9.15049 ], [ 148.2983783, -9.150395 ], [ 148.298406699999987, -9.150275 ], [ 148.298395, -9.15014 ], [ 148.2984167, -9.1500183 ], [ 148.2984433, -9.149895 ], [ 148.298483299999987, -9.1497883 ], [ 148.298528299999987, -9.1496717 ], [ 148.2985483, -9.14954 ], [ 148.298515, -9.1494217 ], [ 148.2984817, -9.1493 ], [ 148.2984683, -9.1491983 ], [ 148.2984717, -9.14908 ], [ 148.2984683, -9.1489533 ], [ 148.2984467, -9.148825 ], [ 148.298428300000012, -9.1487 ], [ 148.2984117, -9.148605 ], [ 148.2983733, -9.1484683 ], [ 148.298335, -9.14835 ], [ 148.29832, -9.1482417 ], [ 148.29829, -9.148155 ], [ 148.298293300000012, -9.1480317 ], [ 148.298271699999987, -9.1479117 ], [ 148.298223299999989, -9.14783 ], [ 148.2982333, -9.1476883 ], [ 148.2982217, -9.1475867 ], [ 148.2982333, -9.147435 ], [ 148.298245, -9.1473167 ], [ 148.2982283, -9.1472133 ], [ 148.298258299999986, -9.1470933 ], [ 148.2982733, -9.1470017 ], [ 148.2983, -9.1468883 ], [ 148.298345, -9.14679 ], [ 148.2983917, -9.146655 ], [ 148.298425, -9.1465383 ], [ 148.2984717, -9.1464217 ], [ 148.2984983, -9.1462933 ], [ 148.2985117, -9.1461933 ], [ 148.298565, -9.1460733 ], [ 148.2986267, -9.1459617 ], [ 148.2986683, -9.1458717 ], [ 148.298753299999987, -9.1457217 ], [ 148.298811699999987, -9.1456167 ], [ 148.2988683, -9.1455067 ], [ 148.2989217, -9.1454033 ], [ 148.2989883, -9.14529 ], [ 148.29904830000001, -9.145195 ], [ 148.2991, -9.1451 ], [ 148.299135, -9.145005 ], [ 148.29919670000001, -9.144905 ], [ 148.29926, -9.14481 ], [ 148.2993117, -9.14469 ], [ 148.2993667, -9.1445817 ], [ 148.2994233, -9.1444733 ], [ 148.2995017, -9.1443767 ], [ 148.2995717, -9.14427 ], [ 148.29965, -9.1441867 ], [ 148.2996817, -9.144085 ], [ 148.2997133, -9.143975 ], [ 148.2997167, -9.143855 ], [ 148.2997517, -9.1437267 ], [ 148.2997633, -9.1436083 ], [ 148.299743299999989, -9.1435067 ], [ 148.29969, -9.1434217 ], [ 148.29964, -9.1433283 ], [ 148.299563299999988, -9.1432617 ], [ 148.2995, -9.1431833 ], [ 148.2994583, -9.1430733 ], [ 148.299428299999988, -9.1429667 ], [ 148.299375, -9.1428717 ], [ 148.299355, -9.1427717 ], [ 148.2993533, -9.1426433 ], [ 148.29936, -9.1425 ], [ 148.2993883, -9.1423833 ], [ 148.2994467, -9.1423067 ], [ 148.2995267, -9.1422483 ], [ 148.299635, -9.1421783 ], [ 148.29975, -9.1421417 ], [ 148.2998883, -9.1421033 ], [ 148.300006700000012, -9.1420983 ], [ 148.300125, -9.1420767 ], [ 148.3002517, -9.1420817 ], [ 148.3003833, -9.142105 ], [ 148.3004967, -9.1421 ], [ 148.3006117, -9.14205 ], [ 148.300736699999987, -9.1420133 ], [ 148.300848300000013, -9.1419767 ], [ 148.30099, -9.141955 ], [ 148.301105, -9.1419367 ], [ 148.30121, -9.1419017 ], [ 148.301305, -9.1418883 ], [ 148.301415, -9.141905 ], [ 148.301546699999989, -9.1418967 ], [ 148.3015933, -9.141785 ], [ 148.3015167, -9.141725 ], [ 148.30142330000001, -9.141685 ], [ 148.3013517, -9.1416167 ], [ 148.3013233, -9.14153 ], [ 148.3013133, -9.14144 ] ] ] } },
{ "type": "Feature", "properties": { "name": "russell muraba track record july 10 july (seg 71)", "mode": "Motor road", "mode_evidence": "overlap: 100% of its length runs along a track measured at road speed (no timestamps of its own)", "speed_kmh_median": null, "speed_frac_over_12": null, "gradient_p85_pct": 18.3, "source_file": "russell_muraba_track_record_july_10_july_31.gpkg", "format": "gpkg", "length_km": 1.36, "source": "project GPS recording, russell_muraba_track_record_july_10_july_31.gpkg", "surface": "unknown", "tracktype": "unknown" }, "geometry": { "type": "MultiLineString", "coordinates": [ [ [ 148.4681817, -9.1151117 ], [ 148.468160399999988, -9.1152013 ], [ 148.468058, -9.1152009 ], [ 148.4679577, -9.1152082 ], [ 148.4678609, -9.1152407 ], [ 148.4677678, -9.1152568 ], [ 148.4676799, -9.1152861 ], [ 148.467578, -9.1153048 ], [ 148.4674901, -9.1153441 ], [ 148.4674082, -9.1153868 ], [ 148.4673005, -9.1154006 ], [ 148.4672032, -9.1154352 ], [ 148.4671089, -9.1154744 ], [ 148.4670132, -9.1154879 ], [ 148.466878, -9.1154938 ], [ 148.466784600000011, -9.1155142 ], [ 148.466687799999988, -9.1155074 ], [ 148.4665415, -9.1154715 ], [ 148.466441300000014, -9.1154573 ], [ 148.466343200000011, -9.115434 ], [ 148.466235, -9.11543 ], [ 148.466139, -9.1154219 ], [ 148.4660326, -9.1154459 ], [ 148.4659086, -9.1154676 ], [ 148.4658446, -9.1155465 ], [ 148.465774900000014, -9.115615 ], [ 148.4656771, -9.1156342 ], [ 148.4656166, -9.1157141 ], [ 148.4655311, -9.1157631 ], [ 148.4654722, -9.1158388 ], [ 148.465371800000014, -9.1158608 ], [ 148.465285599999987, -9.1159009 ], [ 148.465209499999986, -9.1159531 ], [ 148.465135, -9.1160071 ], [ 148.4650572, -9.1160642 ], [ 148.4649661, -9.1161004 ], [ 148.4648791, -9.1161338 ], [ 148.4647728, -9.1161339 ], [ 148.4646749, -9.1161359 ], [ 148.464583, -9.1161628 ], [ 148.4644874, -9.1161762 ], [ 148.464385600000014, -9.1162085 ], [ 148.464320500000014, -9.1162797 ], [ 148.464255900000012, -9.1163758 ], [ 148.4641579, -9.1164808 ], [ 148.4640871, -9.116539 ], [ 148.4639939, -9.1165736 ], [ 148.463876199999987, -9.1165879 ], [ 148.463784, -9.1165917 ], [ 148.463689, -9.1166041 ], [ 148.4635944, -9.1166149 ], [ 148.4635003, -9.116634 ], [ 148.46339420000001, -9.1165887 ], [ 148.4632748, -9.1165134 ], [ 148.463155699999987, -9.1164931 ], [ 148.4630511, -9.1164791 ], [ 148.4629569, -9.1163858 ], [ 148.4628677, -9.1164241 ], [ 148.4628306, -9.1163362 ], [ 148.4626999, -9.1162688 ], [ 148.462586499999986, -9.11623 ], [ 148.462503, -9.116187 ], [ 148.462420400000013, -9.1161395 ], [ 148.4622673, -9.1162164 ], [ 148.4621414, -9.1162091 ], [ 148.4619951, -9.1161568 ], [ 148.4619022, -9.1161344 ], [ 148.46175070000001, -9.1161432 ], [ 148.4616475, -9.1161291 ], [ 148.4614655, -9.1161218 ], [ 148.4613465, -9.1161233 ], [ 148.4612454, -9.1161271 ], [ 148.461139800000012, -9.1161273 ], [ 148.461046900000014, -9.1161475 ], [ 148.4609346, -9.1161854 ], [ 148.460838700000011, -9.1162022 ], [ 148.4607485, -9.1162257 ], [ 148.460646700000012, -9.1162446 ], [ 148.460564799999986, -9.1162848 ], [ 148.4604794, -9.1163211 ], [ 148.4603898, -9.116304 ], [ 148.460296, -9.116295 ], [ 148.4602138, -9.1162426 ], [ 148.460124, -9.1162112 ], [ 148.4600375, -9.1161747 ], [ 148.459949099999989, -9.1162025 ], [ 148.4598562, -9.1161815 ], [ 148.4597603, -9.1161852 ], [ 148.459665699999988, -9.1162044 ], [ 148.459566700000011, -9.1162232 ], [ 148.4594813, -9.1162573 ], [ 148.459406699999988, -9.1163309 ], [ 148.459345399999989, -9.1163998 ], [ 148.4592997, -9.1164829 ], [ 148.4592499, -9.1165636 ], [ 148.459191299999986, -9.116642 ], [ 148.4591349, -9.1167215 ], [ 148.4590792, -9.1168011 ], [ 148.459021799999988, -9.1168795 ], [ 148.4589574, -9.1169511 ], [ 148.4589056, -9.1170337 ], [ 148.4587962, -9.1170975 ], [ 148.45871360000001, -9.1171645 ], [ 148.458647, -9.1172489 ], [ 148.458557399999989, -9.1173463 ], [ 148.458491900000013, -9.117426 ], [ 148.458397100000013, -9.117493 ], [ 148.4582767, -9.1175492 ], [ 148.458215200000012, -9.1176174 ], [ 148.4580799, -9.1176576 ], [ 148.4579719, -9.1176614 ], [ 148.4578615, -9.1177189 ], [ 148.4577715, -9.1177384 ], [ 148.4576648, -9.117757 ], [ 148.45754740000001, -9.1177517 ], [ 148.4574529, -9.1177536 ], [ 148.4573538, -9.117765 ], [ 148.4572612, -9.1177827 ] ] ] } },
{ "type": "Feature", "properties": { "name": "russell muraba track record july 10 july (seg 35)", "mode": "Motor road", "mode_evidence": "overlap: 100% of its length runs along a track measured at road speed (no timestamps of its own)", "speed_kmh_median": null, "speed_frac_over_12": null, "gradient_p85_pct": 9.5, "source_file": "russell_muraba_track_record_july_10_july_31.gpkg", "format": "gpkg", "length_km": 1.24, "source": "project GPS recording, russell_muraba_track_record_july_10_july_31.gpkg", "surface": "unknown", "tracktype": "unknown" }, "geometry": { "type": "MultiLineString", "coordinates": [ [ [ 148.3868573, -9.1385535 ], [ 148.386824499999989, -9.1384662 ], [ 148.3867737, -9.138384 ], [ 148.3867177, -9.138296 ], [ 148.3866911, -9.1382054 ], [ 148.3866707, -9.1381136 ], [ 148.3866248, -9.1380264 ], [ 148.386585200000013, -9.1379411 ], [ 148.3865573, -9.137846 ], [ 148.3864994, -9.1377718 ], [ 148.3864993, -9.1376737 ], [ 148.3864567, -9.1375711 ], [ 148.3864261, -9.1374816 ], [ 148.3863821, -9.1373944 ], [ 148.3863557, -9.1373052 ], [ 148.3862849, -9.1371997 ], [ 148.386278299999987, -9.1371042 ], [ 148.386233, -9.1370135 ], [ 148.386202700000013, -9.1369169 ], [ 148.386153400000012, -9.1368144 ], [ 148.3861013, -9.1367289 ], [ 148.386080600000014, -9.136634 ], [ 148.3860559, -9.1365244 ], [ 148.386023, -9.1363992 ], [ 148.3860062, -9.1363026 ], [ 148.3859491, -9.1361916 ], [ 148.385913499999987, -9.1360844 ], [ 148.3858785, -9.1359798 ], [ 148.3858239, -9.1358544 ], [ 148.3858045, -9.1357554 ], [ 148.385759900000011, -9.1356421 ], [ 148.38570390000001, -9.1355441 ], [ 148.385676, -9.1354379 ], [ 148.3856414, -9.1353494 ], [ 148.385609100000011, -9.1352352 ], [ 148.385575100000011, -9.1351477 ], [ 148.3855159, -9.1350574 ], [ 148.385460099999989, -9.1349632 ], [ 148.3854389, -9.1348695 ], [ 148.3854025, -9.1347622 ], [ 148.3853988, -9.1346537 ], [ 148.3853629, -9.1345526 ], [ 148.385313, -9.1344507 ], [ 148.385257700000011, -9.1343556 ], [ 148.385221800000011, -9.1342554 ], [ 148.3852209, -9.1341641 ], [ 148.385185799999988, -9.1340759 ], [ 148.3851421, -9.1339788 ], [ 148.3851012, -9.1338631 ], [ 148.3850458, -9.1337509 ], [ 148.385031, -9.1336426 ], [ 148.3849998, -9.1335455 ], [ 148.3849598, -9.1334263 ], [ 148.384940199999988, -9.1333061 ], [ 148.384923500000014, -9.1331774 ], [ 148.3848633, -9.133085 ], [ 148.3847892, -9.1329902 ], [ 148.384729, -9.1328979 ], [ 148.384639600000014, -9.1328291 ], [ 148.3845231, -9.1327702 ], [ 148.3844264, -9.1327118 ], [ 148.3843292, -9.132677 ], [ 148.384201499999989, -9.1326352 ], [ 148.3841051, -9.1326179 ], [ 148.384010499999988, -9.1325668 ], [ 148.383897600000012, -9.1325436 ], [ 148.3838073, -9.1325002 ], [ 148.3837179, -9.1324558 ], [ 148.3836102, -9.1324177 ], [ 148.3835202, -9.1324003 ], [ 148.383402600000011, -9.1323393 ], [ 148.3833186, -9.1322562 ], [ 148.3832175, -9.1321831 ], [ 148.3831548, -9.1321016 ], [ 148.3830977, -9.1320032 ], [ 148.3830073, -9.1319355 ], [ 148.3829222, -9.1318511 ], [ 148.382870200000013, -9.131761 ], [ 148.3828134, -9.1316721 ], [ 148.382749100000012, -9.1315912 ], [ 148.3826948, -9.1315028 ], [ 148.3826523, -9.1314065 ], [ 148.382576, -9.1313512 ], [ 148.3825953, -9.1312608 ], [ 148.3825412, -9.131185 ], [ 148.382512, -9.1310824 ], [ 148.3824653, -9.1309615 ], [ 148.3824195, -9.1308557 ], [ 148.3824448, -9.1307585 ], [ 148.382477099999988, -9.1306625 ], [ 148.3825362, -9.1305911 ], [ 148.3826555, -9.1305459 ], [ 148.3827623, -9.1304902 ], [ 148.3828598, -9.1304452 ], [ 148.382958800000011, -9.130404 ], [ 148.383051200000011, -9.1303447 ], [ 148.3831767, -9.130333 ], [ 148.383296300000012, -9.1303169 ], [ 148.3834158, -9.1303162 ], [ 148.3835393, -9.1303104 ], [ 148.383631900000012, -9.1302628 ], [ 148.3836842, -9.1301807 ], [ 148.3837245, -9.1300965 ], [ 148.3837714, -9.1300164 ], [ 148.3838193, -9.1299375 ] ] ] } },
{ "type": "Feature", "properties": { "name": "russell muraba track record july 10 july (seg 72)", "mode": "Motor road", "mode_evidence": "overlap: 100% of its length runs along a track measured at road speed (no timestamps of its own)", "speed_kmh_median": null, "speed_frac_over_12": null, "gradient_p85_pct": 7.2, "source_file": "russell_muraba_track_record_july_10_july_31.gpkg", "format": "gpkg", "length_km": 1.22, "source": "project GPS recording, russell_muraba_track_record_july_10_july_31.gpkg", "surface": "unknown", "tracktype": "unknown" }, "geometry": { "type": "MultiLineString", "coordinates": [ [ [ 148.446315, -9.1292867 ], [ 148.446222299999988, -9.1292461 ], [ 148.446152399999988, -9.1293158 ], [ 148.4460834, -9.1293774 ], [ 148.445983399999989, -9.1294586 ], [ 148.4458754, -9.1295257 ], [ 148.445779, -9.1295792 ], [ 148.4456784, -9.1296471 ], [ 148.44558090000001, -9.1297233 ], [ 148.4454715, -9.1298072 ], [ 148.4453459, -9.1298757 ], [ 148.445232, -9.129902 ], [ 148.4451168, -9.129949 ], [ 148.4450066, -9.1300132 ], [ 148.4448912, -9.1300598 ], [ 148.4447839, -9.1301319 ], [ 148.444682300000011, -9.1301778 ], [ 148.4445526, -9.1302284 ], [ 148.4444317, -9.1302943 ], [ 148.4442918, -9.1303173 ], [ 148.4441723, -9.1303645 ], [ 148.444039800000013, -9.1303737 ], [ 148.4439109, -9.1303939 ], [ 148.443792800000011, -9.1304106 ], [ 148.443660200000011, -9.1304181 ], [ 148.4435536, -9.1304339 ], [ 148.4434535, -9.1304166 ], [ 148.443357, -9.1304145 ], [ 148.443234600000011, -9.1303984 ], [ 148.4431012, -9.1303818 ], [ 148.442963099999986, -9.1303815 ], [ 148.442839, -9.1303674 ], [ 148.442723699999988, -9.130369 ], [ 148.4426154, -9.1303969 ], [ 148.4424722, -9.1303847 ], [ 148.4423397, -9.1303753 ], [ 148.4422179, -9.1303864 ], [ 148.4421084, -9.130388 ], [ 148.4419983, -9.1303801 ], [ 148.4418527, -9.1303764 ], [ 148.441752900000012, -9.1303623 ], [ 148.441641800000014, -9.1303466 ], [ 148.441530699999987, -9.1303388 ], [ 148.441421, -9.1303423 ], [ 148.4413006, -9.130337 ], [ 148.441199399999988, -9.1303313 ], [ 148.441091699999987, -9.1303489 ], [ 148.4409952, -9.1303317 ], [ 148.4408992, -9.1303177 ], [ 148.440798699999988, -9.130294 ], [ 148.440693399999986, -9.1302793 ], [ 148.4405763, -9.1302915 ], [ 148.4404834, -9.1303028 ], [ 148.4403838, -9.1302968 ], [ 148.4402934, -9.1303349 ], [ 148.4402072, -9.1302826 ], [ 148.4400925, -9.130263 ], [ 148.4400006, -9.1302481 ], [ 148.4399061, -9.1302369 ], [ 148.4398129, -9.130215 ], [ 148.4397247, -9.1301861 ], [ 148.439606199999986, -9.1301502 ], [ 148.4395141, -9.1301084 ], [ 148.4394036, -9.1300737 ], [ 148.439298400000013, -9.1300854 ], [ 148.4391531, -9.130035 ], [ 148.4390305, -9.1299955 ], [ 148.438910600000014, -9.1299756 ], [ 148.4387891, -9.1299692 ], [ 148.438667, -9.1299466 ], [ 148.4385517, -9.1299254 ], [ 148.438438, -9.1298973 ], [ 148.4383119, -9.1298997 ], [ 148.438198699999987, -9.1298999 ], [ 148.4381066, -9.1298655 ], [ 148.437976099999986, -9.1298417 ], [ 148.437861700000013, -9.1298185 ], [ 148.4377184, -9.1297985 ], [ 148.4376149, -9.1298133 ], [ 148.43748, -9.1298199 ], [ 148.4373597, -9.1298215 ], [ 148.437239299999987, -9.1298671 ], [ 148.4371286, -9.1299204 ], [ 148.437031600000012, -9.1299686 ], [ 148.4369055, -9.1300029 ], [ 148.4367944, -9.1300464 ], [ 148.4366686, -9.1301087 ], [ 148.436575, -9.1301595 ], [ 148.436486800000011, -9.1302173 ], [ 148.4363622, -9.1302721 ], [ 148.436241599999988, -9.1303215 ], [ 148.4361285, -9.130362 ], [ 148.436025300000011, -9.130396 ], [ 148.4359006, -9.1304415 ], [ 148.43585010000001, -9.130517 ] ] ] } },
{ "type": "Feature", "properties": { "name": "russell muraba track record july 10 july (seg 52)", "mode": "Motor road", "mode_evidence": "overlap: 100% of its length runs along a track measured at road speed (no timestamps of its own)", "speed_kmh_median": null, "speed_frac_over_12": null, "gradient_p85_pct": 8.7, "source_file": "russell_muraba_track_record_july_10_july_31.gpkg", "format": "gpkg", "length_km": 1.17, "source": "project GPS recording, russell_muraba_track_record_july_10_july_31.gpkg", "surface": "unknown", "tracktype": "unknown" }, "geometry": { "type": "MultiLineString", "coordinates": [ [ [ 148.352236799999986, -9.0541554 ], [ 148.352188399999989, -9.0540746 ], [ 148.3521247, -9.0539462 ], [ 148.3520666, -9.0538291 ], [ 148.352005100000014, -9.053718 ], [ 148.3519522, -9.0536179 ], [ 148.3519183, -9.0534933 ], [ 148.351880599999987, -9.0533571 ], [ 148.3518378, -9.0532358 ], [ 148.351779099999987, -9.0531223 ], [ 148.3517028, -9.0529985 ], [ 148.3516713, -9.0528818 ], [ 148.3515949, -9.0527602 ], [ 148.3515296, -9.0526544 ], [ 148.3514586, -9.0525689 ], [ 148.3513783, -9.052467 ], [ 148.351296, -9.0523526 ], [ 148.3512068, -9.0522653 ], [ 148.351142, -9.0521637 ], [ 148.351064799999989, -9.0520567 ], [ 148.3509929, -9.0519739 ], [ 148.350927500000012, -9.051873 ], [ 148.3508377, -9.0517983 ], [ 148.35075040000001, -9.0517074 ], [ 148.3506466, -9.0516221 ], [ 148.3505658, -9.0515329 ], [ 148.3504629, -9.0514346 ], [ 148.3503586, -9.0513613 ], [ 148.3502638, -9.0512731 ], [ 148.3501689, -9.0511908 ], [ 148.35006580000001, -9.0511175 ], [ 148.3499955, -9.0510397 ], [ 148.349911600000013, -9.0509643 ], [ 148.349840699999987, -9.050892 ], [ 148.349736400000012, -9.050805 ], [ 148.3496561, -9.0507062 ], [ 148.349571, -9.0506102 ], [ 148.349471599999987, -9.0505318 ], [ 148.3493669, -9.0504622 ], [ 148.349232300000011, -9.0504467 ], [ 148.349123100000014, -9.0504786 ], [ 148.3490327, -9.0505497 ], [ 148.3489298, -9.0506296 ], [ 148.3488452, -9.0507216 ], [ 148.3487589, -9.0508149 ], [ 148.3486744, -9.0509024 ], [ 148.348583600000012, -9.0509817 ], [ 148.3485102, -9.05108 ], [ 148.3484252, -9.0511969 ], [ 148.3483698, -9.0513026 ], [ 148.348322, -9.0514515 ], [ 148.348297800000012, -9.0515795 ], [ 148.34827820000001, -9.0517083 ], [ 148.3482464, -9.0518507 ], [ 148.34823, -9.0519736 ], [ 148.3482086, -9.0521148 ], [ 148.348165599999987, -9.0522401 ], [ 148.3481157, -9.0523602 ], [ 148.3480628, -9.0524786 ], [ 148.3479676, -9.0525831 ], [ 148.34790430000001, -9.0526849 ], [ 148.3478649, -9.0527966 ], [ 148.347829, -9.0529303 ], [ 148.347791699999988, -9.0530559 ], [ 148.3477861, -9.053179 ], [ 148.34776020000001, -9.0533296 ], [ 148.3476942, -9.0534534 ], [ 148.3476512, -9.053577 ], [ 148.347575400000011, -9.0536829 ], [ 148.347529400000013, -9.0537987 ], [ 148.3474757, -9.0539089 ], [ 148.347468, -9.0540466 ], [ 148.347471, -9.0541627 ], [ 148.34748350000001, -9.0542724 ], [ 148.347451799999988, -9.0544197 ], [ 148.3474267, -9.0545322 ], [ 148.3473584, -9.0546663 ], [ 148.3473131, -9.0547863 ], [ 148.3472596, -9.0548986 ], [ 148.3471875, -9.0550159 ], [ 148.347124400000013, -9.055127 ], [ 148.347092300000014, -9.0552555 ], [ 148.3470268, -9.0553533 ], [ 148.34699040000001, -9.0554418 ] ] ] } },
{ "type": "Feature", "properties": { "name": "russell muraba track record july 10 july (seg 50)", "mode": "Motor road", "mode_evidence": "overlap: 100% of its length runs along a track measured at road speed (no timestamps of its own)", "speed_kmh_median": null, "speed_frac_over_12": null, "gradient_p85_pct": 2.5, "source_file": "russell_muraba_track_record_july_10_july_31.gpkg", "format": "gpkg", "length_km": 0.4, "source": "project GPS recording, russell_muraba_track_record_july_10_july_31.gpkg", "surface": "unknown", "tracktype": "unknown" }, "geometry": { "type": "MultiLineString", "coordinates": [ [ [ 148.3903546, -9.1382763 ], [ 148.3902971, -9.1383816 ], [ 148.3902474, -9.1384616 ], [ 148.3901989, -9.1385553 ], [ 148.390126400000014, -9.1386101 ], [ 148.3900811, -9.1387136 ], [ 148.3900294, -9.1387909 ], [ 148.389994, -9.1388803 ], [ 148.3899405, -9.1389677 ], [ 148.3898876, -9.1390418 ], [ 148.389838, -9.1391191 ], [ 148.389783200000011, -9.1391915 ], [ 148.3897298, -9.1392839 ], [ 148.38966880000001, -9.1393689 ], [ 148.389612199999988, -9.1394685 ], [ 148.3895449, -9.1395401 ], [ 148.389479099999988, -9.1396319 ], [ 148.3894139, -9.1397083 ], [ 148.3893517, -9.13978 ], [ 148.3892899, -9.1398604 ], [ 148.389218, -9.1399531 ], [ 148.389142, -9.1400272 ], [ 148.3890695, -9.1401075 ], [ 148.3889981, -9.1401908 ], [ 148.3889398, -9.1402712 ], [ 148.388875500000012, -9.14036 ], [ 148.3887843, -9.1404003 ], [ 148.3887372, -9.1405051 ], [ 148.38867350000001, -9.1405819 ], [ 148.3886233, -9.1406807 ], [ 148.3885649, -9.1407549 ], [ 148.3884804, -9.140812 ], [ 148.388389, -9.1408392 ], [ 148.3882812, -9.1408402 ], [ 148.3881898, -9.1408251 ], [ 148.388099399999987, -9.1407679 ] ] ] } },
{ "type": "Feature", "properties": { "name": "russell muraba track record july 10 july (seg 60)", "mode": "Motor road", "mode_evidence": "overlap: 100% of its length runs along a track measured at road speed (no timestamps of its own)", "speed_kmh_median": null, "speed_frac_over_12": null, "gradient_p85_pct": 11.5, "source_file": "russell_muraba_track_record_july_10_july_31.gpkg", "format": "gpkg", "length_km": 0.35, "source": "project GPS recording, russell_muraba_track_record_july_10_july_31.gpkg", "surface": "unknown", "tracktype": "unknown" }, "geometry": { "type": "MultiLineString", "coordinates": [ [ [ 148.329992800000014, -9.0650288 ], [ 148.3299833, -9.0651408 ], [ 148.3299891, -9.0652774 ], [ 148.3300147, -9.0654067 ], [ 148.330031, -9.0655237 ], [ 148.330045, -9.065659 ], [ 148.330055, -9.0657803 ], [ 148.330099600000011, -9.065906 ], [ 148.3301729, -9.0660141 ], [ 148.3302133, -9.0661386 ], [ 148.3302698, -9.0662276 ], [ 148.3303323, -9.0663537 ], [ 148.330397799999986, -9.0664569 ], [ 148.3304622, -9.0665948 ], [ 148.3304928, -9.0666957 ], [ 148.3305423, -9.0668229 ], [ 148.330547200000012, -9.0669401 ], [ 148.3305595, -9.067063 ], [ 148.330599299999989, -9.0671845 ], [ 148.33062480000001, -9.0673134 ], [ 148.3306283, -9.067433 ], [ 148.330662600000011, -9.0675408 ], [ 148.330703199999988, -9.0676844 ], [ 148.3307451, -9.067808 ], [ 148.3307761, -9.0679295 ], [ 148.330804699999987, -9.0680181 ] ] ] } },
{ "type": "Feature", "properties": { "name": "russell muraba track record july 10 july (seg 46)", "mode": "Motor road", "mode_evidence": "overlap: 100% of its length runs along a track measured at road speed (no timestamps of its own)", "speed_kmh_median": null, "speed_frac_over_12": null, "gradient_p85_pct": 5.2, "source_file": "russell_muraba_track_record_july_10_july_31.gpkg", "format": "gpkg", "length_km": 0.32, "source": "project GPS recording, russell_muraba_track_record_july_10_july_31.gpkg", "surface": "unknown", "tracktype": "unknown" }, "geometry": { "type": "MultiLineString", "coordinates": [ [ [ 148.3893774, -9.1375235 ], [ 148.389458100000013, -9.1374081 ], [ 148.389555800000011, -9.1373158 ], [ 148.389607399999989, -9.1372389 ], [ 148.3896633, -9.1371656 ], [ 148.3897507, -9.1371121 ], [ 148.3898271, -9.1370413 ], [ 148.3897593, -9.1371045 ], [ 148.389803199999989, -9.1370162 ], [ 148.389881300000013, -9.136964 ], [ 148.389993299999986, -9.1368662 ], [ 148.390095699999989, -9.1367862 ], [ 148.390197699999987, -9.1367218 ], [ 148.3903053, -9.1366387 ], [ 148.3904072, -9.1365589 ], [ 148.390501699999987, -9.136474 ], [ 148.39062, -9.1364089 ], [ 148.390708100000012, -9.1363569 ], [ 148.3908054, -9.1362441 ], [ 148.390889499999986, -9.1361708 ], [ 148.3909779, -9.1360927 ], [ 148.3910526, -9.1360359 ], [ 148.3911301, -9.1361054 ], [ 148.391243800000012, -9.1361371 ], [ 148.391345699999988, -9.1362021 ], [ 148.391429, -9.1362494 ] ] ] } },
{ "type": "Feature", "properties": { "name": "russell muraba track record july 10 july (seg 73)", "mode": "Motor road", "mode_evidence": "overlap: 100% of its length runs along a track measured at road speed (no timestamps of its own)", "speed_kmh_median": null, "speed_frac_over_12": null, "gradient_p85_pct": null, "source_file": "russell_muraba_track_record_july_10_july_31.gpkg", "format": "gpkg", "length_km": 0.21, "source": "project GPS recording, russell_muraba_track_record_july_10_july_31.gpkg", "surface": "unknown", "tracktype": "unknown" }, "geometry": { "type": "MultiLineString", "coordinates": [ [ [ 148.3883784, -9.1383295 ], [ 148.388294699999989, -9.1382931 ], [ 148.3881951, -9.1382086 ], [ 148.388096100000013, -9.1381061 ], [ 148.387995100000012, -9.1380301 ], [ 148.3878714, -9.1379749 ], [ 148.3877593, -9.1379376 ], [ 148.3876471, -9.1378763 ], [ 148.3875663, -9.1377883 ], [ 148.387425900000011, -9.1377671 ], [ 148.38731150000001, -9.1378363 ], [ 148.3872203, -9.1379123 ], [ 148.3871407, -9.1379849 ], [ 148.3870623, -9.1380511 ], [ 148.3869815, -9.1381264 ], [ 148.3868819, -9.1381865 ], [ 148.386807800000014, -9.1382518 ] ] ] } },
{ "type": "Feature", "properties": { "name": "russell muraba track record july 10 july (seg 51)", "mode": "Motor road", "mode_evidence": "overlap: 100% of its length runs along a track measured at road speed (no timestamps of its own)", "speed_kmh_median": null, "speed_frac_over_12": null, "gradient_p85_pct": null, "source_file": "russell_muraba_track_record_july_10_july_31.gpkg", "format": "gpkg", "length_km": 0.13, "source": "project GPS recording, russell_muraba_track_record_july_10_july_31.gpkg", "surface": "unknown", "tracktype": "unknown" }, "geometry": { "type": "MultiLineString", "coordinates": [ [ [ 148.353972199999987, -9.0563292 ], [ 148.353918, -9.056237 ], [ 148.3538735, -9.0561216 ], [ 148.3538068, -9.0560119 ], [ 148.3537504, -9.0558951 ], [ 148.3536872, -9.0557929 ], [ 148.353608400000013, -9.0556866 ], [ 148.353539500000011, -9.0555788 ], [ 148.3534596, -9.0554722 ], [ 148.3533924, -9.0553685 ], [ 148.353325, -9.0553033 ] ] ] } },
{ "type": "Feature", "properties": { "name": "russell muraba track record july 10 july (seg 53)", "mode": "Motor road", "mode_evidence": "overlap: 100% of its length runs along a track measured at road speed (no timestamps of its own)", "speed_kmh_median": null, "speed_frac_over_12": null, "gradient_p85_pct": null, "source_file": "russell_muraba_track_record_july_10_july_31.gpkg", "format": "gpkg", "length_km": 0.1, "source": "project GPS recording, russell_muraba_track_record_july_10_july_31.gpkg", "surface": "unknown", "tracktype": "unknown" }, "geometry": { "type": "MultiLineString", "coordinates": [ [ [ 148.3325485, -9.0691234 ], [ 148.3325032, -9.0692065 ], [ 148.3324352, -9.0692681 ], [ 148.3323995, -9.0693521 ], [ 148.3323283, -9.0694141 ], [ 148.3323273, -9.0695049 ], [ 148.3322485, -9.0695513 ], [ 148.332143699999989, -9.0695713 ], [ 148.3320583, -9.0696128 ], [ 148.331984299999988, -9.0696718 ], [ 148.3319041, -9.0697171 ] ] ] } },
{ "type": "Feature", "properties": { "name": "russell muraba track record july 10 july (seg 75)", "mode": "Motor road", "mode_evidence": "overlap: 100% of its length runs along a track measured at road speed (no timestamps of its own)", "speed_kmh_median": null, "speed_frac_over_12": null, "gradient_p85_pct": null, "source_file": "russell_muraba_track_record_july_10_july_31.gpkg", "format": "gpkg", "length_km": 0.1, "source": "project GPS recording, russell_muraba_track_record_july_10_july_31.gpkg", "surface": "unknown", "tracktype": "unknown" }, "geometry": { "type": "MultiLineString", "coordinates": [ [ [ 148.3853513, -9.1370756 ], [ 148.3854532, -9.137099 ], [ 148.3855484, -9.1370404 ], [ 148.385638199999988, -9.13699 ], [ 148.385706199999987, -9.136921 ], [ 148.3858059, -9.1368768 ], [ 148.3858902, -9.1368091 ], [ 148.3859713, -9.136746 ], [ 148.3860665, -9.1367517 ], [ 148.386148100000014, -9.1368013 ] ] ] } },
{ "type": "Feature", "properties": { "name": "russell muraba track record july 10 july (seg 29)", "mode": "Motor road", "mode_evidence": "overlap: 100% of its length runs along a track measured at road speed (no timestamps of its own)", "speed_kmh_median": null, "speed_frac_over_12": null, "gradient_p85_pct": null, "source_file": "russell_muraba_track_record_july_10_july_31.gpkg", "format": "gpkg", "length_km": 0.09, "source": "project GPS recording, russell_muraba_track_record_july_10_july_31.gpkg", "surface": "unknown", "tracktype": "unknown" }, "geometry": { "type": "MultiLineString", "coordinates": [ [ [ 148.3304517, -9.0677083 ], [ 148.3303674, -9.0677695 ], [ 148.3302658, -9.0678623 ], [ 148.3302109, -9.0679459 ], [ 148.3301476, -9.0680157 ], [ 148.3300678, -9.068111 ], [ 148.330017, -9.0682177 ], [ 148.329971, -9.0683045 ] ] ] } },
{ "type": "Feature", "properties": { "name": "russell muraba track record july 10 july (seg 36)", "mode": "Motor road", "mode_evidence": "overlap: 100% of its length runs along a track measured at road speed (no timestamps of its own)", "speed_kmh_median": null, "speed_frac_over_12": null, "gradient_p85_pct": null, "source_file": "russell_muraba_track_record_july_10_july_31.gpkg", "format": "gpkg", "length_km": 0.04, "source": "project GPS recording, russell_muraba_track_record_july_10_july_31.gpkg", "surface": "unknown", "tracktype": "unknown" }, "geometry": { "type": "MultiLineString", "coordinates": [ [ [ 148.392340499999989, -9.1122099 ], [ 148.3924237, -9.1121725 ], [ 148.3924613, -9.1122819 ], [ 148.392524400000013, -9.1123588 ], [ 148.3924792, -9.1124446 ] ] ] } },
{ "type": "Feature", "properties": { "name": "Siribu road (from Ugunomu junction)", "mode": "Motor road", "mode_evidence": "supplied directly by the project as a road alignment; not derived from a speed measurement", "speed_kmh_median": null, "speed_frac_over_12": null, "gradient_p85_pct": null, "source_file": null, "format": null, "length_km": 1.237, "source": null, "surface": "unknown", "tracktype": "unknown" }, "geometry": { "type": "LineString", "coordinates": [ [ 148.318043836920197, -9.063847438563773 ], [ 148.318435360797196, -9.065103186499666 ], [ 148.318154680067209, -9.065672356909189 ], [ 148.318149442938193, -9.066006758232096 ], [ 148.318198976759788, -9.066804086035768 ], [ 148.318162150536097, -9.067964997822536 ], [ 148.318249838588713, -9.068863020811541 ], [ 148.318756623519192, -9.069976044094455 ], [ 148.318871121848105, -9.070424490651586 ], [ 148.318989328021587, -9.0710078666865 ], [ 148.319120401382094, -9.071877234789429 ], [ 148.319387848782299, -9.072381560899769 ], [ 148.319487974850603, -9.072930675355128 ], [ 148.31957107601599, -9.074001133103346 ], [ 148.319607311344214, -9.074679875955429 ] ] } },
{ "type": "Feature", "properties": { "name": "Yoivi road", "mode": "Motor road", "mode_evidence": "supplied directly by the project as a road alignment; not derived from a speed measurement", "speed_kmh_median": null, "speed_frac_over_12": null, "gradient_p85_pct": null, "source_file": null, "format": null, "length_km": 1.204, "source": null, "surface": "unknown", "tracktype": "unknown" }, "geometry": { "type": "LineString", "coordinates": [ [ 148.446291495682914, -9.129168584788864 ], [ 148.446490363928007, -9.129554265172214 ], [ 148.44659690313091, -9.129862848015806 ], [ 148.446659638808796, -9.130288541265045 ], [ 148.446830724778891, -9.130689167928864 ], [ 148.447074242757509, -9.131176658860129 ], [ 148.447100912544414, -9.13155274880247 ], [ 148.44720032123081, -9.131870500631651 ], [ 148.447485773205614, -9.132360975679367 ], [ 148.447730882726887, -9.132884242009968 ], [ 148.448035416275786, -9.133321272304832 ], [ 148.448106006738612, -9.133776735570269 ], [ 148.448380814145793, -9.13418873295144 ], [ 148.448599400088995, -9.134736479068996 ], [ 148.448791065798304, -9.135420344510598 ], [ 148.448941881858701, -9.135821496231587 ], [ 148.448941545722704, -9.136000843631672 ], [ 148.448926217018396, -9.136165478052193 ], [ 148.448940647144212, -9.136479942149736 ], [ 148.449212249982594, -9.136672380570079 ], [ 148.449333132145512, -9.136971204532752 ], [ 148.449424627567595, -9.137164609596882 ], [ 148.449365469679293, -9.137373954726703 ], [ 148.449292039908897, -9.137642513487148 ], [ 148.449459367527908, -9.137804858513796 ], [ 148.449703561663, -9.138099806016688 ], [ 148.449930931134389, -9.138322388525602 ], [ 148.450310850497686, -9.138903992400946 ] ] } }
]
}
