{
"type": "FeatureCollection",
"name": "mca_service_areas",
"crs": { "type": "name", "properties": { "name": "urn:ogc:def:crs:OGC:1.3:CRS84" } },
"features": [
{ "type": "Feature", "properties": { "day": "Monday", "stop": "Itokama", "zones": "1", "band_km": 2 }, "geometry": { "type": "Polygon", "coordinates": [ [ [ 148.2632590923306, -9.20715965089768 ], [ 148.262923593775554, -9.207452493000355 ], [ 148.262560821698401, -9.207711250616038 ], [ 148.262174269823817, -9.207933431684985 ], [ 148.261767660920043, -9.208116896402114 ], [ 148.26134491094399, -9.20825987782754 ], [ 148.260910091325002, -9.20836099890604 ], [ 148.260467389750261, -9.208419285731411 ], [ 148.260021069830003, -9.208434176927804 ], [ 148.259575430030537, -9.208405529057677 ], [ 148.259387004608215, -9.208374780633248 ], [ 148.259131766574711, -9.208353538678791 ], [ 148.258691657567965, -9.208273086375703 ], [ 148.258261629708755, -9.208150072114718 ], [ 148.257845841705944, -9.207985685521663 ], [ 148.257448314546423, -9.207781516326044 ], [ 148.257072892605123, -9.207539538986099 ], [ 148.256723206463988, -9.207262093592997 ], [ 148.256402637799113, -9.206951863238556 ], [ 148.256114286676421, -9.206611848065764 ], [ 148.255860941571513, -9.206245336253067 ], [ 148.255645052404248, -9.205855872212956 ], [ 148.255468706848234, -9.205447222312797 ], [ 148.255333610145016, -9.20502333844939 ], [ 148.255241068617323, -9.204588319829504 ], [ 148.25519197704088, -9.204146373326322 ], [ 148.255186809997298, -9.203701772795087 ], [ 148.255225617290421, -9.203258817741601 ], [ 148.255308023471088, -9.202821791743141 ], [ 148.255433231474342, -9.202394921024153 ], [ 148.255600030333596, -9.201982333587098 ], [ 148.255806806896885, -9.20158801929381 ], [ 148.256051561432059, -9.201215791283387 ], [ 148.256174658961157, -9.201063638279312 ], [ 148.256234860897109, -9.200976598758094 ], [ 148.256462845306288, -9.200708142216767 ], [ 148.256484205569393, -9.200677072923266 ], [ 148.256793721071801, -9.200315183782875 ], [ 148.257139731509824, -9.199987549085062 ], [ 148.257199400652354, -9.199941891310184 ], [ 148.25722352300096, -9.199895840600499 ], [ 148.257284537802491, -9.199783275704579 ], [ 148.257440393444341, -9.199505230199689 ], [ 148.257440393444426, -9.199505230199536 ], [ 148.257440393444483, -9.199505230199401 ], [ 148.257449095203782, -9.199489706301549 ], [ 148.257478191757713, -9.199425171994827 ], [ 148.257715808296382, -9.199017883345459 ], [ 148.25799475774906, -9.198637351902152 ], [ 148.258131824318241, -9.198486291497398 ], [ 148.258290164360176, -9.198292047106865 ], [ 148.258318051977625, -9.198263444370182 ], [ 148.258391303639513, -9.198174292461264 ], [ 148.258436219820311, -9.198127873619745 ], [ 148.258443353264084, -9.198119125556582 ], [ 148.258485700161856, -9.198076737905756 ], [ 148.258646956147146, -9.197910086940389 ], [ 148.258676992573442, -9.197881463837801 ], [ 148.258676992573498, -9.197881463837733 ], [ 148.258734057444229, -9.197827084059899 ], [ 148.258734057444343, -9.197827084059798 ], [ 148.258734057444428, -9.197827084059695 ], [ 148.258756075960889, -9.197806101581717 ], [ 148.258766264141741, -9.197795903572894 ], [ 148.258776443884329, -9.197786692028204 ], [ 148.259001956728241, -9.197571790017566 ], [ 148.259262906414705, -9.197341542113012 ], [ 148.259516557642797, -9.197150167761309 ], [ 148.259563785517798, -9.196804742927316 ], [ 148.259666998913616, -9.196372991857652 ], [ 148.259812310331796, -9.195953373678753 ], [ 148.259998319869794, -9.195549930470042 ], [ 148.260223235605935, -9.195166548485943 ], [ 148.260484890865342, -9.194806920722048 ], [ 148.260780765095063, -9.194474511343303 ], [ 148.261108008146806, -9.194172522316949 ], [ 148.261262140891262, -9.194043687737048 ], [ 148.261318273199038, -9.193953039255351 ], [ 148.261470337868019, -9.193666404563658 ], [ 148.261745731848208, -9.193213664514298 ], [ 148.262072459134458, -9.192795984711001 ], [ 148.262338802828054, -9.19249378925652 ], [ 148.262338802828083, -9.192493789256487 ], [ 148.262338802828111, -9.192493789256471 ], [ 148.262341924734329, -9.192490247115561 ], [ 148.262423319312859, -9.192395341151693 ], [ 148.262478535387032, -9.192327839920271 ], [ 148.262480737182756, -9.192325500730702 ], [ 148.262519968894424, -9.192252137493609 ], [ 148.262537048341613, -9.192220502673736 ], [ 148.262567399376763, -9.192164817807077 ], [ 148.26268418532058, -9.191874309164012 ], [ 148.262869689382654, -9.191471387240435 ], [ 148.263062893046879, -9.191100888948499 ], [ 148.263291648155388, -9.19071114519809 ], [ 148.263558355529455, -9.190345995462968 ], [ 148.263793958131259, -9.190083153886292 ], [ 148.263791992629308, -9.189987792276463 ], [ 148.263793500332554, -9.189384991257263 ], [ 148.263810500490223, -9.189005596199298 ], [ 148.263859482819157, -9.188628957034659 ], [ 148.263940101649126, -9.188257730933904 ], [ 148.264097209085293, -9.187657731881782 ], [ 148.264230217017513, -9.187235672090766 ], [ 148.264404086591753, -9.18682854374158 ], [ 148.264617154088086, -9.186440242215582 ], [ 148.264867380761132, -9.186074482745399 ], [ 148.265246784006109, -9.18557438619402 ], [ 148.265481825161828, -9.185289504131783 ], [ 148.265848005604568, -9.184880832386227 ], [ 148.266017693368013, -9.184682070742346 ], [ 148.266024223804379, -9.184667741289559 ], [ 148.266040811247052, -9.184626197071566 ], [ 148.266157248698477, -9.184215791784046 ], [ 148.266299355064064, -9.183795149288402 ], [ 148.266482269859807, -9.183390372876481 ], [ 148.266704231391515, -9.183005360721745 ], [ 148.266963101946857, -9.182643820644348 ], [ 148.267256388386642, -9.182309234405158 ], [ 148.267581266157805, -9.182004824176962 ], [ 148.267934606497363, -9.181733521516213 ], [ 148.268313006564284, -9.181497939133529 ], [ 148.268712822210233, -9.18130034573506 ], [ 148.269130203072535, -9.181142644176726 ], [ 148.269561129652288, -9.18102635314157 ], [ 148.270001452020182, -9.180952592516721 ], [ 148.270446929777592, -9.1809220726105 ], [ 148.270893272888515, -9.180935087313564 ], [ 148.271336182988534, -9.180991511269825 ], [ 148.271771394774447, -9.181090801084423 ], [ 148.272194717075024, -9.181232000556896 ], [ 148.272602073208333, -9.181413749889373 ], [ 148.272989540236921, -9.181634298781026 ], [ 148.273353386743111, -9.181891523282745 ], [ 148.273690108760434, -9.182182946249602 ], [ 148.273996463516283, -9.182505761194717 ], [ 148.274269500659557, -9.182856859314134 ], [ 148.274506590673752, -9.183232859423425 ], [ 148.274705450201509, -9.183630140517021 ], [ 148.274794243928426, -9.183862168116677 ], [ 148.274818169134335, -9.18391726776448 ], [ 148.274833070146371, -9.183963625095833 ], [ 148.274864164036302, -9.184044876637429 ], [ 148.274892438883029, -9.184148322207855 ], [ 148.274954032452769, -9.184339940549709 ], [ 148.275047548530381, -9.184773810535605 ], [ 148.275097816616807, -9.1852146993697 ], [ 148.275104352449148, -9.185658361090878 ], [ 148.275067092921518, -9.186100523018645 ], [ 148.274986396699177, -9.186536926900532 ], [ 148.27486304077064, -9.18696336992109 ], [ 148.274681846993303, -9.187490771277918 ], [ 148.274650176820359, -9.187576100445055 ], [ 148.274601796848515, -9.187732608149332 ], [ 148.27448575340793, -9.188062107111856 ], [ 148.274344472004856, -9.188381727868542 ], [ 148.274097077209404, -9.188887430018683 ], [ 148.273780025433837, -9.189434663612138 ], [ 148.273652222270215, -9.189623413047391 ], [ 148.273622958238349, -9.189670788719701 ], [ 148.273429698884229, -9.18995837676119 ], [ 148.273214884609416, -9.190230447275336 ], [ 148.273196372725124, -9.190252131584323 ], [ 148.273165259170355, -9.190293002739047 ], [ 148.272941140075346, -9.190555814199358 ], [ 148.272937374422725, -9.190826984704129 ], [ 148.272900882097019, -9.191421284133551 ], [ 148.27284916157285, -9.191878760682986 ], [ 148.272750893037596, -9.1923286402378 ], [ 148.272617899051227, -9.192816241072329 ], [ 148.27245136894382, -9.193311517980902 ], [ 148.272228478146275, -9.193784412994086 ], [ 148.27199628224335, -9.194211015062253 ], [ 148.27188844440991, -9.194398315727552 ], [ 148.271762730865021, -9.194605056425695 ], [ 148.271679850457645, -9.194750301656434 ], [ 148.271452979427494, -9.195107831679129 ], [ 148.271193499669351, -9.195442749415561 ], [ 148.270969700981453, -9.195705251430716 ], [ 148.2709398698874, -9.195737702252242 ], [ 148.270922159238069, -9.195779502421665 ], [ 148.270829269988923, -9.195971845369526 ], [ 148.27082026995032, -9.195992467458094 ], [ 148.270808199116061, -9.196018054495132 ], [ 148.270808199115976, -9.196018054495235 ], [ 148.270568775548895, -9.196525569626187 ], [ 148.270414918346688, -9.196822625324891 ], [ 148.270239405832854, -9.197107581719923 ], [ 148.270173319225677, -9.197206475948812 ], [ 148.270257957066519, -9.197509906104976 ], [ 148.270310927850829, -9.197814295207765 ], [ 148.270344789353459, -9.197966969838925 ], [ 148.270393192616609, -9.198304771475167 ], [ 148.270411194716871, -9.198476670961886 ], [ 148.270433285040951, -9.198799427424222 ], [ 148.270439587506957, -9.198994327010697 ], [ 148.27043441979572, -9.199399270521425 ], [ 148.270422425438198, -9.199606385765374 ], [ 148.270412363812198, -9.199861953925504 ], [ 148.270406414993914, -9.200058218614281 ], [ 148.270448840146855, -9.200444730101786 ], [ 148.270453655451576, -9.200886772372055 ], [ 148.270415002628312, -9.201327169044069 ], [ 148.270333251012971, -9.201761710188103 ], [ 148.270209181945233, -9.202186241833985 ], [ 148.270043981305633, -9.202596705680934 ], [ 148.269839228184622, -9.202989177893398 ], [ 148.269596879792715, -9.203359906612249 ], [ 148.269319252754713, -9.203705347822215 ], [ 148.269009000967401, -9.204022199233155 ], [ 148.26866909023218, -9.204307431850708 ], [ 148.268302769904494, -9.204558318934708 ], [ 148.267913541831888, -9.204772462068401 ], [ 148.267505126876841, -9.204947814088957 ], [ 148.26708142934487, -9.205082698660226 ], [ 148.266646499658094, -9.205175826300247 ], [ 148.266543298457037, -9.205192726677563 ], [ 148.266070056166313, -9.205245136788445 ], [ 148.265593892698547, -9.205248122667967 ], [ 148.265120022167878, -9.205201651593363 ], [ 148.265015320828667, -9.205185851571555 ], [ 148.264784882691345, -9.205138189689054 ], [ 148.26476630956455, -9.205168597203814 ], [ 148.264569410502162, -9.205427976743392 ], [ 148.264494536236356, -9.205542523953541 ], [ 148.264429536893118, -9.205633724546871 ], [ 148.264200836080107, -9.205928146433882 ], [ 148.264110802627272, -9.206026198587448 ], [ 148.264071133850962, -9.206106296153246 ], [ 148.263835638547505, -9.20648329556378 ], [ 148.263564086329922, -9.206835544619279 ], [ 148.2632590923306, -9.20715965089768 ] ] ] } },
{ "type": "Feature", "properties": { "day": "Monday", "stop": "Itokama", "zones": "1", "band_km": 5 }, "geometry": { "type": "Polygon", "coordinates": [ [ [ 148.262923593775554, -9.207452493000355 ], [ 148.262560821698401, -9.207711250616038 ], [ 148.262174269823817, -9.207933431684985 ], [ 148.261767660920043, -9.208116896402114 ], [ 148.26134491094399, -9.20825987782754 ], [ 148.260910091325002, -9.20836099890604 ], [ 148.260467389750261, -9.208419285731411 ], [ 148.260021069830003, -9.208434176927804 ], [ 148.259575430030537, -9.208405529057677 ], [ 148.259387004608215, -9.208374780633248 ], [ 148.259131766574711, -9.208353538678791 ], [ 148.258691657567965, -9.208273086375703 ], [ 148.258261629708755, -9.208150072114718 ], [ 148.257845841705944, -9.207985685521663 ], [ 148.257448314546423, -9.207781516326044 ], [ 148.257072892605123, -9.207539538986099 ], [ 148.256723206463988, -9.207262093592997 ], [ 148.256402637799113, -9.206951863238556 ], [ 148.256114286676421, -9.206611848065764 ], [ 148.255860941571513, -9.206245336253067 ], [ 148.255645052404248, -9.205855872212956 ], [ 148.255468706848234, -9.205447222312797 ], [ 148.255333610145016, -9.20502333844939 ], [ 148.255241068617323, -9.204588319829504 ], [ 148.25519197704088, -9.204146373326322 ], [ 148.255186809997298, -9.203701772795087 ], [ 148.255225617290421, -9.203258817741601 ], [ 148.255308023471088, -9.202821791743141 ], [ 148.255433231474342, -9.202394921024153 ], [ 148.255600030333596, -9.201982333587098 ], [ 148.255806806896885, -9.20158801929381 ], [ 148.256051561432059, -9.201215791283387 ], [ 148.256174658961157, -9.201063638279312 ], [ 148.256234860897109, -9.200976598758094 ], [ 148.256462845306288, -9.200708142216767 ], [ 148.256484205569393, -9.200677072923266 ], [ 148.256793721071801, -9.200315183782875 ], [ 148.257139731509824, -9.199987549085062 ], [ 148.257199400652354, -9.199941891310184 ], [ 148.25722352300096, -9.199895840600499 ], [ 148.257284537802491, -9.199783275704579 ], [ 148.257440393444341, -9.199505230199689 ], [ 148.257440393444426, -9.199505230199536 ], [ 148.257440393444483, -9.199505230199401 ], [ 148.257449095203782, -9.199489706301549 ], [ 148.257478191757713, -9.199425171994827 ], [ 148.257715808296382, -9.199017883345459 ], [ 148.25799475774906, -9.198637351902152 ], [ 148.258131824318241, -9.198486291497398 ], [ 148.258290164360176, -9.198292047106865 ], [ 148.258318051977625, -9.198263444370182 ], [ 148.258391303639513, -9.198174292461264 ], [ 148.258436219820311, -9.198127873619745 ], [ 148.258443353264084, -9.198119125556582 ], [ 148.258485700161856, -9.198076737905756 ], [ 148.258646956147146, -9.197910086940389 ], [ 148.258676992573442, -9.197881463837801 ], [ 148.258676992573498, -9.197881463837733 ], [ 148.258734057444229, -9.197827084059899 ], [ 148.258734057444343, -9.197827084059798 ], [ 148.258734057444428, -9.197827084059695 ], [ 148.258756075960918, -9.197806101581703 ], [ 148.258766264141741, -9.197795903572894 ], [ 148.258776443884329, -9.197786692028204 ], [ 148.259001956728241, -9.197571790017566 ], [ 148.259262906414705, -9.197341542113012 ], [ 148.259516557642797, -9.197150167761309 ], [ 148.259563785517798, -9.196804742927316 ], [ 148.259666998913616, -9.196372991857652 ], [ 148.259812310331796, -9.195953373678753 ], [ 148.259998319869794, -9.195549930470042 ], [ 148.260223235605935, -9.195166548485943 ], [ 148.260484890865342, -9.194806920722048 ], [ 148.260780765095063, -9.194474511343303 ], [ 148.261108008146806, -9.194172522316949 ], [ 148.261262140891262, -9.194043687737048 ], [ 148.261318273199038, -9.193953039255351 ], [ 148.261470337868019, -9.193666404563658 ], [ 148.261745731848208, -9.193213664514298 ], [ 148.262072459134458, -9.192795984711001 ], [ 148.262338802828054, -9.19249378925652 ], [ 148.262338802828083, -9.192493789256487 ], [ 148.262338802828111, -9.192493789256471 ], [ 148.262341924734329, -9.192490247115561 ], [ 148.262423319312916, -9.192395341151627 ], [ 148.262478535387032, -9.192327839920271 ], [ 148.262480737182756, -9.192325500730702 ], [ 148.262519968894424, -9.192252137493609 ], [ 148.262537048341613, -9.192220502673736 ], [ 148.262567399376763, -9.192164817807077 ], [ 148.26268418532058, -9.191874309164012 ], [ 148.262869689382654, -9.191471387240435 ], [ 148.263062893046879, -9.191100888948499 ], [ 148.263291648155388, -9.19071114519809 ], [ 148.263558355529455, -9.190345995462968 ], [ 148.263793958131259, -9.190083153886292 ], [ 148.263791992629308, -9.189987792276463 ], [ 148.263793500332554, -9.189384991257263 ], [ 148.263810500490223, -9.189005596199298 ], [ 148.263859482819157, -9.188628957034659 ], [ 148.263940101649126, -9.188257730933904 ], [ 148.264097209085293, -9.187657731881782 ], [ 148.264230217017513, -9.187235672090766 ], [ 148.264404086591753, -9.18682854374158 ], [ 148.264617154088086, -9.186440242215582 ], [ 148.264867380761132, -9.186074482745399 ], [ 148.265246784006109, -9.18557438619402 ], [ 148.265481825161828, -9.185289504131783 ], [ 148.265848005604568, -9.184880832386227 ], [ 148.266017693368013, -9.184682070742364 ], [ 148.266024223804379, -9.184667741289559 ], [ 148.266040811247052, -9.184626197071566 ], [ 148.266062643558456, -9.184549245117372 ], [ 148.266061588595761, -9.184544992518498 ], [ 148.265963184651412, -9.184493018710892 ], [ 148.265590078325886, -9.184246348090483 ], [ 148.265243201373181, -9.183964404097422 ], [ 148.264925918502541, -9.183649921620587 ], [ 148.264641307333108, -9.183305951173239 ], [ 148.26439212854072, -9.182935829300339 ], [ 148.264180799080236, -9.18254314621141 ], [ 148.264009368743046, -9.18213171095281 ], [ 148.263894341362999, -9.181754219333314 ], [ 148.263828523818717, -9.181597117249158 ], [ 148.263698615034144, -9.181175072031639 ], [ 148.263610735089372, -9.18074245199147 ], [ 148.263565721174928, -9.180303379230239 ], [ 148.263564002035764, -9.179862037318482 ], [ 148.263584420669787, -9.179646320417005 ], [ 148.263567243640324, -9.179592678161869 ], [ 148.263474109905388, -9.179157823774378 ], [ 148.263423113569644, -9.178844822634673 ], [ 148.263375556357033, -9.178435386909985 ], [ 148.26336571763278, -9.178023349008026 ], [ 148.263393679021021, -9.177612132728179 ], [ 148.263405843440779, -9.177536583844772 ], [ 148.263358397509165, -9.177465467006366 ], [ 148.263147615861328, -9.17706921570392 ], [ 148.26297735115142, -9.176654174165845 ], [ 148.262849276371099, -9.176224420845525 ], [ 148.262764649910991, -9.175784178750947 ], [ 148.262727453050985, -9.175520277855318 ], [ 148.262687013895572, -9.175071559070279 ], [ 148.262691713966149, -9.17462106878418 ], [ 148.262741506429137, -9.174173279538941 ], [ 148.262835896767939, -9.173732637043221 ], [ 148.26297394769918, -9.173303516034835 ], [ 148.263154288484941, -9.172890176848318 ], [ 148.263194565498793, -9.172818418460011 ], [ 148.263213606177487, -9.172775564025798 ], [ 148.263362709690654, -9.172446765292888 ], [ 148.263367883709066, -9.172436445773537 ], [ 148.263370250218259, -9.172430405701865 ], [ 148.263474747262279, -9.172192662065916 ], [ 148.263541400244492, -9.172027072840891 ], [ 148.2636466649125, -9.171800214313427 ], [ 148.26366523786831, -9.17166818395404 ], [ 148.263759928094942, -9.17126658195868 ], [ 148.26382853103982, -9.171025682406304 ], [ 148.26384815865336, -9.170963964952774 ], [ 148.263870686171458, -9.170866940759311 ], [ 148.263992975789023, -9.170438010747727 ], [ 148.264157179357255, -9.170023132952386 ], [ 148.264290282484723, -9.169730134083403 ], [ 148.264480064964317, -9.169358955769781 ], [ 148.264703401164354, -9.169006698045269 ], [ 148.264801008736697, -9.168880246430874 ], [ 148.264995227121574, -9.168606107593774 ], [ 148.265306687468012, -9.168251484736361 ], [ 148.265607988386591, -9.167942487383179 ], [ 148.26589986146999, -9.167668459393337 ], [ 148.266214909847065, -9.167421069106554 ], [ 148.266528682717933, -9.167216579043593 ], [ 148.266532124899356, -9.16712280998545 ], [ 148.266541626467017, -9.167001209894373 ], [ 148.266584612056931, -9.166640034492719 ], [ 148.266657717897743, -9.166183934625794 ], [ 148.266693201238269, -9.166026693555006 ], [ 148.266736193220652, -9.165771380407596 ], [ 148.266835878689506, -9.165388645149356 ], [ 148.266968828112169, -9.165016026289289 ], [ 148.266977929577251, -9.164996211306395 ], [ 148.267088108790148, -9.164684734283567 ], [ 148.267303746554717, -9.164238379333801 ], [ 148.267491108892386, -9.163939513444486 ], [ 148.267523167365908, -9.163856170615592 ], [ 148.267616924612952, -9.163537237112985 ], [ 148.267634254500194, -9.163447103819861 ], [ 148.267639658844217, -9.163419462850744 ], [ 148.267668530288461, -9.163274214563723 ], [ 148.267671154380082, -9.16324188030228 ], [ 148.267738125937711, -9.16288303035822 ], [ 148.267730152668918, -9.162653848238381 ], [ 148.267743189584962, -9.162121706039843 ], [ 148.267767193269435, -9.161835805846092 ], [ 148.267821181952343, -9.161423116968823 ], [ 148.267870399721517, -9.161205780170096 ], [ 148.267893695741208, -9.161032332007256 ], [ 148.267900468368168, -9.161003699141133 ], [ 148.267904765190451, -9.160974597522547 ], [ 148.267951538228772, -9.160787789241294 ], [ 148.267995863726924, -9.160600392572254 ], [ 148.268005427946861, -9.160572557251538 ], [ 148.26801257452189, -9.160544014286259 ], [ 148.268077548167639, -9.160362661346165 ], [ 148.268140144078671, -9.160180484455221 ], [ 148.268152407773243, -9.16015371474758 ], [ 148.268162335265629, -9.160126005318387 ], [ 148.268244883725458, -9.159951854234077 ], [ 148.268325147155821, -9.159776651569873 ], [ 148.268339992210429, -9.1597512052795 ], [ 148.26835260500394, -9.159724596240876 ], [ 148.268451933237458, -9.159559324163251 ], [ 148.268549091154227, -9.159392783002408 ], [ 148.268566374595821, -9.159368905187446 ], [ 148.268581551214737, -9.159343652795551 ], [ 148.268696702593189, -9.159188851360604 ], [ 148.268809819270786, -9.159032575559236 ], [ 148.268829374645208, -9.159010496171748 ], [ 148.268846968924322, -9.158986843616809 ], [ 148.268976834445226, -9.158844003617922 ], [ 148.269104820478674, -9.158699498166936 ], [ 148.269126459453616, -9.158679429838672 ], [ 148.269146301946336, -9.158657604902901 ], [ 148.269289630915267, -9.158528101934605 ], [ 148.269431253712298, -9.158396758467186 ], [ 148.269454767891347, -9.158378894461977 ], [ 148.269476667501635, -9.158359107326126 ], [ 148.269632079577747, -9.158244188538031 ], [ 148.269785975230349, -9.158127271928356 ], [ 148.269811138160037, -9.158111784280973 ], [ 148.269834883982696, -9.15809422550049 ], [ 148.270000882471209, -9.157994997588446 ], [ 148.270165568891883, -9.157893633770968 ], [ 148.270192138242578, -9.157880671630529 ], [ 148.270217501594374, -9.157865510300653 ], [ 148.270392487861756, -9.157782928848954 ], [ 148.270566379054912, -9.157698093977579 ], [ 148.270594098954092, -9.157687782171603 ], [ 148.270620835576437, -9.157675164298791 ], [ 148.27080312444528, -9.157610024578979 ], [ 148.27098454578018, -9.157542535627213 ], [ 148.271013149276826, -9.157534973459441 ], [ 148.271041001687621, -9.157525020555713 ], [ 148.271228837662989, -9.15747794986954 ], [ 148.271416042001533, -9.157428456763242 ], [ 148.271445253636728, -9.157423717057476 ], [ 148.271473953609558, -9.157416524970388 ], [ 148.271665527784421, -9.157387976609275 ], [ 148.271856712304242, -9.157356955969039 ], [ 148.271886250763401, -9.15735508436808 ], [ 148.271915521911069, -9.157350722357648 ], [ 148.272108989385288, -9.157340971238188 ], [ 148.272302312939331, -9.157328721790243 ], [ 148.27233189376139, -9.157329736316356 ], [ 148.27236145419667, -9.157328246388344 ], [ 148.27255495184167, -9.157337386405562 ], [ 148.272748552687318, -9.157344026105497 ], [ 148.272777891003329, -9.157347916986959 ], [ 148.272807456054068, -9.157349313488341 ], [ 148.272999120451942, -9.157377256611971 ], [ 148.273191134178973, -9.157402721509269 ], [ 148.273219947456255, -9.157409451274621 ], [ 148.273249232405163, -9.15741372075551 ], [ 148.273437217792946, -9.157460197877771 ], [ 148.273625795275137, -9.157504242732186 ], [ 148.273653806036236, -9.157513746570945 ], [ 148.273682528864242, -9.157520847914181 ], [ 148.273865024908218, -9.157585411442092 ], [ 148.27404835010708, -9.157647612084808 ], [ 148.274075288602745, -9.157659798471721 ], [ 148.27410317270332, -9.1576696632888 ], [ 148.274278421928614, -9.157751691453996 ], [ 148.27445472938291, -9.157831448872791 ], [ 148.274480336189214, -9.157846200449141 ], [ 148.2745071130322, -9.157858733738816 ], [ 148.274673427746592, -9.15795743658507 ], [ 148.274841019571426, -9.158053982692495 ], [ 148.274865048087804, -9.158071157396272 ], [ 148.274890459805306, -9.158086238459337 ], [ 148.27504623835128, -9.158200665450035 ], [ 148.275203500587025, -9.158313070479258 ], [ 148.275225719410884, -9.158332502912989 ], [ 148.275249521280244, -9.158349986514692 ], [ 148.275393263456266, -9.158479035684721 ], [ 148.275538681612119, -9.158606217143987 ], [ 148.275558876767633, -9.158627720167976 ], [ 148.275580839567709, -9.158647437936091 ], [ 148.275711161076742, -9.158789866504581 ], [ 148.275843334712903, -9.158930599599774 ], [ 148.275861311710742, -9.158953966133257 ], [ 148.275881223930043, -9.15897572818019 ], [ 148.27599686971007, -9.159130164517927 ], [ 148.276114525924669, -9.159283093946661 ], [ 148.276130111635581, -9.159308098962741 ], [ 148.276147781508456, -9.159331695713343 ], [ 148.276247637817818, -9.159496652549285 ], [ 148.276349643506592, -9.159660305553565 ], [ 148.276362687828851, -9.159686708245909 ], [ 148.276377945182503, -9.159711912455807 ], [ 148.276461050327811, -9.159885801200947 ], [ 148.276546423095539, -9.160058601747258 ], [ 148.276556800400044, -9.16008614784853 ], [ 148.276569498293725, -9.160112716792746 ], [ 148.276635051891759, -9.160293862836962 ], [ 148.276702969514815, -9.160474146793794 ], [ 148.276710579855774, -9.160502571024921 ], [ 148.276720595995641, -9.16053024883468 ], [ 148.276767966682627, -9.16071690767242 ], [ 148.276817775028974, -9.160902938835921 ], [ 148.276822545106313, -9.160931967460094 ], [ 148.276829783023743, -9.160960487587261 ], [ 148.276858514537906, -9.161150861618014 ], [ 148.276889733868273, -9.161340848430447 ], [ 148.27689924456746, -9.161424295626491 ], [ 148.276927432594675, -9.161852911745505 ], [ 148.276919415460242, -9.1621204004951 ], [ 148.276919823386862, -9.162227292997075 ], [ 148.276927441276968, -9.16251122126185 ], [ 148.276900126516949, -9.163140796661288 ], [ 148.276887616247791, -9.163250510087453 ], [ 148.276894061256627, -9.163485217079174 ], [ 148.276857579613647, -9.163955101144158 ], [ 148.276772076062684, -9.164418659073716 ], [ 148.276733718318866, -9.164548491697179 ], [ 148.276710095652845, -9.164812781731181 ], [ 148.276613708199875, -9.16529288442606 ], [ 148.276588165802423, -9.165391841006876 ], [ 148.276531215559231, -9.165695998889506 ], [ 148.276409473635226, -9.166189883568439 ], [ 148.276232695212855, -9.166667061217648 ], [ 148.27602849654059, -9.167135205275864 ], [ 148.275910509927513, -9.167461531001296 ], [ 148.275708185350993, -9.167934679124997 ], [ 148.275657668542038, -9.168023261355176 ], [ 148.275637457587351, -9.168298493289244 ], [ 148.275573164958161, -9.168691854900333 ], [ 148.275486391753617, -9.169106370717305 ], [ 148.275448282757537, -9.169302883254865 ], [ 148.275407446440113, -9.169554609108108 ], [ 148.275311370069915, -9.170001651485979 ], [ 148.275187875736094, -9.170461152244593 ], [ 148.27514891328218, -9.170579622321053 ], [ 148.275131719573977, -9.170660678775475 ], [ 148.275003067742176, -9.171136850246738 ], [ 148.274823005174596, -9.171596271003775 ], [ 148.274706207900095, -9.171852071996295 ], [ 148.274435162250484, -9.172357820955252 ], [ 148.274236064991442, -9.172678522754085 ], [ 148.274224856110919, -9.172696483695615 ], [ 148.274087657959882, -9.17291518493634 ], [ 148.273844434753244, -9.173265090339422 ], [ 148.273569204289032, -9.173590740862398 ], [ 148.273264401319494, -9.17388925560806 ], [ 148.272932722233293, -9.174157993728111 ], [ 148.272611321413365, -9.174394296288702 ], [ 148.272360955977518, -9.174561023363584 ], [ 148.272286380298624, -9.174767999905082 ], [ 148.272268464731468, -9.174811086769154 ], [ 148.272448683076306, -9.175196739238748 ], [ 148.272599283694035, -9.175628548136608 ], [ 148.27270524880953, -9.176073257894862 ], [ 148.272751051651539, -9.176320656932432 ], [ 148.272784058458001, -9.176525157124493 ], [ 148.272811860863328, -9.176726856445528 ], [ 148.272849964236286, -9.177151172112906 ], [ 148.272847710633243, -9.177577167824801 ], [ 148.27284477707795, -9.177606364734336 ], [ 148.27288283430795, -9.177684951223675 ], [ 148.272912814148754, -9.177765830339373 ], [ 148.273005932134765, -9.177843837749187 ], [ 148.273333126410279, -9.178181391450776 ], [ 148.273359194322893, -9.178214565054237 ], [ 148.273521770687239, -9.178385389980512 ], [ 148.273809914815274, -9.178759493574628 ], [ 148.27405732181856, -9.179161358595131 ], [ 148.274261305732864, -9.179586622412373 ], [ 148.274372507982633, -9.179853420789778 ], [ 148.274513679189283, -9.180241283977336 ], [ 148.274586661473393, -9.180474560763171 ], [ 148.274689890577548, -9.180768474034558 ], [ 148.27485447199814, -9.181365777748242 ], [ 148.274926676029168, -9.181722076293642 ], [ 148.27500620739562, -9.182314910722724 ], [ 148.275018886585883, -9.182504554203119 ], [ 148.27502219650907, -9.182522583834661 ], [ 148.275083758409579, -9.182728341619654 ], [ 148.275191069948619, -9.1831656201049 ], [ 148.275254097155056, -9.183611333650065 ], [ 148.275278700493288, -9.18388283288294 ], [ 148.275297011424499, -9.184273315937117 ], [ 148.275281310474213, -9.184663911199024 ], [ 148.275251715032482, -9.185016710959205 ], [ 148.27520466040383, -9.185389609407869 ], [ 148.275139065377971, -9.185777909563328 ], [ 148.275114292658657, -9.185912118324024 ], [ 148.275019498669849, -9.186385318701854 ], [ 148.27486304077064, -9.18696336992109 ], [ 148.274681846993303, -9.187490771277918 ], [ 148.274650176820359, -9.187576100445055 ], [ 148.274601796848515, -9.187732608149332 ], [ 148.27448575340793, -9.188062107111856 ], [ 148.274344472004856, -9.188381727868542 ], [ 148.274097077209404, -9.188887430018683 ], [ 148.273780025433837, -9.189434663612138 ], [ 148.273652222270215, -9.189623413047391 ], [ 148.273622958238349, -9.189670788719701 ], [ 148.273429698884229, -9.18995837676119 ], [ 148.273214884609416, -9.190230447275336 ], [ 148.273196372725124, -9.190252131584323 ], [ 148.273165259170355, -9.190293002739047 ], [ 148.272941140075346, -9.190555814199358 ], [ 148.272937374422725, -9.190826984704129 ], [ 148.272900882097019, -9.191421284133551 ], [ 148.27284916157285, -9.191878760682986 ], [ 148.272750893037596, -9.1923286402378 ], [ 148.272617899051227, -9.192816241072329 ], [ 148.27245136894382, -9.193311517980902 ], [ 148.272228478146275, -9.193784412994086 ], [ 148.27199628224335, -9.194211015062253 ], [ 148.27188844440991, -9.194398315727552 ], [ 148.271762730865021, -9.194605056425695 ], [ 148.271679850457645, -9.194750301656434 ], [ 148.271452979427494, -9.195107831679129 ], [ 148.271193499669351, -9.195442749415561 ], [ 148.270969700981453, -9.195705251430716 ], [ 148.2709398698874, -9.195737702252226 ], [ 148.270922159238069, -9.195779502421665 ], [ 148.270829269988923, -9.195971845369526 ], [ 148.27082026995032, -9.195992467458094 ], [ 148.270808199116061, -9.196018054495132 ], [ 148.270808199115976, -9.196018054495235 ], [ 148.270568775548895, -9.196525569626187 ], [ 148.270414918346688, -9.196822625324891 ], [ 148.270239405832854, -9.197107581719923 ], [ 148.270173319225677, -9.197206475948812 ], [ 148.270257957066519, -9.197509906104976 ], [ 148.270310927850829, -9.197814295207765 ], [ 148.270344789353459, -9.197966969838925 ], [ 148.270393192616609, -9.198304771475167 ], [ 148.270411194716871, -9.198476670961886 ], [ 148.270433285040951, -9.198799427424222 ], [ 148.270439587506957, -9.198994327010697 ], [ 148.27043441979572, -9.199399270521425 ], [ 148.270422425438198, -9.199606385765374 ], [ 148.270412363812198, -9.199861953925504 ], [ 148.270406414993914, -9.200058218614281 ], [ 148.270448840146855, -9.200444730101786 ], [ 148.270453655451576, -9.200886772372055 ], [ 148.270415002628312, -9.201327169044069 ], [ 148.270333251012971, -9.201761710188103 ], [ 148.270209181945233, -9.202186241833985 ], [ 148.270043981305633, -9.202596705680934 ], [ 148.269839228184622, -9.202989177893398 ], [ 148.269596879792715, -9.203359906612249 ], [ 148.269319252754713, -9.203705347822215 ], [ 148.269009000967401, -9.204022199233155 ], [ 148.26866909023218, -9.204307431850708 ], [ 148.268302769904494, -9.204558318934708 ], [ 148.267913541831888, -9.204772462068401 ], [ 148.267505126876841, -9.204947814088957 ], [ 148.26708142934487, -9.205082698660226 ], [ 148.266646499658094, -9.205175826300247 ], [ 148.266543298457037, -9.205192726677563 ], [ 148.266070056166313, -9.205245136788445 ], [ 148.265593892698547, -9.205248122667967 ], [ 148.265120022167878, -9.205201651593363 ], [ 148.265015320828667, -9.205185851571555 ], [ 148.264784882691345, -9.205138189689054 ], [ 148.26476630956455, -9.205168597203814 ], [ 148.264569410502162, -9.205427976743392 ], [ 148.264494536236356, -9.205542523953541 ], [ 148.264429536893118, -9.205633724546871 ], [ 148.264200836080107, -9.205928146433882 ], [ 148.264110802627272, -9.206026198587448 ], [ 148.264071133850962, -9.206106296153246 ], [ 148.263835638547505, -9.20648329556378 ], [ 148.263564086329922, -9.206835544619279 ], [ 148.2632590923306, -9.20715965089768 ], [ 148.262923593775554, -9.207452493000355 ] ] ] } },
{ "type": "Feature", "properties": { "day": "Monday", "stop": "Itokama", "zones": "1", "band_km": 10 }, "geometry": { "type": "Polygon", "coordinates": [ [ [ 148.262174269823817, -9.207933431684985 ], [ 148.261767660920043, -9.208116896402114 ], [ 148.26134491094399, -9.20825987782754 ], [ 148.260910091325002, -9.20836099890604 ], [ 148.260467389750261, -9.208419285731411 ], [ 148.260021069830003, -9.208434176927804 ], [ 148.259575430030537, -9.208405529057677 ], [ 148.259387004608215, -9.208374780633248 ], [ 148.259131766574711, -9.208353538678791 ], [ 148.258691657567965, -9.208273086375703 ], [ 148.258261629708755, -9.208150072114718 ], [ 148.257845841705944, -9.207985685521663 ], [ 148.257448314546423, -9.207781516326044 ], [ 148.257072892605123, -9.207539538986099 ], [ 148.256723206463988, -9.207262093592997 ], [ 148.256402637799113, -9.206951863238556 ], [ 148.256114286676421, -9.206611848065764 ], [ 148.255860941571513, -9.206245336253067 ], [ 148.255645052404248, -9.205855872212956 ], [ 148.255468706848234, -9.205447222312797 ], [ 148.255333610145016, -9.20502333844939 ], [ 148.255241068617323, -9.204588319829504 ], [ 148.25519197704088, -9.204146373326322 ], [ 148.255186809997298, -9.203701772795087 ], [ 148.255225617290421, -9.203258817741601 ], [ 148.255308023471088, -9.202821791743141 ], [ 148.255433231474342, -9.202394921024153 ], [ 148.255600030333596, -9.201982333587098 ], [ 148.255806806896885, -9.20158801929381 ], [ 148.256051561432059, -9.201215791283387 ], [ 148.256174658961157, -9.201063638279312 ], [ 148.256234860897109, -9.200976598758094 ], [ 148.256462845306288, -9.200708142216767 ], [ 148.256484205569393, -9.200677072923266 ], [ 148.256793721071801, -9.200315183782875 ], [ 148.257139731509824, -9.199987549085062 ], [ 148.257199400652354, -9.199941891310184 ], [ 148.25722352300096, -9.199895840600499 ], [ 148.257284537802491, -9.199783275704579 ], [ 148.257440393444341, -9.199505230199689 ], [ 148.257440393444426, -9.199505230199536 ], [ 148.257440393444483, -9.199505230199401 ], [ 148.257449095203782, -9.199489706301549 ], [ 148.257478191757713, -9.199425171994827 ], [ 148.257715808296382, -9.199017883345459 ], [ 148.25799475774906, -9.198637351902152 ], [ 148.258131824318241, -9.198486291497398 ], [ 148.258290164360176, -9.198292047106865 ], [ 148.258318051977625, -9.198263444370182 ], [ 148.258391303639513, -9.198174292461264 ], [ 148.258436219820311, -9.198127873619745 ], [ 148.258443353264084, -9.198119125556582 ], [ 148.258485700161856, -9.198076737905756 ], [ 148.258646956147146, -9.197910086940389 ], [ 148.258676992573442, -9.197881463837801 ], [ 148.258676992573498, -9.197881463837733 ], [ 148.258734057444229, -9.197827084059899 ], [ 148.258734057444343, -9.197827084059798 ], [ 148.258734057444428, -9.197827084059695 ], [ 148.258756075960974, -9.197806101581669 ], [ 148.258766264141741, -9.197795903572894 ], [ 148.258776443884329, -9.197786692028204 ], [ 148.259001956728241, -9.197571790017566 ], [ 148.259262906414705, -9.197341542113012 ], [ 148.259516557642797, -9.197150167761309 ], [ 148.259563785517798, -9.196804742927316 ], [ 148.259666998913616, -9.196372991857652 ], [ 148.259812310331796, -9.195953373678753 ], [ 148.259998319869794, -9.195549930470042 ], [ 148.260223235605935, -9.195166548485943 ], [ 148.260484890865342, -9.194806920722048 ], [ 148.260780765095063, -9.194474511343303 ], [ 148.261108008146806, -9.194172522316949 ], [ 148.261262140891262, -9.194043687737048 ], [ 148.261318273199038, -9.193953039255351 ], [ 148.261470337868019, -9.193666404563658 ], [ 148.261745731848208, -9.193213664514298 ], [ 148.262072459134458, -9.192795984711001 ], [ 148.262338802828054, -9.19249378925652 ], [ 148.262338802828083, -9.192493789256487 ], [ 148.262338802828111, -9.192493789256471 ], [ 148.262341924734329, -9.192490247115561 ], [ 148.262423319312916, -9.192395341151611 ], [ 148.262478535387032, -9.192327839920271 ], [ 148.262480737182756, -9.192325500730702 ], [ 148.262519968894424, -9.192252137493609 ], [ 148.262537048341613, -9.192220502673736 ], [ 148.262567399376763, -9.192164817807095 ], [ 148.26268418532058, -9.191874309164012 ], [ 148.262869689382654, -9.191471387240435 ], [ 148.263062893046879, -9.191100888948499 ], [ 148.263291648155388, -9.19071114519809 ], [ 148.263558355529455, -9.190345995462968 ], [ 148.263793958131259, -9.190083153886292 ], [ 148.263791992629308, -9.189987792276463 ], [ 148.263793500332554, -9.189384991257263 ], [ 148.263810500490223, -9.189005596199298 ], [ 148.263859482819157, -9.188628957034659 ], [ 148.263940101649126, -9.188257730933904 ], [ 148.264097209085293, -9.187657731881782 ], [ 148.264230217017513, -9.187235672090766 ], [ 148.264404086591753, -9.18682854374158 ], [ 148.264617154088086, -9.186440242215582 ], [ 148.264867380761132, -9.186074482745399 ], [ 148.265246784006109, -9.18557438619402 ], [ 148.265481825161828, -9.185289504131783 ], [ 148.265848005604568, -9.184880832386227 ], [ 148.266017693368013, -9.184682070742364 ], [ 148.266024223804379, -9.184667741289559 ], [ 148.266040811247052, -9.184626197071566 ], [ 148.266062643558456, -9.184549245117372 ], [ 148.266061588595761, -9.184544992518498 ], [ 148.265963184651412, -9.184493018710892 ], [ 148.265590078325886, -9.184246348090483 ], [ 148.265243201373181, -9.183964404097422 ], [ 148.264925918502541, -9.183649921620587 ], [ 148.264641307333108, -9.183305951173239 ], [ 148.26439212854072, -9.182935829300339 ], [ 148.264180799080236, -9.18254314621141 ], [ 148.264009368743046, -9.18213171095281 ], [ 148.263894341362999, -9.181754219333314 ], [ 148.263828523818717, -9.181597117249158 ], [ 148.263698615034144, -9.181175072031639 ], [ 148.263610735089372, -9.18074245199147 ], [ 148.263565721174928, -9.180303379230239 ], [ 148.263564002035764, -9.179862037318482 ], [ 148.263584420669787, -9.179646320417005 ], [ 148.263567243640324, -9.179592678161869 ], [ 148.263474109905388, -9.179157823774378 ], [ 148.263423113569644, -9.178844822634673 ], [ 148.263375556357033, -9.178435386909985 ], [ 148.26336571763278, -9.178023349008026 ], [ 148.263393679021021, -9.177612132728179 ], [ 148.263405843440779, -9.177536583844772 ], [ 148.263358397509165, -9.177465467006366 ], [ 148.263147615861328, -9.17706921570392 ], [ 148.26297735115142, -9.176654174165845 ], [ 148.262849276371099, -9.176224420845525 ], [ 148.262764649910991, -9.175784178750947 ], [ 148.262727453050985, -9.175520277855318 ], [ 148.262687013895572, -9.175071559070279 ], [ 148.262691713966149, -9.17462106878418 ], [ 148.262741506429137, -9.174173279538941 ], [ 148.262835896767939, -9.173732637043221 ], [ 148.26297394769918, -9.173303516034835 ], [ 148.263154288484941, -9.172890176848318 ], [ 148.263194565498793, -9.172818418460011 ], [ 148.263213606177487, -9.172775564025798 ], [ 148.263362709690654, -9.172446765292888 ], [ 148.263367883709066, -9.172436445773537 ], [ 148.263370250218259, -9.172430405701865 ], [ 148.263474747262279, -9.172192662065916 ], [ 148.263541400244492, -9.172027072840891 ], [ 148.2636466649125, -9.171800214313427 ], [ 148.26366523786831, -9.17166818395404 ], [ 148.263759928094942, -9.17126658195868 ], [ 148.26382853103982, -9.171025682406304 ], [ 148.26384815865336, -9.170963964952774 ], [ 148.263870686171458, -9.170866940759311 ], [ 148.263992975789023, -9.170438010747727 ], [ 148.264157179357255, -9.170023132952386 ], [ 148.264290282484723, -9.169730134083403 ], [ 148.264480064964317, -9.169358955769781 ], [ 148.264703401164354, -9.169006698045269 ], [ 148.264801008736697, -9.168880246430874 ], [ 148.264995227121574, -9.168606107593774 ], [ 148.265306687468012, -9.168251484736361 ], [ 148.265607988386591, -9.167942487383179 ], [ 148.26589986146999, -9.167668459393337 ], [ 148.266214909847065, -9.167421069106554 ], [ 148.266528682717933, -9.167216579043593 ], [ 148.266532124899356, -9.16712280998545 ], [ 148.266541626467017, -9.167001209894373 ], [ 148.266584612056931, -9.166640034492719 ], [ 148.266657717897743, -9.166183934625794 ], [ 148.266693201238269, -9.166026693555006 ], [ 148.266736193220652, -9.165771380407596 ], [ 148.266835878689506, -9.165388645149356 ], [ 148.266968828112169, -9.165016026289289 ], [ 148.266977929577251, -9.164996211306395 ], [ 148.267088108790148, -9.164684734283567 ], [ 148.267303746554717, -9.164238379333801 ], [ 148.267491108892386, -9.163939513444486 ], [ 148.267523167365908, -9.163856170615592 ], [ 148.267616924612952, -9.163537237112985 ], [ 148.267634254500194, -9.163447103819861 ], [ 148.267639658844217, -9.163419462850744 ], [ 148.267668530288461, -9.163274214563723 ], [ 148.267671154380082, -9.16324188030228 ], [ 148.267738125937711, -9.16288303035822 ], [ 148.267730152668918, -9.162653848238381 ], [ 148.267743189584962, -9.162121706039843 ], [ 148.267767193269435, -9.161835805846092 ], [ 148.267796791976764, -9.161609553721576 ], [ 148.267796506787874, -9.161604005173942 ], [ 148.267800111065327, -9.161268904639655 ], [ 148.267801788159659, -9.161185311449405 ], [ 148.26780679034195, -9.16101501121727 ], [ 148.267825616755914, -9.160715469698708 ], [ 148.267837318318982, -9.160594169635653 ], [ 148.267891116001636, -9.160210443620512 ], [ 148.26797777387975, -9.159832703072007 ], [ 148.268071278049831, -9.159493003660149 ], [ 148.268122335126634, -9.159320993916182 ], [ 148.268210446186856, -9.15904448169422 ], [ 148.268262892947348, -9.158844542096396 ], [ 148.268395743341756, -9.1584234594817 ], [ 148.268536639946575, -9.158043003180605 ], [ 148.268537258185859, -9.157890625606662 ], [ 148.268526105120969, -9.157590689269341 ], [ 148.268523585049167, -9.157496110578883 ], [ 148.268512893452254, -9.156832509300687 ], [ 148.268514252497823, -9.156628036630385 ], [ 148.268524914824695, -9.156265512062799 ], [ 148.268516176782867, -9.156059977453829 ], [ 148.268512121927671, -9.155867866501577 ], [ 148.268512225616433, -9.155498816753109 ], [ 148.268511920263848, -9.155278906929043 ], [ 148.268450837975394, -9.15508735276279 ], [ 148.26835819908348, -9.154652109016103 ], [ 148.268350264689076, -9.154580723939809 ], [ 148.268297510366949, -9.154255301408718 ], [ 148.268269767245528, -9.153820418442344 ], [ 148.268263772239209, -9.153426017687211 ], [ 148.268290574422309, -9.152862976241716 ], [ 148.268322561775108, -9.152574222472849 ], [ 148.26832391147147, -9.15255634565705 ], [ 148.268397890869522, -9.15201600891166 ], [ 148.268509622650498, -9.151591639516703 ], [ 148.268509776053691, -9.15149470767102 ], [ 148.268508264081845, -9.151451462474931 ], [ 148.268509889137533, -9.151423254069675 ], [ 148.268509995098213, -9.151356302467514 ], [ 148.268518885115441, -9.15126709808778 ], [ 148.268532158623259, -9.151036690982332 ], [ 148.268594262423562, -9.150625849956034 ], [ 148.268694051017064, -9.150222408063383 ], [ 148.268830681777047, -9.149829771489586 ], [ 148.268972585753517, -9.149475572634429 ], [ 148.269141704188996, -9.149103317125148 ], [ 148.269151687535867, -9.149085764092112 ], [ 148.269171198826882, -9.148971928717653 ], [ 148.269253427059567, -9.148591762365403 ], [ 148.269368220670799, -9.148220023076378 ], [ 148.26947338115653, -9.147925311004988 ], [ 148.269544538431859, -9.147716935803743 ], [ 148.269710489916918, -9.14730011335457 ], [ 148.269917158000823, -9.146901669445366 ], [ 148.270047368982176, -9.146702044115559 ], [ 148.270069362899903, -9.14664083317394 ], [ 148.270246708770571, -9.146261972489693 ], [ 148.270274588470613, -9.14620896596154 ], [ 148.270286935496244, -9.146172774665864 ], [ 148.270322727503213, -9.146071808693421 ], [ 148.270381929359331, -9.145910909151286 ], [ 148.270412257727088, -9.14583547979151 ], [ 148.270414779290434, -9.14582278564977 ], [ 148.270417863162947, -9.145808667898351 ], [ 148.270405709566802, -9.145708916925717 ], [ 148.270325419137436, -9.145391964602178 ], [ 148.270247423616979, -9.144996263013924 ], [ 148.270223799045965, -9.14486638499336 ], [ 148.270175502411178, -9.144576783926153 ], [ 148.270128455616344, -9.144194199357315 ], [ 148.270114367898941, -9.143809022907085 ], [ 148.270118722813123, -9.143720662952756 ], [ 148.2700822327796, -9.143471849349979 ], [ 148.270064304364183, -9.142982653509794 ], [ 148.270099698129087, -9.142494398621258 ], [ 148.270132476660905, -9.142237393838403 ], [ 148.270145275451114, -9.142115490959624 ], [ 148.270145075073629, -9.142093264474871 ], [ 148.270141172178029, -9.141976054367371 ], [ 148.270122782245238, -9.141800643016605 ], [ 148.27012706931913, -9.141293559790762 ], [ 148.270188467082193, -9.140790142892229 ], [ 148.270256684913903, -9.14041052723541 ], [ 148.270314802143417, -9.140086711559899 ], [ 148.270387520969564, -9.139754383037513 ], [ 148.270485169687504, -9.13942842663965 ], [ 148.270589610196993, -9.139122392288094 ], [ 148.270688575587855, -9.138820265171349 ], [ 148.27083142463303, -9.138442381298569 ], [ 148.270907099526028, -9.138266478397931 ], [ 148.270933489562339, -9.138170600257775 ], [ 148.270937374953689, -9.138047162451274 ], [ 148.270956658817909, -9.137749403218667 ], [ 148.270981462064725, -9.137496803091036 ], [ 148.271058718787174, -9.137001477473243 ], [ 148.271063429518165, -9.136698260208041 ], [ 148.271090752074798, -9.136314803781683 ], [ 148.271090739072918, -9.136314449140038 ], [ 148.271098372099374, -9.135715715920949 ], [ 148.271098557382203, -9.135701182479488 ], [ 148.271099047371621, -9.135662748113727 ], [ 148.271100855811397, -9.135637649405103 ], [ 148.271101292605607, -9.135533060864923 ], [ 148.27112104571637, -9.135339754151577 ], [ 148.271126112782241, -9.135258317220451 ], [ 148.271129844346461, -9.135235327556961 ], [ 148.271137249516926, -9.135132553750672 ], [ 148.271196250317161, -9.134826209045327 ], [ 148.271197214531952, -9.134820268640022 ], [ 148.271197868713472, -9.134817805982626 ], [ 148.27123779906114, -9.134610478922069 ], [ 148.271246341531281, -9.134576941824857 ], [ 148.271237127258672, -9.134365929774781 ], [ 148.271238733059675, -9.133909229003475 ], [ 148.271264122157362, -9.133447766472681 ], [ 148.271336778325093, -9.132991290223277 ], [ 148.271343892679852, -9.132964620015441 ], [ 148.271278789790244, -9.132581967819769 ], [ 148.271275528508994, -9.132556012153675 ], [ 148.271211907643078, -9.132286809343949 ], [ 148.270957792074569, -9.132187849985915 ], [ 148.270563395706887, -9.131988369366541 ], [ 148.270190366700945, -9.131751751665059 ], [ 148.269842234519103, -9.131480235676724 ], [ 148.269522293037397, -9.131176390392293 ], [ 148.269453892930841, -9.131104789773969 ], [ 148.269162302705752, -9.130767831412893 ], [ 148.268905408530998, -9.130404050690146 ], [ 148.26868569241239, -9.130016962436271 ], [ 148.268505277120994, -9.129610306669862 ], [ 148.268365905686039, -9.129188012459537 ], [ 148.268268924557702, -9.128754159959595 ], [ 148.268215270602838, -9.128312940986069 ], [ 148.268205462058347, -9.127868618514645 ], [ 148.268239593530211, -9.127425485491287 ], [ 148.268317335085442, -9.126987823354144 ], [ 148.268437935446372, -9.126559860666935 ], [ 148.268460498074717, -9.126502287201157 ], [ 148.26850638994847, -9.126224673399852 ], [ 148.268277466677773, -9.125973785700889 ], [ 148.268011413537209, -9.125617461677843 ], [ 148.26778178476269, -9.125236936370271 ], [ 148.26759079174812, -9.124835874524825 ], [ 148.267440273775208, -9.124418138661282 ], [ 148.2673316803033, -9.123987751871441 ], [ 148.267266057014695, -9.123548859071931 ], [ 148.267244035749201, -9.123105687084356 ], [ 148.267265828424769, -9.122662503926845 ], [ 148.267331225002948, -9.122223577709695 ], [ 148.267439595517686, -9.121793135530526 ], [ 148.267506939697881, -9.121605929113041 ], [ 148.267507195394529, -9.121605067810568 ], [ 148.267507654511604, -9.12160394204046 ], [ 148.267589896148621, -9.12137532276512 ], [ 148.267667070638794, -9.121213048094868 ], [ 148.267674900408849, -9.121193849203976 ], [ 148.267688001929969, -9.121169035880371 ], [ 148.26778067927944, -9.12097416314586 ], [ 148.267863070942298, -9.120837467641726 ], [ 148.267882353714697, -9.120800947407632 ], [ 148.267913183770247, -9.120754325702594 ], [ 148.268010107444553, -9.120593520012267 ], [ 148.268093139336315, -9.120482193745946 ], [ 148.268110975275562, -9.120455221902253 ], [ 148.268140170270556, -9.120397847414051 ], [ 148.268337495380138, -9.120049260141524 ], [ 148.268453503840391, -9.119881075479022 ], [ 148.26858301697925, -9.119671168468217 ], [ 148.26864461769199, -9.11957946902403 ], [ 148.268677400711795, -9.119531340605471 ], [ 148.268759101598221, -9.119413041343153 ], [ 148.269044009949653, -9.119042940359694 ], [ 148.269113513941448, -9.118969706032299 ], [ 148.269271899996994, -9.118632254135067 ], [ 148.269500636972651, -9.118248765605212 ], [ 148.269766260672668, -9.117889528172428 ], [ 148.270066188727583, -9.117558034145487 ], [ 148.270397505304061, -9.117257506114175 ], [ 148.270756989452821, -9.11699086562342 ], [ 148.271141146422167, -9.116760704774125 ], [ 148.271546241631455, -9.116569261027024 ], [ 148.271968336975391, -9.116418395453969 ], [ 148.272403329105401, -9.116309574648204 ], [ 148.272846989316605, -9.11624385646931 ], [ 148.273093115376099, -9.116231783199574 ], [ 148.273249689801446, -9.116211480307186 ], [ 148.27369835494369, -9.116197639367929 ], [ 148.274146208495921, -9.116227808979845 ], [ 148.274588890524711, -9.116301695413766 ], [ 148.27502209144123, -9.116418579349784 ], [ 148.275441593950831, -9.116577322879941 ], [ 148.275843314105032, -9.11677638058562 ], [ 148.27622334105547, -9.117013814581636 ], [ 148.276577975123701, -9.117287313380572 ], [ 148.276903763815909, -9.117594214394099 ], [ 148.277197535432578, -9.117931529851784 ], [ 148.277342265195387, -9.118135266194598 ], [ 148.277390599073897, -9.118197660756261 ], [ 148.277421635580055, -9.11824699588748 ], [ 148.277456429945317, -9.118295975885708 ], [ 148.277495430937648, -9.118364299727409 ], [ 148.277625282031352, -9.118570708555302 ], [ 148.277822373275484, -9.118964658823849 ], [ 148.277980006577678, -9.11937578153319 ], [ 148.278096689289896, -9.11980018405105 ], [ 148.278171316481746, -9.120233847996129 ], [ 148.278203181407008, -9.120672667283968 ], [ 148.278193505090485, -9.121052679368049 ], [ 148.27820330488413, -9.121134972861309 ], [ 148.278247012358179, -9.121741371281891 ], [ 148.278256563920934, -9.122201008029096 ], [ 148.278219101633198, -9.122659232712373 ], [ 148.278155131989308, -9.123138302460372 ], [ 148.278106443733463, -9.123504093432425 ], [ 148.278123578066158, -9.123599490396071 ], [ 148.278252900604343, -9.123867012804643 ], [ 148.27841120355933, -9.124232010545686 ], [ 148.278617706852941, -9.124814795025546 ], [ 148.278756111991697, -9.125311392620315 ], [ 148.278786944540485, -9.125428045966133 ], [ 148.278835161059618, -9.125620902998191 ], [ 148.278894209190469, -9.125809627790126 ], [ 148.279013344441779, -9.126165324562132 ], [ 148.279160222494085, -9.126725757120781 ], [ 148.279195990822529, -9.126787383372841 ], [ 148.279206079690283, -9.126802991651429 ], [ 148.279432649067729, -9.127195390278509 ], [ 148.279618626700369, -9.127608326809025 ], [ 148.279762150466723, -9.128037666963202 ], [ 148.279827027595104, -9.128325119649178 ], [ 148.279882579217883, -9.128504052333646 ], [ 148.279967457255623, -9.128900655884518 ], [ 148.280016242055552, -9.129303221726593 ], [ 148.280039342029198, -9.129608726422907 ], [ 148.28010046499864, -9.129954089841148 ], [ 148.280143236398487, -9.130277705521857 ], [ 148.280161811109963, -9.130402786741961 ], [ 148.280195024780454, -9.130683921255496 ], [ 148.280203464287496, -9.130708468658787 ], [ 148.2802718667308, -9.130946867484305 ], [ 148.280292816215137, -9.131044285767342 ], [ 148.280325698384843, -9.131128132884905 ], [ 148.280457594314868, -9.131515349409394 ], [ 148.280553759443961, -9.131912822590792 ], [ 148.280613407534986, -9.132317303202523 ], [ 148.280616325323734, -9.132369901049804 ], [ 148.280644002813915, -9.132576101859174 ], [ 148.280656131758718, -9.133063518677623 ], [ 148.280638281748935, -9.133276338665967 ], [ 148.28062992327861, -9.133441911395138 ], [ 148.280621053017086, -9.133499905830567 ], [ 148.280620222113555, -9.133519932534329 ], [ 148.280575930493512, -9.133824925241679 ], [ 148.280728802588953, -9.134070817951917 ], [ 148.280838773262644, -9.134272663951259 ], [ 148.280838773262758, -9.134272663951496 ], [ 148.2808387732629, -9.13427266395175 ], [ 148.280844903915209, -9.13428391646684 ], [ 148.280845499633671, -9.13428510549646 ], [ 148.280932553112876, -9.134438284414951 ], [ 148.281080154992338, -9.134721482483499 ], [ 148.281291248168685, -9.135189816259125 ], [ 148.281387281303097, -9.135490255715961 ], [ 148.281440280976426, -9.135644462997751 ], [ 148.281528724492944, -9.135949983046483 ], [ 148.281650222020971, -9.136267553223147 ], [ 148.281765860098432, -9.136610517202131 ], [ 148.281795626798441, -9.136712123103434 ], [ 148.281800333626961, -9.136728189424142 ], [ 148.281808309993608, -9.136752423827803 ], [ 148.281810601251806, -9.136758299568612 ], [ 148.282121862455938, -9.136979307693547 ], [ 148.282455698788453, -9.137269014683596 ], [ 148.282759587385129, -9.137589627337769 ], [ 148.282849711653029, -9.13769450870195 ], [ 148.283053643198599, -9.137904178831169 ], [ 148.283312605264484, -9.138223999791174 ], [ 148.283541311969572, -9.138565844133232 ], [ 148.283737877994298, -9.138926894013789 ], [ 148.283900682940526, -9.139304173270745 ], [ 148.284082287245383, -9.139784070507476 ], [ 148.284232999380976, -9.140260770208505 ], [ 148.284274072784569, -9.140421201130321 ], [ 148.284353099930854, -9.14055447029267 ], [ 148.284540675182654, -9.14095609385117 ], [ 148.28455473988916, -9.140996040773082 ], [ 148.284608161858358, -9.14113102223644 ], [ 148.284678687652843, -9.141290900550006 ], [ 148.284851361928162, -9.141748004006603 ], [ 148.284973432293157, -9.142220945840101 ], [ 148.284987682665303, -9.142291874338678 ], [ 148.285013427945614, -9.142386254353562 ], [ 148.285031316025226, -9.142509050789318 ], [ 148.285049336552049, -9.142598744303628 ], [ 148.28512774176636, -9.143189578778285 ], [ 148.285149445862601, -9.143520077938833 ], [ 148.285158378968845, -9.143895243782499 ], [ 148.285156863955649, -9.143979568408641 ], [ 148.285159486908725, -9.144195864943859 ], [ 148.285322622712357, -9.144484878479615 ], [ 148.285382059475268, -9.144617320506221 ], [ 148.285416152595019, -9.144681051818802 ], [ 148.285450636059892, -9.144770128499591 ], [ 148.285492495956362, -9.144863404085228 ], [ 148.285519842032045, -9.144943314538878 ], [ 148.285532125265775, -9.144972022466492 ], [ 148.285546813265398, -9.14501857035005 ], [ 148.285614295515586, -9.145192888053288 ], [ 148.285645217580054, -9.145289962785395 ], [ 148.285689301319451, -9.145376508226915 ], [ 148.285781455053609, -9.14556850438233 ], [ 148.28597295837514, -9.145992901691208 ], [ 148.286125877741398, -9.146378142878993 ], [ 148.286154531230466, -9.146475658136735 ], [ 148.286171213647037, -9.146518223909453 ], [ 148.286235334614531, -9.146750652643384 ], [ 148.286242686402005, -9.146775672622109 ], [ 148.286246180296757, -9.146789966549008 ], [ 148.286296052031588, -9.146970743658761 ], [ 148.286308143786925, -9.147043466088199 ], [ 148.286333590415609, -9.14714757094082 ], [ 148.286423367168226, -9.14762567480817 ], [ 148.286434597020673, -9.147710589846653 ], [ 148.286443489116635, -9.147760051660709 ], [ 148.286452490856561, -9.147804417430569 ], [ 148.286452490856561, -9.147804417430587 ], [ 148.286455659164346, -9.147820032676348 ], [ 148.286455659164346, -9.14782003267643 ], [ 148.286455659164403, -9.147820032676565 ], [ 148.28648670540386, -9.147973046328074 ], [ 148.286530135573599, -9.148223127378387 ], [ 148.286537110142064, -9.148271323552578 ], [ 148.286548251539017, -9.148334117480578 ], [ 148.286564965267843, -9.148436529595399 ], [ 148.286764758526317, -9.14881084525797 ], [ 148.286902675279634, -9.149092371177902 ], [ 148.286973128307551, -9.149249815559596 ], [ 148.286986256340896, -9.149275712692731 ], [ 148.28721626030989, -9.149784009463136 ], [ 148.287379174669809, -9.150197126726402 ], [ 148.287500558132734, -9.150624123388528 ], [ 148.287534127864546, -9.150810465775344 ], [ 148.287560831310799, -9.150911357354273 ], [ 148.287631535308833, -9.151349466818946 ], [ 148.287658687038174, -9.151792353582985 ], [ 148.287642024854449, -9.152235752436543 ], [ 148.287581709060078, -9.152675393222642 ], [ 148.287478320366716, -9.153107041960565 ], [ 148.287332854308943, -9.153526541621286 ], [ 148.2871467116627, -9.153929852162626 ], [ 148.286921684960447, -9.154313089438215 ], [ 148.286659941232841, -9.154672562605679 ], [ 148.286364001142971, -9.155004809673729 ], [ 148.286036714713646, -9.155306630845606 ], [ 148.285681233881746, -9.155575119337884 ], [ 148.285300982143838, -9.155807689377319 ], [ 148.28489962158514, -9.156002101106614 ], [ 148.284481017609551, -9.156156482158405 ], [ 148.284049201710673, -9.156269345690264 ], [ 148.28360833264199, -9.156339604706297 ], [ 148.283162656360844, -9.15636658252785 ], [ 148.282716465131955, -9.156350019312034 ], [ 148.282274056184434, -9.156290074555388 ], [ 148.281839690320709, -9.156187325558433 ], [ 148.281417550876597, -9.156042761865971 ], [ 148.281011703427367, -9.15585777573663 ], [ 148.280626056628762, -9.15563414873345 ], [ 148.2802643245696, -9.155374034564701 ], [ 148.279929990999335, -9.155079938340283 ], [ 148.279626275774916, -9.154754692443438 ], [ 148.279356103850148, -9.154401429250536 ], [ 148.279122077106365, -9.154023550961462 ], [ 148.27909781122321, -9.153974076730913 ], [ 148.279070672200703, -9.153934134240764 ], [ 148.278858289474897, -9.153543834857478 ], [ 148.27868542651521, -9.153134727668398 ], [ 148.27859601083378, -9.152890128191864 ], [ 148.278544977510791, -9.152778945958197 ], [ 148.27844007694253, -9.152629231409163 ], [ 148.278214368517922, -9.152272772215088 ], [ 148.278023015386339, -9.15189698908898 ], [ 148.277918609121713, -9.151633619480954 ], [ 148.27787470202486, -9.151810162229253 ], [ 148.277702356132608, -9.152353532626586 ], [ 148.277610750969984, -9.15258936452242 ], [ 148.277597499968863, -9.152749773939949 ], [ 148.277586116017233, -9.152836498132707 ], [ 148.277585700052981, -9.152841543489796 ], [ 148.277584804374584, -9.152846490368809 ], [ 148.277566403012315, -9.15298667391933 ], [ 148.27750346914047, -9.153323418173015 ], [ 148.277529665904353, -9.15342637073508 ], [ 148.27759511843729, -9.153846406913919 ], [ 148.277620591288184, -9.154270694850702 ], [ 148.277625195901038, -9.154634694162818 ], [ 148.277625276871703, -9.154741554320701 ], [ 148.277619945608421, -9.155220364182959 ], [ 148.277618737693444, -9.155480723704315 ], [ 148.277625868440026, -9.155557206827657 ], [ 148.277644623731902, -9.155898026775839 ], [ 148.277637452985687, -9.156239281560499 ], [ 148.277635783739584, -9.156267540292703 ], [ 148.277638642266851, -9.15629174352383 ], [ 148.277640822944562, -9.156800453688412 ], [ 148.277632187381215, -9.156965251361934 ], [ 148.277633061151647, -9.157219379772309 ], [ 148.277633821547965, -9.157504178540821 ], [ 148.27764287596608, -9.157822126173366 ], [ 148.277644683969271, -9.157960762560064 ], [ 148.277643445112261, -9.158479351271609 ], [ 148.277645974233678, -9.158806940869425 ], [ 148.277630329410272, -9.159217852437298 ], [ 148.277581341232491, -9.159593735673267 ], [ 148.277575612106915, -9.159662184015449 ], [ 148.27750110234004, -9.160077665306259 ], [ 148.277387933939764, -9.160484433066609 ], [ 148.277259070740541, -9.160875536945259 ], [ 148.277180432824053, -9.161143228673753 ], [ 148.277154338082426, -9.161275182700123 ], [ 148.277060835444928, -9.161658697430166 ], [ 148.276934037933842, -9.162032649883635 ], [ 148.276921169181122, -9.162061888196757 ], [ 148.276919415460242, -9.162120400495116 ], [ 148.276919823386862, -9.162227292997075 ], [ 148.276927441276968, -9.16251122126185 ], [ 148.276900126516949, -9.163140796661288 ], [ 148.276887616247791, -9.163250510087453 ], [ 148.276894061256627, -9.163485217079174 ], [ 148.276857579613647, -9.163955101144158 ], [ 148.276772076062684, -9.164418659073716 ], [ 148.276733718318866, -9.164548491697179 ], [ 148.276710095652845, -9.164812781731181 ], [ 148.276613708199875, -9.16529288442606 ], [ 148.276588165802423, -9.165391841006876 ], [ 148.276531215559231, -9.165695998889506 ], [ 148.276409473635226, -9.166189883568439 ], [ 148.276232695212855, -9.166667061217648 ], [ 148.27602849654059, -9.167135205275864 ], [ 148.275910509927513, -9.167461531001296 ], [ 148.275708185350993, -9.167934679124997 ], [ 148.275657668542038, -9.168023261355176 ], [ 148.275637457587351, -9.168298493289244 ], [ 148.275573164958161, -9.168691854900333 ], [ 148.275486391753617, -9.169106370717305 ], [ 148.275448282757537, -9.169302883254865 ], [ 148.275407446440113, -9.169554609108108 ], [ 148.275311370069915, -9.170001651485979 ], [ 148.275187875736094, -9.170461152244593 ], [ 148.27514891328218, -9.170579622321053 ], [ 148.275131719573977, -9.170660678775475 ], [ 148.275003067742176, -9.171136850246738 ], [ 148.274823005174596, -9.171596271003775 ], [ 148.274706207900095, -9.171852071996295 ], [ 148.274435162250484, -9.172357820955252 ], [ 148.274236064991442, -9.172678522754085 ], [ 148.274224856110919, -9.172696483695615 ], [ 148.274087657959882, -9.17291518493634 ], [ 148.273844434753244, -9.173265090339422 ], [ 148.273569204289032, -9.173590740862398 ], [ 148.273264401319494, -9.17388925560806 ], [ 148.272932722233293, -9.174157993728111 ], [ 148.272611321413365, -9.174394296288702 ], [ 148.272360955977518, -9.174561023363584 ], [ 148.272286380298624, -9.174767999905082 ], [ 148.272268464731468, -9.174811086769154 ], [ 148.272448683076306, -9.175196739238748 ], [ 148.272599283694035, -9.175628548136608 ], [ 148.27270524880953, -9.176073257894862 ], [ 148.272751051651539, -9.176320656932432 ], [ 148.272784058458001, -9.176525157124493 ], [ 148.272811860863328, -9.176726856445528 ], [ 148.272849964236286, -9.177151172112906 ], [ 148.272847710633243, -9.177577167824801 ], [ 148.27284477707795, -9.177606364734336 ], [ 148.27288283430795, -9.177684951223675 ], [ 148.272912814148754, -9.177765830339373 ], [ 148.273005932134765, -9.177843837749187 ], [ 148.273333126410279, -9.178181391450776 ], [ 148.273359194322893, -9.178214565054237 ], [ 148.273521770687239, -9.178385389980512 ], [ 148.273809914815274, -9.178759493574628 ], [ 148.27405732181856, -9.179161358595131 ], [ 148.274261305732864, -9.179586622412373 ], [ 148.274372507982633, -9.179853420789778 ], [ 148.274513679189283, -9.180241283977336 ], [ 148.274586661473393, -9.180474560763171 ], [ 148.274689890577548, -9.180768474034558 ], [ 148.27485447199814, -9.181365777748242 ], [ 148.274926676029168, -9.181722076293642 ], [ 148.27500620739562, -9.182314910722724 ], [ 148.275018886585883, -9.182504554203119 ], [ 148.27502219650907, -9.182522583834661 ], [ 148.275083758409579, -9.182728341619654 ], [ 148.275191069948619, -9.1831656201049 ], [ 148.275254097155056, -9.183611333650065 ], [ 148.275278700493288, -9.18388283288294 ], [ 148.275297011424499, -9.184273315937117 ], [ 148.275281310474213, -9.184663911199024 ], [ 148.275251715032482, -9.185016710959205 ], [ 148.27520466040383, -9.185389609407869 ], [ 148.275139065377971, -9.185777909563328 ], [ 148.275114292658657, -9.185912118324024 ], [ 148.275019498669849, -9.186385318701854 ], [ 148.27486304077064, -9.18696336992109 ], [ 148.274681846993303, -9.187490771277918 ], [ 148.274650176820359, -9.187576100445055 ], [ 148.274601796848515, -9.187732608149332 ], [ 148.27448575340793, -9.188062107111856 ], [ 148.274344472004856, -9.188381727868542 ], [ 148.274097077209404, -9.188887430018683 ], [ 148.273780025433837, -9.189434663612138 ], [ 148.273652222270215, -9.189623413047391 ], [ 148.273622958238349, -9.189670788719701 ], [ 148.273429698884229, -9.18995837676119 ], [ 148.273214884609416, -9.190230447275336 ], [ 148.273196372725124, -9.190252131584323 ], [ 148.273165259170355, -9.190293002739047 ], [ 148.272941140075346, -9.190555814199358 ], [ 148.272937374422725, -9.190826984704129 ], [ 148.272900882097019, -9.191421284133551 ], [ 148.27284916157285, -9.191878760682986 ], [ 148.272750893037596, -9.1923286402378 ], [ 148.272617899051227, -9.192816241072329 ], [ 148.27245136894382, -9.193311517980902 ], [ 148.272228478146275, -9.193784412994086 ], [ 148.27199628224335, -9.194211015062253 ], [ 148.27188844440991, -9.194398315727552 ], [ 148.271762730865021, -9.194605056425695 ], [ 148.271679850457645, -9.194750301656434 ], [ 148.271452979427494, -9.195107831679129 ], [ 148.271193499669351, -9.195442749415561 ], [ 148.270969700981453, -9.195705251430716 ], [ 148.2709398698874, -9.195737702252226 ], [ 148.270922159238069, -9.195779502421665 ], [ 148.270829269988923, -9.195971845369526 ], [ 148.27082026995032, -9.195992467458094 ], [ 148.270808199116061, -9.196018054495132 ], [ 148.270808199115976, -9.196018054495235 ], [ 148.270568775548895, -9.196525569626187 ], [ 148.270414918346688, -9.196822625324891 ], [ 148.270239405832854, -9.197107581719923 ], [ 148.270173319225677, -9.197206475948812 ], [ 148.270257957066519, -9.197509906104976 ], [ 148.270310927850829, -9.197814295207765 ], [ 148.270344789353459, -9.197966969838925 ], [ 148.270393192616609, -9.198304771475167 ], [ 148.270411194716871, -9.198476670961886 ], [ 148.270433285040951, -9.198799427424222 ], [ 148.270439587506957, -9.198994327010697 ], [ 148.27043441979572, -9.199399270521425 ], [ 148.270422425438198, -9.199606385765374 ], [ 148.270412363812198, -9.199861953925504 ], [ 148.270406414993914, -9.200058218614281 ], [ 148.270448840146855, -9.200444730101786 ], [ 148.270453655451576, -9.200886772372055 ], [ 148.270415002628312, -9.201327169044069 ], [ 148.270333251012971, -9.201761710188103 ], [ 148.270209181945233, -9.202186241833985 ], [ 148.270043981305633, -9.202596705680934 ], [ 148.269839228184622, -9.202989177893398 ], [ 148.269596879792715, -9.203359906612249 ], [ 148.269319252754713, -9.203705347822215 ], [ 148.269009000967401, -9.204022199233155 ], [ 148.26866909023218, -9.204307431850708 ], [ 148.268302769904494, -9.204558318934708 ], [ 148.267913541831888, -9.204772462068401 ], [ 148.267505126876841, -9.204947814088957 ], [ 148.26708142934487, -9.205082698660226 ], [ 148.266646499658094, -9.205175826300247 ], [ 148.266543298457037, -9.205192726677563 ], [ 148.266070056166313, -9.205245136788445 ], [ 148.265593892698547, -9.205248122667967 ], [ 148.265120022167878, -9.205201651593363 ], [ 148.265015320828667, -9.205185851571555 ], [ 148.264784882691345, -9.205138189689054 ], [ 148.26476630956455, -9.205168597203814 ], [ 148.264569410502162, -9.205427976743392 ], [ 148.264494536236356, -9.205542523953541 ], [ 148.264429536893118, -9.205633724546871 ], [ 148.264200836080107, -9.205928146433882 ], [ 148.264110802627272, -9.206026198587448 ], [ 148.264071133850962, -9.206106296153246 ], [ 148.263835638547505, -9.20648329556378 ], [ 148.263564086329922, -9.206835544619279 ], [ 148.2632590923306, -9.20715965089768 ], [ 148.262923593775554, -9.207452493000355 ], [ 148.262560821698401, -9.207711250616038 ], [ 148.262174269823817, -9.207933431684985 ] ] ] } },
{ "type": "Feature", "properties": { "day": "Tuesday", "stop": "Umbuara", "zones": "2", "band_km": 2 }, "geometry": { "type": "Polygon", "coordinates": [ [ [ 148.269345040179985, -9.139965263968445 ], [ 148.269071294351846, -9.140315793522571 ], [ 148.26876429350051, -9.140637969878906 ], [ 148.268426994181084, -9.140928690225353 ], [ 148.268062644771334, -9.141185154684676 ], [ 148.267674754188164, -9.141404893282076 ], [ 148.267267058093438, -9.141585789735549 ], [ 148.266843482915164, -9.141726101839827 ], [ 148.266408108030305, -9.141824478247592 ], [ 148.26596512647356, -9.141879971486283 ], [ 148.265518804551164, -9.141892047084779 ], [ 148.265073440747784, -9.141860588722198 ], [ 148.264633324323995, -9.141785899349241 ], [ 148.264202694001824, -9.141668698270884 ], [ 148.263785697137422, -9.141510114218974 ], [ 148.263386349774009, -9.141311674481079 ], [ 148.26300849795993, -9.141075290190374 ], [ 148.26265578070462, -9.14080323791862 ], [ 148.262331594929691, -9.140498137749013 ], [ 148.262039062752194, -9.140162928040677 ], [ 148.261781001415784, -9.139800837127666 ], [ 148.261559896159156, -9.139415352225219 ], [ 148.261377876283177, -9.139010185842817 ], [ 148.261236694646954, -9.138589240027626 ], [ 148.261137710790337, -9.138156568782854 ], [ 148.261081877845385, -9.137716339023033 ], [ 148.261069733362405, -9.137272790442195 ], [ 148.261101394138763, -9.136830194681782 ], [ 148.261176555100377, -9.136392814191419 ], [ 148.261294492246009, -9.135964861178767 ], [ 148.26141207176488, -9.135659520748906 ], [ 148.261428090575322, -9.135522607688003 ], [ 148.26150224990451, -9.1351561283119 ], [ 148.261606617754012, -9.134796989472159 ], [ 148.261729922077279, -9.134430290378846 ], [ 148.261914547028141, -9.133967651464403 ], [ 148.262149217486893, -9.133527981238796 ], [ 148.262302625062574, -9.133304093052592 ], [ 148.262320521942996, -9.133167497038334 ], [ 148.262413369666007, -9.132758974766775 ], [ 148.262543854504372, -9.132360742972487 ], [ 148.262710856773651, -9.131976218470756 ], [ 148.262732998207497, -9.131931103875605 ], [ 148.262757723999357, -9.13158872274964 ], [ 148.262844322694008, -9.131112397664952 ], [ 148.262977629666864, -9.130552398373894 ], [ 148.263128246473684, -9.130051136298396 ], [ 148.263336114302291, -9.12957051904711 ], [ 148.263592819430471, -9.129060521279474 ], [ 148.26360696163249, -9.129032665460382 ], [ 148.263853566423478, -9.128551067613214 ], [ 148.264046672667604, -9.128211106752067 ], [ 148.264187637576129, -9.128006458139307 ], [ 148.26420020170346, -9.127864249479041 ], [ 148.264212825902973, -9.127740820827174 ], [ 148.264272586211007, -9.127226742839943 ], [ 148.264276949976022, -9.127165797721752 ], [ 148.264332477723229, -9.126713603645483 ], [ 148.2644335083138, -9.126269257724227 ], [ 148.264579015996617, -9.125837270591456 ], [ 148.26459968063179, -9.125784854702738 ], [ 148.264603077930786, -9.125762842013268 ], [ 148.264605715126891, -9.125745967103642 ], [ 148.264647105632292, -9.125484375502953 ], [ 148.264652397487822, -9.125450930498983 ], [ 148.264660898091535, -9.125397205909746 ], [ 148.264665034866709, -9.125366626777293 ], [ 148.264667405115802, -9.125356080918023 ], [ 148.264679021035448, -9.125282667223882 ], [ 148.264770221070307, -9.124847149344744 ], [ 148.264904042442851, -9.124422646085714 ], [ 148.265087448126081, -9.123927647507225 ], [ 148.265199120188072, -9.123654134817205 ], [ 148.265417425415649, -9.123165836649578 ], [ 148.265724801668796, -9.122593067982123 ], [ 148.265816821195187, -9.12244778415802 ], [ 148.265860847545895, -9.122323296705034 ], [ 148.266054979026791, -9.12191190986135 ], [ 148.266289675882689, -9.121521964905341 ], [ 148.266474678015442, -9.121246966575423 ], [ 148.266728690533057, -9.120905293011404 ], [ 148.267013847124701, -9.120588820464736 ], [ 148.267327630431424, -9.120300342645933 ], [ 148.267667270407998, -9.120042406127993 ], [ 148.26802976877687, -9.119817287868004 ], [ 148.268411925495883, -9.119626975109156 ], [ 148.268641824050917, -9.119538217689062 ], [ 148.268707439916113, -9.119487845178984 ], [ 148.268759101598221, -9.119413041343153 ], [ 148.269044009949653, -9.119042940359694 ], [ 148.269113513941448, -9.118969706032299 ], [ 148.269271899996994, -9.118632254135067 ], [ 148.269500636972651, -9.118248765605212 ], [ 148.269766260672668, -9.117889528172428 ], [ 148.270066188727583, -9.117558034145487 ], [ 148.270397505304061, -9.117257506114175 ], [ 148.270756989452821, -9.11699086562342 ], [ 148.271141146422167, -9.116760704774125 ], [ 148.271546241631455, -9.116569261027024 ], [ 148.271968336975391, -9.116418395453969 ], [ 148.272403329105401, -9.116309574648204 ], [ 148.272846989316605, -9.11624385646931 ], [ 148.273093115376099, -9.116231783199574 ], [ 148.273249689801446, -9.116211480307186 ], [ 148.27369835494369, -9.116197639367929 ], [ 148.274146208495921, -9.116227808979845 ], [ 148.274588890524711, -9.116301695413766 ], [ 148.27502209144123, -9.116418579349784 ], [ 148.275441593950831, -9.116577322879941 ], [ 148.275843314105032, -9.11677638058562 ], [ 148.27622334105547, -9.117013814581636 ], [ 148.276577975123701, -9.117287313380572 ], [ 148.276903763815909, -9.117594214394099 ], [ 148.277197535432578, -9.117931529851784 ], [ 148.277342265195387, -9.118135266194598 ], [ 148.277390599073897, -9.118197660756261 ], [ 148.277421635580055, -9.11824699588748 ], [ 148.277456429945317, -9.118295975885708 ], [ 148.277495430937648, -9.118364299727409 ], [ 148.277625282031352, -9.118570708555302 ], [ 148.277822373275484, -9.118964658823849 ], [ 148.277980006577678, -9.11937578153319 ], [ 148.278096689289896, -9.11980018405105 ], [ 148.278171316481746, -9.120233847996129 ], [ 148.278203181407008, -9.120672667283968 ], [ 148.278193505090485, -9.121052679368049 ], [ 148.27820330488413, -9.121134972861309 ], [ 148.278247012358179, -9.121741371281891 ], [ 148.278256563920934, -9.122201008029096 ], [ 148.278219101633198, -9.122659232712373 ], [ 148.278155131989308, -9.123138302460372 ], [ 148.278106443733463, -9.123504093432425 ], [ 148.278123578066158, -9.123599490396071 ], [ 148.278252900604343, -9.123867012804643 ], [ 148.27841120355933, -9.124232010545686 ], [ 148.278617706852941, -9.124814795025546 ], [ 148.278756111991697, -9.125311392620315 ], [ 148.278786944540485, -9.125428045966133 ], [ 148.278835161059618, -9.125620902998191 ], [ 148.278894209190469, -9.125809627790126 ], [ 148.279013344441779, -9.126165324562132 ], [ 148.279160222494085, -9.126725757120781 ], [ 148.279195990822529, -9.126787383372841 ], [ 148.279206079690283, -9.126802991651429 ], [ 148.279432649067729, -9.127195390278509 ], [ 148.279618626700369, -9.127608326809025 ], [ 148.279762150466723, -9.128037666963202 ], [ 148.279827027595104, -9.128325119649178 ], [ 148.279882579217883, -9.128504052333646 ], [ 148.279967457255623, -9.128900655884518 ], [ 148.280016242055552, -9.129303221726593 ], [ 148.280039342029198, -9.129608726422907 ], [ 148.28010046499864, -9.129954089841148 ], [ 148.280143236398487, -9.130277705521857 ], [ 148.280161811109963, -9.130402786741961 ], [ 148.280195024780454, -9.130683921255496 ], [ 148.280203464287496, -9.130708468658787 ], [ 148.2802718667308, -9.130946867484305 ], [ 148.280292816215137, -9.131044285767342 ], [ 148.280325698384843, -9.131128132884905 ], [ 148.280457594314868, -9.131515349409394 ], [ 148.280553759443961, -9.131912822590792 ], [ 148.280613407534986, -9.132317303202523 ], [ 148.280616325323734, -9.132369901049804 ], [ 148.280644002813915, -9.132576101859174 ], [ 148.280656131758718, -9.133063518677623 ], [ 148.280638281748935, -9.133276338665967 ], [ 148.28062992327861, -9.133441911395138 ], [ 148.280621053017086, -9.133499905830567 ], [ 148.280620222113555, -9.133519932534329 ], [ 148.280575930493512, -9.133824925241679 ], [ 148.280728802588953, -9.134070817951917 ], [ 148.280838773262644, -9.134272663951259 ], [ 148.280838773262758, -9.134272663951496 ], [ 148.2808387732629, -9.13427266395175 ], [ 148.280844903915209, -9.13428391646684 ], [ 148.280867772472504, -9.134329561162787 ], [ 148.280868438032229, -9.134330768319355 ], [ 148.280882369147264, -9.134354680346101 ], [ 148.280886008222097, -9.134362636183681 ], [ 148.28098509533865, -9.134542354920157 ], [ 148.281023062020893, -9.13463083792368 ], [ 148.28103079432509, -9.13464683060654 ], [ 148.281079949788733, -9.134763417234049 ], [ 148.281160226217821, -9.134950504577313 ], [ 148.281164439570318, -9.134963809351706 ], [ 148.281210533305682, -9.1350731339441 ], [ 148.281232825789942, -9.135146169767641 ], [ 148.281265443255336, -9.135227657040199 ], [ 148.281389014369978, -9.135654033512967 ], [ 148.281469937904404, -9.13609039382052 ], [ 148.281478452726532, -9.136190797008405 ], [ 148.281512890313309, -9.136545767746384 ], [ 148.28151197149694, -9.136989476131649 ], [ 148.281467294669397, -9.137430958436699 ], [ 148.281379289929674, -9.137865962951651 ], [ 148.281248804653416, -9.138290300335216 ], [ 148.281077095338333, -9.138699883960733 ], [ 148.280865815508861, -9.139090769273569 ], [ 148.280616999797246, -9.139459191780864 ], [ 148.280333044352574, -9.139801603307816 ], [ 148.280016683768054, -9.140114706170918 ], [ 148.279670964747424, -9.140395484939317 ], [ 148.279299216764144, -9.140641235478148 ], [ 148.278905019996557, -9.140849590993911 ], [ 148.278492170847073, -9.141018544831143 ], [ 148.278064645378123, -9.141146469800615 ], [ 148.277626561016461, -9.141232133852807 ], [ 148.277182136895533, -9.14127471194562 ], [ 148.27712435720494, -9.141274593183701 ], [ 148.277041595448765, -9.14130659914494 ], [ 148.276611637926521, -9.141426205572964 ], [ 148.276171953689499, -9.141503354264945 ], [ 148.27572677728196, -9.141537302188922 ], [ 148.27528039615288, -9.141527722373905 ], [ 148.274837109359453, -9.141474707060004 ], [ 148.274401186158656, -9.141378766810963 ], [ 148.273976824885608, -9.141240825597119 ], [ 148.273568112515164, -9.14106221189664 ], [ 148.273178985296965, -9.140844645900392 ], [ 148.272813190841958, -9.140590222943944 ], [ 148.272474252027052, -9.140301393326096 ], [ 148.272165433065027, -9.139980938708712 ], [ 148.27188970806651, -9.139631945324821 ], [ 148.271649732397037, -9.139257774253489 ], [ 148.271447817105155, -9.138862029047598 ], [ 148.271285906667714, -9.1384485210266 ], [ 148.271165560266184, -9.138021232568423 ], [ 148.271087936775245, -9.137584278754376 ], [ 148.271053783606931, -9.137141867736322 ], [ 148.271063429518165, -9.136698260208041 ], [ 148.271075541047367, -9.136528281839654 ], [ 148.271042363383771, -9.136621470756028 ], [ 148.270899341689358, -9.136975043506968 ], [ 148.270726868706191, -9.137315391752455 ], [ 148.27052616950192, -9.137640097839578 ], [ 148.270269572410371, -9.138018500160479 ], [ 148.270234353790386, -9.138065594370593 ], [ 148.270231995086647, -9.138074960212029 ], [ 148.270231190236302, -9.138077197043913 ], [ 148.27020917499425, -9.138162611893138 ], [ 148.270148150364435, -9.138323752990205 ], [ 148.270109596906053, -9.138429410564759 ], [ 148.270109596906025, -9.138429410564827 ], [ 148.27004381127486, -9.138609699071862 ], [ 148.269871191164953, -9.139018906528774 ], [ 148.269808612876773, -9.139134070655992 ], [ 148.269782567406878, -9.139192889252097 ], [ 148.269582894724721, -9.139589757078852 ], [ 148.269345040179985, -9.139965263968445 ] ] ] } },
{ "type": "Feature", "properties": { "day": "Tuesday", "stop": "Umbuara", "zones": "2", "band_km": 5 }, "geometry": { "type": "Polygon", "coordinates": [ [ [ 148.260490985751034, -9.156791211461487 ], [ 148.260437366596733, -9.156776078933161 ], [ 148.260196479376475, -9.156732025643345 ], [ 148.259738774879111, -9.156597815725487 ], [ 148.259297733956487, -9.156416703427132 ], [ 148.258878208539556, -9.156190681164949 ], [ 148.258484813844404, -9.155922235414989 ], [ 148.25812187759567, -9.155614319356772 ], [ 148.258044877343593, -9.155541718713376 ], [ 148.257748565038014, -9.155234755365214 ], [ 148.257482592160727, -9.154901479051718 ], [ 148.257249312669302, -9.154544839480169 ], [ 148.257050791144536, -9.154167993131679 ], [ 148.256888784519447, -9.153774275322508 ], [ 148.256764726531969, -9.153367170682756 ], [ 148.256679715038928, -9.152950282313656 ], [ 148.256634502303399, -9.152527299896732 ], [ 148.256629488341247, -9.152101967036955 ], [ 148.256664717385547, -9.151678048129126 ], [ 148.256739877500308, -9.151259295040644 ], [ 148.256793046570209, -9.151068839920475 ], [ 148.256835113244477, -9.150863736437827 ], [ 148.256835729173105, -9.150860914767346 ], [ 148.256939115160492, -9.150345482309296 ], [ 148.257036889670076, -9.149855001706259 ], [ 148.257097739615318, -9.149484107739516 ], [ 148.257097739615347, -9.149484107739482 ], [ 148.257110531456902, -9.149406138558328 ], [ 148.257110531456902, -9.149406138558295 ], [ 148.257110531456902, -9.149406138558277 ], [ 148.257147769741806, -9.149179162634086 ], [ 148.257180137031781, -9.149003736282429 ], [ 148.257228043841309, -9.148770156805694 ], [ 148.257225217727353, -9.148716491794685 ], [ 148.257245612751831, -9.148273843202924 ], [ 148.257309510164021, -9.147835304231652 ], [ 148.257416296101042, -9.147405086820497 ], [ 148.25756494478577, -9.146987322968947 ], [ 148.257708793122873, -9.146682029311116 ], [ 148.25776937933685, -9.146479807043795 ], [ 148.257898942370986, -9.146107497823643 ], [ 148.25807865906998, -9.145655808124504 ], [ 148.258102589280412, -9.145554674227984 ], [ 148.258163741194409, -9.145162961923599 ], [ 148.258171905701232, -9.145057246994462 ], [ 148.258171905701232, -9.145057246994448 ], [ 148.258175565798268, -9.145009855654326 ], [ 148.258184707572525, -9.14486057855369 ], [ 148.258193534288608, -9.144777197637145 ], [ 148.258208584705756, -9.144582323127928 ], [ 148.258247712083005, -9.144243639866756 ], [ 148.258275340708622, -9.144100661625307 ], [ 148.258345532323233, -9.143690373171488 ], [ 148.258457738207795, -9.143218373771631 ], [ 148.258549893729224, -9.142887429107626 ], [ 148.258667056116565, -9.142564389074661 ], [ 148.258877861898441, -9.142045790789661 ], [ 148.258894759259078, -9.142005439486942 ], [ 148.259030471196183, -9.141652706796508 ], [ 148.259016420208496, -9.14148949542732 ], [ 148.259015328143022, -9.141116877073207 ], [ 148.259019793760331, -9.141001077894236 ], [ 148.259022315137685, -9.140685656289683 ], [ 148.259066919246692, -9.140257539742827 ], [ 148.259152282732146, -9.139835577690464 ], [ 148.259277631925755, -9.1394235937462 ], [ 148.259441830837488, -9.139025321092721 ], [ 148.259643391453949, -9.138644368654447 ], [ 148.260008396948223, -9.138027671927487 ], [ 148.260257808439746, -9.137650676608599 ], [ 148.260543784431292, -9.137300260755781 ], [ 148.260863477303474, -9.13697991350419 ], [ 148.260947353408369, -9.13690386047328 ], [ 148.260969406860937, -9.136790486284365 ], [ 148.261108351877112, -9.136337332698107 ], [ 148.261294242847185, -9.135901113855718 ], [ 148.261350367282063, -9.135786529384561 ], [ 148.261415772288586, -9.135627892310342 ], [ 148.261428090575322, -9.135522607688003 ], [ 148.26150224990451, -9.1351561283119 ], [ 148.261606617754012, -9.134796989472159 ], [ 148.261729922077279, -9.134430290378846 ], [ 148.261914547028141, -9.133967651464403 ], [ 148.262149217486893, -9.133527981238796 ], [ 148.262302625062574, -9.133304093052592 ], [ 148.262320521942996, -9.133167497038334 ], [ 148.262413369666007, -9.132758974766775 ], [ 148.262543854504372, -9.132360742972487 ], [ 148.262710856773651, -9.131976218470756 ], [ 148.262732998207497, -9.131931103875605 ], [ 148.262757723999357, -9.13158872274964 ], [ 148.262844322694008, -9.131112397664952 ], [ 148.262977629666864, -9.130552398373894 ], [ 148.263128246473684, -9.130051136298396 ], [ 148.263336114302291, -9.12957051904711 ], [ 148.263592819430471, -9.129060521279474 ], [ 148.26360696163249, -9.129032665460382 ], [ 148.263853566423478, -9.128551067613214 ], [ 148.264046672667604, -9.128211106752067 ], [ 148.264187637576129, -9.128006458139307 ], [ 148.26420020170346, -9.127864249479041 ], [ 148.264212825902973, -9.127740820827174 ], [ 148.264272586211007, -9.127226742839943 ], [ 148.264276949976022, -9.127165797721752 ], [ 148.264332477723229, -9.126713603645483 ], [ 148.2644335083138, -9.126269257724227 ], [ 148.264579015996617, -9.125837270591456 ], [ 148.26459968063179, -9.125784854702738 ], [ 148.264603077930786, -9.125762842013268 ], [ 148.264605715126891, -9.125745967103642 ], [ 148.264647105632292, -9.125484375502953 ], [ 148.264652397487822, -9.125450930498983 ], [ 148.264652397487822, -9.125450930498966 ], [ 148.264660898091535, -9.12539720590973 ], [ 148.264665034866709, -9.125366626777293 ], [ 148.264667405115802, -9.125356080918023 ], [ 148.264679021035448, -9.125282667223882 ], [ 148.264770221070307, -9.124847149344744 ], [ 148.264904042442851, -9.124422646085714 ], [ 148.265087448126081, -9.123927647507225 ], [ 148.265199120188072, -9.123654134817205 ], [ 148.265417425415649, -9.123165836649578 ], [ 148.265724801668796, -9.122593067982123 ], [ 148.265816821195187, -9.12244778415802 ], [ 148.265860847545895, -9.122323296705034 ], [ 148.266054979026791, -9.12191190986135 ], [ 148.266289675882689, -9.121521964905341 ], [ 148.266474678015442, -9.121246966575423 ], [ 148.266728690533057, -9.120905293011404 ], [ 148.267013847124701, -9.120588820464736 ], [ 148.267327630431424, -9.120300342645933 ], [ 148.267667270407998, -9.120042406127993 ], [ 148.26802976877687, -9.119817287868004 ], [ 148.268411925495883, -9.119626975109156 ], [ 148.268641824050917, -9.119538217689062 ], [ 148.268707439916113, -9.119487845178984 ], [ 148.268759101598221, -9.119413041343153 ], [ 148.269044009949653, -9.119042940359694 ], [ 148.269113513941448, -9.118969706032299 ], [ 148.269271899996994, -9.118632254135067 ], [ 148.269500636972651, -9.118248765605212 ], [ 148.269766260672668, -9.117889528172428 ], [ 148.270066188727583, -9.117558034145487 ], [ 148.270397505304061, -9.117257506114175 ], [ 148.270756989452821, -9.11699086562342 ], [ 148.271141146422167, -9.116760704774125 ], [ 148.271546241631455, -9.116569261027024 ], [ 148.271968336975391, -9.116418395453969 ], [ 148.272403329105401, -9.116309574648204 ], [ 148.272846989316605, -9.11624385646931 ], [ 148.273093115376099, -9.116231783199574 ], [ 148.273249689801446, -9.116211480307186 ], [ 148.27369835494369, -9.116197639367929 ], [ 148.274146208495921, -9.116227808979845 ], [ 148.274588890524711, -9.116301695413766 ], [ 148.27502209144123, -9.116418579349784 ], [ 148.275441593950831, -9.116577322879941 ], [ 148.275843314105032, -9.11677638058562 ], [ 148.27622334105547, -9.117013814581636 ], [ 148.276577975123701, -9.117287313380572 ], [ 148.276903763815909, -9.117594214394099 ], [ 148.277197535432578, -9.117931529851784 ], [ 148.277342265195387, -9.118135266194598 ], [ 148.277390599073897, -9.118197660756261 ], [ 148.277421635580055, -9.11824699588748 ], [ 148.277456429945317, -9.118295975885708 ], [ 148.277495430937648, -9.118364299727409 ], [ 148.277625282031352, -9.118570708555302 ], [ 148.277822373275484, -9.118964658823849 ], [ 148.277980006577678, -9.11937578153319 ], [ 148.278096689289896, -9.11980018405105 ], [ 148.278171316481746, -9.120233847996129 ], [ 148.278203181407008, -9.120672667283968 ], [ 148.278193505090485, -9.121052679368049 ], [ 148.27820330488413, -9.121134972861309 ], [ 148.278247012358179, -9.121741371281891 ], [ 148.278256563920934, -9.122201008029096 ], [ 148.278219101633198, -9.122659232712373 ], [ 148.278155131989308, -9.123138302460372 ], [ 148.278106443733463, -9.123504093432425 ], [ 148.278123578066158, -9.123599490396071 ], [ 148.278252900604343, -9.123867012804643 ], [ 148.27841120355933, -9.124232010545686 ], [ 148.278617706852941, -9.124814795025546 ], [ 148.278756111991697, -9.125311392620315 ], [ 148.278786944540485, -9.125428045966133 ], [ 148.278835161059618, -9.125620902998191 ], [ 148.278894209190469, -9.125809627790126 ], [ 148.279013344441779, -9.126165324562132 ], [ 148.279160222494085, -9.126725757120797 ], [ 148.279195990822501, -9.126787383372823 ], [ 148.279206079690283, -9.126802991651429 ], [ 148.279432649067729, -9.127195390278509 ], [ 148.279618626700369, -9.127608326809025 ], [ 148.279762150466723, -9.128037666963202 ], [ 148.279827027595104, -9.128325119649178 ], [ 148.279882579217883, -9.128504052333646 ], [ 148.279967457255623, -9.128900655884518 ], [ 148.280016242055552, -9.129303221726593 ], [ 148.280039342029198, -9.129608726422907 ], [ 148.28010046499864, -9.129954089841148 ], [ 148.280143236398487, -9.130277705521857 ], [ 148.280161811109963, -9.130402786741961 ], [ 148.280195024780454, -9.130683921255496 ], [ 148.280203464287496, -9.130708468658787 ], [ 148.2802718667308, -9.130946867484305 ], [ 148.280292816215137, -9.131044285767342 ], [ 148.280325698384843, -9.131128132884905 ], [ 148.280457594314868, -9.131515349409394 ], [ 148.280553759443961, -9.131912822590792 ], [ 148.280613407534986, -9.132317303202523 ], [ 148.280616325323734, -9.132369901049804 ], [ 148.280644002813915, -9.132576101859174 ], [ 148.280656131758718, -9.133063518677623 ], [ 148.280638281748935, -9.133276338665949 ], [ 148.28062992327861, -9.133441911395138 ], [ 148.280621053017086, -9.133499905830567 ], [ 148.280620222113555, -9.133519932534329 ], [ 148.280575930493512, -9.133824925241679 ], [ 148.280728802588953, -9.134070817951917 ], [ 148.280838773262644, -9.134272663951259 ], [ 148.280838773262758, -9.134272663951496 ], [ 148.2808387732629, -9.13427266395175 ], [ 148.280844903915209, -9.13428391646684 ], [ 148.280845499633671, -9.13428510549646 ], [ 148.280932553112876, -9.134438284414951 ], [ 148.281080154992338, -9.134721482483499 ], [ 148.281291248168685, -9.135189816259125 ], [ 148.281387281303097, -9.135490255715961 ], [ 148.281440280976426, -9.135644462997751 ], [ 148.281528724492944, -9.135949983046483 ], [ 148.281650222020971, -9.136267553223147 ], [ 148.281765860098432, -9.136610517202131 ], [ 148.281795626798441, -9.136712123103434 ], [ 148.281800333626961, -9.136728189424142 ], [ 148.281808309993608, -9.136752423827803 ], [ 148.281810601251806, -9.136758299568612 ], [ 148.282121862455938, -9.136979307693547 ], [ 148.282455698788453, -9.137269014683596 ], [ 148.282759587385129, -9.137589627337769 ], [ 148.282849711653029, -9.13769450870195 ], [ 148.283053643198599, -9.137904178831169 ], [ 148.283312605264484, -9.138223999791174 ], [ 148.283541311969572, -9.138565844133232 ], [ 148.283737877994298, -9.138926894013789 ], [ 148.283900682940526, -9.139304173270745 ], [ 148.284082287245383, -9.139784070507476 ], [ 148.284232999380976, -9.140260770208505 ], [ 148.284274072784569, -9.140421201130321 ], [ 148.284353099930854, -9.14055447029267 ], [ 148.284540675182654, -9.14095609385117 ], [ 148.28455473988916, -9.140996040773082 ], [ 148.284608161858358, -9.14113102223644 ], [ 148.284678687652843, -9.141290900550006 ], [ 148.284851361928162, -9.141748004006603 ], [ 148.284973432293157, -9.142220945840101 ], [ 148.284987682665303, -9.142291874338666 ], [ 148.285013427945614, -9.142386254353562 ], [ 148.285031316025226, -9.142509050789318 ], [ 148.285049336552049, -9.142598744303628 ], [ 148.28512774176636, -9.143189578778285 ], [ 148.285149445862601, -9.143520077938833 ], [ 148.285158378968845, -9.143895243782499 ], [ 148.285156863955649, -9.143979568408641 ], [ 148.285159486908725, -9.144195864943859 ], [ 148.285322622712357, -9.144484878479615 ], [ 148.285382059475268, -9.144617320506221 ], [ 148.285416152595019, -9.144681051818802 ], [ 148.285450636059892, -9.144770128499591 ], [ 148.285492495956362, -9.144863404085228 ], [ 148.285519842032045, -9.144943314538862 ], [ 148.285532125265775, -9.144972022466492 ], [ 148.285546813265398, -9.145018570350066 ], [ 148.285614295515586, -9.145192888053288 ], [ 148.285645217580054, -9.145289962785395 ], [ 148.285689301319451, -9.145376508226915 ], [ 148.285781455053609, -9.14556850438233 ], [ 148.28597295837514, -9.145992901691208 ], [ 148.286125877741398, -9.146378142878993 ], [ 148.286154531230437, -9.146475658136735 ], [ 148.286171213647037, -9.146518223909453 ], [ 148.286235334614531, -9.146750652643384 ], [ 148.286242686402005, -9.146775672622109 ], [ 148.286246180296757, -9.146789966549008 ], [ 148.286296052031588, -9.146970743658761 ], [ 148.286308143786925, -9.147043466088199 ], [ 148.286333590415609, -9.14714757094082 ], [ 148.286423367168226, -9.14762567480817 ], [ 148.286434597020673, -9.147710589846653 ], [ 148.286443489116635, -9.147760051660709 ], [ 148.286452490856561, -9.147804417430569 ], [ 148.286452490856561, -9.147804417430587 ], [ 148.286455659164346, -9.147820032676348 ], [ 148.286455659164346, -9.14782003267643 ], [ 148.286455659164403, -9.147820032676565 ], [ 148.28648670540386, -9.147973046328074 ], [ 148.286530135573599, -9.148223127378387 ], [ 148.286537110142064, -9.148271323552578 ], [ 148.286548251539017, -9.148334117480578 ], [ 148.286564965267843, -9.148436529595399 ], [ 148.286764758526317, -9.14881084525797 ], [ 148.286902675279634, -9.149092371177902 ], [ 148.286973128307551, -9.149249815559596 ], [ 148.286986256340896, -9.149275712692731 ], [ 148.28712427633269, -9.149580729897508 ], [ 148.287156596082724, -9.149615936713225 ], [ 148.287467758737364, -9.150047128849573 ], [ 148.287659241251589, -9.150348347960534 ], [ 148.28775853885378, -9.15048395975956 ], [ 148.287970831277022, -9.150801166216569 ], [ 148.288093881682272, -9.151023614162774 ], [ 148.288234473914798, -9.151131538031141 ], [ 148.288579144607098, -9.151458741989536 ], [ 148.28882414424956, -9.151717039756701 ], [ 148.289067509029309, -9.151995548901059 ], [ 148.289218243797507, -9.152182977862564 ], [ 148.28938612668702, -9.152298862537936 ], [ 148.289744319534179, -9.15257331433763 ], [ 148.289843601196111, -9.152666390295563 ], [ 148.28995839825086, -9.152762758767125 ], [ 148.289987981261646, -9.152792917787375 ], [ 148.290009264514083, -9.152807156342885 ], [ 148.29033205764236, -9.153068735271106 ], [ 148.290629427163793, -9.153358552472657 ], [ 148.290801126952658, -9.15354195089219 ], [ 148.29107285615288, -9.153860506495903 ], [ 148.291185173592623, -9.154019949972414 ], [ 148.291294757211858, -9.15414601056305 ], [ 148.291442940741717, -9.154325598888672 ], [ 148.291461237838149, -9.154348973197296 ], [ 148.291545888079327, -9.154423576514015 ], [ 148.291807425887242, -9.154706582173226 ], [ 148.291888265824014, -9.154761235428989 ], [ 148.292211900783428, -9.155026472367332 ], [ 148.292443077299936, -9.155234451619933 ], [ 148.292714312711126, -9.155437893149934 ], [ 148.293057066283836, -9.15572225364016 ], [ 148.293331181644703, -9.155999276434564 ], [ 148.293376976501207, -9.156040871778302 ], [ 148.293397493500777, -9.156063557656324 ], [ 148.293419868118036, -9.156084437472426 ], [ 148.293546681529222, -9.156228516408897 ], [ 148.293675437899253, -9.156370883474537 ], [ 148.293693618538441, -9.156395458529669 ], [ 148.29371382598967, -9.156418417156903 ], [ 148.293825817881384, -9.156574154310283 ], [ 148.293939912218718, -9.15672837708599 ], [ 148.293955581406522, -9.156754604652589 ], [ 148.293973427082619, -9.156779420992518 ], [ 148.294069518900358, -9.156945316564961 ], [ 148.294167852400449, -9.157109909835953 ], [ 148.294180859230579, -9.157137537333975 ], [ 148.294196171265213, -9.157163972397134 ], [ 148.294275437567109, -9.157338428758083 ], [ 148.294357063198021, -9.157511807435698 ], [ 148.294367282402106, -9.157540568802652 ], [ 148.294379913327219, -9.157568368010214 ], [ 148.294441590698227, -9.157749705082415 ], [ 148.294505722321304, -9.157930199466771 ], [ 148.294513055475477, -9.157959817719707 ], [ 148.294522883641775, -9.157988713355108 ], [ 148.294566378046852, -9.158175184793166 ], [ 148.294612397989567, -9.158361056652383 ], [ 148.294616774462639, -9.15839124655551 ], [ 148.294623705211194, -9.158420960342252 ], [ 148.294648597717895, -9.158610770348966 ], [ 148.294676062724392, -9.158800229658899 ], [ 148.294677440358527, -9.158830700470276 ], [ 148.294681406932796, -9.158860946251853 ], [ 148.294687457748182, -9.15905226687229 ], [ 148.294696103250175, -9.159243489054104 ], [ 148.294694468767119, -9.159273947325522 ], [ 148.294695432956246, -9.1593044338211 ], [ 148.294682583738734, -9.159495422546183 ], [ 148.294672326405959, -9.159686566037182 ], [ 148.294667695535423, -9.159716718440151 ], [ 148.29466564804261, -9.159747152049661 ], [ 148.294634022466425, -9.159935969559939 ], [ 148.294604961011885, -9.160125193548518 ], [ 148.294597378340427, -9.160154749699123 ], [ 148.29459233887286, -9.160184837330689 ], [ 148.294542241439842, -9.160369665209702 ], [ 148.294494655671627, -9.160555147363201 ], [ 148.294484194213851, -9.160583822618609 ], [ 148.294476211293386, -9.160613274511313 ], [ 148.294408124402821, -9.160792332758296 ], [ 148.29434247253252, -9.160972286772802 ], [ 148.294329233028151, -9.160999804972651 ], [ 148.294318383524399, -9.161028337486915 ], [ 148.294232962830222, -9.161199901658758 ], [ 148.294149877062125, -9.161372594463279 ], [ 148.294133987006205, -9.161398690589325 ], [ 148.294120375396744, -9.161426028938628 ], [ 148.294018443495276, -9.161588446758429 ], [ 148.293918723940493, -9.161752215205194 ], [ 148.293900336355989, -9.161776637933587 ], [ 148.293884093720351, -9.161802518831067 ], [ 148.293766632230245, -9.161954226101098 ], [ 148.293651239203115, -9.162107492983557 ], [ 148.293630531167366, -9.162130007105544 ], [ 148.293611813925196, -9.162154181299494 ], [ 148.293479954035831, -9.162293716965813 ], [ 148.293349998806633, -9.162435006209499 ], [ 148.293327169746306, -9.162455394896735 ], [ 148.293306158151012, -9.162477629571299 ], [ 148.293161169728705, -9.162603649796752 ], [ 148.293017903823682, -9.162731600674725 ], [ 148.292993173594368, -9.162749667567388 ], [ 148.292970069997153, -9.162769748585184 ], [ 148.29281334935763, -9.16288103969123 ], [ 148.292658152505282, -9.16299441993128 ], [ 148.292631759273689, -9.163009991029938 ], [ 148.292606786175611, -9.163027724993821 ], [ 148.292439842635901, -9.163123215151044 ], [ 148.29227420948024, -9.163220932803705 ], [ 148.29224640743135, -9.163233858144492 ], [ 148.292219805339357, -9.163249074261191 ], [ 148.292044246681485, -9.163327843813089 ], [ 148.291869772387685, -9.163408957768947 ], [ 148.291840829275799, -9.163419112868688 ], [ 148.29181285438753, -9.163431664593038 ], [ 148.291630371375135, -9.163492954913441 ], [ 148.291448736264755, -9.163556683968608 ], [ 148.291418930835391, -9.1635639710234 ], [ 148.291389852570774, -9.163573737470434 ], [ 148.291202202663243, -9.163616958271389 ], [ 148.291015156031847, -9.16366268865143 ], [ 148.290984775336256, -9.163667037479012 ], [ 148.290954873743345, -9.163673924587975 ], [ 148.290763864170174, -9.163698659605299 ], [ 148.290573207437092, -9.163725950877753 ], [ 148.290542544068103, -9.163727319593365 ], [ 148.29051210712521, -9.163731261033986 ], [ 148.290319577476481, -9.16373727203745 ], [ 148.290127146836596, -9.163745861353886 ], [ 148.290096496110294, -9.163744236773885 ], [ 148.290065816952222, -9.163745194585195 ], [ 148.289873621463386, -9.1637324236731 ], [ 148.289681270197718, -9.163722228301681 ], [ 148.289650927308202, -9.163717626070502 ], [ 148.289620301403545, -9.16371559102654 ], [ 148.289430291092856, -9.163684161184115 ], [ 148.289239871720184, -9.16365527930648 ], [ 148.289210128897707, -9.163647743746182 ], [ 148.289179851201538, -9.163642735444862 ], [ 148.288993856041486, -9.163592949359829 ], [ 148.288807202474459, -9.16354565912601 ], [ 148.288778346169181, -9.163535262809186 ], [ 148.288748708283492, -9.163527329483715 ], [ 148.288581801541312, -9.163464654160537 ], [ 148.288329308027386, -9.163390392244422 ], [ 148.287915639701225, -9.163223370190918 ], [ 148.287520438125512, -9.163016859806014 ], [ 148.287147509418077, -9.162772849950196 ], [ 148.286779506908516, -9.162505447512951 ], [ 148.286486445955063, -9.162273511086031 ], [ 148.286213581103198, -9.162018401381998 ], [ 148.286038657028229, -9.161840811817463 ], [ 148.28590190812335, -9.161735625406028 ], [ 148.285577875384519, -9.161461362227259 ], [ 148.285281051725832, -9.161158208983855 ], [ 148.285114345759297, -9.160952561778471 ], [ 148.285086943187679, -9.160923675108613 ], [ 148.284958995651323, -9.16075834729453 ], [ 148.284933937425137, -9.160728687484889 ], [ 148.284908722690147, -9.160700605042271 ], [ 148.284704195950809, -9.160490511978773 ], [ 148.284437184352896, -9.160190742898637 ], [ 148.284246556885478, -9.159934164566007 ], [ 148.284053500931293, -9.159739153366347 ], [ 148.28399631361097, -9.159676213517688 ], [ 148.283796393459227, -9.159569798411654 ], [ 148.283433919184915, -9.159329920301589 ], [ 148.283096184161792, -9.159056703081253 ], [ 148.282786282588631, -9.158752649888601 ], [ 148.28254698234386, -9.158494247667813 ], [ 148.282217240510761, -9.158094560826935 ], [ 148.282083016575228, -9.157911441812349 ], [ 148.281632127191727, -9.157527110778892 ], [ 148.28145790513662, -9.157357555703378 ], [ 148.281445659155992, -9.157347004952596 ], [ 148.281427020691268, -9.157327498548215 ], [ 148.281415356685898, -9.157316146980063 ], [ 148.281415356685528, -9.157316146979642 ], [ 148.281415356685159, -9.157316146979326 ], [ 148.281401619224852, -9.157302777495111 ], [ 148.281401619224681, -9.157302777494994 ], [ 148.281401444651266, -9.157302607597746 ], [ 148.281385225397457, -9.157288696099425 ], [ 148.281358032419945, -9.157260358209685 ], [ 148.281351088925163, -9.157253600702367 ], [ 148.281351088924623, -9.157253600701797 ], [ 148.281351088924112, -9.157253600701329 ], [ 148.28133493232707, -9.157237876870862 ], [ 148.281334932327013, -9.157237876870797 ], [ 148.281229026058639, -9.157134807324146 ], [ 148.280960200252537, -9.156849539299392 ], [ 148.280717169498303, -9.156542266799987 ], [ 148.280501749627149, -9.156215285717145 ], [ 148.280315550152324, -9.155871039197388 ], [ 148.280288141688033, -9.155814649570683 ], [ 148.280131754262015, -9.155520255057846 ], [ 148.280082012102184, -9.155411286594738 ], [ 148.279968579998467, -9.15525906635164 ], [ 148.279929739787178, -9.155204848986489 ], [ 148.279730940390834, -9.15496810759681 ], [ 148.279659222682284, -9.15488429622286 ], [ 148.279395022388684, -9.154544009336949 ], [ 148.279164530251194, -9.15418033035526 ], [ 148.278969828988494, -9.153796545613268 ], [ 148.278806331859272, -9.15343214330939 ], [ 148.27868542651521, -9.153134727668398 ], [ 148.27859601083378, -9.152890128191864 ], [ 148.278544977510791, -9.152778945958197 ], [ 148.27844007694253, -9.152629231409163 ], [ 148.278214368517922, -9.152272772215088 ], [ 148.278023015386339, -9.15189698908898 ], [ 148.277918609121713, -9.151633619480954 ], [ 148.27787470202486, -9.151810162229253 ], [ 148.277702356132608, -9.152353532626586 ], [ 148.277610750969984, -9.15258936452242 ], [ 148.277597499968863, -9.152749773939949 ], [ 148.277586116017233, -9.152836498132725 ], [ 148.277585700052981, -9.152841543489796 ], [ 148.277584804374584, -9.152846490368809 ], [ 148.277566403012315, -9.15298667391933 ], [ 148.27750346914047, -9.153323418173015 ], [ 148.277529665904353, -9.15342637073508 ], [ 148.27759511843729, -9.153846406913919 ], [ 148.277620591288184, -9.154270694850702 ], [ 148.277625195901038, -9.154634694162818 ], [ 148.277625276871703, -9.154741554320701 ], [ 148.277619945608421, -9.155220364182959 ], [ 148.277618737693444, -9.155480723704315 ], [ 148.277625868440026, -9.155557206827657 ], [ 148.277644623731902, -9.155898026775839 ], [ 148.277637452985687, -9.156239281560499 ], [ 148.277635783739584, -9.156267540292703 ], [ 148.277638642266851, -9.15629174352383 ], [ 148.277640822944562, -9.156800453688412 ], [ 148.277632187381215, -9.156965251361934 ], [ 148.277633061151647, -9.157219379772309 ], [ 148.277633821547965, -9.157504178540821 ], [ 148.27764287596608, -9.157822126173366 ], [ 148.277644683969271, -9.157960762560064 ], [ 148.277643445112261, -9.158479351271609 ], [ 148.277645974233678, -9.158806940869425 ], [ 148.277630329410272, -9.159217852437298 ], [ 148.277581341232491, -9.159593735673267 ], [ 148.277575612106915, -9.159662184015449 ], [ 148.27750110234004, -9.160077665306259 ], [ 148.277387933939764, -9.160484433066609 ], [ 148.277259070740541, -9.160875536945259 ], [ 148.277180432824053, -9.161143228673753 ], [ 148.277154338082426, -9.161275182700123 ], [ 148.277060835444928, -9.161658697430166 ], [ 148.276934037933842, -9.162032649883635 ], [ 148.276921169181122, -9.162061888196757 ], [ 148.276919415460242, -9.162120400495116 ], [ 148.276919823386862, -9.162227292997075 ], [ 148.276927441276968, -9.16251122126185 ], [ 148.276900126516949, -9.163140796661288 ], [ 148.276888189572247, -9.163245482107396 ], [ 148.276894667013238, -9.163457617316331 ], [ 148.276864398313137, -9.163900306108868 ], [ 148.276790610070492, -9.164337915007998 ], [ 148.276674012745559, -9.16476622959595 ], [ 148.276515729082632, -9.165181124948267 ], [ 148.276317283303428, -9.165578605360022 ], [ 148.27608058643321, -9.165954842827842 ], [ 148.27580791790092, -9.16630621391773 ], [ 148.275501903590708, -9.166629334663005 ], [ 148.275165490555565, -9.166921093156489 ], [ 148.274801918636769, -9.167178679522879 ], [ 148.274414689262613, -9.167399612982511 ], [ 148.274007531726397, -9.167581765745794 ], [ 148.27358436726891, -9.167723383508038 ], [ 148.273149271311183, -9.167823102347235 ], [ 148.272706434201609, -9.167879961861834 ], [ 148.272260120855208, -9.167893414422126 ], [ 148.271814629674509, -9.167863330445767 ], [ 148.271374251147222, -9.167789999646709 ], [ 148.270943226520217, -9.16767412824564 ], [ 148.270525706947979, -9.167516832168388 ], [ 148.270125713508605, -9.167319626298216 ], [ 148.269747098473658, -9.167084409885229 ], [ 148.26939350820399, -9.166813448253642 ], [ 148.269256463323018, -9.166685280838148 ], [ 148.269195770821511, -9.166634702894877 ], [ 148.269118324979303, -9.16655609063279 ], [ 148.269068348029975, -9.166509350983173 ], [ 148.26903606102627, -9.166472587632235 ], [ 148.268883408387296, -9.166317635593643 ], [ 148.268603825237648, -9.16597167032746 ], [ 148.268359713897695, -9.165600139013089 ], [ 148.268153425247931, -9.165206619781568 ], [ 148.267986945885838, -9.164794902515778 ], [ 148.26786187899657, -9.164368952348731 ], [ 148.267779428917549, -9.16393287147457 ], [ 148.267740389544684, -9.163490859639751 ], [ 148.267745136692298, -9.163047173695301 ], [ 148.267746745811053, -9.163032535757988 ], [ 148.267740648870927, -9.162955548887886 ], [ 148.267730152668918, -9.162653848238381 ], [ 148.267743189584962, -9.162121706039843 ], [ 148.267767193269435, -9.161835805846092 ], [ 148.267796791976764, -9.161609553721576 ], [ 148.267796506787874, -9.161604005173942 ], [ 148.267800111065327, -9.161268904639655 ], [ 148.267801788159659, -9.161185311449405 ], [ 148.26780679034195, -9.16101501121727 ], [ 148.267825616755914, -9.160715469698708 ], [ 148.267837318318982, -9.160594169635653 ], [ 148.267891116001636, -9.160210443620512 ], [ 148.26797777387975, -9.159832703072007 ], [ 148.268071278049831, -9.159493003660149 ], [ 148.268122335126634, -9.159320993916182 ], [ 148.268210446186856, -9.15904448169422 ], [ 148.268262892947348, -9.158844542096396 ], [ 148.268395743341756, -9.1584234594817 ], [ 148.268536639946575, -9.158043003180605 ], [ 148.268537258185859, -9.157890625606662 ], [ 148.268526105120969, -9.157590689269341 ], [ 148.268523585049167, -9.157496110578883 ], [ 148.268512893452254, -9.156832509300687 ], [ 148.268514252497823, -9.156628036630385 ], [ 148.268524914824695, -9.156265512062799 ], [ 148.268516176782867, -9.156059977453829 ], [ 148.268512121927671, -9.155867866501577 ], [ 148.268512225616433, -9.155498816753109 ], [ 148.268511920263848, -9.155278906929043 ], [ 148.268450837975394, -9.15508735276279 ], [ 148.26835819908348, -9.154652109016103 ], [ 148.268350264689076, -9.154580723939809 ], [ 148.268297510366949, -9.154255301408718 ], [ 148.268269767245528, -9.153820418442344 ], [ 148.268263772239209, -9.153426017687211 ], [ 148.268290574422309, -9.152862976241716 ], [ 148.268322561775108, -9.152574222472849 ], [ 148.26832391147147, -9.15255634565705 ], [ 148.268397890869522, -9.15201600891166 ], [ 148.268509622650498, -9.151591639516685 ], [ 148.268509776053691, -9.15149470767102 ], [ 148.268508264081845, -9.151451462474931 ], [ 148.268509889137533, -9.151423254069675 ], [ 148.268509995098213, -9.151356302467514 ], [ 148.268518885115441, -9.15126709808778 ], [ 148.268532158623259, -9.151036690982332 ], [ 148.268594262423562, -9.150625849956034 ], [ 148.268694051017064, -9.150222408063383 ], [ 148.268830681777047, -9.149829771489586 ], [ 148.268972585753517, -9.149475572634429 ], [ 148.269141704188996, -9.149103317125148 ], [ 148.269151687535867, -9.149085764092112 ], [ 148.269171198826882, -9.148971928717653 ], [ 148.269253427059567, -9.148591762365403 ], [ 148.269368220670799, -9.148220023076378 ], [ 148.26947338115653, -9.147925311004988 ], [ 148.269544538431859, -9.147716935803743 ], [ 148.269710489916918, -9.14730011335457 ], [ 148.269917158000823, -9.146901669445366 ], [ 148.270047368982176, -9.146702044115559 ], [ 148.270069362899903, -9.14664083317394 ], [ 148.270246708770571, -9.146261972489693 ], [ 148.270274588470613, -9.14620896596154 ], [ 148.270286935496244, -9.146172774665864 ], [ 148.270322727503213, -9.146071808693421 ], [ 148.270381929359331, -9.145910909151286 ], [ 148.270412257727088, -9.14583547979151 ], [ 148.270414779290434, -9.14582278564977 ], [ 148.270417863162947, -9.145808667898351 ], [ 148.270405709566802, -9.145708916925717 ], [ 148.270325419137436, -9.145391964602178 ], [ 148.270247423616979, -9.144996263013924 ], [ 148.270223799045965, -9.14486638499336 ], [ 148.270175502411178, -9.144576783926153 ], [ 148.270128455616344, -9.144194199357315 ], [ 148.270114367898941, -9.143809022907085 ], [ 148.270118722813123, -9.143720662952756 ], [ 148.2700822327796, -9.143471849349979 ], [ 148.270064304364183, -9.142982653509794 ], [ 148.270099698129087, -9.142494398621258 ], [ 148.270132476660905, -9.142237393838403 ], [ 148.270145275451114, -9.142115490959624 ], [ 148.270145075073629, -9.142093264474871 ], [ 148.270141172178029, -9.141976054367371 ], [ 148.270122782245238, -9.141800643016605 ], [ 148.270124510372682, -9.141596235594415 ], [ 148.267121169403168, -9.151662591313393 ], [ 148.267119864571185, -9.151694766711611 ], [ 148.26705766487612, -9.152136609169908 ], [ 148.266951949105902, -9.152570208915776 ], [ 148.2668037464029, -9.15299134419787 ], [ 148.266614499596386, -9.153395914609083 ], [ 148.266386051160168, -9.153779981011382 ], [ 148.266286909175847, -9.153914382297126 ], [ 148.266283499025491, -9.153919733802971 ], [ 148.266279692579474, -9.153924583369035 ], [ 148.26623634856864, -9.154042247827272 ], [ 148.266040009291942, -9.154446017580282 ], [ 148.265804386550769, -9.154828473699293 ], [ 148.265531798048755, -9.15518585393475 ], [ 148.265224925147692, -9.155514642696259 ], [ 148.264886786493861, -9.155811605637977 ], [ 148.264807481860572, -9.155874576950001 ], [ 148.264807481860288, -9.155874576950206 ], [ 148.264807481860146, -9.155874576950325 ], [ 148.264783485153288, -9.155893631367199 ], [ 148.264742586288236, -9.155926106816523 ], [ 148.264714349413509, -9.155946510519732 ], [ 148.264676245582223, -9.155978179932234 ], [ 148.264623154266758, -9.156013388046869 ], [ 148.264597001602482, -9.156034054799465 ], [ 148.264562849210648, -9.156055983085935 ], [ 148.264408221825988, -9.156167715197897 ], [ 148.26405316862494, -9.156378165993269 ], [ 148.263680358047765, -9.156555721658718 ], [ 148.263292868083084, -9.156698916235989 ], [ 148.262910128098014, -9.156802188198835 ], [ 148.262865470024821, -9.156814877523463 ], [ 148.262424360383847, -9.15689460830199 ], [ 148.261977495623142, -9.156930809065118 ], [ 148.261529215004998, -9.156923128264744 ], [ 148.261352512745958, -9.156911428419301 ], [ 148.261129474303459, -9.156891170392809 ], [ 148.260971972290264, -9.156872970431763 ], [ 148.260490985751034, -9.156791211461487 ] ] ] } },
{ "type": "Feature", "properties": { "day": "Tuesday", "stop": "Umbuara", "zones": "2", "band_km": 10 }, "geometry": { "type": "Polygon", "coordinates": [ [ [ 148.258676992573498, -9.197881463837733 ], [ 148.258734057444229, -9.197827084059899 ], [ 148.258734057444343, -9.197827084059798 ], [ 148.258734057444428, -9.197827084059695 ], [ 148.258756075960918, -9.197806101581703 ], [ 148.258766264141741, -9.197795903572894 ], [ 148.258776443884329, -9.197786692028204 ], [ 148.259001956728241, -9.197571790017566 ], [ 148.259262906414705, -9.197341542113012 ], [ 148.259516557642797, -9.197150167761309 ], [ 148.259563785517798, -9.196804742927316 ], [ 148.259666998913616, -9.196372991857652 ], [ 148.259812310331796, -9.195953373678753 ], [ 148.259998319869794, -9.195549930470042 ], [ 148.260223235605935, -9.195166548485943 ], [ 148.260484890865342, -9.194806920722048 ], [ 148.260780765095063, -9.194474511343303 ], [ 148.261108008146806, -9.194172522316949 ], [ 148.261262140891262, -9.194043687737048 ], [ 148.261318273199038, -9.193953039255351 ], [ 148.261470337868019, -9.193666404563658 ], [ 148.261745731848208, -9.193213664514298 ], [ 148.262072459134458, -9.192795984711001 ], [ 148.262338802828054, -9.19249378925652 ], [ 148.262338802828083, -9.192493789256487 ], [ 148.262338802828111, -9.192493789256471 ], [ 148.262341924734329, -9.192490247115561 ], [ 148.262423319312916, -9.192395341151627 ], [ 148.262478535387032, -9.192327839920271 ], [ 148.262480737182756, -9.192325500730702 ], [ 148.262519968894424, -9.192252137493609 ], [ 148.262537048341613, -9.192220502673736 ], [ 148.262567399376763, -9.192164817807077 ], [ 148.26268418532058, -9.191874309164012 ], [ 148.262869689382654, -9.191471387240435 ], [ 148.263062893046879, -9.191100888948499 ], [ 148.263291648155388, -9.19071114519809 ], [ 148.263558355529455, -9.190345995462968 ], [ 148.263793958131259, -9.190083153886292 ], [ 148.263791992629308, -9.189987792276463 ], [ 148.263793500332554, -9.189384991257263 ], [ 148.263810500490223, -9.189005596199298 ], [ 148.263859482819157, -9.188628957034659 ], [ 148.263940101649126, -9.188257730933904 ], [ 148.264097209085293, -9.187657731881782 ], [ 148.264230217017513, -9.187235672090766 ], [ 148.264404086591753, -9.18682854374158 ], [ 148.264617154088086, -9.186440242215582 ], [ 148.264867380761132, -9.186074482745399 ], [ 148.265246784006109, -9.18557438619402 ], [ 148.265481825161828, -9.185289504131783 ], [ 148.265848005604568, -9.184880832386227 ], [ 148.266017693368013, -9.184682070742346 ], [ 148.266024223804379, -9.184667741289559 ], [ 148.266040811247052, -9.18462619707155 ], [ 148.266062643558456, -9.184549245117372 ], [ 148.266061588595761, -9.184544992518481 ], [ 148.265963184651412, -9.184493018710892 ], [ 148.265590078325886, -9.184246348090483 ], [ 148.265243201373181, -9.183964404097422 ], [ 148.264925918502541, -9.183649921620587 ], [ 148.264641307333108, -9.183305951173239 ], [ 148.26439212854072, -9.182935829300339 ], [ 148.264180799080236, -9.18254314621141 ], [ 148.264009368743046, -9.18213171095281 ], [ 148.263894341362999, -9.181754219333314 ], [ 148.263828523818717, -9.181597117249158 ], [ 148.263698615034144, -9.181175072031639 ], [ 148.263610735089372, -9.18074245199147 ], [ 148.263565721174928, -9.180303379230239 ], [ 148.263564002035764, -9.179862037318482 ], [ 148.263584420669787, -9.179646320417005 ], [ 148.263567243640324, -9.179592678161869 ], [ 148.263474109905388, -9.179157823774378 ], [ 148.263423113569644, -9.178844822634673 ], [ 148.263375556357033, -9.178435386909985 ], [ 148.26336571763278, -9.178023349008026 ], [ 148.263393679021021, -9.177612132728179 ], [ 148.263405843440779, -9.177536583844772 ], [ 148.263358397509165, -9.177465467006366 ], [ 148.263147615861328, -9.17706921570392 ], [ 148.26297735115142, -9.176654174165845 ], [ 148.262849276371099, -9.176224420845525 ], [ 148.262764649910991, -9.175784178750947 ], [ 148.262727453050985, -9.175520277855318 ], [ 148.262687013895572, -9.175071559070279 ], [ 148.262691713966149, -9.17462106878418 ], [ 148.262741506429137, -9.174173279538941 ], [ 148.262835896767939, -9.173732637043221 ], [ 148.26297394769918, -9.173303516034835 ], [ 148.263154288484941, -9.172890176848318 ], [ 148.263194565498793, -9.172818418460011 ], [ 148.263213606177487, -9.172775564025798 ], [ 148.263362709690654, -9.172446765292888 ], [ 148.263367883709066, -9.172436445773537 ], [ 148.263370250218259, -9.172430405701865 ], [ 148.263474747262279, -9.172192662065916 ], [ 148.263541400244492, -9.172027072840891 ], [ 148.2636466649125, -9.171800214313427 ], [ 148.26366523786831, -9.17166818395404 ], [ 148.263759928094942, -9.17126658195868 ], [ 148.26382853103982, -9.171025682406304 ], [ 148.26384815865336, -9.170963964952774 ], [ 148.263870686171458, -9.170866940759311 ], [ 148.263992975789023, -9.170438010747727 ], [ 148.264157179357255, -9.170023132952386 ], [ 148.264290282484723, -9.169730134083403 ], [ 148.264480064964317, -9.169358955769781 ], [ 148.264703401164354, -9.169006698045269 ], [ 148.264801008736697, -9.168880246430874 ], [ 148.264995227121574, -9.168606107593774 ], [ 148.265306687468012, -9.168251484736361 ], [ 148.265607988386591, -9.167942487383179 ], [ 148.26589986146999, -9.167668459393337 ], [ 148.266214909847065, -9.167421069106554 ], [ 148.266528682717933, -9.167216579043593 ], [ 148.266532124899356, -9.16712280998545 ], [ 148.266541626467017, -9.167001209894373 ], [ 148.266584612056931, -9.166640034492719 ], [ 148.266657717897743, -9.166183934625794 ], [ 148.266693201238269, -9.166026693555006 ], [ 148.266736193220652, -9.165771380407596 ], [ 148.266835878689506, -9.165388645149356 ], [ 148.266968828112169, -9.165016026289289 ], [ 148.266977929577251, -9.164996211306395 ], [ 148.267088108790148, -9.164684734283567 ], [ 148.267303746554717, -9.164238379333801 ], [ 148.267491108892386, -9.163939513444486 ], [ 148.267523167365908, -9.163856170615592 ], [ 148.267616924612952, -9.163537237112985 ], [ 148.267634254500194, -9.163447103819861 ], [ 148.267639658844217, -9.163419462850744 ], [ 148.267668530288461, -9.163274214563723 ], [ 148.267671154380082, -9.16324188030228 ], [ 148.267738125937711, -9.16288303035822 ], [ 148.267730152668918, -9.162653848238381 ], [ 148.267743189584962, -9.162121706039843 ], [ 148.267767193269435, -9.161835805846092 ], [ 148.267796791976764, -9.161609553721592 ], [ 148.267796506787874, -9.161604005173942 ], [ 148.267800111065327, -9.161268904639655 ], [ 148.267801788159659, -9.161185311449405 ], [ 148.26780679034195, -9.16101501121727 ], [ 148.267825616755914, -9.160715469698708 ], [ 148.267837318318982, -9.160594169635653 ], [ 148.267891116001636, -9.160210443620512 ], [ 148.26797777387975, -9.159832703072007 ], [ 148.268071278049831, -9.159493003660149 ], [ 148.268122335126634, -9.159320993916182 ], [ 148.268210446186856, -9.15904448169422 ], [ 148.268262892947348, -9.158844542096396 ], [ 148.268395743341756, -9.1584234594817 ], [ 148.268536639946575, -9.158043003180605 ], [ 148.268537258185859, -9.157890625606662 ], [ 148.268526105120969, -9.157590689269341 ], [ 148.268523585049167, -9.157496110578883 ], [ 148.268512893452254, -9.156832509300687 ], [ 148.268514252497823, -9.156628036630385 ], [ 148.268524914824695, -9.156265512062799 ], [ 148.268516176782867, -9.156059977453829 ], [ 148.268512121927671, -9.155867866501577 ], [ 148.268512225616433, -9.155498816753109 ], [ 148.268511920263848, -9.155278906929043 ], [ 148.268450837975394, -9.15508735276279 ], [ 148.26835819908348, -9.154652109016103 ], [ 148.268350264689076, -9.154580723939809 ], [ 148.268297510366949, -9.154255301408718 ], [ 148.268269767245528, -9.153820418442344 ], [ 148.268263772239209, -9.153426017687211 ], [ 148.268290574422309, -9.152862976241716 ], [ 148.268322561775108, -9.152574222472849 ], [ 148.26832391147147, -9.15255634565705 ], [ 148.268397890869522, -9.15201600891166 ], [ 148.268509622650498, -9.151591639516685 ], [ 148.268509776053691, -9.15149470767102 ], [ 148.268508264081845, -9.151451462474931 ], [ 148.268509889137533, -9.151423254069675 ], [ 148.268509995098213, -9.151356302467514 ], [ 148.268518885115441, -9.15126709808778 ], [ 148.268532158623259, -9.151036690982332 ], [ 148.268594262423562, -9.150625849956034 ], [ 148.268694051017064, -9.150222408063383 ], [ 148.268830681777047, -9.149829771489586 ], [ 148.268972585753517, -9.149475572634429 ], [ 148.269141704188996, -9.149103317125148 ], [ 148.269151687535867, -9.149085764092112 ], [ 148.269171198826882, -9.148971928717653 ], [ 148.269253427059567, -9.148591762365403 ], [ 148.269368220670799, -9.148220023076378 ], [ 148.26947338115653, -9.147925311004988 ], [ 148.269544538431859, -9.147716935803743 ], [ 148.269710489916918, -9.14730011335457 ], [ 148.269917158000823, -9.146901669445366 ], [ 148.270047368982176, -9.146702044115559 ], [ 148.270069362899903, -9.14664083317394 ], [ 148.270246708770571, -9.146261972489693 ], [ 148.270274588470613, -9.14620896596154 ], [ 148.270286935496244, -9.146172774665864 ], [ 148.270322727503213, -9.146071808693421 ], [ 148.270381929359331, -9.145910909151286 ], [ 148.270412257727088, -9.14583547979151 ], [ 148.270414779290434, -9.14582278564977 ], [ 148.270417863162947, -9.145808667898351 ], [ 148.270405709566802, -9.145708916925717 ], [ 148.270325419137436, -9.145391964602178 ], [ 148.270247423616979, -9.144996263013924 ], [ 148.270223799045965, -9.14486638499336 ], [ 148.270175502411178, -9.144576783926153 ], [ 148.270128455616344, -9.144194199357315 ], [ 148.270114367898941, -9.143809022907085 ], [ 148.270118722813123, -9.143720662952756 ], [ 148.2700822327796, -9.143471849349979 ], [ 148.270064304364183, -9.142982653509794 ], [ 148.270099698129087, -9.142494398621258 ], [ 148.270132476660905, -9.142237393838403 ], [ 148.270145275451114, -9.142115490959624 ], [ 148.270145075073629, -9.142093264474871 ], [ 148.270141172178029, -9.141976054367371 ], [ 148.270122782245238, -9.141800643016605 ], [ 148.270124510372682, -9.141596235594415 ], [ 148.267121169403168, -9.151662591313393 ], [ 148.267119864571185, -9.151694766711611 ], [ 148.26705766487612, -9.152136609169908 ], [ 148.266951949105902, -9.152570208915776 ], [ 148.2668037464029, -9.15299134419787 ], [ 148.266614499596386, -9.153395914609083 ], [ 148.266386051160168, -9.153779981011382 ], [ 148.266286909175847, -9.153914382297126 ], [ 148.266283499025491, -9.153919733802971 ], [ 148.266279692579474, -9.153924583369035 ], [ 148.26623634856864, -9.154042247827272 ], [ 148.266040009291942, -9.154446017580282 ], [ 148.265804386550769, -9.154828473699293 ], [ 148.265531798048755, -9.15518585393475 ], [ 148.265224925147692, -9.155514642696259 ], [ 148.264886786493861, -9.155811605637977 ], [ 148.264807481860572, -9.155874576950001 ], [ 148.264807481860288, -9.155874576950206 ], [ 148.264807481860146, -9.155874576950325 ], [ 148.264783485153288, -9.155893631367199 ], [ 148.264742586288236, -9.155926106816523 ], [ 148.264714349413509, -9.155946510519732 ], [ 148.264676245582223, -9.155978179932234 ], [ 148.264623154266758, -9.156013388046869 ], [ 148.264597001602482, -9.156034054799465 ], [ 148.264562849210648, -9.156055983085935 ], [ 148.264408221825988, -9.156167715197897 ], [ 148.26405316862494, -9.156378165993269 ], [ 148.263680358047765, -9.156555721658718 ], [ 148.263292868083084, -9.156698916235989 ], [ 148.262910128098014, -9.156802188198835 ], [ 148.262865470024821, -9.156814877523463 ], [ 148.262424360383847, -9.15689460830199 ], [ 148.261977495623142, -9.156930809065118 ], [ 148.261529215004998, -9.156923128264744 ], [ 148.261352512745958, -9.156911428419301 ], [ 148.261129474303459, -9.156891170392809 ], [ 148.260971972290264, -9.156872970431763 ], [ 148.260490985751034, -9.156791211461487 ], [ 148.260437366596761, -9.156776078933161 ], [ 148.260196479376475, -9.156732025643345 ], [ 148.259738774879111, -9.156597815725487 ], [ 148.259297733956487, -9.156416703427132 ], [ 148.258878208539556, -9.156190681164949 ], [ 148.258484813844404, -9.155922235414989 ], [ 148.25812187759567, -9.155614319356772 ], [ 148.258044877343593, -9.155541718713376 ], [ 148.257748565038014, -9.155234755365214 ], [ 148.257482592160727, -9.154901479051718 ], [ 148.257249312669302, -9.154544839480169 ], [ 148.257050791144536, -9.154167993131679 ], [ 148.256888784519447, -9.153774275322508 ], [ 148.256764726531969, -9.153367170682756 ], [ 148.256679715038928, -9.152950282313656 ], [ 148.256634502303399, -9.152527299896732 ], [ 148.256629488341247, -9.152101967036955 ], [ 148.256664717385547, -9.151678048129126 ], [ 148.256739877500308, -9.151259295040644 ], [ 148.256793046570209, -9.151068839920475 ], [ 148.256835113244477, -9.150863736437827 ], [ 148.256835729173105, -9.150860914767346 ], [ 148.256939115160492, -9.150345482309296 ], [ 148.257036889670076, -9.149855001706259 ], [ 148.257097739615318, -9.149484107739516 ], [ 148.257097739615347, -9.149484107739482 ], [ 148.257110531456902, -9.149406138558328 ], [ 148.257110531456902, -9.149406138558295 ], [ 148.257110531456902, -9.149406138558277 ], [ 148.257147769741806, -9.149179162634086 ], [ 148.257180137031781, -9.149003736282429 ], [ 148.257228043841309, -9.148770156805694 ], [ 148.257225217727353, -9.148716491794685 ], [ 148.257245612751831, -9.148273843202924 ], [ 148.257309510164021, -9.147835304231652 ], [ 148.257416296101042, -9.147405086820497 ], [ 148.25756494478577, -9.146987322968947 ], [ 148.257708793122873, -9.146682029311116 ], [ 148.25776937933685, -9.146479807043795 ], [ 148.257898942370986, -9.146107497823643 ], [ 148.25807865906998, -9.145655808124504 ], [ 148.258102589280412, -9.145554674227984 ], [ 148.258163741194409, -9.145162961923599 ], [ 148.258171905701232, -9.145057246994462 ], [ 148.258171905701232, -9.145057246994448 ], [ 148.258175565798268, -9.145009855654326 ], [ 148.258184707572525, -9.14486057855369 ], [ 148.258193534288608, -9.144777197637145 ], [ 148.258208584705756, -9.144582323127928 ], [ 148.258247712083005, -9.144243639866756 ], [ 148.258275340708622, -9.144100661625307 ], [ 148.258345532323233, -9.143690373171488 ], [ 148.258457738207795, -9.143218373771631 ], [ 148.258549893729224, -9.142887429107626 ], [ 148.258667056116565, -9.142564389074661 ], [ 148.258877861898441, -9.142045790789661 ], [ 148.258894759259078, -9.142005439486942 ], [ 148.259030471196183, -9.141652706796508 ], [ 148.259016420208496, -9.14148949542732 ], [ 148.259015328143022, -9.141116877073207 ], [ 148.259019793760331, -9.141001077894236 ], [ 148.259022315137685, -9.140685656289683 ], [ 148.259066919246692, -9.140257539742827 ], [ 148.259152282732146, -9.139835577690464 ], [ 148.259277631925755, -9.1394235937462 ], [ 148.259441830837488, -9.139025321092721 ], [ 148.259643391453949, -9.138644368654447 ], [ 148.260008396948223, -9.138027671927487 ], [ 148.260257808439746, -9.137650676608599 ], [ 148.260543784431292, -9.137300260755781 ], [ 148.260863477303474, -9.13697991350419 ], [ 148.260947353408369, -9.13690386047328 ], [ 148.260969406860937, -9.136790486284365 ], [ 148.261108351877112, -9.136337332698107 ], [ 148.261294242847185, -9.135901113855718 ], [ 148.261350367282063, -9.135786529384561 ], [ 148.261415772288586, -9.135627892310342 ], [ 148.261428090575322, -9.135522607688003 ], [ 148.26150224990451, -9.1351561283119 ], [ 148.261606617754012, -9.134796989472159 ], [ 148.261729922077279, -9.134430290378846 ], [ 148.261914547028141, -9.133967651464403 ], [ 148.262149217486893, -9.133527981238796 ], [ 148.262302625062574, -9.133304093052592 ], [ 148.262320521942996, -9.133167497038334 ], [ 148.262413369666007, -9.132758974766775 ], [ 148.262543854504372, -9.132360742972487 ], [ 148.262710856773651, -9.131976218470756 ], [ 148.262732998207497, -9.131931103875605 ], [ 148.262757723999357, -9.13158872274964 ], [ 148.262844322694008, -9.131112397664952 ], [ 148.262977629666864, -9.130552398373894 ], [ 148.263128246473684, -9.130051136298396 ], [ 148.263336114302291, -9.12957051904711 ], [ 148.263592819430471, -9.129060521279474 ], [ 148.26360696163249, -9.129032665460382 ], [ 148.263853566423478, -9.128551067613214 ], [ 148.264046672667604, -9.128211106752067 ], [ 148.264187637576129, -9.128006458139307 ], [ 148.26420020170346, -9.127864249479041 ], [ 148.264212825902973, -9.127740820827174 ], [ 148.264272586211007, -9.127226742839943 ], [ 148.264276949976022, -9.127165797721752 ], [ 148.264332477723229, -9.126713603645483 ], [ 148.2644335083138, -9.126269257724227 ], [ 148.264579015996617, -9.125837270591456 ], [ 148.26459968063179, -9.125784854702738 ], [ 148.264603077930786, -9.125762842013268 ], [ 148.264605715126891, -9.125745967103642 ], [ 148.264647105632292, -9.125484375502953 ], [ 148.264652397487822, -9.125450930498983 ], [ 148.264652397487822, -9.125450930498966 ], [ 148.264660898091535, -9.12539720590973 ], [ 148.264665034866709, -9.125366626777293 ], [ 148.264667405115802, -9.125356080918023 ], [ 148.264679021035448, -9.125282667223882 ], [ 148.264770221070307, -9.124847149344744 ], [ 148.264904042442851, -9.124422646085714 ], [ 148.265087448126081, -9.123927647507225 ], [ 148.265199120188072, -9.123654134817205 ], [ 148.265417425415649, -9.123165836649578 ], [ 148.265724801668796, -9.122593067982123 ], [ 148.265816821195187, -9.12244778415802 ], [ 148.265860847545895, -9.122323296705034 ], [ 148.266054979026791, -9.12191190986135 ], [ 148.266289675882689, -9.121521964905341 ], [ 148.266474678015442, -9.121246966575423 ], [ 148.266728690533057, -9.120905293011404 ], [ 148.267013847124701, -9.120588820464736 ], [ 148.267327630431424, -9.120300342645933 ], [ 148.267667270407998, -9.120042406127993 ], [ 148.26802976877687, -9.119817287868004 ], [ 148.268411925495883, -9.119626975109156 ], [ 148.268641824050917, -9.119538217689062 ], [ 148.268707439916113, -9.119487845178984 ], [ 148.268759101598221, -9.119413041343153 ], [ 148.269044009949653, -9.119042940359694 ], [ 148.269113513941448, -9.118969706032299 ], [ 148.269271899996994, -9.118632254135067 ], [ 148.269500636972651, -9.118248765605212 ], [ 148.269766260672668, -9.117889528172428 ], [ 148.270066188727583, -9.117558034145487 ], [ 148.270397505304061, -9.117257506114175 ], [ 148.270756989452821, -9.11699086562342 ], [ 148.271141146422167, -9.116760704774125 ], [ 148.271546241631455, -9.116569261027024 ], [ 148.271968336975391, -9.116418395453969 ], [ 148.272403329105401, -9.116309574648204 ], [ 148.272846989316605, -9.11624385646931 ], [ 148.273093115376099, -9.116231783199574 ], [ 148.273249689801446, -9.116211480307186 ], [ 148.27369835494369, -9.116197639367929 ], [ 148.274146208495921, -9.116227808979845 ], [ 148.274588890524711, -9.116301695413766 ], [ 148.27502209144123, -9.116418579349784 ], [ 148.275441593950831, -9.116577322879941 ], [ 148.275843314105032, -9.11677638058562 ], [ 148.27622334105547, -9.117013814581636 ], [ 148.276577975123701, -9.117287313380572 ], [ 148.276903763815909, -9.117594214394099 ], [ 148.277197535432578, -9.117931529851784 ], [ 148.277342265195387, -9.118135266194598 ], [ 148.277390599073897, -9.118197660756261 ], [ 148.277421635580055, -9.11824699588748 ], [ 148.277456429945317, -9.118295975885708 ], [ 148.277495430937648, -9.118364299727409 ], [ 148.277625282031352, -9.118570708555302 ], [ 148.277822373275484, -9.118964658823849 ], [ 148.277980006577678, -9.11937578153319 ], [ 148.278096689289896, -9.11980018405105 ], [ 148.278171316481746, -9.120233847996129 ], [ 148.278203181407008, -9.120672667283968 ], [ 148.278193505090485, -9.121052679368049 ], [ 148.27820330488413, -9.121134972861309 ], [ 148.278247012358179, -9.121741371281891 ], [ 148.278256563920934, -9.122201008029096 ], [ 148.278219101633198, -9.122659232712373 ], [ 148.278155131989308, -9.123138302460372 ], [ 148.278106443733463, -9.123504093432425 ], [ 148.278123578066158, -9.123599490396071 ], [ 148.278252900604343, -9.123867012804643 ], [ 148.27841120355933, -9.124232010545686 ], [ 148.278617706852941, -9.124814795025546 ], [ 148.278756111991697, -9.125311392620315 ], [ 148.278786944540485, -9.125428045966133 ], [ 148.278835161059618, -9.125620902998191 ], [ 148.278894209190469, -9.125809627790126 ], [ 148.279013344441779, -9.126165324562132 ], [ 148.279160222494085, -9.126725757120781 ], [ 148.279195990822529, -9.126787383372841 ], [ 148.279206079690283, -9.126802991651429 ], [ 148.279432649067729, -9.127195390278509 ], [ 148.279618626700369, -9.127608326809025 ], [ 148.279762150466723, -9.128037666963202 ], [ 148.279827027595104, -9.128325119649178 ], [ 148.279882579217883, -9.128504052333646 ], [ 148.279967457255623, -9.128900655884518 ], [ 148.280016242055552, -9.129303221726593 ], [ 148.280039342029198, -9.129608726422907 ], [ 148.28010046499864, -9.129954089841148 ], [ 148.280143236398487, -9.130277705521857 ], [ 148.280161811109963, -9.130402786741961 ], [ 148.280195024780454, -9.130683921255496 ], [ 148.280203464287496, -9.130708468658787 ], [ 148.2802718667308, -9.130946867484305 ], [ 148.280292816215137, -9.131044285767342 ], [ 148.280325698384843, -9.131128132884905 ], [ 148.280457594314868, -9.131515349409394 ], [ 148.280553759443961, -9.131912822590792 ], [ 148.280613407534986, -9.132317303202523 ], [ 148.280616325323734, -9.132369901049804 ], [ 148.280644002813915, -9.132576101859174 ], [ 148.280656131758718, -9.133063518677623 ], [ 148.280638281748935, -9.133276338665967 ], [ 148.28062992327861, -9.133441911395138 ], [ 148.280621053017086, -9.133499905830567 ], [ 148.280620222113555, -9.133519932534329 ], [ 148.280575930493512, -9.133824925241679 ], [ 148.280728802588953, -9.134070817951917 ], [ 148.280838773262644, -9.134272663951259 ], [ 148.280838773262758, -9.134272663951496 ], [ 148.2808387732629, -9.13427266395175 ], [ 148.280844903915209, -9.13428391646684 ], [ 148.280845499633671, -9.13428510549646 ], [ 148.280932553112876, -9.134438284414951 ], [ 148.281080154992338, -9.134721482483499 ], [ 148.281291248168685, -9.135189816259125 ], [ 148.281387281303097, -9.135490255715961 ], [ 148.281440280976426, -9.135644462997751 ], [ 148.281528724492944, -9.135949983046483 ], [ 148.281650222020971, -9.136267553223147 ], [ 148.281765860098432, -9.136610517202131 ], [ 148.281795626798413, -9.136712123103353 ], [ 148.281795626798441, -9.136712123103434 ], [ 148.281800333626961, -9.136728189424142 ], [ 148.281808309993636, -9.136752423827835 ], [ 148.281810601251806, -9.136758299568612 ], [ 148.282121862455938, -9.136979307693547 ], [ 148.282455698788453, -9.137269014683596 ], [ 148.282759587385129, -9.137589627337769 ], [ 148.282849711653029, -9.13769450870195 ], [ 148.283053643198599, -9.137904178831169 ], [ 148.283312605264484, -9.138223999791174 ], [ 148.283541311969572, -9.138565844133232 ], [ 148.283737877994298, -9.138926894013789 ], [ 148.283900682940526, -9.139304173270745 ], [ 148.284082287245383, -9.139784070507476 ], [ 148.284232999380976, -9.140260770208505 ], [ 148.284274072784569, -9.140421201130321 ], [ 148.284353099930854, -9.14055447029267 ], [ 148.284540675182654, -9.14095609385117 ], [ 148.28455473988916, -9.140996040773082 ], [ 148.284608161858358, -9.14113102223644 ], [ 148.284678687652843, -9.141290900550006 ], [ 148.284851361928162, -9.141748004006603 ], [ 148.284973432293157, -9.142220945840101 ], [ 148.284987682665303, -9.142291874338666 ], [ 148.285013427945614, -9.142386254353562 ], [ 148.285031316025226, -9.142509050789318 ], [ 148.285049336552049, -9.142598744303628 ], [ 148.28512774176636, -9.143189578778285 ], [ 148.285149445862601, -9.143520077938833 ], [ 148.285158378968845, -9.143895243782499 ], [ 148.285156863955649, -9.143979568408641 ], [ 148.285159486908725, -9.144195864943859 ], [ 148.285322622712357, -9.144484878479615 ], [ 148.285382059475268, -9.144617320506221 ], [ 148.285416152595019, -9.144681051818802 ], [ 148.285450636059892, -9.144770128499625 ], [ 148.285492495956362, -9.144863404085228 ], [ 148.285519842032045, -9.144943314538862 ], [ 148.285532125265775, -9.144972022466492 ], [ 148.285546813265427, -9.145018570350084 ], [ 148.285614295515586, -9.145192888053288 ], [ 148.285645217580054, -9.145289962785395 ], [ 148.285689301319451, -9.145376508226915 ], [ 148.285781455053609, -9.14556850438233 ], [ 148.28597295837514, -9.145992901691208 ], [ 148.286125877741398, -9.146378142878993 ], [ 148.286154531230437, -9.146475658136735 ], [ 148.286171213647037, -9.146518223909453 ], [ 148.286235334614531, -9.146750652643384 ], [ 148.286242686402005, -9.146775672622109 ], [ 148.286246180296757, -9.146789966549008 ], [ 148.286296052031588, -9.146970743658761 ], [ 148.286308143786925, -9.147043466088199 ], [ 148.286333590415609, -9.14714757094082 ], [ 148.286423367168226, -9.14762567480817 ], [ 148.286434597020673, -9.147710589846653 ], [ 148.286443489116635, -9.147760051660709 ], [ 148.286452490856561, -9.147804417430569 ], [ 148.286452490856561, -9.147804417430587 ], [ 148.286455659164346, -9.147820032676348 ], [ 148.286455659164346, -9.14782003267643 ], [ 148.286455659164403, -9.147820032676565 ], [ 148.28648670540386, -9.147973046328074 ], [ 148.286530135573599, -9.148223127378387 ], [ 148.286537110142064, -9.148271323552578 ], [ 148.286548251539017, -9.148334117480578 ], [ 148.286564965267843, -9.148436529595399 ], [ 148.286764758526317, -9.14881084525797 ], [ 148.286902675279634, -9.149092371177902 ], [ 148.286973128307551, -9.149249815559596 ], [ 148.286986256340896, -9.149275712692731 ], [ 148.28712427633269, -9.149580729897508 ], [ 148.287156596082724, -9.149615936713225 ], [ 148.287467758737364, -9.150047128849573 ], [ 148.287659241251589, -9.150348347960534 ], [ 148.28775853885378, -9.15048395975956 ], [ 148.287970831277022, -9.150801166216569 ], [ 148.288093881682272, -9.151023614162774 ], [ 148.288234473914798, -9.151131538031141 ], [ 148.288579144607098, -9.151458741989536 ], [ 148.28882414424956, -9.151717039756701 ], [ 148.289067509029309, -9.151995548901059 ], [ 148.289218243797507, -9.152182977862582 ], [ 148.28938612668702, -9.152298862537936 ], [ 148.289744319534179, -9.15257331433763 ], [ 148.289843601196111, -9.152666390295563 ], [ 148.28995839825086, -9.152762758767125 ], [ 148.289987981261646, -9.152792917787375 ], [ 148.290009264514083, -9.152807156342885 ], [ 148.29033205764236, -9.153068735271106 ], [ 148.290629427163793, -9.153358552472657 ], [ 148.290801126952658, -9.15354195089219 ], [ 148.29107285615288, -9.153860506495903 ], [ 148.291185173592595, -9.154019949972398 ], [ 148.291294757211858, -9.15414601056305 ], [ 148.291442940741717, -9.154325598888672 ], [ 148.291461237838149, -9.154348973197296 ], [ 148.291545888079327, -9.154423576514015 ], [ 148.291807425887242, -9.154706582173226 ], [ 148.291888265824014, -9.154761235428989 ], [ 148.292211900783428, -9.155026472367332 ], [ 148.292443077299936, -9.155234451619933 ], [ 148.2925335508356, -9.15530231181792 ], [ 148.292771822610376, -9.155446534532905 ], [ 148.29309190886309, -9.155639536370574 ], [ 148.293238745339949, -9.155739260111151 ], [ 148.293257731412581, -9.155570796766078 ], [ 148.293326755020303, -9.155144005485164 ], [ 148.293407216043164, -9.154837264290093 ], [ 148.293455629676828, -9.154617891994159 ], [ 148.293608973862575, -9.15416162634517 ], [ 148.293654557610637, -9.154062535385052 ], [ 148.293667047071551, -9.154027074260176 ], [ 148.293778850318176, -9.153741075145227 ], [ 148.293784186037016, -9.153728040828316 ], [ 148.293819625071222, -9.153553598716279 ], [ 148.29387292786339, -9.153330198993611 ], [ 148.29390508627381, -9.153218712303001 ], [ 148.293895837208225, -9.153103573756665 ], [ 148.293851112472311, -9.152838846352791 ], [ 148.293797773168393, -9.152381629970687 ], [ 148.293791487124707, -9.151921393659832 ], [ 148.293804591593101, -9.151572893208103 ], [ 148.293805112757042, -9.151559560596816 ], [ 148.293808660387924, -9.151472129977607 ], [ 148.293808523606657, -9.151469312036445 ], [ 148.29380894722317, -9.151460895526505 ], [ 148.29380494375684, -9.151373735097353 ], [ 148.29379417289482, -9.151288845921469 ], [ 148.293759202374957, -9.150806468444889 ], [ 148.29377627913928, -9.150323138563992 ], [ 148.293791181286025, -9.150156438456413 ], [ 148.293822240007131, -9.149895371722476 ], [ 148.293872144308409, -9.149559871758148 ], [ 148.293872712657389, -9.149556538421619 ], [ 148.293868385189569, -9.149523610183742 ], [ 148.293814611526102, -9.149102116878458 ], [ 148.293790487922934, -9.14899264597274 ], [ 148.29370841791382, -9.148481960325674 ], [ 148.293672622174881, -9.148131459278934 ], [ 148.293649496744507, -9.147708701178573 ], [ 148.293666264483932, -9.147285646931733 ], [ 148.29368318604989, -9.147091058707696 ], [ 148.293682625575087, -9.147022600313054 ], [ 148.293724924747153, -9.1465695975334 ], [ 148.293781815147582, -9.146280606679049 ], [ 148.293782661511074, -9.146275438623375 ], [ 148.293796227013843, -9.146207397485691 ], [ 148.293812819268226, -9.146123112363487 ], [ 148.293813865120683, -9.146118929168383 ], [ 148.293843244283863, -9.145971570594583 ], [ 148.293869945701886, -9.145858170730641 ], [ 148.293993432698869, -9.145430011819711 ], [ 148.294064948522248, -9.145250870886599 ], [ 148.294078533841656, -9.145176515925591 ], [ 148.294194761395033, -9.144765642822085 ], [ 148.294349455041953, -9.144367491217947 ], [ 148.294402756336979, -9.144247491662252 ], [ 148.294577529082858, -9.143896093469431 ], [ 148.294601718706389, -9.143852341411259 ], [ 148.294703994408337, -9.143653113376516 ], [ 148.294713719954927, -9.143635951021597 ], [ 148.294774385244381, -9.143500036221621 ], [ 148.29483487644589, -9.143382246266096 ], [ 148.294813958215428, -9.143216385619349 ], [ 148.294801000788198, -9.142789261404856 ], [ 148.294804542094084, -9.14258388891802 ], [ 148.294804542094084, -9.142583888918002 ], [ 148.294805173777235, -9.14254725551953 ], [ 148.294805173777235, -9.142547255519512 ], [ 148.294809306933558, -9.142307560657658 ], [ 148.29484059119099, -9.141850117049968 ], [ 148.294918332592886, -9.14139817413437 ], [ 148.295041731519433, -9.140956379397615 ], [ 148.29520951884885, -9.140529275950927 ], [ 148.295419969014944, -9.140121255812645 ], [ 148.295670917758088, -9.139736514745005 ], [ 148.295959784385872, -9.13937900911006 ], [ 148.296283598315398, -9.139052415187765 ], [ 148.296357113417343, -9.1389919528925 ], [ 148.296413254729487, -9.138936982846825 ], [ 148.296753287172692, -9.13866277591997 ], [ 148.296833286965267, -9.138604376554657 ], [ 148.297046157079762, -9.138458060757896 ], [ 148.297154456627197, -9.138388061576162 ], [ 148.297230621503672, -9.138343489090678 ], [ 148.297262708900945, -9.138321926668111 ], [ 148.297333905047765, -9.138283046435561 ], [ 148.297502893490616, -9.13818415245718 ], [ 148.297587880016806, -9.138144051255772 ], [ 148.297600660243916, -9.138028210013765 ], [ 148.297686473659866, -9.137613597396628 ], [ 148.297754357162376, -9.137349047110693 ], [ 148.297818464942083, -9.137061423146134 ], [ 148.297843634793793, -9.136954646725501 ], [ 148.297879736597991, -9.136809446922472 ], [ 148.297985608253839, -9.136448725262849 ], [ 148.298121253220501, -9.136097985717136 ], [ 148.29820112447112, -9.135933692135564 ], [ 148.298212255446543, -9.135893260365377 ], [ 148.298278858128498, -9.135671560807873 ], [ 148.298416568241038, -9.135279749201441 ], [ 148.298589849193462, -9.134902137302948 ], [ 148.298797240862456, -9.134541906740138 ], [ 148.298912264857705, -9.134378878772241 ], [ 148.298924705802193, -9.134209259454439 ], [ 148.298928974863657, -9.1341737686394 ], [ 148.298926261991625, -9.134160711500266 ], [ 148.29889489831038, -9.133866915075833 ], [ 148.298822126994139, -9.133761089701817 ], [ 148.298640448837688, -9.133461663695849 ], [ 148.298604766733746, -9.133406155443708 ], [ 148.298567903483814, -9.133342100616531 ], [ 148.298555041738666, -9.133320902971377 ], [ 148.298552399682109, -9.133315160678343 ], [ 148.298383648411942, -9.133021932327001 ], [ 148.298201393090693, -9.132618063343596 ], [ 148.298059747354301, -9.132198419113138 ], [ 148.297960068573758, -9.131767021431752 ], [ 148.297903311902644, -9.131328004725869 ], [ 148.297894088538129, -9.131020974288447 ], [ 148.297885659378039, -9.130806128897653 ], [ 148.297909956142149, -9.130376762978676 ], [ 148.297975189127698, -9.129951633275015 ], [ 148.298014093762049, -9.129797956087144 ], [ 148.298022433839094, -9.129747705530095 ], [ 148.298129456730436, -9.129341846310277 ], [ 148.298273874054871, -9.128947593770979 ], [ 148.298454442108721, -9.128568342816788 ], [ 148.298669605907719, -9.12820735916147 ], [ 148.298917512580601, -9.12786775120818 ], [ 148.29893041129742, -9.127851704037491 ], [ 148.299067762710052, -9.127656302831978 ], [ 148.299098378314454, -9.127595519208183 ], [ 148.299147579167709, -9.127505919641045 ], [ 148.29937610968733, -9.127133644006804 ], [ 148.299639663895647, -9.126784980062238 ], [ 148.299935789976558, -9.126463171240145 ], [ 148.300261733137489, -9.126171211142832 ], [ 148.300287434928322, -9.126152310126518 ], [ 148.300323316962647, -9.126023575451145 ], [ 148.300484101013353, -9.125609640823225 ], [ 148.300684935074628, -9.125213361698961 ], [ 148.300923884890068, -9.124838554413046 ], [ 148.301198649152781, -9.124488828502884 ], [ 148.301506581671418, -9.124167551949194 ], [ 148.30184471685692, -9.123877818743168 ], [ 148.302209798284025, -9.123622419092689 ], [ 148.302598310052161, -9.123403812554177 ], [ 148.303006510644309, -9.123224104348889 ], [ 148.303430468957515, -9.123085025091536 ], [ 148.303866102157826, -9.122987914126304 ], [ 148.304309214995897, -9.122933706630752 ], [ 148.304755540204269, -9.122922924611622 ], [ 148.305200779587665, -9.122955671879211 ], [ 148.305640645410676, -9.123031633048639 ], [ 148.306070901684961, -9.123150076577547 ], [ 148.306487404957807, -9.123309861811101 ], [ 148.306886144210125, -9.123509449966354 ], [ 148.307263279479628, -9.123746918950031 ], [ 148.307615178837182, -9.124019981867612 ], [ 148.307938453361061, -9.124326009044866 ], [ 148.308229989771519, -9.124662053350429 ], [ 148.308486980412454, -9.125024878575205 ], [ 148.308706950290372, -9.125410990595858 ], [ 148.308887780911533, -9.125816671021834 ], [ 148.309027730686438, -9.126238013002508 ], [ 148.309096679908151, -9.126543487647011 ], [ 148.309188653638813, -9.126923852098731 ], [ 148.309249921842138, -9.127363359052941 ], [ 148.309267548310174, -9.127806717892945 ], [ 148.309241363130866, -9.128249658859611 ], [ 148.309171618318345, -9.128687916202631 ], [ 148.30904162611256, -9.129306316736987 ], [ 148.308940885104732, -9.129697421859571 ], [ 148.308805441142653, -9.130078037099731 ], [ 148.308636373999491, -9.130445127832441 ], [ 148.308424778078518, -9.13085512966811 ], [ 148.308194438413949, -9.131250813035141 ], [ 148.308044440280952, -9.131480814383004 ], [ 148.307955482575835, -9.131603992314467 ], [ 148.308022381229932, -9.131962164774142 ], [ 148.308055969164258, -9.132314943145909 ], [ 148.308193637095513, -9.132734829765658 ], [ 148.30828976569137, -9.133168839149297 ], [ 148.30834255797879, -9.133610130608188 ], [ 148.308351503793517, -9.134054440989985 ], [ 148.308316516550832, -9.134497477962558 ], [ 148.308274120769823, -9.134826177909932 ], [ 148.308201291197463, -9.135238444436093 ], [ 148.308090410492127, -9.135642250955071 ], [ 148.308042685047809, -9.135768637764466 ], [ 148.307993241904256, -9.136143869302042 ], [ 148.30792230092041, -9.136426453682418 ], [ 148.307919788125417, -9.136454383178817 ], [ 148.307866867236299, -9.136847376792069 ], [ 148.30777950471952, -9.137234251641299 ], [ 148.307658372306776, -9.137612032536817 ], [ 148.307504401437654, -9.137977814214112 ], [ 148.307367804453492, -9.138266115373442 ], [ 148.307176993710101, -9.138625901388201 ], [ 148.306954422356029, -9.13896719201586 ], [ 148.306767188413403, -9.139204474399675 ], [ 148.306694234541311, -9.139487412035647 ], [ 148.306692614019767, -9.139855717846519 ], [ 148.30664317347069, -9.140314991840581 ], [ 148.306546840462062, -9.140766856418056 ], [ 148.306404620180672, -9.14120659575228 ], [ 148.306217996722722, -9.141629620541392 ], [ 148.30614608399128, -9.141755784012311 ], [ 148.306143221419916, -9.142123114913653 ], [ 148.306094045994143, -9.142573718075148 ], [ 148.305999721135464, -9.143017164341948 ], [ 148.305861194560578, -9.143448997444342 ], [ 148.305679858188711, -9.143864877797999 ], [ 148.305676664613117, -9.143870562534591 ], [ 148.305671551351566, -9.143882413934156 ], [ 148.305459772174714, -9.144265967825824 ], [ 148.30521168140811, -9.144627384893713 ], [ 148.304929601882748, -9.144963281077366 ], [ 148.304616174698708, -9.145270511263861 ], [ 148.304274334498132, -9.145546198738561 ], [ 148.303939025968134, -9.145766870905778 ], [ 148.303904821117698, -9.145857382048181 ], [ 148.303718832529654, -9.146237344835431 ], [ 148.303497963694895, -9.14659839437387 ], [ 148.303488284977703, -9.146612667754447 ], [ 148.303478028099704, -9.146630230728267 ], [ 148.303465376476481, -9.146647989802352 ], [ 148.30323864482861, -9.147098954940935 ], [ 148.302954288336366, -9.147532306700228 ], [ 148.302910909566549, -9.147590803686773 ], [ 148.302881157637472, -9.14767326189604 ], [ 148.302932693240024, -9.148018759754276 ], [ 148.302946565683925, -9.14815318515126 ], [ 148.302955658832929, -9.148207192833453 ], [ 148.30299489955766, -9.148611187369404 ], [ 148.303034645215405, -9.148787854891591 ], [ 148.303089443463449, -9.149262133992124 ], [ 148.303093614874427, -9.149739511175545 ], [ 148.303047112741865, -9.15021466441644 ], [ 148.30302711442971, -9.150346364434816 ], [ 148.303003622797405, -9.150459276925995 ], [ 148.302950630918303, -9.150765002140364 ], [ 148.302932771473678, -9.150845223914498 ], [ 148.30293068098203, -9.150865870960402 ], [ 148.302930057702355, -9.150964474064427 ], [ 148.302937108667948, -9.151305429489515 ], [ 148.302931451351668, -9.151498838327822 ], [ 148.302978887072925, -9.151870572556509 ], [ 148.303005480503799, -9.152225041906918 ], [ 148.30303647426075, -9.152471865480688 ], [ 148.303071181718167, -9.153084334218349 ], [ 148.30306448901004, -9.15365593328986 ], [ 148.303026998298975, -9.154184926215519 ], [ 148.302983702564376, -9.154516626172391 ], [ 148.302926298365861, -9.154855116046239 ], [ 148.302868054645927, -9.155088698013946 ], [ 148.302841212704607, -9.15521604410635 ], [ 148.302719852386844, -9.155609391979043 ], [ 148.302655735044368, -9.155787801998626 ], [ 148.302615131921698, -9.155956477216399 ], [ 148.302597147799816, -9.156037670298391 ], [ 148.302583168112989, -9.156089262547296 ], [ 148.302521171260651, -9.156346812143024 ], [ 148.302420909257137, -9.156664382049064 ], [ 148.302355201677614, -9.156883416589439 ], [ 148.302270771060478, -9.157120978964679 ], [ 148.302270570162875, -9.157124872234631 ], [ 148.302222828769033, -9.157586010882838 ], [ 148.302181296620944, -9.157852227227899 ], [ 148.302171196190614, -9.157916969804015 ], [ 148.302166794046428, -9.157945187028924 ], [ 148.302166174372644, -9.157950465313368 ], [ 148.302164394615687, -9.157960567095678 ], [ 148.302154434387887, -9.158024410968352 ], [ 148.302136816786515, -9.158129191457194 ], [ 148.302111901870774, -9.158267365869552 ], [ 148.30207310784732, -9.158567205172412 ], [ 148.302042125077804, -9.158770137040184 ], [ 148.301965555723598, -9.159204869450768 ], [ 148.301876701808908, -9.159728387222813 ], [ 148.301829354078791, -9.159967777083672 ], [ 148.301706760893239, -9.160509877670632 ], [ 148.301610297569852, -9.160867347988896 ], [ 148.301484736256185, -9.161215780691084 ], [ 148.301330918179616, -9.161552841126273 ], [ 148.301320175149272, -9.161574030925188 ], [ 148.301256294720559, -9.161767653590445 ], [ 148.301083406860101, -9.162161018439951 ], [ 148.301029517347871, -9.162257488666247 ], [ 148.30090692490046, -9.162669055041256 ], [ 148.300739573251917, -9.16307873120695 ], [ 148.300532754436659, -9.163470205338609 ], [ 148.300288446123716, -9.163839733773152 ], [ 148.300008984514051, -9.164183782699862 ], [ 148.299697042003288, -9.164499061956015 ], [ 148.299355601627838, -9.164782556493124 ], [ 148.298987928539816, -9.165031555212234 ], [ 148.298597538782303, -9.165243676893063 ], [ 148.298188165664811, -9.165416892968153 ], [ 148.298096743132049, -9.165445465994736 ], [ 148.298000465917312, -9.165500852378242 ], [ 148.297529090184725, -9.16570536928957 ], [ 148.297336688451963, -9.1657762703872 ], [ 148.296910796904569, -9.165909979433517 ], [ 148.296473764540792, -9.166001549415627 ], [ 148.296029802804014, -9.166050097900035 ], [ 148.295583189924145, -9.166055157027671 ], [ 148.29513822968616, -9.166016678023768 ], [ 148.294867426225466, -9.165979878032154 ], [ 148.294576208581674, -9.16592922153802 ], [ 148.294463951372705, -9.165967365052477 ], [ 148.294005671506795, -9.166072109796458 ], [ 148.293777168887146, -9.166112110666514 ], [ 148.29333506163141, -9.166167486853883 ], [ 148.292889623394899, -9.166179622483844 ], [ 148.292445126735146, -9.166148401131567 ], [ 148.292005835181612, -9.166074122244005 ], [ 148.291575962336083, -9.165957498268217 ], [ 148.291159631451904, -9.165799647817753 ], [ 148.290904728021616, -9.165673369027322 ], [ 148.290674410565714, -9.165607558625684 ], [ 148.290256083316109, -9.16544200702814 ], [ 148.289856271924293, -9.165236176978746 ], [ 148.289292966860614, -9.164910074042941 ], [ 148.288930111683243, -9.16467638368197 ], [ 148.288591219000665, -9.164409520172766 ], [ 148.288279349514767, -9.164111893710508 ], [ 148.287997319845005, -9.163786192326086 ], [ 148.287747677089754, -9.163435357607089 ], [ 148.287532675822632, -9.163062558128734 ], [ 148.287500717181359, -9.163000480099864 ], [ 148.287147509418077, -9.162772849950196 ], [ 148.286779506908516, -9.162505447512951 ], [ 148.286486445955063, -9.162273511086031 ], [ 148.286213581103198, -9.162018401381998 ], [ 148.286038657028229, -9.161840811817463 ], [ 148.28590190812335, -9.161735625406028 ], [ 148.285577875384519, -9.161461362227259 ], [ 148.285281051725832, -9.161158208983855 ], [ 148.285114345759297, -9.160952561778471 ], [ 148.285086943187679, -9.160923675108613 ], [ 148.284958995651323, -9.16075834729453 ], [ 148.284933937425137, -9.160728687484889 ], [ 148.284908722690147, -9.160700605042271 ], [ 148.284704195950809, -9.160490511978773 ], [ 148.284437184352896, -9.160190742898637 ], [ 148.284246556885478, -9.159934164566007 ], [ 148.284053500931293, -9.159739153366347 ], [ 148.283996313610999, -9.159676213517706 ], [ 148.283796393459227, -9.159569798411654 ], [ 148.283433919184915, -9.159329920301589 ], [ 148.283096184161792, -9.159056703081253 ], [ 148.282786282588631, -9.158752649888601 ], [ 148.28254698234386, -9.158494247667813 ], [ 148.282217240510761, -9.158094560826935 ], [ 148.282083016575228, -9.157911441812349 ], [ 148.281632127191727, -9.157527110778892 ], [ 148.28145790513662, -9.157357555703378 ], [ 148.281445659155992, -9.157347004952596 ], [ 148.281427020691211, -9.157327498548181 ], [ 148.281415356685898, -9.157316146980063 ], [ 148.281415356685528, -9.157316146979642 ], [ 148.281415356685159, -9.157316146979326 ], [ 148.281401619224852, -9.157302777495111 ], [ 148.281401619224681, -9.157302777494994 ], [ 148.281401444651266, -9.157302607597746 ], [ 148.281385225397457, -9.157288696099425 ], [ 148.281358032419888, -9.157260358209651 ], [ 148.281351088925163, -9.157253600702367 ], [ 148.281351088924623, -9.157253600701797 ], [ 148.281351088924112, -9.157253600701329 ], [ 148.28133493232707, -9.157237876870862 ], [ 148.281334932327013, -9.157237876870797 ], [ 148.281229026058639, -9.157134807324146 ], [ 148.280960200252537, -9.156849539299392 ], [ 148.280717169498303, -9.156542266799987 ], [ 148.280501749627149, -9.156215285717145 ], [ 148.280315550152324, -9.155871039197388 ], [ 148.280288141688033, -9.155814649570683 ], [ 148.280131754262015, -9.155520255057846 ], [ 148.280082012102184, -9.155411286594738 ], [ 148.279968579998467, -9.15525906635164 ], [ 148.279929739787178, -9.155204848986489 ], [ 148.279730940390834, -9.15496810759681 ], [ 148.279659222682284, -9.15488429622286 ], [ 148.279395022388684, -9.154544009336949 ], [ 148.279164530251194, -9.15418033035526 ], [ 148.278969828988494, -9.153796545613268 ], [ 148.278806331859272, -9.15343214330939 ], [ 148.27868542651521, -9.153134727668398 ], [ 148.27859601083378, -9.152890128191864 ], [ 148.278544977510791, -9.152778945958197 ], [ 148.27844007694253, -9.152629231409163 ], [ 148.278214368517922, -9.152272772215088 ], [ 148.278023015386339, -9.15189698908898 ], [ 148.277918609121713, -9.151633619480954 ], [ 148.27787470202486, -9.151810162229253 ], [ 148.277702356132608, -9.152353532626586 ], [ 148.277610750969984, -9.15258936452242 ], [ 148.277597499968863, -9.152749773939949 ], [ 148.277586116017233, -9.152836498132725 ], [ 148.277585700052981, -9.152841543489796 ], [ 148.277584804374584, -9.152846490368809 ], [ 148.277566403012315, -9.15298667391933 ], [ 148.27750346914047, -9.153323418173015 ], [ 148.277529665904353, -9.15342637073508 ], [ 148.27759511843729, -9.153846406913919 ], [ 148.277620591288184, -9.154270694850702 ], [ 148.277625195901038, -9.154634694162818 ], [ 148.277625276871703, -9.154741554320701 ], [ 148.277619945608421, -9.155220364182959 ], [ 148.277618737693444, -9.155480723704315 ], [ 148.277625868440026, -9.155557206827657 ], [ 148.277644623731902, -9.155898026775839 ], [ 148.277637452985687, -9.156239281560499 ], [ 148.277635783739584, -9.156267540292703 ], [ 148.277638642266851, -9.15629174352383 ], [ 148.277640822944562, -9.156800453688412 ], [ 148.277632187381215, -9.156965251361934 ], [ 148.277633061151647, -9.157219379772309 ], [ 148.277633821547965, -9.157504178540821 ], [ 148.27764287596608, -9.157822126173366 ], [ 148.277644683969271, -9.157960762560064 ], [ 148.277643445112261, -9.158479351271609 ], [ 148.277645974233678, -9.158806940869425 ], [ 148.277630329410272, -9.159217852437298 ], [ 148.277581341232491, -9.159593735673267 ], [ 148.277575612106915, -9.159662184015449 ], [ 148.27750110234004, -9.160077665306259 ], [ 148.277387933939764, -9.160484433066609 ], [ 148.277259070740541, -9.160875536945259 ], [ 148.277180432824053, -9.161143228673753 ], [ 148.277154338082426, -9.161275182700123 ], [ 148.277060835444928, -9.161658697430166 ], [ 148.276934037933842, -9.162032649883635 ], [ 148.276921169181122, -9.162061888196757 ], [ 148.276919415460242, -9.162120400495116 ], [ 148.276919823386862, -9.162227292997075 ], [ 148.276927441276968, -9.16251122126185 ], [ 148.276900126516949, -9.163140796661288 ], [ 148.276887616247791, -9.163250510087453 ], [ 148.276894061256627, -9.163485217079174 ], [ 148.276857579613647, -9.163955101144158 ], [ 148.276772076062684, -9.164418659073716 ], [ 148.276733718318866, -9.164548491697179 ], [ 148.276710095652845, -9.164812781731181 ], [ 148.276613708199875, -9.16529288442606 ], [ 148.276588165802423, -9.165391841006876 ], [ 148.276531215559231, -9.165695998889506 ], [ 148.276409473635226, -9.166189883568439 ], [ 148.276232695212855, -9.166667061217648 ], [ 148.27602849654059, -9.167135205275864 ], [ 148.275910509927513, -9.167461531001296 ], [ 148.275708185350993, -9.167934679124997 ], [ 148.275657668542038, -9.168023261355176 ], [ 148.275637457587351, -9.168298493289244 ], [ 148.275573164958161, -9.168691854900333 ], [ 148.275486391753617, -9.169106370717305 ], [ 148.275448282757537, -9.169302883254865 ], [ 148.275407446440113, -9.169554609108108 ], [ 148.275311370069915, -9.170001651485979 ], [ 148.275187875736094, -9.170461152244593 ], [ 148.27514891328218, -9.170579622321053 ], [ 148.275131719573977, -9.170660678775475 ], [ 148.275003067742176, -9.171136850246738 ], [ 148.274823005174596, -9.171596271003775 ], [ 148.274706207900095, -9.171852071996295 ], [ 148.274435162250484, -9.172357820955252 ], [ 148.274236064991442, -9.172678522754085 ], [ 148.274224856110919, -9.172696483695615 ], [ 148.274087657959882, -9.17291518493634 ], [ 148.273844434753244, -9.173265090339422 ], [ 148.273569204289032, -9.173590740862398 ], [ 148.273264401319494, -9.17388925560806 ], [ 148.272932722233293, -9.174157993728111 ], [ 148.272611321413365, -9.174394296288702 ], [ 148.272360955977518, -9.174561023363584 ], [ 148.272286380298624, -9.174767999905082 ], [ 148.272268464731468, -9.174811086769154 ], [ 148.272448683076306, -9.175196739238748 ], [ 148.272599283694035, -9.175628548136608 ], [ 148.27270524880953, -9.176073257894862 ], [ 148.272751051651539, -9.176320656932432 ], [ 148.272784058458001, -9.176525157124493 ], [ 148.272811860863328, -9.176726856445528 ], [ 148.272849964236286, -9.177151172112906 ], [ 148.272847710633243, -9.177577167824801 ], [ 148.27284477707795, -9.177606364734336 ], [ 148.27288283430795, -9.177684951223675 ], [ 148.272912814148754, -9.177765830339373 ], [ 148.273005932134765, -9.177843837749187 ], [ 148.273333126410279, -9.178181391450776 ], [ 148.273359194322893, -9.178214565054237 ], [ 148.273521770687239, -9.178385389980512 ], [ 148.273809914815274, -9.178759493574628 ], [ 148.27405732181856, -9.179161358595131 ], [ 148.274261305732864, -9.179586622412373 ], [ 148.274372507982633, -9.179853420789778 ], [ 148.274513679189283, -9.180241283977336 ], [ 148.274586661473393, -9.180474560763171 ], [ 148.274689890577548, -9.180768474034558 ], [ 148.27485447199814, -9.181365777748242 ], [ 148.274926676029168, -9.181722076293642 ], [ 148.27500620739562, -9.182314910722724 ], [ 148.275018886585883, -9.182504554203119 ], [ 148.27502219650907, -9.182522583834661 ], [ 148.275083758409579, -9.182728341619654 ], [ 148.275191069948619, -9.1831656201049 ], [ 148.275254097155056, -9.183611333650065 ], [ 148.275278700493288, -9.18388283288294 ], [ 148.275297011424499, -9.184273315937117 ], [ 148.275281310474213, -9.184663911199024 ], [ 148.275251715032482, -9.185016710959205 ], [ 148.27520466040383, -9.185389609407869 ], [ 148.275139065377971, -9.185777909563328 ], [ 148.275114292658657, -9.185912118324024 ], [ 148.275019498669849, -9.186385318701854 ], [ 148.27486304077064, -9.18696336992109 ], [ 148.274681846993303, -9.187490771277918 ], [ 148.274650176820359, -9.187576100445055 ], [ 148.274601796848515, -9.187732608149332 ], [ 148.27448575340793, -9.188062107111856 ], [ 148.274344472004856, -9.188381727868542 ], [ 148.274097077209404, -9.188887430018683 ], [ 148.273780025433837, -9.189434663612138 ], [ 148.273652222270215, -9.189623413047391 ], [ 148.273622958238349, -9.189670788719701 ], [ 148.273429698884229, -9.18995837676119 ], [ 148.273214884609416, -9.190230447275336 ], [ 148.273196372725124, -9.190252131584323 ], [ 148.273165259170355, -9.190293002739047 ], [ 148.272941140075346, -9.190555814199358 ], [ 148.272937374422725, -9.190826984704129 ], [ 148.272900882097019, -9.191421284133551 ], [ 148.27284916157285, -9.191878760682986 ], [ 148.272750893037596, -9.1923286402378 ], [ 148.272617899051227, -9.192816241072329 ], [ 148.27245136894382, -9.193311517980902 ], [ 148.272228478146275, -9.193784412994086 ], [ 148.27199628224335, -9.194211015062253 ], [ 148.27188844440991, -9.194398315727552 ], [ 148.271762730865021, -9.194605056425695 ], [ 148.271679850457645, -9.194750301656434 ], [ 148.271452979427494, -9.195107831679129 ], [ 148.271193499669351, -9.195442749415561 ], [ 148.270969700981453, -9.195705251430716 ], [ 148.2709398698874, -9.195737702252226 ], [ 148.270922159238069, -9.195779502421665 ], [ 148.270829269988923, -9.195971845369526 ], [ 148.27082026995032, -9.195992467458094 ], [ 148.270808199116061, -9.196018054495132 ], [ 148.270808199115976, -9.196018054495235 ], [ 148.270568775548895, -9.196525569626187 ], [ 148.270414918346688, -9.196822625324891 ], [ 148.270239405832854, -9.197107581719923 ], [ 148.270173319225677, -9.197206475948812 ], [ 148.270257957066519, -9.197509906104976 ], [ 148.270310927850829, -9.197814295207765 ], [ 148.270344789353459, -9.197966969838925 ], [ 148.270393192616609, -9.198304771475167 ], [ 148.270411194716871, -9.198476670961886 ], [ 148.270433285040951, -9.198799427424222 ], [ 148.270439587506957, -9.198994327010697 ], [ 148.27043441979572, -9.199399270521425 ], [ 148.270422425438198, -9.199606385765374 ], [ 148.270412363812198, -9.199861953925504 ], [ 148.270406414993914, -9.200058218614281 ], [ 148.270448840146855, -9.200444730101786 ], [ 148.270453655451576, -9.200886772372055 ], [ 148.270415002628312, -9.201327169044069 ], [ 148.270333251012971, -9.201761710188103 ], [ 148.270209181945233, -9.202186241833985 ], [ 148.270043981305633, -9.202596705680934 ], [ 148.269839228184622, -9.202989177893398 ], [ 148.269596879792715, -9.203359906612249 ], [ 148.269319252754713, -9.203705347822215 ], [ 148.269009000967401, -9.204022199233155 ], [ 148.26866909023218, -9.204307431850708 ], [ 148.268302769904494, -9.204558318934708 ], [ 148.267913541831888, -9.204772462068401 ], [ 148.267505126876841, -9.204947814088957 ], [ 148.26708142934487, -9.205082698660226 ], [ 148.266646499658094, -9.205175826300247 ], [ 148.266543298457037, -9.205192726677563 ], [ 148.266070056166313, -9.205245136788445 ], [ 148.265593892698547, -9.205248122667967 ], [ 148.265120022167878, -9.205201651593363 ], [ 148.265015320828667, -9.205185851571555 ], [ 148.264529906921496, -9.205085452457569 ], [ 148.264405305389118, -9.205052552252537 ], [ 148.264386527136963, -9.205047591673882 ], [ 148.264295788521139, -9.205123318512594 ], [ 148.263927333144665, -9.205374019166825 ], [ 148.263535920320834, -9.205587628324748 ], [ 148.263125319638078, -9.205762088734488 ], [ 148.262699485502282, -9.205895720174217 ], [ 148.262262519049983, -9.205987235636458 ], [ 148.26181862864749, -9.206035753725111 ], [ 148.261372089356712, -9.20604080714576 ], [ 148.260927201757852, -9.206002347207528 ], [ 148.26048825052635, -9.205920744292809 ], [ 148.260059463162747, -9.205796784290655 ], [ 148.259644969273438, -9.205631661027931 ], [ 148.259248760794378, -9.205426964771089 ], [ 148.258874653541625, -9.205184666909565 ], [ 148.258526250458573, -9.204907100968251 ], [ 148.258206906914239, -9.204596940131825 ], [ 148.257919698387298, -9.204257171497757 ], [ 148.257667390846166, -9.203891067305866 ], [ 148.257523754855782, -9.203631215911376 ], [ 148.257514539679619, -9.203615926733553 ], [ 148.257509834682537, -9.203606032945409 ], [ 148.257452414111953, -9.203502153421745 ], [ 148.257376038341079, -9.203324682279803 ], [ 148.257323758046567, -9.203214745666784 ], [ 148.257298470354385, -9.203144440603241 ], [ 148.257276838458921, -9.203094175377553 ], [ 148.25724985387356, -9.203009276536507 ], [ 148.257173471044752, -9.202796915901628 ], [ 148.257065125907786, -9.202366461434432 ], [ 148.25699976592486, -9.201927527833737 ], [ 148.256978020398492, -9.201484342313972 ], [ 148.257000098589657, -9.201041173023418 ], [ 148.257065787708711, -9.200602287938434 ], [ 148.257174454971022, -9.200171913760077 ], [ 148.257325053697286, -9.199754195208625 ], [ 148.257516133399434, -9.199353155108476 ], [ 148.25774585375504, -9.198972655647351 ], [ 148.25801200233542, -9.19861636118323 ], [ 148.258140908563036, -9.198475147364238 ], [ 148.258290164360176, -9.198292047106865 ], [ 148.258318051977625, -9.198263444370182 ], [ 148.258391303639513, -9.198174292461264 ], [ 148.258436219820311, -9.198127873619745 ], [ 148.258443353264084, -9.198119125556582 ], [ 148.258485700161856, -9.198076737905756 ], [ 148.258646956147146, -9.197910086940389 ], [ 148.258676992573442, -9.197881463837801 ], [ 148.258676992573498, -9.197881463837733 ] ] ] } },
{ "type": "Feature", "properties": { "day": "Friday", "stop": "Kaura", "zones": "6", "band_km": 2 }, "geometry": { "type": "Polygon", "coordinates": [ [ [ 148.353572958089501, -9.068684846505045 ], [ 148.353320507782399, -9.068266518716937 ], [ 148.353263808452624, -9.06815991798001 ], [ 148.353048163543832, -9.067691750928223 ], [ 148.352956830693074, -9.067413534689322 ], [ 148.352956374547318, -9.067412446637976 ], [ 148.352823634706283, -9.067053843216295 ], [ 148.352721831591509, -9.066685379503348 ], [ 148.352694465049183, -9.066566938788306 ], [ 148.352628549775176, -9.066340499973997 ], [ 148.352587743617988, -9.066190740219765 ], [ 148.352512613604944, -9.065894989854639 ], [ 148.352390940964796, -9.065467991675876 ], [ 148.352225081735043, -9.064925370083962 ], [ 148.352225081734986, -9.064925370083811 ], [ 148.352225081734929, -9.064925370083662 ], [ 148.352210981184584, -9.064879238918394 ], [ 148.352179058965987, -9.064784067121883 ], [ 148.352158531481905, -9.064694696137947 ], [ 148.352125704666776, -9.064597612507795 ], [ 148.352087306058735, -9.064460911832938 ], [ 148.351972005081791, -9.063928441040339 ], [ 148.351952006588817, -9.063798440567966 ], [ 148.351905110594942, -9.063334584773818 ], [ 148.351905431645605, -9.063228149702752 ], [ 148.351892489387069, -9.062845899631823 ], [ 148.351921275008834, -9.06240312440867 ], [ 148.351993583170525, -9.061965285846032 ], [ 148.352079717629664, -9.061644576842284 ], [ 148.352116793073776, -9.061488660058441 ], [ 148.352219786516883, -9.061190045162739 ], [ 148.352231034108229, -9.061152766565701 ], [ 148.352240798072984, -9.061129125082529 ], [ 148.352261555236481, -9.061068942561658 ], [ 148.352302051252195, -9.060980812727077 ], [ 148.352400553260281, -9.060742309536673 ], [ 148.352609729937512, -9.06035034520017 ], [ 148.352856549544668, -9.05998064833539 ], [ 148.353138634989762, -9.059636779262256 ], [ 148.35345326958037, -9.059322049555965 ], [ 148.353797423188752, -9.059039490157561 ], [ 148.354167781434654, -9.058791822187208 ], [ 148.354560777604291, -9.058581430741521 ], [ 148.354972626998403, -9.058410341926873 ], [ 148.355399363378069, -9.058280203349877 ], [ 148.355836877158367, -9.058192268252803 ], [ 148.356280954981145, -9.058147383446643 ], [ 148.356727320286723, -9.0581459811578 ], [ 148.357171674493515, -9.058188074867033 ], [ 148.357609738389755, -9.058273259180583 ], [ 148.358037293338299, -9.058400713734551 ], [ 148.358450221898352, -9.058569211095296 ], [ 148.358844547473069, -9.058777128579345 ], [ 148.359216472601304, -9.05902246387917 ], [ 148.359562415525033, -9.059302854344692 ], [ 148.359879044680326, -9.05961559973432 ], [ 148.360163310780194, -9.059957688217095 ], [ 148.360412476179647, -9.060325825375266 ], [ 148.360624141241232, -9.060716465928104 ], [ 148.360796267446204, -9.061125847871928 ], [ 148.360842776452955, -9.061276526187561 ], [ 148.360850409395852, -9.061296681140458 ], [ 148.360860161906828, -9.061332850953661 ], [ 148.360867944143678, -9.061358063556254 ], [ 148.360909101251536, -9.061468853789455 ], [ 148.361021936426454, -9.061898140969724 ], [ 148.361091897459801, -9.062336354487854 ], [ 148.361099124113196, -9.062457538578199 ], [ 148.361145054613502, -9.062593503007809 ], [ 148.361155081564135, -9.062623532780812 ], [ 148.361214007588416, -9.062802098042782 ], [ 148.36124342893882, -9.062810958577225 ], [ 148.361268474144367, -9.062816885291006 ], [ 148.361293721016722, -9.062825246118779 ], [ 148.361310615847572, -9.062829335598092 ], [ 148.3613500001087, -9.06284305352821 ], [ 148.361480500579859, -9.062882354970347 ], [ 148.361549364317284, -9.062906813393207 ], [ 148.361549364319785, -9.062906813394241 ], [ 148.361549364322343, -9.062906813395008 ], [ 148.361555804718819, -9.062909100838107 ], [ 148.361555804718819, -9.062909100838107 ], [ 148.361607199119874, -9.062927354641802 ], [ 148.361626645908785, -9.062935498286876 ], [ 148.3616475738323, -9.062942428812924 ], [ 148.361698991959685, -9.062964610621254 ], [ 148.361731874437993, -9.062976063870485 ], [ 148.361812540446465, -9.063013344438787 ], [ 148.361984098009344, -9.063085186645418 ], [ 148.362063733140701, -9.063106471179719 ], [ 148.362081695073556, -9.063112363129019 ], [ 148.362275184066476, -9.063156140505219 ], [ 148.362687694648201, -9.063291731469292 ], [ 148.363085308661709, -9.06346582570527 ], [ 148.363464398320616, -9.063676834784159 ], [ 148.363821504838057, -9.063922833470892 ], [ 148.363887111219356, -9.063972801341544 ], [ 148.364105093110254, -9.064120720680707 ], [ 148.364416321350404, -9.064374789887932 ], [ 148.364524620887352, -9.064471489033437 ], [ 148.364524555595693, -9.064471561283199 ], [ 148.364529949464014, -9.064476271662622 ], [ 148.364583279425574, -9.064500092684778 ], [ 148.364611748029489, -9.064511954633456 ], [ 148.36462643640607, -9.06451936970854 ], [ 148.365002966070307, -9.064687554723491 ], [ 148.365085565322431, -9.064730278565488 ], [ 148.365155694980359, -9.064749874177249 ], [ 148.36557412231852, -9.064912559081236 ], [ 148.365974361765069, -9.065115483145686 ], [ 148.366352508258956, -9.065356666470368 ], [ 148.366583227484483, -9.065538097834143 ], [ 148.366596320680571, -9.065539748916633 ], [ 148.367050497369632, -9.065644860557677 ], [ 148.367143896242908, -9.065671560394719 ], [ 148.367591355879682, -9.065824945910348 ], [ 148.367871667645858, -9.065954826352314 ], [ 148.367954087448254, -9.065988777902898 ], [ 148.368010132937201, -9.066018983128988 ], [ 148.368020357469135, -9.066023720580255 ], [ 148.368033848117818, -9.066031764213736 ], [ 148.368369578426496, -9.066212702784728 ], [ 148.368759450375109, -9.066478274126235 ], [ 148.369090856631431, -9.066758417090286 ], [ 148.369264793811794, -9.066896577425066 ], [ 148.369586216805942, -9.067208214081573 ], [ 148.369610093968902, -9.067236443784136 ], [ 148.369684307492065, -9.067309435541041 ], [ 148.369713369166305, -9.067338278007558 ], [ 148.369725930774877, -9.067350857933652 ], [ 148.369769972829175, -9.067391998272551 ], [ 148.369801806972731, -9.067424195803467 ], [ 148.369803489810806, -9.067425785730926 ], [ 148.369879140351287, -9.067497259530965 ], [ 148.369899713920461, -9.067511377407625 ], [ 148.370050518052807, -9.067641376500315 ], [ 148.370158804037743, -9.067712544765456 ], [ 148.370493893036553, -9.06798128432639 ], [ 148.370565592717526, -9.068044583766053 ], [ 148.370780461822307, -9.068249419793323 ], [ 148.370869798956306, -9.068302436781636 ], [ 148.371234042851341, -9.068570858230562 ], [ 148.371311211470271, -9.068640572328352 ], [ 148.371484385193668, -9.068751439395365 ], [ 148.371834162026516, -9.069027098183051 ], [ 148.372155072458384, -9.069335507276385 ], [ 148.372221472356131, -9.069405906673348 ], [ 148.37253359981014, -9.069774347145223 ], [ 148.372804523814267, -9.070173701858383 ], [ 148.373031169463445, -9.070599438434133 ], [ 148.3732109643488, -9.071046725068028 ], [ 148.3732561887862, -9.071206944899174 ], [ 148.373323903378065, -9.071402987676056 ], [ 148.373429374639159, -9.071854475623329 ], [ 148.373487788265777, -9.072314324336494 ], [ 148.373491836977081, -9.072488975085133 ], [ 148.373515409732391, -9.072557113139965 ], [ 148.373607671178434, -9.072918043883394 ], [ 148.373669736599481, -9.073285297341334 ], [ 148.373708291342098, -9.07358970619906 ], [ 148.373757789498569, -9.07376686124371 ], [ 148.373846819783807, -9.074149128968998 ], [ 148.373889014427078, -9.074445290367064 ], [ 148.373931212623177, -9.074528178092734 ], [ 148.374048235796124, -9.074630634279906 ], [ 148.374232069315838, -9.074832044772181 ], [ 148.374341341095061, -9.074937829535342 ], [ 148.374623295874329, -9.075268787213783 ], [ 148.374872052944937, -9.075625073202486 ], [ 148.375085323560398, -9.076003409532062 ], [ 148.375261145443204, -9.076400315354373 ], [ 148.375397900841193, -9.076812138965764 ], [ 148.375448942673785, -9.077036012817 ], [ 148.375548584309172, -9.077085629872832 ], [ 148.375857500971307, -9.077276524371998 ], [ 148.37589989360356, -9.077298438937907 ], [ 148.37633158970209, -9.077548436740024 ], [ 148.376671205586689, -9.077765737859631 ], [ 148.376990089929535, -9.078012126377738 ], [ 148.37728572855724, -9.07828565971424 ], [ 148.37755579055522, -9.078584181272412 ], [ 148.377798146644665, -9.078905337440755 ], [ 148.378189748602551, -9.079475333017829 ], [ 148.378428612014545, -9.079863630362519 ], [ 148.378626990094972, -9.080273829722291 ], [ 148.378782872509589, -9.080701774461875 ], [ 148.378894679521522, -9.081143128116635 ], [ 148.378897017807361, -9.081158937924146 ], [ 148.378903559204872, -9.08118300881306 ], [ 148.37897770527249, -9.081628795544544 ], [ 148.379006715845492, -9.082079712046827 ], [ 148.378990301020139, -9.082531254901847 ], [ 148.378978837087743, -9.082663259425662 ], [ 148.378978701036061, -9.082689781023285 ], [ 148.378969349073827, -9.082946981331943 ], [ 148.379054950265214, -9.083132506075403 ], [ 148.379200465570847, -9.083552405127827 ], [ 148.37923615630524, -9.083701588964443 ], [ 148.379325597189933, -9.083953074471497 ], [ 148.379430006391317, -9.084367800014395 ], [ 148.379494539365368, -9.08479047332442 ], [ 148.379501593857157, -9.084915523394907 ], [ 148.379620266073772, -9.085040766622665 ], [ 148.379892991698426, -9.085392025223509 ], [ 148.380129765459458, -9.085768162057924 ], [ 148.380328307047364, -9.086165554803637 ], [ 148.380341724909186, -9.086200694467381 ], [ 148.380360318759244, -9.086238439203113 ], [ 148.380516381067594, -9.086654134240323 ], [ 148.380630698602857, -9.087083031581313 ], [ 148.380702170296729, -9.087521000769941 ], [ 148.3807301076925, -9.087963823971046 ], [ 148.380714241580932, -9.088407236588727 ], [ 148.380654724598969, -9.088846968335405 ], [ 148.380552129765874, -9.089278784356344 ], [ 148.38040744497107, -9.089698526013477 ], [ 148.380222063466107, -9.090102150935975 ], [ 148.379997770452462, -9.090485771951515 ], [ 148.379736725893679, -9.090845694523571 ], [ 148.379441443717724, -9.091178452334081 ], [ 148.379114767609337, -9.091480840668403 ], [ 148.378759843625375, -9.09174994728151 ], [ 148.378666343859038, -9.0918073720487 ], [ 148.378609229638471, -9.091848329639241 ], [ 148.378446035576758, -9.091942678667586 ], [ 148.378380089897234, -9.091983180447466 ], [ 148.378354117834391, -9.091995819948371 ], [ 148.378223355637402, -9.092071418681515 ], [ 148.377817339033015, -9.092255840628058 ], [ 148.377395090074401, -9.092399819319656 ], [ 148.376960675362369, -9.092501968095668 ], [ 148.376518278681431, -9.092561303150912 ], [ 148.376072160702506, -9.092577253012514 ], [ 148.375626617944704, -9.092549664045089 ], [ 148.375185941391351, -9.092478801931543 ], [ 148.374754375159029, -9.09236534911491 ], [ 148.374336075618544, -9.092210398225935 ], [ 148.374172782931254, -9.092131010130393 ], [ 148.374052375212329, -9.092082910296359 ], [ 148.373656483841216, -9.091877890515732 ], [ 148.373282717537364, -9.091635289102548 ], [ 148.373001529346254, -9.091410812587169 ], [ 148.373000081894787, -9.091409763057369 ], [ 148.372998865040813, -9.091408685631805 ], [ 148.372934675961346, -9.091357442503432 ], [ 148.372870978921924, -9.091295452776144 ], [ 148.372669175542086, -9.091116771881678 ], [ 148.37236852447964, -9.090793166740946 ], [ 148.372283868797155, -9.090682056751811 ], [ 148.37210855615146, -9.090476164082121 ], [ 148.371875596362941, -9.090147220930335 ], [ 148.371672975402447, -9.089798998873 ], [ 148.371428878400224, -9.089332795660702 ], [ 148.371229691999304, -9.088897607175996 ], [ 148.37122587190666, -9.088887934048795 ], [ 148.371110117102432, -9.088722495769344 ], [ 148.370872035620948, -9.088287310054191 ], [ 148.370862504644407, -9.088264160289796 ], [ 148.370731593525278, -9.088027252361535 ], [ 148.370550713646821, -9.087602176141528 ], [ 148.370414376444018, -9.087160986107888 ], [ 148.370402540531757, -9.087101697080424 ], [ 148.37039876261889, -9.087089509755684 ], [ 148.370308544956174, -9.086642609821208 ], [ 148.370264057034035, -9.086188952270851 ], [ 148.37026450271054, -9.086069018341268 ], [ 148.370211119552465, -9.085929035518937 ], [ 148.370106975102829, -9.085567989844069 ], [ 148.370071687730444, -9.085423204168519 ], [ 148.370005184224055, -9.085284074003752 ], [ 148.369855824614802, -9.084873456317089 ], [ 148.36975140050555, -9.084467496519759 ], [ 148.369593213153479, -9.084377331097221 ], [ 148.369217534903896, -9.084109415885502 ], [ 148.368871161411448, -9.083804977749999 ], [ 148.368557671537019, -9.083467162300748 ], [ 148.368280304344069, -9.083099460015783 ], [ 148.368041925631189, -9.082705670173034 ], [ 148.367755961716824, -9.082173822691194 ], [ 148.367535356482847, -9.081850338395578 ], [ 148.367314802214594, -9.081492171691295 ], [ 148.367188767400904, -9.08123697396621 ], [ 148.367090138332628, -9.081063232002329 ], [ 148.366917237316613, -9.080679000089615 ], [ 148.366899744420323, -9.080627813214656 ], [ 148.366874313555115, -9.080573582828444 ], [ 148.366852478144892, -9.080514716913456 ], [ 148.366660627175065, -9.080304802951195 ], [ 148.36662070241843, -9.080251464550493 ], [ 148.366564551113498, -9.080192972403571 ], [ 148.366288710885129, -9.079842205333025 ], [ 148.366048916158945, -9.079466173578599 ], [ 148.365847491993634, -9.079068523314856 ], [ 148.365707406305432, -9.078707299377166 ], [ 148.36564232329593, -9.078605328616051 ], [ 148.365533129617887, -9.078412519367292 ], [ 148.365458261032472, -9.078291775450326 ], [ 148.365421304321416, -9.078215063039487 ], [ 148.36540757809388, -9.078190825833756 ], [ 148.365388854166468, -9.078147705018271 ], [ 148.365250613211316, -9.077860752637713 ], [ 148.36508989685845, -9.077410352330354 ], [ 148.365055987769153, -9.077269632974549 ], [ 148.365053114734508, -9.077260732276608 ], [ 148.365041428720275, -9.077209214320352 ], [ 148.365007242999496, -9.077067346754816 ], [ 148.36495758540795, -9.07690508146379 ], [ 148.364836001280509, -9.076408539182413 ], [ 148.364771568517597, -9.075901530796051 ], [ 148.364757209107324, -9.075695327651074 ], [ 148.364685505827168, -9.075383176588506 ], [ 148.364675785590151, -9.075314203617486 ], [ 148.364632804747913, -9.075114139758769 ], [ 148.364622023971691, -9.075016974504218 ], [ 148.364587180836168, -9.07498527784206 ], [ 148.36427777702167, -9.074723692727943 ], [ 148.364196539311422, -9.074717873488972 ], [ 148.363753089907846, -9.074664247737539 ], [ 148.363317071195098, -9.074567644241737 ], [ 148.362892688687879, -9.074428994744942 ], [ 148.362484035658468, -9.074249636535736 ], [ 148.362095053652382, -9.074031299548924 ], [ 148.361729494467284, -9.073776089678818 ], [ 148.3614852563, -9.073567187342944 ], [ 148.361422394357021, -9.073519444578361 ], [ 148.36137267040408, -9.073477759104161 ], [ 148.361283039922796, -9.073407425040484 ], [ 148.361075569409479, -9.07321035771287 ], [ 148.361073101472869, -9.07320819345601 ], [ 148.361071573533678, -9.073206562198513 ], [ 148.361052932944858, -9.073188856285384 ], [ 148.36091166974532, -9.07306666502501 ], [ 148.36063526290414, -9.072775619501703 ], [ 148.360450045054961, -9.072703112503206 ], [ 148.360136982134321, -9.072540645488344 ], [ 148.360077994941406, -9.072512546089861 ], [ 148.36005914336215, -9.072502381897365 ], [ 148.360059143362093, -9.072502381897351 ], [ 148.360038270222105, -9.072491127739529 ], [ 148.360038270221082, -9.072491127738894 ], [ 148.360038270219974, -9.072491127738376 ], [ 148.359991877819027, -9.07246611436927 ], [ 148.359969427279651, -9.072454707102224 ], [ 148.359961385040037, -9.072449673586457 ], [ 148.35973079163233, -9.072325344465733 ], [ 148.359612526974956, -9.072254086459161 ], [ 148.359367307308844, -9.072296072253794 ], [ 148.358930075508368, -9.07232835864707 ], [ 148.358491747480372, -9.072318653004372 ], [ 148.358056395732973, -9.072267045478497 ], [ 148.357628065122952, -9.072174015532974 ], [ 148.357210735270513, -9.072040427487694 ], [ 148.356808283580733, -9.071867522488487 ], [ 148.356424449214472, -9.071656906975043 ], [ 148.35606279834505, -9.071410537754655 ], [ 148.355950039173536, -9.071316657585909 ], [ 148.355831726470058, -9.071230839031369 ], [ 148.355505833524376, -9.070943111359981 ], [ 148.35520914485312, -9.070625698336299 ], [ 148.354944384961726, -9.07028151484119 ], [ 148.354713985124505, -9.069913721590749 ], [ 148.354660752149016, -9.069807207065667 ], [ 148.354579277455343, -9.069745299629291 ], [ 148.354206027696591, -9.069428565879214 ], [ 148.353869281215481, -9.069073704491235 ], [ 148.353572958089501, -9.068684846505045 ] ] ] } },
{ "type": "Feature", "properties": { "day": "Friday", "stop": "Kaura", "zones": "6", "band_km": 5 }, "geometry": { "type": "Polygon", "coordinates": [ [ [ 148.344748102950177, -9.066320779826885 ], [ 148.3446528331595, -9.066379721283443 ], [ 148.344570238058878, -9.066445942721726 ], [ 148.344196999344376, -9.066689315632409 ], [ 148.343801558562461, -9.066895152144678 ], [ 148.343387724096175, -9.067061469862692 ], [ 148.34295948149699, -9.067186666984629 ], [ 148.342520955097655, -9.067269537731754 ], [ 148.342076368288048, -9.067309283962999 ], [ 148.341630002836183, -9.06730552286354 ], [ 148.341186157646518, -9.067258290632802 ], [ 148.340749107352906, -9.067168042136879 ], [ 148.340323061145369, -9.067035646527954 ], [ 148.339912122227247, -9.066862378873642 ], [ 148.339520248293525, -9.066649907876378 ], [ 148.339151213411071, -9.066400279801297 ], [ 148.338808571668295, -9.066115898767613 ], [ 148.338495622944123, -9.065799503593121 ], [ 148.338215381126474, -9.06545414141503 ], [ 148.33797054508608, -9.065083138341432 ], [ 148.337763472685253, -9.064690067415862 ], [ 148.337596158072046, -9.064278714203827 ], [ 148.337470212478308, -9.063853040332784 ], [ 148.337386848706529, -9.063417145336727 ], [ 148.337346869454507, -9.062975227173107 ], [ 148.337350659590356, -9.062531541792239 ], [ 148.337398182452006, -9.062090362148744 ], [ 148.337434086857684, -9.061918576320537 ], [ 148.337440966702701, -9.061872055484722 ], [ 148.337458097507067, -9.061803696505882 ], [ 148.337488980206359, -9.061655937049915 ], [ 148.337519218716068, -9.061559797504559 ], [ 148.337548861392236, -9.061441510832458 ], [ 148.337610534341081, -9.061269470689483 ], [ 148.337622178264809, -9.061232450237018 ], [ 148.337632349176914, -9.061208616950813 ], [ 148.337698691351761, -9.061023551533708 ], [ 148.337889013497772, -9.060622202733509 ], [ 148.338117994803696, -9.060241329594609 ], [ 148.33838342995773, -9.059884600075605 ], [ 148.338682762604975, -9.05955544960875 ], [ 148.338763645323922, -9.059474840206358 ], [ 148.338779042918418, -9.059437874176895 ], [ 148.338832344105214, -9.059324474619313 ], [ 148.338844950107074, -9.059301545840167 ], [ 148.33884547113928, -9.05930026636986 ], [ 148.338857966521147, -9.059274047751385 ], [ 148.338901196430498, -9.059169954838106 ], [ 148.338965058378506, -9.059049340543744 ], [ 148.339070403885387, -9.058828297389534 ], [ 148.339264970458714, -9.058474443945638 ], [ 148.339499481200818, -9.05800406947934 ], [ 148.339706865421988, -9.057632982128473 ], [ 148.339948347051205, -9.057282863569784 ], [ 148.340358350550844, -9.056744467220968 ], [ 148.340620772976138, -9.056430406246472 ], [ 148.340910625419951, -9.056141155949945 ], [ 148.341036119346199, -9.056036717756962 ], [ 148.341165001356956, -9.05573208454377 ], [ 148.341393406215047, -9.0552604864559 ], [ 148.341570738441447, -9.054930090861633 ], [ 148.341774967879076, -9.054615415751623 ], [ 148.341860649127568, -9.054494685211816 ], [ 148.34196185859301, -9.054332727020748 ], [ 148.342249088952627, -9.053964098683181 ], [ 148.342264235852895, -9.053948326652389 ], [ 148.34238616871292, -9.05379360494789 ], [ 148.342585371037529, -9.053587266646208 ], [ 148.342588847898526, -9.053583094766557 ], [ 148.34259578158273, -9.053576483157975 ], [ 148.34270189276495, -9.053466570644442 ], [ 148.342783813297729, -9.053397185549127 ], [ 148.342963963979059, -9.053225402664038 ], [ 148.342982098618933, -9.053209988372393 ], [ 148.343072400207092, -9.052775815980173 ], [ 148.34320645211875, -9.052349221824871 ], [ 148.343282777638251, -9.052170592996736 ], [ 148.343365836935988, -9.051793082017259 ], [ 148.343435840160481, -9.051529782408446 ], [ 148.343565466774351, -9.051121541711577 ], [ 148.343733353871187, -9.050727317558746 ], [ 148.343823534210287, -9.050561327883933 ], [ 148.343927758861838, -9.050132425740777 ], [ 148.344119425229422, -9.049622399907523 ], [ 148.344307729749943, -9.049200701437311 ], [ 148.344494172863278, -9.048829992585976 ], [ 148.344713981712999, -9.048477812245203 ], [ 148.344965309201797, -9.048147119687121 ], [ 148.345246043406718, -9.047840693617671 ], [ 148.345553825327329, -9.047561108829361 ], [ 148.345703164649706, -9.047448559756006 ], [ 148.345840479151235, -9.047311222908556 ], [ 148.34612988006657, -9.047066492757407 ], [ 148.346221612819107, -9.046995264553706 ], [ 148.346300900176431, -9.046932905248852 ], [ 148.34665535023683, -9.046680612903057 ], [ 148.347032469943969, -9.04646321123025 ], [ 148.347428794878311, -9.046282697354012 ], [ 148.34784068421402, -9.046140729526591 ], [ 148.347949883131292, -9.046108830076136 ], [ 148.348393243050879, -9.046002993958247 ], [ 148.348845034834227, -9.045941815368598 ], [ 148.34930071825687, -9.045925909088782 ], [ 148.349755713995279, -9.045955434941746 ], [ 148.349890312290654, -9.045970934993836 ], [ 148.350315733817411, -9.046040371517305 ], [ 148.350732630930111, -9.046149534631255 ], [ 148.351137258229613, -9.046297443596066 ], [ 148.351525980540146, -9.046482769580335 ], [ 148.351895305564597, -9.046703847598517 ], [ 148.352000004749726, -9.046773446977515 ], [ 148.35229871080827, -9.046989980276088 ], [ 148.352398110220889, -9.04706837957627 ], [ 148.352703181226559, -9.047331774311019 ], [ 148.352969513984362, -9.047606580132801 ], [ 148.353038677840544, -9.047671667942849 ], [ 148.353127536475114, -9.047759072527537 ], [ 148.353159030421608, -9.047783830148811 ], [ 148.353253929978735, -9.04786612942009 ], [ 148.353270755756114, -9.047881244043159 ], [ 148.353359742405331, -9.047948899210198 ], [ 148.353614545092796, -9.048174653818856 ], [ 148.353717444759667, -9.048272952960685 ], [ 148.3538477883327, -9.04840679603034 ], [ 148.354181892929176, -9.048714379982934 ], [ 148.354484405642523, -9.049055045639347 ], [ 148.354628629913407, -9.049254746124831 ], [ 148.354760886832054, -9.04942166706928 ], [ 148.35478317743312, -9.04945256171947 ], [ 148.354995726862995, -9.049722616023537 ], [ 148.35501434045446, -9.049748489297606 ], [ 148.355037322126748, -9.049776164150602 ], [ 148.355263864625414, -9.050091470244634 ], [ 148.355380629041093, -9.05008476088693 ], [ 148.355380516937601, -9.050082900625357 ], [ 148.355477915748395, -9.050077100873905 ], [ 148.355550207695046, -9.050075016723282 ], [ 148.355553804810086, -9.050074810028514 ], [ 148.355557376948752, -9.05007481003552 ], [ 148.355758277613404, -9.050069018063528 ], [ 148.355867576246737, -9.050069218261461 ], [ 148.356384586867421, -9.050099475061868 ], [ 148.3565861648583, -9.05013443494054 ], [ 148.356740364949502, -9.049993834327102 ], [ 148.356748848225493, -9.049848512953027 ], [ 148.356757085267418, -9.049793329010074 ], [ 148.356770344437876, -9.049528961666562 ], [ 148.356845671288966, -9.049053719619756 ], [ 148.356879879367852, -9.048927285540273 ], [ 148.35690404319115, -9.048784463400505 ], [ 148.356926044358744, -9.0486904635014 ], [ 148.35703880996661, -9.048292207036114 ], [ 148.357187726452878, -9.047905864676768 ], [ 148.357371546742115, -9.047534671467957 ], [ 148.357378034328548, -9.047522956279503 ], [ 148.35738081462344, -9.047517408347767 ], [ 148.357596347756555, -9.047134979936788 ], [ 148.357848123288477, -9.046775096774015 ], [ 148.358133774458253, -9.046441141692325 ], [ 148.358450616102346, -9.046136253793053 ], [ 148.358795669896864, -9.045863298941194 ], [ 148.358874669681228, -9.045806799559973 ], [ 148.359290198017476, -9.045542388564398 ], [ 148.359732091698447, -9.045324272494147 ], [ 148.360195151310876, -9.045155017697125 ], [ 148.360673928432618, -9.045036615608305 ], [ 148.360750755717362, -9.045021962277273 ], [ 148.360761752103599, -9.045018624503928 ], [ 148.361160465622191, -9.04493548940987 ], [ 148.361254664548341, -9.044920189761445 ], [ 148.361748542179555, -9.044867295874296 ], [ 148.361800130782711, -9.044867395427652 ], [ 148.36200561275146, -9.044814358950347 ], [ 148.362100711702425, -9.044795459342357 ], [ 148.362549602083277, -9.044729198824621 ], [ 148.362640101001773, -9.044720399096306 ], [ 148.362764907507398, -9.044714283643136 ], [ 148.363067700553358, -9.044679326716311 ], [ 148.363513982307609, -9.044671586055745 ], [ 148.363958878327026, -9.044707365425769 ], [ 148.364398104181817, -9.044786320240663 ], [ 148.364827430045352, -9.044907690127602 ], [ 148.365242721423755, -9.04507030624918 ], [ 148.365639978967465, -9.045272602559173 ], [ 148.366015376982261, -9.045512630883106 ], [ 148.3663653002682, -9.045788079678257 ], [ 148.366686378932741, -9.046096296292772 ], [ 148.366975520842288, -9.046434312509419 ], [ 148.367229941400012, -9.046798873128173 ], [ 148.367447190363094, -9.047186467312555 ], [ 148.367625175441248, -9.047593362397588 ], [ 148.367762182448956, -9.04801563983453 ], [ 148.367856891817723, -9.048449232925808 ], [ 148.367908391308447, -9.048889965986906 ], [ 148.367916184802368, -9.049333594558584 ], [ 148.367880197084332, -9.049775846281639 ], [ 148.367800774573624, -9.050212462041095 ], [ 148.367678681993794, -9.050639236983352 ], [ 148.367515095014085, -9.051052061011465 ], [ 148.367311588932949, -9.051446958368372 ], [ 148.367070123512008, -9.051820125927067 ], [ 148.366793024107039, -9.052167969818578 ], [ 148.366482959276652, -9.052487140045383 ], [ 148.366142915085277, -9.052774562746333 ], [ 148.365776166346535, -9.053027469802652 ], [ 148.365608559280616, -9.053120298110406 ], [ 148.365519490719009, -9.053381480830414 ], [ 148.365484491742251, -9.053471781095286 ], [ 148.365396109723946, -9.053683633776851 ], [ 148.365357810642593, -9.053769234086912 ], [ 148.365161520685461, -9.054156728595308 ], [ 148.364928771059596, -9.054523737679716 ], [ 148.36466170477226, -9.054866881968698 ], [ 148.364599805134219, -9.054938982514875 ], [ 148.36438771639385, -9.055162213909414 ], [ 148.364267852867897, -9.055351187520243 ], [ 148.364040802163231, -9.055650838833859 ], [ 148.363789542130689, -9.055930748409519 ], [ 148.363721642348764, -9.056000348998069 ], [ 148.36347102688427, -9.056238382574207 ], [ 148.363333110205076, -9.056350707681117 ], [ 148.363294173021671, -9.056389380951424 ], [ 148.363269851369722, -9.0564266419555 ], [ 148.362996148865477, -9.056768484429721 ], [ 148.36269053140245, -9.057082471430981 ], [ 148.36235585265797, -9.057365671029604 ], [ 148.361995237699034, -9.057615438770018 ], [ 148.361950618769811, -9.057640357936714 ], [ 148.361945413567042, -9.057644735677306 ], [ 148.361603475924426, -9.057882516666185 ], [ 148.361293936371624, -9.058058141178384 ], [ 148.361192068683266, -9.058137323986289 ], [ 148.3611119684588, -9.058194324613048 ], [ 148.361029217381343, -9.058251841436411 ], [ 148.360949217107361, -9.058306142051181 ], [ 148.360559906518006, -9.058533134963138 ], [ 148.360554191004468, -9.058536713588284 ], [ 148.360543959322172, -9.058542433181817 ], [ 148.360411141737814, -9.058619874148695 ], [ 148.360373881576976, -9.058638310068103 ], [ 148.3603502734762, -9.058650705060765 ], [ 148.360159343576413, -9.058757436191131 ], [ 148.359744366395461, -9.058938023003066 ], [ 148.359549080801116, -9.059000850984187 ], [ 148.359789071979549, -9.05924974188895 ], [ 148.359833973046079, -9.059306269692007 ], [ 148.360068404350869, -9.059566172578421 ], [ 148.36033540474395, -9.059929070023353 ], [ 148.360564827035859, -9.060316531781075 ], [ 148.360754402608052, -9.060724726659727 ], [ 148.360902256821817, -9.061149618450386 ], [ 148.361006927558321, -9.06158700583444 ], [ 148.361067379681003, -9.062032563924122 ], [ 148.361102384678702, -9.062444262745805 ], [ 148.361103653117027, -9.062470945436237 ], [ 148.361145054613502, -9.062593503007809 ], [ 148.361155081564135, -9.062623532780812 ], [ 148.361214007588416, -9.062802098042782 ], [ 148.36124342893882, -9.062810958577225 ], [ 148.361268474144367, -9.062816885291006 ], [ 148.361293721016722, -9.062825246118779 ], [ 148.361310615847572, -9.062829335598092 ], [ 148.3613500001087, -9.06284305352821 ], [ 148.361480500579859, -9.062882354970347 ], [ 148.361549364317284, -9.062906813393207 ], [ 148.361549364319785, -9.062906813394241 ], [ 148.361549364322343, -9.062906813395008 ], [ 148.361555804718819, -9.062909100838107 ], [ 148.361555804718819, -9.062909100838107 ], [ 148.361607199119874, -9.062927354641802 ], [ 148.361626645908785, -9.062935498286876 ], [ 148.3616475738323, -9.062942428812924 ], [ 148.361698991959713, -9.062964610621272 ], [ 148.361731874437993, -9.062976063870485 ], [ 148.36181254044655, -9.06301334443882 ], [ 148.361984098009344, -9.063085186645418 ], [ 148.362063733140701, -9.063106471179719 ], [ 148.362081695073556, -9.063112363129019 ], [ 148.362275184066476, -9.063156140505219 ], [ 148.362687694648201, -9.063291731469292 ], [ 148.363085308661709, -9.06346582570527 ], [ 148.363464398320616, -9.063676834784159 ], [ 148.363821504838057, -9.063922833470892 ], [ 148.363887111219356, -9.063972801341544 ], [ 148.364105093110254, -9.064120720680707 ], [ 148.364416321350404, -9.064374789887932 ], [ 148.364524620887352, -9.064471489033437 ], [ 148.364524555595693, -9.064471561283199 ], [ 148.364529949464014, -9.064476271662622 ], [ 148.364583279425517, -9.064500092684742 ], [ 148.364611748029489, -9.064511954633456 ], [ 148.36462643640607, -9.06451936970854 ], [ 148.365002966070307, -9.064687554723491 ], [ 148.365085565322431, -9.064730278565488 ], [ 148.365155694980359, -9.064749874177249 ], [ 148.36557412231852, -9.064912559081236 ], [ 148.365974361765069, -9.065115483145686 ], [ 148.366352508258956, -9.065356666470368 ], [ 148.366583227484483, -9.065538097834143 ], [ 148.366596320680571, -9.065539748916633 ], [ 148.367050497369632, -9.065644860557677 ], [ 148.367143896242908, -9.065671560394719 ], [ 148.367591355879682, -9.065824945910348 ], [ 148.367871667645858, -9.065954826352314 ], [ 148.367954087448254, -9.065988777902898 ], [ 148.368010132937201, -9.066018983128988 ], [ 148.368020357469135, -9.066023720580255 ], [ 148.368033848117818, -9.066031764213736 ], [ 148.368369578426496, -9.066212702784728 ], [ 148.368759450375109, -9.066478274126235 ], [ 148.369090856631431, -9.066758417090286 ], [ 148.369264793811794, -9.066896577425066 ], [ 148.369586216805942, -9.067208214081573 ], [ 148.36961009396893, -9.067236443784136 ], [ 148.369684307492065, -9.067309435541041 ], [ 148.369713369166305, -9.067338278007558 ], [ 148.369725930774877, -9.067350857933652 ], [ 148.369769972829175, -9.067391998272551 ], [ 148.369801806972731, -9.067424195803467 ], [ 148.369803489810806, -9.067425785730926 ], [ 148.369879140351287, -9.067497259530965 ], [ 148.369899713920461, -9.067511377407625 ], [ 148.370050518052807, -9.067641376500315 ], [ 148.370158804037743, -9.067712544765456 ], [ 148.370493893036553, -9.06798128432639 ], [ 148.370565592717526, -9.068044583766053 ], [ 148.370780461822307, -9.068249419793323 ], [ 148.370869798956306, -9.068302436781636 ], [ 148.371234042851341, -9.068570858230562 ], [ 148.371311211470271, -9.068640572328352 ], [ 148.371484385193668, -9.068751439395365 ], [ 148.371834162026516, -9.069027098183051 ], [ 148.372155072458384, -9.069335507276385 ], [ 148.372221472356131, -9.069405906673348 ], [ 148.37253359981014, -9.069774347145223 ], [ 148.372804523814267, -9.070173701858383 ], [ 148.373031169463445, -9.070599438434133 ], [ 148.3732109643488, -9.071046725068028 ], [ 148.3732561887862, -9.071206944899174 ], [ 148.373323903378065, -9.071402987676056 ], [ 148.373429374639159, -9.071854475623329 ], [ 148.373487788265777, -9.072314324336494 ], [ 148.373491836977081, -9.072488975085133 ], [ 148.373515409732391, -9.072557113139965 ], [ 148.373607671178434, -9.072918043883394 ], [ 148.373669736599481, -9.073285297341334 ], [ 148.373708291342098, -9.07358970619906 ], [ 148.373757789498569, -9.07376686124371 ], [ 148.373846819783807, -9.074149128968998 ], [ 148.373889014427078, -9.074445290367079 ], [ 148.373931212623177, -9.074528178092734 ], [ 148.374048235796124, -9.074630634279906 ], [ 148.374232069315838, -9.074832044772181 ], [ 148.374341341095061, -9.074937829535342 ], [ 148.374623295874329, -9.075268787213783 ], [ 148.374872052944937, -9.075625073202486 ], [ 148.375085323560398, -9.076003409532062 ], [ 148.375261145443204, -9.076400315354373 ], [ 148.375397900841193, -9.076812138965764 ], [ 148.375448942673785, -9.077036012817 ], [ 148.375548584309172, -9.077085629872832 ], [ 148.375857500971307, -9.077276524371998 ], [ 148.37589989360356, -9.077298438937907 ], [ 148.37633158970209, -9.077548436740024 ], [ 148.376671205586689, -9.077765737859631 ], [ 148.376990089929535, -9.078012126377738 ], [ 148.37728572855724, -9.07828565971424 ], [ 148.37755579055522, -9.078584181272412 ], [ 148.377798146644665, -9.078905337440755 ], [ 148.378189748602551, -9.079475333017829 ], [ 148.378428612014545, -9.079863630362519 ], [ 148.378626990094972, -9.080273829722291 ], [ 148.378782872509589, -9.080701774461875 ], [ 148.378894679521522, -9.081143128116635 ], [ 148.378897017807361, -9.081158937924146 ], [ 148.378903559204872, -9.08118300881306 ], [ 148.37897770527249, -9.081628795544544 ], [ 148.379006715845492, -9.082079712046827 ], [ 148.378990301020139, -9.082531254901847 ], [ 148.378978837087743, -9.082663259425662 ], [ 148.378978701036061, -9.082689781023285 ], [ 148.378969349073827, -9.082946981331943 ], [ 148.379054950265214, -9.083132506075403 ], [ 148.379200465570847, -9.083552405127827 ], [ 148.37923615630524, -9.083701588964443 ], [ 148.379325597189933, -9.083953074471497 ], [ 148.379430006391317, -9.084367800014395 ], [ 148.379494539365368, -9.08479047332442 ], [ 148.3794963651915, -9.084822838493904 ], [ 148.379595758524147, -9.08491391122778 ], [ 148.37973922837395, -9.085042379504818 ], [ 148.379770354678953, -9.085075877196836 ], [ 148.38011267463375, -9.085218210794515 ], [ 148.380506233523334, -9.085404344835609 ], [ 148.380880063793683, -9.085627061406763 ], [ 148.381230733585653, -9.085884315911901 ], [ 148.381555023640175, -9.08617374668879 ], [ 148.381849956850118, -9.086492696687795 ], [ 148.382112825590383, -9.086838237862498 ], [ 148.382341216574645, -9.087207198047844 ], [ 148.382533033011555, -9.08759619007934 ], [ 148.382686513855816, -9.088001642886335 ], [ 148.38280024997826, -9.088419834273445 ], [ 148.382873197105965, -9.088846925089902 ], [ 148.382904685413507, -9.08927899447283 ], [ 148.382894425677279, -9.089712075840984 ], [ 148.38284251193582, -9.090142193308862 ], [ 148.38276093963546, -9.09051303137306 ], [ 148.382772875321706, -9.090532081363129 ], [ 148.3829738848396, -9.090938662083426 ], [ 148.383132950012936, -9.09136319493911 ], [ 148.383248473787233, -9.091801417888631 ], [ 148.38331929621981, -9.092248931437434 ], [ 148.3833447061306, -9.092701242804328 ], [ 148.383332534485362, -9.092973161546805 ], [ 148.383482981441631, -9.093036815202856 ], [ 148.383542378973885, -9.093061946095993 ], [ 148.383658792070946, -9.093111200039528 ], [ 148.383871574323337, -9.093207746041903 ], [ 148.383970257982241, -9.093243670244517 ], [ 148.384202044987347, -9.093341883295807 ], [ 148.38422261785405, -9.09334751748942 ], [ 148.384624931591588, -9.093499642398267 ], [ 148.385010977616162, -9.09368888144051 ], [ 148.385377299316389, -9.093913540182871 ], [ 148.385670793100104, -9.094134155410337 ], [ 148.385877218805689, -9.094157503964299 ], [ 148.385895370748784, -9.094161502241731 ], [ 148.386148834572225, -9.09418848860666 ], [ 148.386585261401734, -9.094278561814344 ], [ 148.387010723800728, -9.094410655531624 ], [ 148.387421136770968, -9.094583501464761 ], [ 148.387695190305095, -9.094731889635074 ], [ 148.387902730502361, -9.094762378441988 ], [ 148.387994329358719, -9.09478237836103 ], [ 148.388421302764129, -9.094897496477076 ], [ 148.388835006112572, -9.095053293618369 ], [ 148.389105159304762, -9.095186150848313 ], [ 148.389137973051675, -9.095201124140997 ], [ 148.389195763509406, -9.095230708546588 ], [ 148.389231526485418, -9.095248296196187 ], [ 148.389248849778625, -9.095257884745202 ], [ 148.389503610201302, -9.095388302847976 ], [ 148.389850743338542, -9.095607540267494 ], [ 148.390176534789987, -9.095857044224962 ], [ 148.390478321325929, -9.096134775129883 ], [ 148.390624117680403, -9.09629559682179 ], [ 148.390849950832035, -9.09653423369768 ], [ 148.391112888449101, -9.096870582333372 ], [ 148.391342813636527, -9.097230031261516 ], [ 148.391381548585088, -9.097305436998298 ], [ 148.391562735703076, -9.097627908884611 ], [ 148.391740834721759, -9.098033684044422 ], [ 148.39175129385049, -9.098065761361797 ], [ 148.391963232431863, -9.098380039901857 ], [ 148.392158743176964, -9.098734924889209 ], [ 148.392321550108647, -9.099105760898102 ], [ 148.392336817785207, -9.099145272407611 ], [ 148.392344866213023, -9.099159742394756 ], [ 148.39254459006321, -9.099643692755279 ], [ 148.392693619749735, -9.100074204405143 ], [ 148.392813951679756, -9.100322060500131 ], [ 148.392858952597379, -9.100432059828574 ], [ 148.392933267658293, -9.100649415215447 ], [ 148.3929428724405, -9.100670754125312 ], [ 148.393077183985952, -9.101061337096603 ], [ 148.393175096220972, -9.10146246678142 ], [ 148.393235792956119, -9.101870799873971 ], [ 148.393241296863295, -9.101969530044505 ], [ 148.393283167373085, -9.102242584192558 ], [ 148.393308804172278, -9.102623170660667 ], [ 148.393325762203403, -9.103306650153138 ], [ 148.39334387215149, -9.103591871726779 ], [ 148.393363098746335, -9.10372793784977 ], [ 148.393383891889755, -9.103990637307435 ], [ 148.393413373288809, -9.104281948793014 ], [ 148.393436128379932, -9.104707062272375 ], [ 148.393418552735397, -9.105132418368209 ], [ 148.393360802037137, -9.105554245883349 ], [ 148.393263388160449, -9.1059688048915 ], [ 148.393127174640568, -9.10637241989536 ], [ 148.392953369021598, -9.106761512414099 ], [ 148.39279197227367, -9.107081313777625 ], [ 148.392702430962174, -9.107249782085315 ], [ 148.392482434699076, -9.107643383992649 ], [ 148.392423874509745, -9.107745031237883 ], [ 148.392397288253932, -9.107789823237612 ], [ 148.392254666996337, -9.108166223791946 ], [ 148.392077025342985, -9.108573273861927 ], [ 148.391860095052238, -9.108961058477623 ], [ 148.391605965175359, -9.109325843007078 ], [ 148.391317083042509, -9.109664114310661 ], [ 148.390996230696203, -9.109972614577021 ], [ 148.390943482054467, -9.110014206016549 ], [ 148.390916135515027, -9.110040314227023 ], [ 148.390783659128317, -9.110144012762555 ], [ 148.390653727333984, -9.110250844239493 ], [ 148.390608381180783, -9.110281214921271 ], [ 148.390565423419304, -9.110314840902415 ], [ 148.390423357848647, -9.110405134584756 ], [ 148.390283515640078, -9.110498794010235 ], [ 148.390235392578091, -9.110524600940201 ], [ 148.390189325363195, -9.110553880165812 ], [ 148.390039038792878, -9.110629899386936 ], [ 148.389890632943491, -9.110709484738107 ], [ 148.389840196431777, -9.110730479371766 ], [ 148.389791463422341, -9.110755129856809 ], [ 148.389634403221294, -9.110816142480452 ], [ 148.389478862987801, -9.110880887277171 ], [ 148.389426598768324, -9.110896867415814 ], [ 148.38937566930008, -9.110916651752976 ], [ 148.389213348081171, -9.110962070167163 ], [ 148.389052171438749, -9.111011350854188 ], [ 148.38899858285879, -9.111022162592278 ], [ 148.388945947423395, -9.111036890239031 ], [ 148.388779928474776, -9.111066277016018 ], [ 148.388614667689211, -9.111099618969391 ], [ 148.388560270852622, -9.111105158177331 ], [ 148.388506436374115, -9.111114687290939 ], [ 148.388338318601939, -9.111127759400761 ], [ 148.388170565278756, -9.111144841499623 ], [ 148.388115884075489, -9.111145054826709 ], [ 148.388061369027099, -9.111149293630739 ], [ 148.387892771555698, -9.11114592516766 ], [ 148.387724141309718, -9.111146582887661 ], [ 148.387669702369124, -9.111141468276164 ], [ 148.387615031780001, -9.111140375944403 ], [ 148.387447578356529, -9.111120599340062 ], [ 148.387279695250243, -9.111104826338256 ], [ 148.3872260228691, -9.111094433043297 ], [ 148.38717172326696, -9.111088020093222 ], [ 148.387007026621262, -9.111052025804657 ], [ 148.386841507522178, -9.111019973980923 ], [ 148.386789118614473, -9.111004402096189 ], [ 148.386735712954021, -9.110992730287723 ], [ 148.386575359264384, -9.11094086496318 ], [ 148.386413798271661, -9.110892842997485 ], [ 148.386363197389812, -9.110872242491304 ], [ 148.386311200015683, -9.110855424231994 ], [ 148.386156733631253, -9.11078818737246 ], [ 148.386000686720962, -9.110724657751955 ], [ 148.385952361195876, -9.110699227022957 ], [ 148.385902272888416, -9.110677424285349 ], [ 148.385755181454158, -9.110595463433635 ], [ 148.385606151492169, -9.110517037998317 ], [ 148.38556056673923, -9.110487021964403 ], [ 148.385512869891386, -9.110460444726138 ], [ 148.385374570019508, -9.110364549230423 ], [ 148.385233992286089, -9.110271983279905 ], [ 148.38519158732251, -9.110237671019467 ], [ 148.385146741293255, -9.110206575240777 ], [ 148.385018564918596, -9.110097668651823 ], [ 148.384887793284548, -9.109991853670786 ], [ 148.384848976500962, -9.109953575638375 ], [ 148.384807413190998, -9.109918260796809 ], [ 148.384690594742239, -9.109797391972371 ], [ 148.384570888629639, -9.109679347044459 ], [ 148.384536033857017, -9.109637471888199 ], [ 148.384498153548748, -9.109598278094017 ], [ 148.38439381805992, -9.109466611097067 ], [ 148.384286330311824, -9.109337473089164 ], [ 148.384255773220673, -9.109292404099751 ], [ 148.384221940723535, -9.1092497088204 ], [ 148.384131092998786, -9.109108511707252 ], [ 148.384036858776739, -9.108969524319804 ], [ 148.384010893644756, -9.108921695546616 ], [ 148.383981434781532, -9.108875909970802 ], [ 148.383904949718698, -9.10872654257826 ], [ 148.383824876533367, -9.108579044366218 ], [ 148.383803753411314, -9.108528916436226 ], [ 148.383778951880572, -9.108480481514027 ], [ 148.38371756604576, -9.108324382361744 ], [ 148.383652425018141, -9.108169793842766 ], [ 148.383636347322152, -9.108117849524774 ], [ 148.383616441966154, -9.108067231720089 ], [ 148.383570746501306, -9.107905904155759 ], [ 148.383521164937292, -9.107745714128701 ], [ 148.383510287490253, -9.107692453683091 ], [ 148.383495469995268, -9.10764014048144 ], [ 148.383465904926624, -9.107475138202057 ], [ 148.383432360277141, -9.107310889407605 ], [ 148.383426787818252, -9.107256825768516 ], [ 148.383417200868934, -9.107203320981737 ], [ 148.383404050871064, -9.107036233069197 ], [ 148.383386866135851, -9.106869507332023 ], [ 148.383386652312453, -9.106815161167269 ], [ 148.383382388218422, -9.106760980081276 ], [ 148.383385779874715, -9.106593415698285 ], [ 148.383385120493671, -9.106425818692138 ], [ 148.383390267345334, -9.106371713388539 ], [ 148.383391367152825, -9.106317377800679 ], [ 148.383411267738694, -9.106150950692914 ], [ 148.383424020485137, -9.106016889809839 ], [ 148.383436069201139, -9.105814606521307 ], [ 148.383506004317752, -9.105376392729072 ], [ 148.383618819184363, -9.104947101985731 ], [ 148.383773427179506, -9.104530868578296 ], [ 148.383965632117082, -9.104082470108901 ], [ 148.384037600270347, -9.1039231771683 ], [ 148.384134004622098, -9.103720371218024 ], [ 148.384114075937219, -9.103457109068623 ], [ 148.384110466214622, -9.103292438767292 ], [ 148.384095562798763, -9.103254702589414 ], [ 148.38375641569894, -9.103257876298192 ], [ 148.38327871112341, -9.103212091469608 ], [ 148.382808518382546, -9.1031165404516 ], [ 148.382351071041967, -9.102972286763245 ], [ 148.38226064894809, -9.102932928474575 ], [ 148.38221631120004, -9.102919173721608 ], [ 148.381719007300205, -9.102732559250388 ], [ 148.381411545258146, -9.102574270525894 ], [ 148.381284036715101, -9.102513399705982 ], [ 148.381187084115197, -9.102454153554769 ], [ 148.381157275661536, -9.102436539466742 ], [ 148.381157275661081, -9.102436539466456 ], [ 148.381157275660598, -9.102436539466209 ], [ 148.381137001361139, -9.10242455919458 ], [ 148.381130212361541, -9.102420152751295 ], [ 148.381073276985006, -9.102391006428213 ], [ 148.38091383073899, -9.102287172614517 ], [ 148.380883221433066, -9.10226846771379 ], [ 148.38087223478675, -9.102260084676498 ], [ 148.380676192521605, -9.102132418743171 ], [ 148.380308385619031, -9.101834108432463 ], [ 148.380160771579654, -9.101686379592941 ], [ 148.38004524613379, -9.101675975977466 ], [ 148.37963543761748, -9.101601018905024 ], [ 148.379347529232575, -9.101520705391907 ], [ 148.379307236015734, -9.101510451449482 ], [ 148.379307236015592, -9.101510451449432 ], [ 148.379307236015478, -9.101510451449416 ], [ 148.379237044207571, -9.10149258880859 ], [ 148.379152763947843, -9.10147114087153 ], [ 148.379152763947644, -9.10147114087148 ], [ 148.379140364541485, -9.101467985425035 ], [ 148.37914036454066, -9.101467985424785 ], [ 148.379140364539921, -9.101467985424634 ], [ 148.37904705687157, -9.101444240130425 ], [ 148.378971226596718, -9.101421172605656 ], [ 148.378939415812454, -9.101413257747705 ], [ 148.378908972354424, -9.10140223488736 ], [ 148.378643954543321, -9.101321616416161 ], [ 148.378254004569044, -9.101162430621796 ], [ 148.377880555929607, -9.100968049858862 ], [ 148.377526815876422, -9.10074014350212 ], [ 148.377400157759354, -9.100640852903753 ], [ 148.377251444940271, -9.100539251303029 ], [ 148.377070796263411, -9.100387190650038 ], [ 148.376799801342258, -9.100177524791105 ], [ 148.376455998555713, -9.099848552624561 ], [ 148.376148765065949, -9.099485591147431 ], [ 148.376038075523695, -9.099339951744206 ], [ 148.37580476949978, -9.099158426499255 ], [ 148.375460751742878, -9.098862000574512 ], [ 148.375148271061676, -9.098532879563471 ], [ 148.374870457811738, -9.09817436058888 ], [ 148.374630095025736, -9.09779003527602 ], [ 148.374573063667299, -9.097674472968881 ], [ 148.374492430918735, -9.097538828748894 ], [ 148.374296629967631, -9.097114992116961 ], [ 148.374145800542351, -9.096673362555567 ], [ 148.374041547415771, -9.096218639313397 ], [ 148.374026410630563, -9.096132263285883 ], [ 148.373896001025713, -9.095529049927105 ], [ 148.373839149688877, -9.095183304207708 ], [ 148.373789645067717, -9.094958065700981 ], [ 148.373737479373801, -9.094511753313574 ], [ 148.37373014152584, -9.094062498571571 ], [ 148.373737783050103, -9.093971408035356 ], [ 148.373667213795585, -9.093803535279131 ], [ 148.373663257711399, -9.093795753862207 ], [ 148.373547916499035, -9.09364033724828 ], [ 148.373499310887127, -9.093581735501893 ], [ 148.37344719753969, -9.093504623243849 ], [ 148.37343387442283, -9.093486670966881 ], [ 148.373425425558082, -9.093472407171376 ], [ 148.373250968033375, -9.093214261510607 ], [ 148.373039972312711, -9.092824410111156 ], [ 148.372947755241995, -9.092604921991732 ], [ 148.372905407517123, -9.092516673329223 ], [ 148.372875039447507, -9.092431849093336 ], [ 148.372868346362708, -9.092415918683953 ], [ 148.372862162104241, -9.09239588002144 ], [ 148.37274813650879, -9.092077382638511 ], [ 148.372637222302757, -9.091624328669734 ], [ 148.372632268658293, -9.091588218726116 ], [ 148.372630250323908, -9.091581569859608 ], [ 148.3725447446852, -9.091155579413986 ], [ 148.372525003718295, -9.090961592956425 ], [ 148.37236852447964, -9.090793166740946 ], [ 148.372283868797155, -9.090682056751811 ], [ 148.37210855615146, -9.090476164082121 ], [ 148.371875596362941, -9.090147220930335 ], [ 148.371672975402447, -9.089798998873 ], [ 148.371428878400224, -9.089332795660702 ], [ 148.371229691999304, -9.088897607175996 ], [ 148.37122587190666, -9.088887934048795 ], [ 148.371110117102432, -9.088722495769344 ], [ 148.370872035620948, -9.088287310054191 ], [ 148.370862504644407, -9.088264160289814 ], [ 148.370731593525278, -9.088027252361535 ], [ 148.370550713646821, -9.087602176141528 ], [ 148.370414376444018, -9.087160986107888 ], [ 148.370402540531757, -9.087101697080424 ], [ 148.37039876261889, -9.087089509755684 ], [ 148.370308544956174, -9.086642609821208 ], [ 148.370264057034035, -9.086188952270851 ], [ 148.37026450271054, -9.086069018341268 ], [ 148.370211119552465, -9.085929035518937 ], [ 148.370106975102829, -9.085567989844069 ], [ 148.370071687730444, -9.085423204168519 ], [ 148.370005184224055, -9.085284074003752 ], [ 148.369855824614802, -9.084873456317089 ], [ 148.36975140050555, -9.084467496519759 ], [ 148.369593213153479, -9.084377331097221 ], [ 148.369217534903896, -9.084109415885502 ], [ 148.368871161411448, -9.083804977749999 ], [ 148.368557671537019, -9.083467162300748 ], [ 148.368280304344069, -9.083099460015783 ], [ 148.368041925631189, -9.082705670173034 ], [ 148.367755961716824, -9.082173822691194 ], [ 148.367535356482847, -9.081850338395578 ], [ 148.367314802214594, -9.081492171691295 ], [ 148.367188767400904, -9.08123697396621 ], [ 148.367090138332628, -9.081063232002329 ], [ 148.366917237316613, -9.080679000089615 ], [ 148.366899744420323, -9.080627813214656 ], [ 148.366874313555115, -9.080573582828444 ], [ 148.366852478144892, -9.080514716913456 ], [ 148.366660627175065, -9.080304802951195 ], [ 148.36662070241843, -9.080251464550493 ], [ 148.366564551113498, -9.080192972403571 ], [ 148.366288710885129, -9.079842205333025 ], [ 148.366048916158945, -9.079466173578599 ], [ 148.365847491993634, -9.079068523314856 ], [ 148.365707406305461, -9.078707299377166 ], [ 148.36564232329593, -9.078605328616051 ], [ 148.365533129617887, -9.078412519367307 ], [ 148.365458261032472, -9.078291775450326 ], [ 148.365421304321416, -9.078215063039487 ], [ 148.36540757809388, -9.078190825833756 ], [ 148.365388854166468, -9.078147705018271 ], [ 148.365250613211316, -9.077860752637713 ], [ 148.36508989685845, -9.077410352330354 ], [ 148.365055987769153, -9.077269632974549 ], [ 148.365053114734508, -9.077260732276608 ], [ 148.365041428720275, -9.077209214320352 ], [ 148.365007242999496, -9.077067346754799 ], [ 148.36495758540795, -9.07690508146379 ], [ 148.364836001280509, -9.076408539182413 ], [ 148.364771568517597, -9.075901530796051 ], [ 148.364757209107324, -9.075695327651074 ], [ 148.364685505827168, -9.075383176588506 ], [ 148.364675785590151, -9.075314203617486 ], [ 148.364632804747913, -9.075114139758769 ], [ 148.364622023971691, -9.075016974504218 ], [ 148.364587180836168, -9.07498527784206 ], [ 148.36427777702167, -9.074723692727925 ], [ 148.364196539311422, -9.074717873488972 ], [ 148.363753089907846, -9.074664247737539 ], [ 148.363317071195098, -9.074567644241737 ], [ 148.362892688687879, -9.074428994744942 ], [ 148.362484035658468, -9.074249636535736 ], [ 148.362095053652382, -9.074031299548924 ], [ 148.361729494467284, -9.073776089678818 ], [ 148.3614852563, -9.073567187342961 ], [ 148.361422394357021, -9.073519444578361 ], [ 148.36137267040408, -9.073477759104161 ], [ 148.361283039922796, -9.073407425040484 ], [ 148.361075569409479, -9.07321035771287 ], [ 148.361073101472869, -9.07320819345601 ], [ 148.36107157353365, -9.073206562198495 ], [ 148.361052932944887, -9.073188856285402 ], [ 148.36091166974532, -9.07306666502501 ], [ 148.36063526290414, -9.072775619501703 ], [ 148.360450045054961, -9.072703112503206 ], [ 148.360136982134321, -9.072540645488344 ], [ 148.360077994941406, -9.072512546089861 ], [ 148.36005914336215, -9.072502381897365 ], [ 148.360059143362093, -9.072502381897351 ], [ 148.360038270222105, -9.072491127739529 ], [ 148.360038270221082, -9.072491127738894 ], [ 148.360038270219974, -9.072491127738376 ], [ 148.359991877819027, -9.07246611436927 ], [ 148.359969427279651, -9.072454707102224 ], [ 148.359961385040037, -9.072449673586457 ], [ 148.35973079163233, -9.072325344465733 ], [ 148.359612526974956, -9.072254086459161 ], [ 148.359367307308844, -9.072296072253794 ], [ 148.358930075508368, -9.07232835864707 ], [ 148.358491747480372, -9.072318653004372 ], [ 148.358056395732973, -9.072267045478497 ], [ 148.357628065122952, -9.072174015532974 ], [ 148.357210735270513, -9.072040427487694 ], [ 148.356808283580733, -9.071867522488487 ], [ 148.356424449214472, -9.071656906975043 ], [ 148.35606279834505, -9.071410537754655 ], [ 148.355950039173536, -9.071316657585909 ], [ 148.355831726470058, -9.071230839031369 ], [ 148.355505833524376, -9.070943111359981 ], [ 148.35520914485312, -9.070625698336299 ], [ 148.354944384961726, -9.07028151484119 ], [ 148.354713985124505, -9.069913721590749 ], [ 148.354660752149016, -9.069807207065667 ], [ 148.354579277455343, -9.069745299629291 ], [ 148.354206027696591, -9.069428565879214 ], [ 148.353869281215481, -9.069073704491235 ], [ 148.353572958089501, -9.068684846505045 ], [ 148.353320507782399, -9.068266518716937 ], [ 148.353263808452624, -9.06815991798001 ], [ 148.353048163543832, -9.067691750928223 ], [ 148.352956830693074, -9.067413534689322 ], [ 148.352956374547318, -9.067412446637976 ], [ 148.352823634706283, -9.067053843216295 ], [ 148.352721831591509, -9.066685379503348 ], [ 148.352694465049183, -9.066566938788288 ], [ 148.352628549775176, -9.066340499973997 ], [ 148.352587743617988, -9.066190740219765 ], [ 148.352512613604944, -9.065894989854639 ], [ 148.352390940964796, -9.065467991675876 ], [ 148.352232650880126, -9.064950133187773 ], [ 148.351897598627659, -9.064755902100753 ], [ 148.351633347592866, -9.064562596807839 ], [ 148.351577234191325, -9.064525391122832 ], [ 148.351293800678263, -9.064321377498608 ], [ 148.35102698501808, -9.064096308396712 ], [ 148.350851684325164, -9.063936506989004 ], [ 148.350668983808845, -9.063751811060724 ], [ 148.350516005394383, -9.063662487885782 ], [ 148.350154557661426, -9.063400827939068 ], [ 148.349950688060261, -9.063220274550531 ], [ 148.349944427422997, -9.063215568142908 ], [ 148.349924394938228, -9.063196988503783 ], [ 148.349820703185173, -9.06310515565176 ], [ 148.349791976435625, -9.063074173501716 ], [ 148.34960110350454, -9.06289714315753 ], [ 148.349292636058408, -9.062545231298792 ], [ 148.349022312500551, -9.062163583073112 ], [ 148.348793013699293, -9.061756265895733 ], [ 148.348734308868274, -9.061620854727749 ], [ 148.348705958206523, -9.061581806606856 ], [ 148.348594971618809, -9.061392352372303 ], [ 148.348335540684133, -9.061769101110858 ], [ 148.347989874422126, -9.062163975508534 ], [ 148.347747875154738, -9.062410077604749 ], [ 148.347413936885658, -9.062717310997359 ], [ 148.347290012060171, -9.062810312461156 ], [ 148.347270011203705, -9.062843341348124 ], [ 148.347209600857639, -9.06296258321677 ], [ 148.347173028271214, -9.063033220758474 ], [ 148.34713697110638, -9.063101384229224 ], [ 148.347061446422373, -9.063290568361081 ], [ 148.346992993532979, -9.063452762403141 ], [ 148.346799398204951, -9.063887563977792 ], [ 148.346747236075856, -9.063988308163241 ], [ 148.346743841510886, -9.063995947162512 ], [ 148.346709031332409, -9.064065757220941 ], [ 148.34670842848314, -9.064067151932823 ], [ 148.346707513588427, -9.064068800979404 ], [ 148.346565230084479, -9.064354143104756 ], [ 148.346355484320526, -9.064695255680986 ], [ 148.346116244023221, -9.065016617898488 ], [ 148.345998684363536, -9.065148377804652 ], [ 148.345981996144474, -9.065172404910285 ], [ 148.345685437071467, -9.06551891230448 ], [ 148.345355347206322, -9.065834042434322 ], [ 148.345227747214892, -9.065944143497969 ], [ 148.345190165679071, -9.065976216129711 ], [ 148.345102126618912, -9.066050526044222 ], [ 148.344969323293526, -9.066151905225414 ], [ 148.344839062229795, -9.066256492625655 ], [ 148.344792391424619, -9.066286971029808 ], [ 148.344748102950177, -9.066320779826885 ] ] ] } },
{ "type": "Feature", "properties": { "day": "Friday", "stop": "Kaura", "zones": "6", "band_km": 10 }, "geometry": { "type": "Polygon", "coordinates": [ [ [ 148.313274219960817, -9.074214665896163 ], [ 148.312830471012944, -9.074166425255429 ], [ 148.312393616033376, -9.074075183425366 ], [ 148.311967862330903, -9.073941819125386 ], [ 148.311557310291278, -9.073767616752885 ], [ 148.311165913882974, -9.073554254012873 ], [ 148.310797442573147, -9.073303785759064 ], [ 148.310742758536804, -9.073258189626749 ], [ 148.310742586076373, -9.07325806447759 ], [ 148.310628729561273, -9.073181829963866 ], [ 148.310562421240235, -9.073127324392148 ], [ 148.310492925943265, -9.073076893737527 ], [ 148.310390518733698, -9.072986020045487 ], [ 148.310284728194375, -9.072899059819203 ], [ 148.310224114120643, -9.072838356424805 ], [ 148.310159926583566, -9.07278139782542 ], [ 148.310066973806386, -9.072680984392843 ], [ 148.309970268078047, -9.072584135950953 ], [ 148.309915932003747, -9.072517819355969 ], [ 148.30985767039428, -9.072454881368794 ], [ 148.309775067240111, -9.072345895256616 ], [ 148.309688377656812, -9.072240091326707 ], [ 148.309640842867225, -9.072168800212017 ], [ 148.309589068277148, -9.072100488979645 ], [ 148.309517610254346, -9.071983979809165 ], [ 148.309441771679303, -9.071870239365682 ], [ 148.309401495953665, -9.071794660319636 ], [ 148.309356706994976, -9.07172163373208 ], [ 148.309297082268642, -9.07159872357537 ], [ 148.309232825054266, -9.071478142025512 ], [ 148.309200196257109, -9.071399002930876 ], [ 148.309162824260596, -9.071321964289321 ], [ 148.309115607025575, -9.071193836862353 ], [ 148.309063549980493, -9.071067575495565 ], [ 148.309038882327002, -9.070985638519373 ], [ 148.309009287188445, -9.070905329762107 ], [ 148.308974932140529, -9.07077321902351 ], [ 148.308935576570946, -9.070642493827147 ], [ 148.308919107601497, -9.070558548079953 ], [ 148.308897574316461, -9.070475742636692 ], [ 148.308876412274742, -9.070340920903824 ], [ 148.308850137157691, -9.070206990851192 ], [ 148.308842025450957, -9.07012184478681 ], [ 148.308828761371075, -9.070037340129772 ], [ 148.308820996093345, -9.069901105824613 ], [ 148.308808054428539, -9.069765260749909 ], [ 148.308808378075497, -9.069679734379378 ], [ 148.308803510912384, -9.069594344342669 ], [ 148.308809217134581, -9.069458009486828 ], [ 148.30880973350952, -9.069321557662686 ], [ 148.308818489362437, -9.069236474656758 ], [ 148.308822065958935, -9.069151021598405 ], [ 148.308841188677292, -9.069015899177156 ], [ 148.308855158069292, -9.068880154714952 ], [ 148.308872261773132, -9.068796334471566 ], [ 148.308884247653367, -9.068711641353497 ], [ 148.308916602655955, -9.06857903267078 ], [ 148.308943890482396, -9.068445302864763 ], [ 148.308969177288617, -9.068363552617717 ], [ 148.308989456991128, -9.068280435080103 ], [ 148.309034732633933, -9.068151617226313 ], [ 148.309075076050249, -9.068021189963552 ], [ 148.309108302404496, -9.067942297008262 ], [ 148.309136680595515, -9.067861555514707 ], [ 148.309194440805356, -9.06773776906784 ], [ 148.309247451238377, -9.067611900425188 ], [ 148.309288297126983, -9.067536624537027 ], [ 148.309324500482688, -9.067459036665463 ], [ 148.30939418895872, -9.067341473743753 ], [ 148.309459355850379, -9.06722137589181 ], [ 148.309507427883489, -9.067150442009174 ], [ 148.309551107723223, -9.067076754963825 ], [ 148.309632053295871, -9.066966547745702 ], [ 148.30970874902161, -9.066853377275191 ], [ 148.309763584222509, -9.066787468518459 ], [ 148.309814319867627, -9.066718391934051 ], [ 148.309905742963537, -9.066616601755207 ], [ 148.309993228877971, -9.066511448539128 ], [ 148.310054299142422, -9.066451199632068 ], [ 148.310111601968373, -9.066387398740352 ], [ 148.310212622118883, -9.066295005873348 ], [ 148.3103100556703, -9.066198882571619 ], [ 148.310376772852834, -9.066144873729462 ], [ 148.310440090995456, -9.06608696295287 ], [ 148.310535955457397, -9.066015176047102 ], [ 148.310555491004038, -9.065985454415458 ], [ 148.310771889844858, -9.065683955855038 ], [ 148.311012387582309, -9.065401073654067 ], [ 148.311056377327446, -9.065357186837243 ], [ 148.311106146073456, -9.065289522881192 ], [ 148.311128531945712, -9.065194563671341 ], [ 148.311139828370045, -9.065156644421906 ], [ 148.311145097363863, -9.065126720794716 ], [ 148.31125850513763, -9.064715565688735 ], [ 148.311410367737238, -9.064316855813844 ], [ 148.311454768837763, -9.064215056175357 ], [ 148.311658903912104, -9.063805181582547 ], [ 148.311685301983289, -9.0637634102854 ], [ 148.311856014533703, -9.063440393893194 ], [ 148.312088973204141, -9.063085053225787 ], [ 148.31235440371546, -9.062752973920601 ], [ 148.312438204154233, -9.062657674660086 ], [ 148.312718595473029, -9.062366482441597 ], [ 148.312823797598298, -9.062220295461263 ], [ 148.312898298099583, -9.062129596123366 ], [ 148.313345575996692, -9.061658442536999 ], [ 148.313432476081005, -9.061579143271794 ], [ 148.31375183246746, -9.061313444789665 ], [ 148.314072709586611, -9.061092741870052 ], [ 148.314103389057436, -9.061061140757483 ], [ 148.314435466149604, -9.06075168916283 ], [ 148.314585768831762, -9.060637396969023 ], [ 148.314592991683156, -9.060628124709909 ], [ 148.314663392116159, -9.060544625333918 ], [ 148.314859326090442, -9.060326924982734 ], [ 148.314982333578627, -9.060198831677154 ], [ 148.314996059378927, -9.060179616343861 ], [ 148.31527545632261, -9.059857503768209 ], [ 148.315310258670763, -9.059821002833258 ], [ 148.315387035383139, -9.059723025275643 ], [ 148.315608256918267, -9.059461707010783 ], [ 148.315846257975011, -9.05920120909891 ], [ 148.315877808095763, -9.059167030624877 ], [ 148.31589763166653, -9.059145775512999 ], [ 148.315925721811368, -9.059085617834073 ], [ 148.316126511599094, -9.058739417002412 ], [ 148.316156850543109, -9.058696394930553 ], [ 148.316313615664967, -9.058402284927261 ], [ 148.316425417294198, -9.05821668591371 ], [ 148.316635843639091, -9.05789856490283 ], [ 148.316872448566414, -9.057599169236342 ], [ 148.317133554352154, -9.057320621783338 ], [ 148.317206647248128, -9.057248949426587 ], [ 148.317269420048774, -9.057180447157592 ], [ 148.317640023582328, -9.056819677496843 ], [ 148.318049539085195, -9.056503196539767 ], [ 148.318118175303937, -9.056456139289295 ], [ 148.318156116476842, -9.056425413144463 ], [ 148.318259718696225, -9.05634669525509 ], [ 148.318527188481653, -9.056022543447872 ], [ 148.318887679408789, -9.0556729324563 ], [ 148.31911757943675, -9.055473434373008 ], [ 148.319509005174808, -9.055169549423256 ], [ 148.31993142817592, -9.05490989760408 ], [ 148.320379812006792, -9.054697574605532 ], [ 148.320773422939624, -9.054561226473227 ], [ 148.320811851241473, -9.054543090436024 ], [ 148.321056203335303, -9.054412096404715 ], [ 148.321333249301972, -9.054275450255398 ], [ 148.321715946415708, -9.054102552679918 ], [ 148.322072827274383, -9.053959104740574 ], [ 148.322209916847271, -9.053917010200278 ], [ 148.322314014502069, -9.053876490638276 ], [ 148.322373146138574, -9.053850310680044 ], [ 148.322408549708342, -9.053837246079953 ], [ 148.322406925279438, -9.053833244435356 ], [ 148.322433659506515, -9.053822521090243 ], [ 148.322436583998098, -9.053821185940901 ], [ 148.322709556455152, -9.053709887563693 ], [ 148.322748295553254, -9.053693310604716 ], [ 148.322767499045653, -9.053686262742914 ], [ 148.322784075389364, -9.05367950410008 ], [ 148.32288697446549, -9.053642404678094 ], [ 148.322886977502492, -9.053642413001279 ], [ 148.323198825059137, -9.053527961728514 ], [ 148.323322023861266, -9.0534899623639 ], [ 148.323684279935861, -9.053394301593938 ], [ 148.32384560173864, -9.053365579918189 ], [ 148.323893172442013, -9.053353755390578 ], [ 148.324040227315123, -9.053330928752331 ], [ 148.324053229395275, -9.053328613856273 ], [ 148.32405811585042, -9.053328151994767 ], [ 148.324298076826551, -9.053290903835716 ], [ 148.324707028648817, -9.053264533688909 ], [ 148.324775444230795, -9.053266258023214 ], [ 148.324848911807663, -9.053262419099122 ], [ 148.325277769380222, -9.053280284771061 ], [ 148.325283516279541, -9.053281068183685 ], [ 148.325305014653708, -9.053281033781994 ], [ 148.32575688345355, -9.05332531091571 ], [ 148.325878181922576, -9.053343310907659 ], [ 148.326208687750636, -9.053404847616056 ], [ 148.32653371717916, -9.053490486610437 ], [ 148.326630016033448, -9.053519686417742 ], [ 148.326986992415158, -9.053644281642143 ], [ 148.327332317083773, -9.053797935980983 ], [ 148.327336548544309, -9.053800256189493 ], [ 148.327341704297453, -9.053802318918121 ], [ 148.327409670672097, -9.053836324884903 ], [ 148.32744674574451, -9.053851849840237 ], [ 148.327608219718229, -9.053902317387111 ], [ 148.327626428506647, -9.053904940297414 ], [ 148.328062126157931, -9.054012133923443 ], [ 148.328485074308361, -9.054161491023885 ], [ 148.328595781683987, -9.054213307775628 ], [ 148.328685598599066, -9.054242185598296 ], [ 148.328812283119959, -9.054297111414167 ], [ 148.328832024047728, -9.054303462369614 ], [ 148.329064421405462, -9.05438906172294 ], [ 148.32914464582143, -9.054419523563864 ], [ 148.329245156540708, -9.054448738167387 ], [ 148.329254723174842, -9.054450874129524 ], [ 148.329672960665107, -9.054565329432856 ], [ 148.330078327453975, -9.05471886849786 ], [ 148.330467136541955, -9.054910094800261 ], [ 148.330835851516781, -9.055137269033505 ], [ 148.33093543000021, -9.055212560219903 ], [ 148.330939958635412, -9.055215247626498 ], [ 148.331103781572722, -9.055324787516671 ], [ 148.331121504604539, -9.055336116000701 ], [ 148.331126586868663, -9.055340036221734 ], [ 148.331346915646435, -9.055487358367055 ], [ 148.33159909817519, -9.055698510263127 ], [ 148.331617114251117, -9.055711761986787 ], [ 148.33165571709705, -9.055745917103165 ], [ 148.33172203265579, -9.055801442876437 ], [ 148.331742345590072, -9.05582256442198 ], [ 148.331923697752046, -9.055983021336473 ], [ 148.331999003331873, -9.056062857676453 ], [ 148.332028561750064, -9.056086681050409 ], [ 148.33241526003431, -9.056426678040289 ], [ 148.332699447425, -9.056699297993312 ], [ 148.332958772738522, -9.05699539517148 ], [ 148.333191280842868, -9.057312737263889 ], [ 148.333395218769908, -9.057648931788354 ], [ 148.33342134117791, -9.057696555390894 ], [ 148.333601675334108, -9.057987072992161 ], [ 148.333796477912102, -9.058382430960986 ], [ 148.33379889599513, -9.058388855070849 ], [ 148.33395071454504, -9.058696573535203 ], [ 148.334109323003673, -9.059120815855875 ], [ 148.334224467964276, -9.059558694707921 ], [ 148.334294995508543, -9.060005822495635 ], [ 148.334305580194751, -9.06010522496601 ], [ 148.334309595343456, -9.060122880626032 ], [ 148.334314556629494, -9.060160108715346 ], [ 148.334330020830009, -9.060226060293141 ], [ 148.334380704600761, -9.060640553595425 ], [ 148.334387916412851, -9.060678367192757 ], [ 148.334399875239967, -9.060793687064876 ], [ 148.334424631737051, -9.06092240795328 ], [ 148.334443344539039, -9.060917708682316 ], [ 148.334451214401241, -9.060915739777236 ], [ 148.3345832130166, -9.060882840385467 ], [ 148.334882903349751, -9.060822399313546 ], [ 148.334935980655246, -9.060807668532776 ], [ 148.335054579370592, -9.060781569044357 ], [ 148.335183387300361, -9.060762114869894 ], [ 148.335324951074, -9.060720506669197 ], [ 148.335393248509661, -9.060706438070122 ], [ 148.3354309778816, -9.060692460609712 ], [ 148.335451007935148, -9.060685093337611 ], [ 148.335467736380878, -9.06067898477683 ], [ 148.335580377484632, -9.060632708347962 ], [ 148.335889779804432, -9.060518475878789 ], [ 148.336178008675574, -9.060423739503536 ], [ 148.336195824660308, -9.060417300289414 ], [ 148.336318932155933, -9.06036741251901 ], [ 148.33635177781764, -9.060352728668825 ], [ 148.336455215994306, -9.060308010361032 ], [ 148.33651956055499, -9.060281131031196 ], [ 148.336544710571872, -9.060265042651356 ], [ 148.336950411603084, -9.060059351131519 ], [ 148.337374771610797, -9.059895017527385 ], [ 148.337471952968997, -9.059868144757097 ], [ 148.337761262244783, -9.059766836525311 ], [ 148.337899951009746, -9.059729527495088 ], [ 148.338052124142337, -9.059666298999471 ], [ 148.338462209281687, -9.059539542201787 ], [ 148.338757720768939, -9.059477844281563 ], [ 148.338764580396855, -9.059472595314709 ], [ 148.338779042918418, -9.059437874176895 ], [ 148.338832344105214, -9.059324474619313 ], [ 148.338844950107045, -9.059301545840167 ], [ 148.33884547113928, -9.05930026636986 ], [ 148.338857966521147, -9.059274047751385 ], [ 148.338901196430498, -9.059169954838106 ], [ 148.33896505837842, -9.059049340543911 ], [ 148.339070403885387, -9.058828297389534 ], [ 148.339264970458714, -9.058474443945638 ], [ 148.339499481200818, -9.05800406947934 ], [ 148.339706865421988, -9.057632982128473 ], [ 148.339948347051205, -9.057282863569784 ], [ 148.340358350550844, -9.056744467220968 ], [ 148.340620772976138, -9.056430406246472 ], [ 148.340910625419951, -9.056141155949945 ], [ 148.341036119346199, -9.056036717756978 ], [ 148.341165001356956, -9.05573208454377 ], [ 148.341393406215047, -9.0552604864559 ], [ 148.341570738441447, -9.054930090861633 ], [ 148.341774967879076, -9.054615415751623 ], [ 148.341860649127568, -9.054494685211816 ], [ 148.34196185859301, -9.054332727020748 ], [ 148.342249088952627, -9.053964098683181 ], [ 148.342264235852895, -9.053948326652389 ], [ 148.34238616871292, -9.05379360494789 ], [ 148.342585371037529, -9.053587266646208 ], [ 148.342588847898526, -9.053583094766557 ], [ 148.34259578158273, -9.053576483157975 ], [ 148.34270189276495, -9.053466570644442 ], [ 148.342783813297729, -9.053397185549127 ], [ 148.342963963979059, -9.053225402664038 ], [ 148.342982098618933, -9.053209988372377 ], [ 148.343072400207092, -9.052775815980173 ], [ 148.34320645211875, -9.052349221824871 ], [ 148.343282777638251, -9.052170592996736 ], [ 148.343365836935988, -9.051793082017259 ], [ 148.343435840160481, -9.051529782408446 ], [ 148.343565466774351, -9.051121541711577 ], [ 148.343733353871187, -9.050727317558746 ], [ 148.343823534210287, -9.050561327883933 ], [ 148.343927758861838, -9.050132425740777 ], [ 148.344119425229422, -9.049622399907523 ], [ 148.344307729749943, -9.049200701437311 ], [ 148.344494172863278, -9.048829992585976 ], [ 148.344713981712999, -9.048477812245203 ], [ 148.344965309201797, -9.048147119687121 ], [ 148.345246043406718, -9.047840693617671 ], [ 148.345553825327329, -9.047561108829361 ], [ 148.345703164649706, -9.047448559756006 ], [ 148.345840479151235, -9.047311222908556 ], [ 148.34612988006657, -9.047066492757407 ], [ 148.346221612819107, -9.046995264553706 ], [ 148.346300900176431, -9.046932905248852 ], [ 148.34665535023683, -9.046680612903057 ], [ 148.347032469943969, -9.04646321123025 ], [ 148.347428794878311, -9.046282697354012 ], [ 148.34784068421402, -9.046140729526591 ], [ 148.347949883131292, -9.046108830076136 ], [ 148.348393243050879, -9.046002993958247 ], [ 148.348845034834227, -9.045941815368598 ], [ 148.34930071825687, -9.045925909088782 ], [ 148.349755713995279, -9.045955434941746 ], [ 148.349890312290654, -9.045970934993836 ], [ 148.350315733817411, -9.046040371517305 ], [ 148.350732630930111, -9.046149534631255 ], [ 148.351137258229613, -9.046297443596066 ], [ 148.351525980540146, -9.046482769580335 ], [ 148.351895305564597, -9.046703847598517 ], [ 148.352000004749726, -9.046773446977515 ], [ 148.35229871080827, -9.046989980276088 ], [ 148.352398110220889, -9.04706837957627 ], [ 148.352703181226559, -9.047331774311019 ], [ 148.352969513984362, -9.047606580132801 ], [ 148.353038677840544, -9.047671667942849 ], [ 148.353127536475114, -9.047759072527537 ], [ 148.353159030421608, -9.047783830148811 ], [ 148.353253929978735, -9.04786612942009 ], [ 148.353270755756114, -9.047881244043159 ], [ 148.353359742405331, -9.047948899210198 ], [ 148.353614545092796, -9.048174653818856 ], [ 148.353717444759667, -9.048272952960685 ], [ 148.3538477883327, -9.04840679603034 ], [ 148.354181892929176, -9.048714379982934 ], [ 148.354484405642523, -9.049055045639347 ], [ 148.354628629913407, -9.049254746124831 ], [ 148.354760886832054, -9.04942166706928 ], [ 148.35478317743312, -9.04945256171947 ], [ 148.354995726862995, -9.049722616023537 ], [ 148.35501434045446, -9.049748489297606 ], [ 148.355037322126748, -9.049776164150602 ], [ 148.355263864625414, -9.050091470244634 ], [ 148.355380629041093, -9.05008476088693 ], [ 148.355380516937601, -9.050082900625357 ], [ 148.355477915748395, -9.050077100873905 ], [ 148.355550207695046, -9.050075016723282 ], [ 148.355553804810086, -9.050074810028514 ], [ 148.355557376948752, -9.05007481003552 ], [ 148.355758277613404, -9.050069018063528 ], [ 148.355867576246737, -9.050069218261461 ], [ 148.356384586867421, -9.050099475061868 ], [ 148.3565861648583, -9.05013443494054 ], [ 148.356740364949502, -9.049993834327102 ], [ 148.356748848225493, -9.049848512953027 ], [ 148.356757085267418, -9.049793329010074 ], [ 148.356770344437876, -9.049528961666562 ], [ 148.356845671288966, -9.049053719619756 ], [ 148.356879879367852, -9.048927285540273 ], [ 148.35690404319115, -9.048784463400505 ], [ 148.356926044358744, -9.0486904635014 ], [ 148.35703880996661, -9.048292207036114 ], [ 148.357187726452878, -9.047905864676768 ], [ 148.357371546742115, -9.047534671467957 ], [ 148.357378034328548, -9.047522956279503 ], [ 148.35738081462344, -9.047517408347767 ], [ 148.357596347756555, -9.047134979936788 ], [ 148.357848123288477, -9.046775096774015 ], [ 148.358133774458253, -9.046441141692325 ], [ 148.358450616102346, -9.046136253793053 ], [ 148.358795669896864, -9.045863298941194 ], [ 148.358874669681228, -9.045806799559973 ], [ 148.359290198017476, -9.045542388564398 ], [ 148.359732091698447, -9.045324272494147 ], [ 148.360195151310876, -9.045155017697125 ], [ 148.360673928432618, -9.045036615608305 ], [ 148.360750755717362, -9.045021962277273 ], [ 148.360761752103599, -9.045018624503928 ], [ 148.361160465622191, -9.04493548940987 ], [ 148.361254664548341, -9.044920189761445 ], [ 148.361748542179555, -9.044867295874296 ], [ 148.361800130782711, -9.044867395427652 ], [ 148.36200561275146, -9.044814358950347 ], [ 148.362100711702425, -9.044795459342357 ], [ 148.362549602083277, -9.044729198824621 ], [ 148.362640101001773, -9.044720399096306 ], [ 148.362764907507398, -9.044714283643136 ], [ 148.363067700553358, -9.044679326716311 ], [ 148.363513982307609, -9.044671586055745 ], [ 148.363958878327026, -9.044707365425769 ], [ 148.364398104181817, -9.044786320240663 ], [ 148.364827430045352, -9.044907690127602 ], [ 148.365242721423755, -9.04507030624918 ], [ 148.365639978967465, -9.045272602559173 ], [ 148.366015376982261, -9.045512630883106 ], [ 148.3663653002682, -9.045788079678257 ], [ 148.366686378932741, -9.046096296292772 ], [ 148.366975520842288, -9.046434312509419 ], [ 148.367229941400012, -9.046798873128173 ], [ 148.367447190363094, -9.047186467312555 ], [ 148.367625175441248, -9.047593362397588 ], [ 148.367762182448956, -9.04801563983453 ], [ 148.367856891817723, -9.048449232925808 ], [ 148.367908391308447, -9.048889965986906 ], [ 148.367916184802368, -9.049333594558584 ], [ 148.367880197084332, -9.049775846281639 ], [ 148.367800774573624, -9.050212462041095 ], [ 148.367678681993794, -9.050639236983352 ], [ 148.367515095014085, -9.051052061011465 ], [ 148.367311588932949, -9.051446958368372 ], [ 148.367070123512008, -9.051820125927067 ], [ 148.366793024107039, -9.052167969818578 ], [ 148.366482959276652, -9.052487140045383 ], [ 148.366142915085277, -9.052774562746333 ], [ 148.365776166346535, -9.053027469802652 ], [ 148.365608559280616, -9.053120298110406 ], [ 148.365519490719009, -9.053381480830414 ], [ 148.365484491742251, -9.053471781095286 ], [ 148.365396109723946, -9.053683633776851 ], [ 148.365357810642593, -9.053769234086912 ], [ 148.365161520685461, -9.054156728595308 ], [ 148.364928771059596, -9.054523737679716 ], [ 148.36466170477226, -9.054866881968698 ], [ 148.364599805134219, -9.054938982514875 ], [ 148.36438771639385, -9.055162213909414 ], [ 148.364267852867897, -9.055351187520243 ], [ 148.364040802163231, -9.055650838833859 ], [ 148.363789542130689, -9.055930748409519 ], [ 148.363721642348764, -9.056000348998069 ], [ 148.36347102688427, -9.056238382574207 ], [ 148.363333110205076, -9.056350707681117 ], [ 148.363294173021671, -9.056389380951424 ], [ 148.363269851369722, -9.0564266419555 ], [ 148.362996148865477, -9.056768484429721 ], [ 148.36269053140245, -9.057082471430981 ], [ 148.36235585265797, -9.057365671029604 ], [ 148.361995237699034, -9.057615438770018 ], [ 148.361950618769811, -9.057640357936714 ], [ 148.361945413567042, -9.057644735677306 ], [ 148.361603475924426, -9.057882516666185 ], [ 148.361293936371624, -9.058058141178384 ], [ 148.361192068683266, -9.058137323986289 ], [ 148.3611119684588, -9.058194324613048 ], [ 148.361029217381343, -9.058251841436411 ], [ 148.360949217107361, -9.058306142051181 ], [ 148.360559906518006, -9.058533134963138 ], [ 148.360554191004468, -9.058536713588284 ], [ 148.360543959322172, -9.058542433181817 ], [ 148.360411141737814, -9.058619874148695 ], [ 148.360373881576976, -9.058638310068103 ], [ 148.3603502734762, -9.058650705060765 ], [ 148.360159343576413, -9.058757436191131 ], [ 148.359744366395461, -9.058938023003066 ], [ 148.359549080801116, -9.059000850984187 ], [ 148.359789071979549, -9.05924974188895 ], [ 148.359833973046079, -9.059306269692007 ], [ 148.360068404350869, -9.059566172578421 ], [ 148.36033540474395, -9.059929070023353 ], [ 148.360564827035859, -9.060316531781075 ], [ 148.360754402608052, -9.060724726659727 ], [ 148.360902256821817, -9.061149618450386 ], [ 148.361006927558321, -9.06158700583444 ], [ 148.361067379681003, -9.062032563924122 ], [ 148.361102384678702, -9.062444262745805 ], [ 148.361103653117027, -9.062470945436237 ], [ 148.361145054613502, -9.062593503007809 ], [ 148.361155081564135, -9.062623532780812 ], [ 148.361214007588416, -9.062802098042782 ], [ 148.361243428938764, -9.062810958577208 ], [ 148.361268474144367, -9.062816885291006 ], [ 148.361293721016722, -9.062825246118779 ], [ 148.361310615847572, -9.062829335598092 ], [ 148.3613500001087, -9.06284305352821 ], [ 148.361480500579859, -9.062882354970347 ], [ 148.361549364317284, -9.062906813393207 ], [ 148.361549364319785, -9.062906813394241 ], [ 148.361549364322343, -9.062906813395008 ], [ 148.361555804718819, -9.062909100838107 ], [ 148.361555804718819, -9.062909100838107 ], [ 148.361607199119874, -9.062927354641802 ], [ 148.361626645908842, -9.062935498286912 ], [ 148.3616475738323, -9.062942428812924 ], [ 148.361698991959713, -9.062964610621272 ], [ 148.361731874437993, -9.062976063870485 ], [ 148.36181254044655, -9.06301334443882 ], [ 148.361984098009344, -9.063085186645418 ], [ 148.362063733140701, -9.063106471179719 ], [ 148.362081695073556, -9.063112363129019 ], [ 148.362275184066476, -9.063156140505219 ], [ 148.362687694648201, -9.063291731469292 ], [ 148.363085308661709, -9.06346582570527 ], [ 148.363464398320616, -9.063676834784159 ], [ 148.363821504838057, -9.063922833470892 ], [ 148.363887111219356, -9.063972801341544 ], [ 148.364105093110254, -9.064120720680707 ], [ 148.364416321350404, -9.064374789887932 ], [ 148.364524620887352, -9.064471489033437 ], [ 148.364524555595693, -9.064471561283199 ], [ 148.364529949464014, -9.064476271662622 ], [ 148.364583279425574, -9.064500092684778 ], [ 148.364611748029489, -9.064511954633456 ], [ 148.36462643640607, -9.06451936970854 ], [ 148.365002966070307, -9.064687554723491 ], [ 148.365085565322431, -9.064730278565488 ], [ 148.365155694980359, -9.064749874177249 ], [ 148.36557412231852, -9.064912559081236 ], [ 148.365974361765069, -9.065115483145686 ], [ 148.366352508258956, -9.065356666470368 ], [ 148.366583227484483, -9.065538097834143 ], [ 148.366596320680571, -9.065539748916633 ], [ 148.367050497369632, -9.065644860557677 ], [ 148.367143896242908, -9.065671560394719 ], [ 148.367591355879682, -9.065824945910348 ], [ 148.367871667645858, -9.065954826352314 ], [ 148.367954087448254, -9.065988777902898 ], [ 148.368010132937201, -9.066018983128988 ], [ 148.368020357469135, -9.066023720580255 ], [ 148.368033848117818, -9.066031764213736 ], [ 148.368369578426496, -9.066212702784728 ], [ 148.368759450375109, -9.066478274126235 ], [ 148.369090856631431, -9.066758417090286 ], [ 148.369264793811794, -9.066896577425066 ], [ 148.369586216805942, -9.067208214081573 ], [ 148.36961009396893, -9.067236443784136 ], [ 148.369684307492065, -9.067309435541041 ], [ 148.369713369166305, -9.067338278007558 ], [ 148.369725930774877, -9.067350857933652 ], [ 148.369769972829175, -9.067391998272551 ], [ 148.369801806972731, -9.067424195803467 ], [ 148.369803489810806, -9.067425785730926 ], [ 148.369879140351287, -9.067497259530965 ], [ 148.369899713920461, -9.067511377407625 ], [ 148.370050518052807, -9.067641376500315 ], [ 148.370158804037743, -9.067712544765456 ], [ 148.370493893036553, -9.06798128432639 ], [ 148.370565592717526, -9.068044583766053 ], [ 148.370780461822307, -9.068249419793323 ], [ 148.370869798956306, -9.068302436781636 ], [ 148.371234042851341, -9.068570858230562 ], [ 148.371311211470271, -9.068640572328352 ], [ 148.371484385193668, -9.068751439395365 ], [ 148.371834162026516, -9.069027098183051 ], [ 148.372155072458384, -9.069335507276385 ], [ 148.372221472356131, -9.069405906673348 ], [ 148.37253359981014, -9.069774347145223 ], [ 148.372804523814267, -9.070173701858383 ], [ 148.373031169463445, -9.070599438434133 ], [ 148.3732109643488, -9.071046725068028 ], [ 148.3732561887862, -9.071206944899174 ], [ 148.373323903378065, -9.071402987676056 ], [ 148.373429374639159, -9.071854475623329 ], [ 148.373487788265777, -9.072314324336494 ], [ 148.373491836977081, -9.072488975085133 ], [ 148.373515409732391, -9.072557113139965 ], [ 148.373607671178434, -9.072918043883394 ], [ 148.373669736599481, -9.073285297341334 ], [ 148.373708291342098, -9.07358970619906 ], [ 148.373757789498569, -9.07376686124371 ], [ 148.373846819783807, -9.074149128968998 ], [ 148.373889014427078, -9.074445290367079 ], [ 148.373931212623177, -9.074528178092734 ], [ 148.374048235796124, -9.074630634279906 ], [ 148.374232069315838, -9.074832044772181 ], [ 148.374341341095061, -9.074937829535342 ], [ 148.374623295874329, -9.075268787213783 ], [ 148.374872052944937, -9.075625073202486 ], [ 148.375085323560398, -9.076003409532062 ], [ 148.375261145443204, -9.076400315354373 ], [ 148.375397900841193, -9.076812138965764 ], [ 148.375448942673785, -9.077036012817 ], [ 148.375548584309172, -9.077085629872832 ], [ 148.375857500971307, -9.077276524371998 ], [ 148.37589989360356, -9.077298438937907 ], [ 148.37633158970209, -9.077548436740024 ], [ 148.376671205586689, -9.077765737859631 ], [ 148.376990089929535, -9.078012126377738 ], [ 148.37728572855724, -9.07828565971424 ], [ 148.37755579055522, -9.078584181272412 ], [ 148.377798146644665, -9.078905337440755 ], [ 148.378189748602551, -9.079475333017829 ], [ 148.378428612014545, -9.079863630362519 ], [ 148.378626990094972, -9.080273829722291 ], [ 148.378782872509589, -9.080701774461875 ], [ 148.378894679521522, -9.081143128116635 ], [ 148.378897017807361, -9.081158937924146 ], [ 148.378903559204872, -9.08118300881306 ], [ 148.37897770527249, -9.081628795544544 ], [ 148.379006715845492, -9.082079712046827 ], [ 148.378990301020139, -9.082531254901847 ], [ 148.378978837087743, -9.082663259425662 ], [ 148.378978701036061, -9.082689781023285 ], [ 148.378969349073827, -9.082946981331943 ], [ 148.379054950265214, -9.083132506075403 ], [ 148.379200465570847, -9.083552405127827 ], [ 148.37923615630524, -9.083701588964443 ], [ 148.379325597189933, -9.083953074471497 ], [ 148.379430006391317, -9.084367800014395 ], [ 148.379494539365368, -9.08479047332442 ], [ 148.3794963651915, -9.08482283849389 ], [ 148.379595758524147, -9.08491391122778 ], [ 148.37973922837395, -9.085042379504818 ], [ 148.379770354678982, -9.085075877196852 ], [ 148.38011267463375, -9.085218210794515 ], [ 148.380506233523334, -9.085404344835609 ], [ 148.380880063793683, -9.085627061406763 ], [ 148.381230733585653, -9.085884315911901 ], [ 148.381555023640175, -9.08617374668879 ], [ 148.381849956850118, -9.086492696687795 ], [ 148.382112825590383, -9.086838237862498 ], [ 148.382341216574645, -9.087207198047844 ], [ 148.382533033011555, -9.08759619007934 ], [ 148.382686513855816, -9.088001642886335 ], [ 148.38280024997826, -9.088419834273445 ], [ 148.382873197105965, -9.088846925089902 ], [ 148.382904685413507, -9.08927899447283 ], [ 148.382894425677279, -9.089712075840984 ], [ 148.38284251193582, -9.090142193308862 ], [ 148.38276093963546, -9.09051303137306 ], [ 148.382772875321706, -9.090532081363129 ], [ 148.3829738848396, -9.090938662083426 ], [ 148.383132950012936, -9.09136319493911 ], [ 148.383248473787233, -9.091801417888631 ], [ 148.38331929621981, -9.092248931437434 ], [ 148.3833447061306, -9.092701242804328 ], [ 148.383332534485362, -9.092973161546805 ], [ 148.383482981441631, -9.093036815202856 ], [ 148.383542378973885, -9.093061946095993 ], [ 148.383658792070946, -9.093111200039528 ], [ 148.383871574323337, -9.093207746041903 ], [ 148.383970257982241, -9.093243670244517 ], [ 148.384202044987347, -9.093341883295807 ], [ 148.38422261785405, -9.09334751748942 ], [ 148.384624931591588, -9.093499642398267 ], [ 148.385010977616162, -9.09368888144051 ], [ 148.385377299316389, -9.093913540182871 ], [ 148.385670793100076, -9.094134155410337 ], [ 148.385877218805689, -9.094157503964299 ], [ 148.385895370748784, -9.094161502241731 ], [ 148.386148834572225, -9.09418848860666 ], [ 148.386585261401734, -9.094278561814344 ], [ 148.387010723800728, -9.094410655531624 ], [ 148.387421136770968, -9.094583501464761 ], [ 148.387695190305095, -9.09473188963509 ], [ 148.387902730502361, -9.094762378441988 ], [ 148.387994329358719, -9.09478237836103 ], [ 148.388421302764129, -9.094897496477076 ], [ 148.388835006112572, -9.095053293618369 ], [ 148.389105159304762, -9.095186150848313 ], [ 148.389137973051675, -9.095201124140997 ], [ 148.389195763509406, -9.095230708546588 ], [ 148.389231526485418, -9.095248296196187 ], [ 148.389248849778625, -9.095257884745202 ], [ 148.389503610201302, -9.095388302847976 ], [ 148.389850743338542, -9.095607540267494 ], [ 148.390176534789987, -9.095857044224962 ], [ 148.390478321325929, -9.096134775129883 ], [ 148.390624117680403, -9.09629559682179 ], [ 148.390849950832035, -9.09653423369768 ], [ 148.391112888449101, -9.096870582333372 ], [ 148.391342813636527, -9.097230031261516 ], [ 148.391381548585088, -9.097305436998298 ], [ 148.391562735703076, -9.097627908884611 ], [ 148.391740834721759, -9.098033684044422 ], [ 148.39175129385049, -9.098065761361797 ], [ 148.391963232431863, -9.098380039901857 ], [ 148.392158743176964, -9.098734924889209 ], [ 148.392321550108647, -9.099105760898102 ], [ 148.392336817785207, -9.099145272407611 ], [ 148.392344866213023, -9.099159742394756 ], [ 148.39254459006321, -9.099643692755279 ], [ 148.392693619749735, -9.100074204405143 ], [ 148.392813951679756, -9.100322060500131 ], [ 148.392858952597379, -9.100432059828574 ], [ 148.392933267658293, -9.100649415215447 ], [ 148.3929428724405, -9.100670754125312 ], [ 148.393077183985952, -9.101061337096603 ], [ 148.393175096220972, -9.10146246678142 ], [ 148.393235792956119, -9.101870799873971 ], [ 148.393241296863295, -9.101969530044505 ], [ 148.393283167373085, -9.102242584192558 ], [ 148.393308804172278, -9.102623170660667 ], [ 148.393325762203403, -9.103306650153138 ], [ 148.39334387215149, -9.103591871726779 ], [ 148.393363098746335, -9.10372793784977 ], [ 148.393383891889755, -9.103990637307435 ], [ 148.393413373288809, -9.104281948793014 ], [ 148.393436128379932, -9.104707062272375 ], [ 148.393418552735397, -9.105132418368209 ], [ 148.393360802037137, -9.105554245883349 ], [ 148.393263388160449, -9.1059688048915 ], [ 148.393127174640568, -9.10637241989536 ], [ 148.392953369021598, -9.106761512414099 ], [ 148.392837138832761, -9.106991818056015 ], [ 148.392873069830557, -9.10718669048547 ], [ 148.392927414397349, -9.107460918271471 ], [ 148.393093342834675, -9.107506550647857 ], [ 148.393206741488513, -9.107543150399975 ], [ 148.393316715223222, -9.107578691136348 ], [ 148.393490727006991, -9.107648646793924 ], [ 148.393511319922055, -9.107655518862922 ], [ 148.393533857620184, -9.107665986006275 ], [ 148.39356786539156, -9.107679657681867 ], [ 148.39357939627061, -9.107683795296746 ], [ 148.393586357102805, -9.107687091647785 ], [ 148.393906542110244, -9.107815810972083 ], [ 148.394016540980715, -9.107869210521802 ], [ 148.394362343837315, -9.108055910030275 ], [ 148.3946906177529, -9.108271614551919 ], [ 148.394710700544181, -9.108286089146489 ], [ 148.394783080540435, -9.108329681120564 ], [ 148.395153656674182, -9.10860789383997 ], [ 148.395493761346074, -9.10892220831875 ], [ 148.395799849797072, -9.10926934864634 ], [ 148.395986700673944, -9.109530879795187 ], [ 148.396019344475263, -9.10957264079615 ], [ 148.396040118162091, -9.109605647003628 ], [ 148.396068731770782, -9.109645696784137 ], [ 148.396101341704593, -9.109702921789644 ], [ 148.396264130518261, -9.109961567807712 ], [ 148.396468001788037, -9.110373146206635 ], [ 148.396628859244061, -9.110803138679914 ], [ 148.396672160572876, -9.110939737950812 ], [ 148.396779929977868, -9.111344110083698 ], [ 148.396849634003615, -9.111756650802517 ], [ 148.396858808210141, -9.111879945169301 ], [ 148.396866975684446, -9.111931847808568 ], [ 148.396876356515691, -9.112099411143017 ], [ 148.396884282001423, -9.11218287345352 ], [ 148.396883968846282, -9.112235384693834 ], [ 148.396892125605234, -9.11238108270341 ], [ 148.396881694995727, -9.11261667942394 ], [ 148.396881586284451, -9.112634909103241 ], [ 148.396880395041478, -9.112646041572747 ], [ 148.396872225061713, -9.112830577505395 ], [ 148.396807470966053, -9.113275880727263 ], [ 148.396784530623563, -9.113367818057874 ], [ 148.396784081626777, -9.11337047486191 ], [ 148.396778488566412, -9.113408684912264 ], [ 148.396676183725248, -9.113825330443653 ], [ 148.396534617422901, -9.114230467414746 ], [ 148.396355063354946, -9.114620450347026 ], [ 148.396139137049602, -9.114991770106451 ], [ 148.395888781335316, -9.115341085480406 ], [ 148.395606248862293, -9.115665253243884 ], [ 148.395294081835374, -9.115961356444689 ], [ 148.395267796610398, -9.115984021481792 ], [ 148.395069416209537, -9.116169581538925 ], [ 148.394694816115788, -9.116485184662135 ], [ 148.394348302612855, -9.116749779233526 ], [ 148.394273724310693, -9.116796147981095 ], [ 148.394124987170045, -9.116980463600642 ], [ 148.393774007192718, -9.117329454557984 ], [ 148.393396907454303, -9.117665557750602 ], [ 148.393138701685842, -9.117875219701968 ], [ 148.39313936723039, -9.118134493868395 ], [ 148.393133572254811, -9.118236234969528 ], [ 148.393151345747526, -9.11831792542295 ], [ 148.393202431274091, -9.118756184493584 ], [ 148.393210293911352, -9.119197305412625 ], [ 148.393174858630601, -9.11963708770635 ], [ 148.393096462697599, -9.120071343632489 ], [ 148.39302826917509, -9.120311411167808 ], [ 148.393001390163505, -9.12053044357044 ], [ 148.392909349763073, -9.12094760891687 ], [ 148.392778114156528, -9.121354282063532 ], [ 148.392608854208447, -9.121746834306656 ], [ 148.39240560005257, -9.122117171449352 ], [ 148.392384110990008, -9.1221721265585 ], [ 148.392353533779442, -9.122255692555283 ], [ 148.392342925266661, -9.1222774529329 ], [ 148.392331927485884, -9.122305578115915 ], [ 148.392323441838641, -9.122321992214824 ], [ 148.392190419037206, -9.122590276259031 ], [ 148.392150509184546, -9.122672139931419 ], [ 148.392147151670315, -9.122677538993038 ], [ 148.392129655437799, -9.122712825831723 ], [ 148.392058150036036, -9.122826739800583 ], [ 148.392054834585394, -9.122833821059066 ], [ 148.391868898203739, -9.123156567703457 ], [ 148.391867313574664, -9.12319548540041 ], [ 148.391868384949589, -9.12320757787084 ], [ 148.391858951447261, -9.123691852449239 ], [ 148.391851752705406, -9.123789752353852 ], [ 148.391798795773241, -9.124222105542325 ], [ 148.391704224477024, -9.124647388368958 ], [ 148.391568916308273, -9.125061654115363 ], [ 148.391394126815868, -9.125461058289179 ], [ 148.39137780444625, -9.125493928987497 ], [ 148.391231775443629, -9.125812702222543 ], [ 148.391025621245916, -9.12617163995793 ], [ 148.390787347302478, -9.126510368698678 ], [ 148.390771550426592, -9.126528948647461 ], [ 148.390722954623072, -9.126614820388772 ], [ 148.390458638022722, -9.126988025392059 ], [ 148.390157809459339, -9.127332846545944 ], [ 148.390073415421199, -9.127411850044103 ], [ 148.390063950501855, -9.12742291259497 ], [ 148.389726427063948, -9.127739567640234 ], [ 148.389725848138625, -9.127740285191155 ], [ 148.389748965271565, -9.128114028772998 ], [ 148.389732673165639, -9.128556501124757 ], [ 148.389672910123323, -9.128995267946154 ], [ 148.389570249144697, -9.129426121215648 ], [ 148.389425674652443, -9.129844928791217 ], [ 148.38918438145555, -9.130446230659176 ], [ 148.38900241130375, -9.130842948625197 ], [ 148.388909175317877, -9.131003223851877 ], [ 148.388947495978556, -9.13106822554734 ], [ 148.389120682815019, -9.131433151992246 ], [ 148.389151411972193, -9.13151644249503 ], [ 148.389173493502682, -9.131562166965306 ], [ 148.389333065792016, -9.132005985085932 ], [ 148.389405818726289, -9.132302864208912 ], [ 148.389525474352439, -9.132690115829835 ], [ 148.3895311579534, -9.132717494126606 ], [ 148.38960748023473, -9.132925418817862 ], [ 148.389623985070983, -9.132979094710697 ], [ 148.389652982981005, -9.133048005274919 ], [ 148.389670789301789, -9.133098149075691 ], [ 148.389825814171104, -9.133112117618307 ], [ 148.390264352453755, -9.133195299433526 ], [ 148.390692575220726, -9.133320798285022 ], [ 148.391106358601832, -9.133487405572797 ], [ 148.391501717770126, -9.133693516815161 ], [ 148.391874845312714, -9.133937147099386 ], [ 148.392222147894017, -9.134215950195456 ], [ 148.392540280858157, -9.134527241149247 ], [ 148.392826180437623, -9.134868022137196 ], [ 148.393077093257972, -9.135235011334121 ], [ 148.393290602854648, -9.135624674515704 ], [ 148.393464652945994, -9.136033259091926 ], [ 148.393597567239283, -9.136456830243471 ], [ 148.393688065577777, -9.136891308813389 ], [ 148.393735276273986, -9.137332510589061 ], [ 148.393738744509847, -9.13777618659649 ], [ 148.393698436722673, -9.13821806401857 ], [ 148.393614740934765, -9.138653887343796 ], [ 148.393488463022663, -9.139079459348673 ], [ 148.393390085338268, -9.139320774798009 ], [ 148.393414465303863, -9.139422777319853 ], [ 148.393474569346751, -9.139862427765193 ], [ 148.393478610729176, -9.139971343484492 ], [ 148.393480099838854, -9.1399844348761 ], [ 148.393480741897577, -9.140028778635322 ], [ 148.393491021569673, -9.140305815794246 ], [ 148.393485943399895, -9.140388017666146 ], [ 148.393486523451202, -9.140428078329302 ], [ 148.393475166310878, -9.140562469695407 ], [ 148.393463663368948, -9.140748671367795 ], [ 148.393454806799753, -9.140803387928951 ], [ 148.393449159697695, -9.140870211229004 ], [ 148.393408056576249, -9.14109221423106 ], [ 148.393392758055143, -9.141186729558955 ], [ 148.393385465791823, -9.141214229758484 ], [ 148.39336836824782, -9.14130657560432 ], [ 148.393280433056503, -9.141610323334589 ], [ 148.393278988323601, -9.141615771626062 ], [ 148.393278401559058, -9.14161734057449 ], [ 148.39324492700726, -9.141732969022275 ], [ 148.393080024632354, -9.142145285059655 ], [ 148.392875249088519, -9.142539552850948 ], [ 148.392632572362459, -9.142911975331383 ], [ 148.392568273001331, -9.143000775907835 ], [ 148.392313187587831, -9.143316435900768 ], [ 148.392206818259098, -9.143466170837188 ], [ 148.392148418721263, -9.14354037136032 ], [ 148.392073280957845, -9.143626300267208 ], [ 148.392064841848054, -9.143637540768411 ], [ 148.392040081576539, -9.143664267664581 ], [ 148.391840325267282, -9.143892712289418 ], [ 148.391754684309859, -9.143972332702267 ], [ 148.391747267636902, -9.143980338437821 ], [ 148.391725819515841, -9.143999168294812 ], [ 148.391683178969174, -9.144038811191004 ], [ 148.391582064558122, -9.14414555490907 ], [ 148.391230101871997, -9.144448173854613 ], [ 148.390848869588268, -9.144713474547997 ], [ 148.390707129522383, -9.144791997990934 ], [ 148.390366032981888, -9.144986629365244 ], [ 148.38994868635038, -9.145172181888123 ], [ 148.38951470635709, -9.145315168992546 ], [ 148.389068476094451, -9.145414146512961 ], [ 148.38861450239844, -9.145468114769256 ], [ 148.38815737032624, -9.145476528665389 ], [ 148.387701696842925, -9.145439303196506 ], [ 148.387252084185604, -9.145356814308455 ], [ 148.386813073376146, -9.145229895101538 ], [ 148.386389098352282, -9.145059827416311 ], [ 148.386084195125989, -9.144919426246142 ], [ 148.385615894768534, -9.144669789527004 ], [ 148.385180081845846, -9.144367587409169 ], [ 148.384880405339146, -9.144132776060234 ], [ 148.384701279314157, -9.144004461347494 ], [ 148.384313206194605, -9.143652210535191 ], [ 148.383998105487308, -9.143331107738172 ], [ 148.383711285394639, -9.143009578871801 ], [ 148.383456474679576, -9.14266244344349 ], [ 148.38323597476537, -9.142292836851407 ], [ 148.38305177715327, -9.141904097451418 ], [ 148.382905545437012, -9.141499736402416 ], [ 148.382798600280069, -9.141083405951168 ], [ 148.382751431017454, -9.140783145527806 ], [ 148.38270869480246, -9.140755881060048 ], [ 148.382358434800835, -9.140480745488738 ], [ 148.382036998529827, -9.140172816189413 ], [ 148.381747481626491, -9.139835058767622 ], [ 148.381492672294968, -9.139470726093833 ], [ 148.381275024454425, -9.139083326973262 ], [ 148.381096634108104, -9.138676592351056 ], [ 148.380959219159848, -9.138254439378166 ], [ 148.380864102873517, -9.137820933684164 ], [ 148.38081220113358, -9.137380250220568 ], [ 148.380804013630183, -9.136936633051576 ], [ 148.380839619052352, -9.136494354479872 ], [ 148.38089790683398, -9.136172388180267 ], [ 148.380873349978657, -9.136157071436466 ], [ 148.38053766489702, -9.135901646914306 ], [ 148.380514508570968, -9.135880362197007 ], [ 148.380269118015946, -9.135692242305501 ], [ 148.379975959263874, -9.135423687539934 ], [ 148.37983932055684, -9.135274493919443 ], [ 148.37970215070581, -9.135145567783423 ], [ 148.379380043271937, -9.134768435310182 ], [ 148.379147643882106, -9.134464032840958 ], [ 148.378926597139781, -9.134147317680609 ], [ 148.378731098497525, -9.133840015356572 ], [ 148.37853734798702, -9.133504490215518 ], [ 148.378373168069828, -9.13315373300285 ], [ 148.378239760655219, -9.132790311673389 ], [ 148.378217885907844, -9.13272174221629 ], [ 148.378203278920779, -9.132683915234535 ], [ 148.378132221223751, -9.132502472943257 ], [ 148.377985758475063, -9.132063189065949 ], [ 148.377885246974955, -9.131611327288411 ], [ 148.377831739584195, -9.131151621634828 ], [ 148.377825796704172, -9.130688888290804 ], [ 148.377867480413016, -9.130227975144297 ], [ 148.377888926098279, -9.130118358555162 ], [ 148.377961340179723, -9.129729385934821 ], [ 148.378075853036165, -9.129326819471073 ], [ 148.378227315930928, -9.128936495245364 ], [ 148.378273444612176, -9.128844112689551 ], [ 148.378323678236086, -9.1287223041858 ], [ 148.378545214497223, -9.128311595462536 ], [ 148.378808111498302, -9.127925730499127 ], [ 148.37910957632235, -9.127568808362346 ], [ 148.379446406372296, -9.127244620641365 ], [ 148.379815023395281, -9.126956611172306 ], [ 148.379853194902182, -9.126932660948556 ], [ 148.379937193080679, -9.126868378016669 ], [ 148.380272233500989, -9.126666495414055 ], [ 148.380271957824505, -9.126654771044883 ], [ 148.380262687643352, -9.126542045953883 ], [ 148.380265926904627, -9.12639827853285 ], [ 148.38026225995614, -9.126242323987341 ], [ 148.380272544388845, -9.126104577017976 ], [ 148.380273268154326, -9.126072454451251 ], [ 148.380277295996791, -9.126040935238468 ], [ 148.380295045138666, -9.125803207928939 ], [ 148.380370654879755, -9.125369343835303 ], [ 148.380488371875202, -9.124944846840339 ], [ 148.380503061751057, -9.124906795374507 ], [ 148.380625117208155, -9.124510856102596 ], [ 148.380799712435618, -9.124096600838801 ], [ 148.381014801193601, -9.123701605111453 ], [ 148.381268260878414, -9.123329766674638 ], [ 148.381557590270148, -9.122984754755022 ], [ 148.381769577622151, -9.122777741271248 ], [ 148.38181722394512, -9.122699334393785 ], [ 148.381890524708467, -9.122596035049579 ], [ 148.38215473207228, -9.122258758072061 ], [ 148.382290849890836, -9.122115306149167 ], [ 148.382299208883722, -9.121859734396281 ], [ 148.382305538803138, -9.121811509371582 ], [ 148.382307057377659, -9.121754775141317 ], [ 148.382371965545332, -9.1212751287218 ], [ 148.382488088522081, -9.120805125511323 ], [ 148.382524689975611, -9.120685125744966 ], [ 148.382691662737898, -9.120227891481205 ], [ 148.382907093366015, -9.1197911306677 ], [ 148.383128953695092, -9.119442095159567 ], [ 148.383355587453536, -9.11905429032479 ], [ 148.383369094379958, -9.119036052097339 ], [ 148.383371295984546, -9.119031862633896 ], [ 148.383629477456822, -9.118643824178587 ], [ 148.383746377669041, -9.118502246361583 ], [ 148.383711905328738, -9.118421794861643 ], [ 148.383581817231061, -9.118015841458712 ], [ 148.383490754776602, -9.117599520794023 ], [ 148.383439526449706, -9.117176529711355 ], [ 148.383428587007586, -9.116750624274593 ], [ 148.383458033447226, -9.116325586413753 ], [ 148.383527604148782, -9.115905190341742 ], [ 148.383636681204024, -9.115493169040153 ], [ 148.383784295908242, -9.115093181111648 ], [ 148.383861539522655, -9.114932542659044 ], [ 148.383926642667717, -9.114776519663453 ], [ 148.383978343831046, -9.114666520091316 ], [ 148.384020866207095, -9.114587250946732 ], [ 148.384044483179565, -9.114305572865808 ], [ 148.384124244248056, -9.11387172311297 ], [ 148.384246157130463, -9.113447661002494 ], [ 148.384403953533251, -9.113050285276175 ], [ 148.384301960991536, -9.112940276985681 ], [ 148.384206347180026, -9.112849397982801 ], [ 148.383906677067188, -9.112500179853672 ], [ 148.383644175506333, -9.112122565256719 ], [ 148.383421547640864, -9.111720445749603 ], [ 148.383241087665255, -9.111297965419675 ], [ 148.383104655185463, -9.11085947817382 ], [ 148.383013656059347, -9.110409502866482 ], [ 148.382971059386932, -9.110124701830784 ], [ 148.382928199620892, -9.109703060828597 ], [ 148.382925249748695, -9.109279283678289 ], [ 148.382962235547041, -9.108857093641783 ], [ 148.383038831922107, -9.108440200023797 ], [ 148.383154365770991, -9.108032265582109 ], [ 148.383307821900189, -9.107636874347277 ], [ 148.383362707416268, -9.107527301494331 ], [ 148.383332997375362, -9.107327141559946 ], [ 148.383310070525823, -9.10691607341349 ], [ 148.383324861689744, -9.10650463672685 ], [ 148.383377248091904, -9.106096243057172 ], [ 148.383476855334635, -9.105527543235988 ], [ 148.383596229806955, -9.105020707778984 ], [ 148.383773427179506, -9.104530868578296 ], [ 148.383965632117082, -9.104082470108901 ], [ 148.384037600270347, -9.1039231771683 ], [ 148.384134004622098, -9.103720371218024 ], [ 148.384114075937219, -9.103457109068623 ], [ 148.384110466214622, -9.103292438767292 ], [ 148.384095562798763, -9.103254702589432 ], [ 148.38375641569894, -9.103257876298192 ], [ 148.38327871112341, -9.103212091469608 ], [ 148.382808518382546, -9.1031165404516 ], [ 148.382351071041967, -9.102972286763245 ], [ 148.38226064894809, -9.102932928474575 ], [ 148.38221631120004, -9.102919173721608 ], [ 148.381719007300205, -9.102732559250388 ], [ 148.381411545258004, -9.102574270525825 ], [ 148.381284036715101, -9.102513399705982 ], [ 148.381187084115197, -9.102454153554769 ], [ 148.381157275661536, -9.102436539466742 ], [ 148.381157275661081, -9.102436539466456 ], [ 148.381157275660598, -9.102436539466209 ], [ 148.381137001361139, -9.10242455919458 ], [ 148.381130212361541, -9.102420152751295 ], [ 148.381073276985006, -9.102391006428213 ], [ 148.38091383073899, -9.102287172614517 ], [ 148.380883221433066, -9.10226846771379 ], [ 148.38087223478675, -9.102260084676498 ], [ 148.380676192521605, -9.102132418743171 ], [ 148.380308385619031, -9.101834108432463 ], [ 148.380160771579654, -9.101686379592941 ], [ 148.38004524613379, -9.101675975977466 ], [ 148.37963543761748, -9.101601018905024 ], [ 148.379347529232575, -9.101520705391907 ], [ 148.379307236015734, -9.101510451449482 ], [ 148.379237044207571, -9.10149258880859 ], [ 148.379152763947843, -9.10147114087153 ], [ 148.379140364541485, -9.101467985425035 ], [ 148.37914036454066, -9.101467985424785 ], [ 148.379140364539921, -9.101467985424634 ], [ 148.37904705687157, -9.101444240130425 ], [ 148.378971226596718, -9.101421172605656 ], [ 148.378939415812454, -9.101413257747705 ], [ 148.378908972354424, -9.10140223488736 ], [ 148.378643954543321, -9.101321616416161 ], [ 148.378254004569044, -9.101162430621796 ], [ 148.377880555929607, -9.100968049858862 ], [ 148.377526815876422, -9.10074014350212 ], [ 148.377400157759382, -9.100640852903769 ], [ 148.377251444940271, -9.100539251303029 ], [ 148.377070796263411, -9.100387190650038 ], [ 148.376799801342258, -9.100177524791105 ], [ 148.376455998555713, -9.099848552624561 ], [ 148.376148765065949, -9.099485591147431 ], [ 148.376038075523667, -9.099339951744172 ], [ 148.37580476949978, -9.099158426499255 ], [ 148.375460751742878, -9.098862000574512 ], [ 148.375148271061676, -9.098532879563471 ], [ 148.374870457811738, -9.09817436058888 ], [ 148.374630095025736, -9.09779003527602 ], [ 148.374573063667299, -9.097674472968881 ], [ 148.374492430918735, -9.097538828748894 ], [ 148.374296629967631, -9.097114992116961 ], [ 148.374145800542351, -9.096673362555567 ], [ 148.374041547415771, -9.096218639313397 ], [ 148.374026410630563, -9.096132263285883 ], [ 148.373896001025713, -9.095529049927105 ], [ 148.373839149688877, -9.095183304207708 ], [ 148.373789645067717, -9.094958065700981 ], [ 148.373737479373801, -9.094511753313574 ], [ 148.37373014152584, -9.094062498571571 ], [ 148.373737783050103, -9.093971408035356 ], [ 148.373667213795585, -9.093803535279131 ], [ 148.373663257711399, -9.093795753862207 ], [ 148.373547916499035, -9.09364033724828 ], [ 148.373499310887127, -9.093581735501893 ], [ 148.37344719753969, -9.093504623243849 ], [ 148.37343387442283, -9.093486670966881 ], [ 148.373425425558082, -9.093472407171376 ], [ 148.373250968033375, -9.093214261510607 ], [ 148.373039972312711, -9.092824410111156 ], [ 148.372947755241995, -9.092604921991716 ], [ 148.372905407517123, -9.092516673329223 ], [ 148.372875039447507, -9.092431849093336 ], [ 148.372868346362708, -9.092415918683953 ], [ 148.372862162104241, -9.09239588002144 ], [ 148.37274813650879, -9.092077382638511 ], [ 148.372637222302757, -9.091624328669734 ], [ 148.372632268658293, -9.091588218726116 ], [ 148.372630250323908, -9.091581569859608 ], [ 148.3725447446852, -9.091155579413986 ], [ 148.372525003718295, -9.090961592956425 ], [ 148.37236852447964, -9.090793166740946 ], [ 148.372283868797155, -9.090682056751811 ], [ 148.37210855615146, -9.090476164082121 ], [ 148.371875596362941, -9.090147220930335 ], [ 148.371672975402447, -9.089798998873 ], [ 148.371428878400224, -9.089332795660702 ], [ 148.371229691999304, -9.088897607175996 ], [ 148.371225871906688, -9.088887934048811 ], [ 148.371110117102432, -9.088722495769344 ], [ 148.370872035620948, -9.088287310054191 ], [ 148.370862504644407, -9.088264160289796 ], [ 148.370731593525278, -9.088027252361535 ], [ 148.370550713646821, -9.087602176141528 ], [ 148.370414376444018, -9.087160986107888 ], [ 148.370402540531757, -9.087101697080424 ], [ 148.37039876261889, -9.087089509755684 ], [ 148.370308544956174, -9.086642609821208 ], [ 148.370264057034035, -9.086188952270851 ], [ 148.37026450271054, -9.086069018341268 ], [ 148.370211119552465, -9.085929035518937 ], [ 148.370106975102829, -9.085567989844069 ], [ 148.370071687730444, -9.085423204168499 ], [ 148.370005184224055, -9.085284074003752 ], [ 148.369855824614802, -9.084873456317089 ], [ 148.36975140050555, -9.084467496519759 ], [ 148.369593213153479, -9.084377331097221 ], [ 148.369217534903896, -9.084109415885502 ], [ 148.368871161411448, -9.083804977749999 ], [ 148.368557671537019, -9.083467162300748 ], [ 148.368280304344069, -9.083099460015783 ], [ 148.368041925631189, -9.082705670173034 ], [ 148.367755961716824, -9.082173822691194 ], [ 148.367535356482847, -9.081850338395578 ], [ 148.367314802214594, -9.081492171691295 ], [ 148.367188767400904, -9.08123697396621 ], [ 148.367090138332628, -9.081063232002329 ], [ 148.366917237316613, -9.080679000089615 ], [ 148.366899744420323, -9.080627813214656 ], [ 148.366874313555115, -9.080573582828444 ], [ 148.366852478144892, -9.080514716913456 ], [ 148.366660627175065, -9.080304802951195 ], [ 148.36662070241843, -9.080251464550493 ], [ 148.366564551113498, -9.080192972403571 ], [ 148.366288710885129, -9.079842205333025 ], [ 148.366048916158945, -9.079466173578599 ], [ 148.365847491993634, -9.079068523314856 ], [ 148.365707406305432, -9.078707299377166 ], [ 148.36564232329593, -9.078605328616051 ], [ 148.365533129617887, -9.078412519367292 ], [ 148.365458261032472, -9.078291775450326 ], [ 148.365421304321416, -9.078215063039487 ], [ 148.36540757809388, -9.078190825833756 ], [ 148.365388854166468, -9.078147705018271 ], [ 148.365250613211316, -9.077860752637713 ], [ 148.36508989685845, -9.077410352330354 ], [ 148.365055987769153, -9.077269632974549 ], [ 148.365053114734508, -9.077260732276608 ], [ 148.365041428720275, -9.077209214320352 ], [ 148.365007242999496, -9.077067346754816 ], [ 148.36495758540795, -9.07690508146379 ], [ 148.364836001280509, -9.076408539182413 ], [ 148.364771568517597, -9.075901530796051 ], [ 148.364757209107324, -9.075695327651074 ], [ 148.364685505827168, -9.075383176588506 ], [ 148.364675785590151, -9.075314203617486 ], [ 148.364632804747913, -9.075114139758769 ], [ 148.364622023971691, -9.075016974504218 ], [ 148.364587180836168, -9.07498527784206 ], [ 148.36427777702167, -9.074723692727925 ], [ 148.364196539311422, -9.074717873488972 ], [ 148.363753089907846, -9.074664247737539 ], [ 148.363317071195098, -9.074567644241737 ], [ 148.362892688687879, -9.074428994744942 ], [ 148.362484035658468, -9.074249636535736 ], [ 148.362095053652382, -9.074031299548924 ], [ 148.361729494467284, -9.073776089678818 ], [ 148.3614852563, -9.073567187342944 ], [ 148.361422394357021, -9.073519444578361 ], [ 148.36137267040408, -9.073477759104161 ], [ 148.361283039922796, -9.073407425040484 ], [ 148.361075569409451, -9.073210357712854 ], [ 148.361073101472869, -9.07320819345601 ], [ 148.361071573533707, -9.073206562198529 ], [ 148.361052932944887, -9.073188856285402 ], [ 148.36091166974532, -9.07306666502501 ], [ 148.36063526290414, -9.072775619501703 ], [ 148.360450045054961, -9.072703112503206 ], [ 148.360136982134321, -9.072540645488344 ], [ 148.360077994941406, -9.072512546089861 ], [ 148.36005914336215, -9.072502381897365 ], [ 148.360059143362093, -9.072502381897351 ], [ 148.360038270222105, -9.072491127739529 ], [ 148.360038270221082, -9.072491127738894 ], [ 148.360038270219974, -9.072491127738376 ], [ 148.359991877819027, -9.07246611436927 ], [ 148.359969427279651, -9.072454707102224 ], [ 148.359961385040037, -9.072449673586457 ], [ 148.35973079163233, -9.072325344465733 ], [ 148.359612526974956, -9.072254086459161 ], [ 148.359367307308844, -9.072296072253794 ], [ 148.358930075508368, -9.07232835864707 ], [ 148.358491747480372, -9.072318653004372 ], [ 148.358056395732973, -9.072267045478497 ], [ 148.357628065122952, -9.072174015532974 ], [ 148.357210735270513, -9.072040427487694 ], [ 148.356808283580733, -9.071867522488487 ], [ 148.356424449214472, -9.071656906975043 ], [ 148.35606279834505, -9.071410537754655 ], [ 148.355950039173536, -9.071316657585909 ], [ 148.355831726470058, -9.071230839031369 ], [ 148.355505833524376, -9.070943111359981 ], [ 148.35520914485312, -9.070625698336299 ], [ 148.354944384961726, -9.07028151484119 ], [ 148.354713985124505, -9.069913721590749 ], [ 148.354660752149016, -9.069807207065649 ], [ 148.354579277455343, -9.069745299629291 ], [ 148.354206027696591, -9.069428565879214 ], [ 148.353869281215481, -9.069073704491235 ], [ 148.353572958089501, -9.068684846505045 ], [ 148.353320507782399, -9.068266518716937 ], [ 148.353263808452624, -9.06815991798001 ], [ 148.353048163543832, -9.067691750928223 ], [ 148.352956830693074, -9.067413534689322 ], [ 148.352956374547318, -9.067412446637976 ], [ 148.352823634706283, -9.067053843216295 ], [ 148.352721831591509, -9.066685379503348 ], [ 148.352694465049183, -9.066566938788306 ], [ 148.352628549775176, -9.066340499973997 ], [ 148.352587743617988, -9.066190740219765 ], [ 148.352512613604944, -9.065894989854639 ], [ 148.352390940964796, -9.065467991675876 ], [ 148.352232650880126, -9.064950133187773 ], [ 148.351897598627659, -9.064755902100753 ], [ 148.351633347592866, -9.064562596807839 ], [ 148.351577234191325, -9.064525391122832 ], [ 148.351293800678263, -9.064321377498608 ], [ 148.35102698501808, -9.064096308396712 ], [ 148.350851684325164, -9.063936506989004 ], [ 148.350668983808845, -9.063751811060724 ], [ 148.350516005394383, -9.063662487885782 ], [ 148.350154557661426, -9.063400827939068 ], [ 148.349950688060261, -9.063220274550531 ], [ 148.349944427422997, -9.063215568142908 ], [ 148.349924394938228, -9.063196988503783 ], [ 148.349820703185173, -9.06310515565176 ], [ 148.349791976435625, -9.063074173501716 ], [ 148.34960110350454, -9.06289714315753 ], [ 148.349292636058408, -9.062545231298792 ], [ 148.349022312500551, -9.062163583073112 ], [ 148.348793013699293, -9.061756265895733 ], [ 148.348734308868274, -9.061620854727749 ], [ 148.348705958206523, -9.061581806606856 ], [ 148.348594971618809, -9.061392352372303 ], [ 148.348335540684133, -9.061769101110858 ], [ 148.347989874422126, -9.062163975508534 ], [ 148.347747875154738, -9.062410077604749 ], [ 148.347413936885658, -9.062717310997359 ], [ 148.347290012060171, -9.062810312461156 ], [ 148.347270011203705, -9.062843341348124 ], [ 148.347209600857639, -9.06296258321677 ], [ 148.347173028271214, -9.063033220758474 ], [ 148.34713697110638, -9.063101384229224 ], [ 148.347061446422373, -9.063290568361081 ], [ 148.346992993532979, -9.063452762403141 ], [ 148.346799398204951, -9.063887563977792 ], [ 148.346747236075856, -9.063988308163241 ], [ 148.346743841510886, -9.063995947162512 ], [ 148.346709031332409, -9.064065757220941 ], [ 148.34670842848314, -9.064067151932823 ], [ 148.346707513588427, -9.064068800979404 ], [ 148.346565230084479, -9.064354143104756 ], [ 148.346355484320526, -9.064695255680986 ], [ 148.346116244023221, -9.065016617898488 ], [ 148.345998684363536, -9.065148377804652 ], [ 148.345981996144474, -9.065172404910285 ], [ 148.345685437071467, -9.06551891230448 ], [ 148.345355347206322, -9.065834042434322 ], [ 148.345227747214892, -9.065944143497969 ], [ 148.345190165679071, -9.065976216129711 ], [ 148.345144667090807, -9.066014619501125 ], [ 148.344853289570551, -9.066273052220144 ], [ 148.344482933539297, -9.066668621836836 ], [ 148.344212608047087, -9.066934182364911 ], [ 148.344043477045716, -9.067074619923829 ], [ 148.343949715565515, -9.067165784824475 ], [ 148.343627599715802, -9.067426316077459 ], [ 148.343282921108994, -9.067656559846961 ], [ 148.343263910152643, -9.067666892465461 ], [ 148.343031875722431, -9.067826337576637 ], [ 148.342640052595442, -9.068042319110685 ], [ 148.34222875305224, -9.068218936499431 ], [ 148.341801967687616, -9.068354476095999 ], [ 148.341363837366998, -9.068447622806181 ], [ 148.341256250230089, -9.068459668971675 ], [ 148.341254101462624, -9.068460116526794 ], [ 148.341227996466387, -9.068462832444117 ], [ 148.340918613046625, -9.068497472850293 ], [ 148.34089150623052, -9.06849784012109 ], [ 148.340791650620957, -9.06850822881105 ], [ 148.340664949066365, -9.068514929121882 ], [ 148.340449126406156, -9.068518115913839 ], [ 148.340115367766487, -9.068645236570777 ], [ 148.340104451526514, -9.068649712256109 ], [ 148.340088157014748, -9.068655924580439 ], [ 148.33975311023562, -9.068809431118906 ], [ 148.339603108979816, -9.068869432013404 ], [ 148.339537367330166, -9.068895141002599 ], [ 148.339424066350119, -9.068938441661942 ], [ 148.339373173478236, -9.068957545134529 ], [ 148.339246472356109, -9.069004245857553 ], [ 148.339081865783299, -9.069058013114796 ], [ 148.339079217095929, -9.069059016470113 ], [ 148.338861976932066, -9.069145713874175 ], [ 148.338780097897711, -9.069172326345496 ], [ 148.338681934984663, -9.069209511547543 ], [ 148.338489057525209, -9.069277450678664 ], [ 148.338488858061083, -9.069277547607657 ], [ 148.338355556971436, -9.069332548415638 ], [ 148.337884097419334, -9.069497520917363 ], [ 148.337883004119334, -9.069497773703207 ], [ 148.337750650513897, -9.069683853559775 ], [ 148.337683650488742, -9.069760052747579 ], [ 148.337682957899773, -9.069816423273364 ], [ 148.337685754780352, -9.069859917530438 ], [ 148.337682175741435, -9.069975454563435 ], [ 148.337683091108062, -9.070002562295798 ], [ 148.33768010796544, -9.070048383260037 ], [ 148.337678910569764, -9.070145841345287 ], [ 148.337675575481541, -9.070201437900005 ], [ 148.337675575481541, -9.070201437900005 ], [ 148.337675575481541, -9.070201437900023 ], [ 148.337674748124186, -9.0702152301051 ], [ 148.337672514699022, -9.070287328779109 ], [ 148.337656150958196, -9.070416362087698 ], [ 148.337654264547638, -9.070445337293952 ], [ 148.337647994811533, -9.07048327937278 ], [ 148.337627794509331, -9.070672212514964 ], [ 148.337611437603471, -9.070753032566611 ], [ 148.337606460480117, -9.070781393297015 ], [ 148.337602551639407, -9.070803666718698 ], [ 148.337602206360685, -9.070807815936803 ], [ 148.337595426304404, -9.070844268418401 ], [ 148.337573369863321, -9.070969950754288 ], [ 148.337573369863321, -9.070969950754304 ], [ 148.337564115288643, -9.071022685292036 ], [ 148.33755404343475, -9.071066760320317 ], [ 148.337519309816315, -9.071253502889435 ], [ 148.337453213253241, -9.071530403212822 ], [ 148.337326089153066, -9.071964888546828 ], [ 148.337155910251283, -9.072384568047848 ], [ 148.336944380868346, -9.072785238292873 ], [ 148.336693619501318, -9.073162886235368 ], [ 148.336406137610453, -9.073513729400826 ], [ 148.336084814468705, -9.073834253773651 ], [ 148.335732868326204, -9.074121248995473 ], [ 148.33535382417827, -9.074371840522469 ], [ 148.334951478459658, -9.074583518419397 ], [ 148.334529861019035, -9.07475416250179 ], [ 148.334093194754075, -9.074882063574373 ], [ 148.333645853312106, -9.074965940552909 ], [ 148.333192317279753, -9.075004953297713 ], [ 148.332737129300739, -9.074998711030473 ], [ 148.332284848571561, -9.074947276249594 ], [ 148.331840005171131, -9.074851164105224 ], [ 148.331407054682018, -9.074711337239782 ], [ 148.331235678948758, -9.074636432161686 ], [ 148.330933556385418, -9.074522540446289 ], [ 148.330521317014728, -9.074317544623046 ], [ 148.330132067293619, -9.074072131259276 ], [ 148.329986552781719, -9.073958330499925 ], [ 148.329807609140914, -9.073860718831641 ], [ 148.329720696857237, -9.07380251939114 ], [ 148.329351420920602, -9.073588511604932 ], [ 148.329147405112394, -9.073441216782129 ], [ 148.328977163706099, -9.07334645779599 ], [ 148.328877162859811, -9.073284857246989 ], [ 148.328737999895424, -9.073195607068403 ], [ 148.328627999045267, -9.073122206410032 ], [ 148.328259078643015, -9.07284811848429 ], [ 148.327919935430202, -9.072538352381281 ], [ 148.327614046609199, -9.072196084149676 ], [ 148.327344548396553, -9.071824823080243 ], [ 148.327114203867694, -9.071428375722268 ], [ 148.32692537462907, -9.071010806852147 ], [ 148.326888775434355, -9.07091750630261 ], [ 148.326823994977104, -9.070717455504193 ], [ 148.326763016588473, -9.070663275424009 ], [ 148.32647785604965, -9.070358586783472 ], [ 148.326425355944764, -9.070297039317696 ], [ 148.32635891396842, -9.070221385435442 ], [ 148.326118792666961, -9.069923467388085 ], [ 148.325904810375164, -9.069606477489756 ], [ 148.325718492415348, -9.069272675417354 ], [ 148.325672793032965, -9.069181974808894 ], [ 148.325591950128683, -9.069012866940366 ], [ 148.325567651130456, -9.068959198880311 ], [ 148.325535219015336, -9.068891892066477 ], [ 148.325387078424967, -9.068548760417952 ], [ 148.325346979341901, -9.068444159809745 ], [ 148.325220679236764, -9.068065203377529 ], [ 148.325128500966201, -9.067676650237916 ], [ 148.325106102287037, -9.067559249768564 ], [ 148.325043236912535, -9.067104911076539 ], [ 148.32503558939672, -9.067016676104931 ], [ 148.32502286512161, -9.066947228195357 ], [ 148.324994969402155, -9.066697604070942 ], [ 148.324991158302026, -9.066676087203504 ], [ 148.324932796894444, -9.066199696236676 ], [ 148.324925563809614, -9.065719840051411 ], [ 148.324929565134511, -9.065615539912303 ], [ 148.324957918863305, -9.065255325887081 ], [ 148.324972320402878, -9.06513462584822 ], [ 148.325049495361782, -9.064684006805601 ], [ 148.325172049108858, -9.064243436203789 ], [ 148.325190732363438, -9.064195683454242 ], [ 148.325142955005333, -9.063831562790261 ], [ 148.32512958538814, -9.063377994737923 ], [ 148.325162020179022, -9.062925378835429 ], [ 148.325180820334083, -9.062772090884369 ], [ 148.325052201040904, -9.062741749036631 ], [ 148.325040666012711, -9.06273838970348 ], [ 148.324880805555523, -9.062891017881462 ], [ 148.324627704473272, -9.063115252685943 ], [ 148.324358503141212, -9.063320124997375 ], [ 148.324083886170683, -9.063513418777612 ], [ 148.324054265328641, -9.063564162160986 ], [ 148.324048279596838, -9.063573303485565 ], [ 148.323998293062203, -9.06367869403987 ], [ 148.32377976410379, -9.064045344270646 ], [ 148.32352747653087, -9.064389914258365 ], [ 148.323457477030104, -9.064476614881045 ], [ 148.323268478765129, -9.064679971489623 ], [ 148.323200554236934, -9.064771771108905 ], [ 148.322989691130715, -9.065035563320183 ], [ 148.322907736242314, -9.065123721282051 ], [ 148.322886771859231, -9.065150868783039 ], [ 148.322797895956171, -9.065248290910382 ], [ 148.3225201997829, -9.06556778695373 ], [ 148.322451899996651, -9.06563778754651 ], [ 148.322375764192714, -9.065713987207099 ], [ 148.322318702613416, -9.065769756008814 ], [ 148.322185942320885, -9.065908221695457 ], [ 148.321979872867189, -9.066189941147677 ], [ 148.321784285492043, -9.066413232573252 ], [ 148.321758672003597, -9.066443417488109 ], [ 148.32166221787017, -9.066553433798717 ], [ 148.321608015487556, -9.066613279456085 ], [ 148.321587081907921, -9.066641255264237 ], [ 148.321251280504072, -9.067000923829243 ], [ 148.321164580669148, -9.067084224571778 ], [ 148.320855357014352, -9.067355477601932 ], [ 148.320675621541255, -9.067486386820049 ], [ 148.3206114776128, -9.067550654297172 ], [ 148.320467163444619, -9.067722158701137 ], [ 148.320378637868259, -9.067805479661031 ], [ 148.320168000189426, -9.068041088125044 ], [ 148.320120830359059, -9.068236984720681 ], [ 148.319991967454342, -9.068618449301313 ], [ 148.319829493285624, -9.068987014655987 ], [ 148.319739495130534, -9.069168715420087 ], [ 148.319696842391011, -9.069252616211287 ], [ 148.319580844578525, -9.069475017209459 ], [ 148.319339545135023, -9.069883703420377 ], [ 148.319056537370471, -9.070265041646788 ], [ 148.318734929896834, -9.070614842998998 ], [ 148.318433091799875, -9.070880924669613 ], [ 148.318409360221267, -9.070916811146205 ], [ 148.318182647146955, -9.07122970735216 ], [ 148.318112647676884, -9.071318107976319 ], [ 148.318112589194413, -9.071318062222973 ], [ 148.318004708558078, -9.071455476788 ], [ 148.317953374069617, -9.071537097138867 ], [ 148.317675043359031, -9.071894508230297 ], [ 148.317362202951131, -9.072222512206247 ], [ 148.317328973988197, -9.072251020267281 ], [ 148.317173082142432, -9.072433469562371 ], [ 148.317148342742826, -9.072459948553034 ], [ 148.316883628270602, -9.072773622731965 ], [ 148.316564604922149, -9.07308397752958 ], [ 148.316216512818812, -9.073361756185472 ], [ 148.315842704290077, -9.073604283457808 ], [ 148.315446779360144, -9.073809223595401 ], [ 148.315032551075888, -9.073974602835323 ], [ 148.314604008782425, -9.074098828414316 ], [ 148.314165279699637, -9.074180703910759 ], [ 148.313720589169975, -9.074219440769109 ], [ 148.313274219960817, -9.074214665896163 ] ] ] } },
{ "type": "Feature", "properties": { "day": "Saturday", "stop": "Afore", "zones": "7a and 7b", "band_km": 2 }, "geometry": { "type": "Polygon", "coordinates": [ [ [ 148.378926597139781, -9.134147317680609 ], [ 148.378731098497525, -9.133840015356572 ], [ 148.37853734798702, -9.133504490215518 ], [ 148.378373168069828, -9.13315373300285 ], [ 148.378239760655219, -9.132790311673389 ], [ 148.378217885907844, -9.13272174221629 ], [ 148.378203278920779, -9.132683915234535 ], [ 148.378132221223751, -9.132502472943257 ], [ 148.377985758475063, -9.132063189065949 ], [ 148.377885246974955, -9.131611327288411 ], [ 148.377831739584195, -9.131151621634828 ], [ 148.377825796704172, -9.130688888290804 ], [ 148.377867480413016, -9.130227975144297 ], [ 148.377888926098279, -9.130118358555162 ], [ 148.377961340179723, -9.129729385934821 ], [ 148.378075853036165, -9.129326819471073 ], [ 148.378227315930928, -9.128936495245364 ], [ 148.378273444612176, -9.128844112689551 ], [ 148.378323678236086, -9.1287223041858 ], [ 148.378545214497223, -9.128311595462536 ], [ 148.378808111498302, -9.127925730499127 ], [ 148.37910957632235, -9.127568808362346 ], [ 148.379446406372296, -9.127244620641365 ], [ 148.379815023395281, -9.126956611172306 ], [ 148.379853194902182, -9.126932660948556 ], [ 148.379937193080679, -9.126868378016669 ], [ 148.380282111227842, -9.126660543464297 ], [ 148.380274454141187, -9.126442587584794 ], [ 148.380302684066152, -9.125999783349323 ], [ 148.380374449929718, -9.125561861277967 ], [ 148.380489060426385, -9.125133038797401 ], [ 148.380645411641979, -9.124717445684169 ], [ 148.380841997690908, -9.124319084293505 ], [ 148.381076925223965, -9.123941791015714 ], [ 148.381347931666852, -9.12358919933145 ], [ 148.381652407013547, -9.123264704821628 ], [ 148.381987418964741, -9.122971432468805 ], [ 148.382349741168696, -9.122712206564865 ], [ 148.382735884292913, -9.122489523514599 ], [ 148.383142129627345, -9.122305527797215 ], [ 148.38356456489521, -9.122161991316791 ], [ 148.383999121927076, -9.12206029634091 ], [ 148.384053242181892, -9.122053095629365 ], [ 148.384078440984723, -9.122047188654852 ], [ 148.384108805994003, -9.122043137034602 ], [ 148.384138717143657, -9.122036546398574 ], [ 148.384329978706432, -9.122013625757495 ], [ 148.384520912558258, -9.121988149169207 ], [ 148.384551530929656, -9.121987074979341 ], [ 148.384581948033656, -9.121983429788468 ], [ 148.384774549096505, -9.121979250715041 ], [ 148.384967076112474, -9.121972496078147 ], [ 148.384997652985163, -9.121974409661533 ], [ 148.385028283120818, -9.121973745018229 ], [ 148.385220368898842, -9.12198834774674 ], [ 148.385412635008066, -9.12200038009996 ], [ 148.385442875921342, -9.122005263026626 ], [ 148.385473424114707, -9.122007585330037 ], [ 148.385663144787941, -9.122040829222534 ], [ 148.385853298432778, -9.122071532682316 ], [ 148.385882912161065, -9.122079337926934 ], [ 148.385913084227724, -9.122084624811398 ], [ 148.386098612751852, -9.122136189712261 ], [ 148.386284822718011, -9.122185268589046 ], [ 148.386313524075689, -9.122195920983966 ], [ 148.386343029452888, -9.122204121534345 ], [ 148.386522579152654, -9.122273510853582 ], [ 148.386703052201426, -9.12234049249939 ], [ 148.386730564788422, -9.122353889458347 ], [ 148.386759119333504, -9.122364924700433 ], [ 148.386930961106657, -9.122451470195701 ], [ 148.387103959242495, -9.122535709555681 ], [ 148.387130018106035, -9.122551722061759 ], [ 148.38715734683214, -9.122565485722733 ], [ 148.387319825799324, -9.122668353934293 ], [ 148.387483683005513, -9.122769039758477 ], [ 148.387508037191509, -9.122787513606584 ], [ 148.387533876915455, -9.122803873138302 ], [ 148.387685428356036, -9.122922073415095 ], [ 148.387838566637043, -9.123038236070128 ], [ 148.387860981606224, -9.123058993351641 ], [ 148.387885083483241, -9.123077791207235 ], [ 148.388024247902933, -9.123210185246672 ], [ 148.388165192479761, -9.123340706052643 ], [ 148.388185452366656, -9.123363546868859 ], [ 148.388207584286306, -9.123384602019616 ], [ 148.388333021470913, -9.123529914828122 ], [ 148.388460414983854, -9.123673536831674 ], [ 148.388478324675532, -9.123698241218737 ], [ 148.388498273496879, -9.123721350897322 ], [ 148.388608775419272, -9.12387818306825 ], [ 148.388721390999024, -9.124033523146098 ], [ 148.388736778013936, -9.12405985319298 ], [ 148.388754351618388, -9.124084794846116 ], [ 148.388848854072705, -9.124251636036046 ], [ 148.388945607155392, -9.124417198213314 ], [ 148.388958323304507, -9.124444900352881 ], [ 148.388973352445987, -9.124471433784407 ], [ 148.389050945296475, -9.124646677256445 ], [ 148.389130904069731, -9.124820867113108 ], [ 148.389140826884073, -9.124849674564086 ], [ 148.389153166818829, -9.124877544247797 ], [ 148.389213102766092, -9.125059502344209 ], [ 148.389275497143757, -9.125240642368663 ], [ 148.389282531053823, -9.125270277704356 ], [ 148.389292062934857, -9.125299215244917 ], [ 148.389293021400789, -9.125303511391461 ], [ 148.389332429161271, -9.125423112316462 ], [ 148.389374228283771, -9.125607455097239 ], [ 148.389380793596303, -9.125627461411939 ], [ 148.389476951024704, -9.126060738161561 ], [ 148.389529913422848, -9.126501295436443 ], [ 148.389533334023668, -9.126665208245505 ], [ 148.389542710678569, -9.126740868416803 ], [ 148.389625369442513, -9.127033956071347 ], [ 148.389705203343709, -9.127499726358275 ], [ 148.389712830534933, -9.127617682492266 ], [ 148.389721630352653, -9.127672094434592 ], [ 148.389748965271565, -9.128114028772998 ], [ 148.389732673165639, -9.128556501124757 ], [ 148.389672910123323, -9.128995267946154 ], [ 148.389570249144697, -9.129426121215648 ], [ 148.389425674652443, -9.129844928791217 ], [ 148.38918438145555, -9.130446230659176 ], [ 148.38900241130375, -9.130842948625197 ], [ 148.388909175317877, -9.131003223851877 ], [ 148.388947495978556, -9.13106822554734 ], [ 148.389082422558204, -9.131352532903435 ], [ 148.389826176850107, -9.130357409624478 ], [ 148.390046145551253, -9.130085656232163 ], [ 148.390971150651609, -9.129029064442133 ], [ 148.391271440374652, -9.128717423988077 ], [ 148.391573686032757, -9.128458419389132 ], [ 148.391714664034197, -9.128333667000778 ], [ 148.39209075490615, -9.128063731478623 ], [ 148.392173454567967, -9.128010532106837 ], [ 148.392570946758383, -9.127782254059523 ], [ 148.392680472291175, -9.127733249082208 ], [ 148.392684980286901, -9.127730819895355 ], [ 148.392700455839787, -9.127724307844122 ], [ 148.392989564512817, -9.127594951802747 ], [ 148.393075921449395, -9.127566313145728 ], [ 148.393088329650851, -9.127561091806676 ], [ 148.393144721596087, -9.127543496851315 ], [ 148.393425044906735, -9.127450532659738 ], [ 148.393487114635604, -9.127436665948862 ], [ 148.393506233300172, -9.127430700675941 ], [ 148.393629233266353, -9.127404915840664 ], [ 148.393872953321761, -9.127350467259848 ], [ 148.39391040200141, -9.127345973467939 ], [ 148.393934817290074, -9.12734085519582 ], [ 148.394187655363254, -9.127312703310615 ], [ 148.394328728600726, -9.127295774565214 ], [ 148.394341964714869, -9.12729552187451 ], [ 148.394370108684882, -9.127292388202326 ], [ 148.394808072383313, -9.127285748956194 ], [ 148.395244648519281, -9.127320998979537 ], [ 148.395304346027473, -9.127331634765858 ], [ 148.395663496671091, -9.127382769083887 ], [ 148.395761195434488, -9.127400869038711 ], [ 148.396170943924687, -9.127496462616191 ], [ 148.396570049562541, -9.127629280894036 ], [ 148.396891951226451, -9.127770487596177 ], [ 148.396950143833095, -9.127792488378939 ], [ 148.397120012586129, -9.127877081664215 ], [ 148.397131066733067, -9.127882234988997 ], [ 148.397191234410997, -9.127905841043562 ], [ 148.397269724053501, -9.127946875501424 ], [ 148.397346388542189, -9.127982615605116 ], [ 148.397395816453582, -9.12801279666612 ], [ 148.39762695835509, -9.128133637569743 ], [ 148.39803536171658, -9.128406894634628 ], [ 148.398040730771157, -9.128410923116057 ], [ 148.398056562270369, -9.128406473124175 ], [ 148.398404419086319, -9.128323227690531 ], [ 148.398757782664035, -9.128267408088007 ], [ 148.398857681475903, -9.128255608417854 ], [ 148.399301840828997, -9.128224950260485 ], [ 148.399746888481616, -9.128237586985419 ], [ 148.400188561883226, -9.128293397537256 ], [ 148.400622630802076, -9.128391847353022 ], [ 148.401044937836673, -9.128531993482465 ], [ 148.401451438229799, -9.128712493619293 ], [ 148.401838238604029, -9.128931618956829 ], [ 148.401931937819938, -9.128990918427201 ], [ 148.402295746861228, -9.129246892174638 ], [ 148.402632603258269, -9.129537021040329 ], [ 148.402815797026392, -9.129729073170498 ], [ 148.40304373567875, -9.129844616214378 ], [ 148.403419640426591, -9.130083982697382 ], [ 148.403770127622948, -9.130358813446279 ], [ 148.404091821946054, -9.130666461761766 ], [ 148.40438162533448, -9.131003964900259 ], [ 148.404636746821922, -9.131368072603788 ], [ 148.40485472941586, -9.131755278398579 ], [ 148.405033473760994, -9.132161853361158 ], [ 148.405171258359587, -9.132583882026845 ], [ 148.405266756153964, -9.133017300094956 ], [ 148.405319047311309, -9.133457933567707 ], [ 148.405327628087434, -9.133901538945951 ], [ 148.405292415683846, -9.134343844094831 ], [ 148.405213749051484, -9.134780589385629 ], [ 148.405092385632486, -9.135207568717925 ], [ 148.404929494072121, -9.135620670026837 ], [ 148.404726642969564, -9.136015914885142 ], [ 148.404485785776814, -9.136389496819215 ], [ 148.404209241990259, -9.136737817969196 ], [ 148.403899674816216, -9.137057523740904 ], [ 148.403560065525056, -9.137345535114935 ], [ 148.403193684741154, -9.137599078302481 ], [ 148.402804060944902, -9.137815711461519 ], [ 148.402394946490375, -9.137993348216199 ], [ 148.402117770406022, -9.138082721294579 ], [ 148.401839407341896, -9.138189480076687 ], [ 148.401409139362357, -9.138307882332892 ], [ 148.400969265030056, -9.138383802040801 ], [ 148.400524020719587, -9.138416508002557 ], [ 148.400077694533763, -9.138405685206211 ], [ 148.399634585000797, -9.138351437860795 ], [ 148.399198959670883, -9.138254288393503 ], [ 148.399111370954131, -9.138225546578401 ], [ 148.399015504351922, -9.138246493323823 ], [ 148.398569109416968, -9.138298894434831 ], [ 148.398119689850091, -9.138307261130983 ], [ 148.397671633097929, -9.138271511707938 ], [ 148.397390663298097, -9.13823513792725 ], [ 148.397207289083298, -9.138223005537595 ], [ 148.396782344379318, -9.138174866422327 ], [ 148.396363826477199, -9.138087281784593 ], [ 148.395955434417175, -9.137961025714283 ], [ 148.395787745862236, -9.137891422676201 ], [ 148.39562421933249, -9.138253493651877 ], [ 148.395394123661703, -9.138689695627344 ], [ 148.395219086204179, -9.138992477035499 ], [ 148.395004705109699, -9.139332226915023 ], [ 148.394958228593339, -9.139409313666775 ], [ 148.394953160353481, -9.139418318997281 ], [ 148.394512551719231, -9.140204847521765 ], [ 148.394499666745048, -9.140227848380833 ], [ 148.394499666745048, -9.140227848380865 ], [ 148.394456158623086, -9.140305514342089 ], [ 148.394391555532962, -9.140417070164135 ], [ 148.394072460334314, -9.140950372977075 ], [ 148.394044865408972, -9.140995881360249 ], [ 148.393677170664319, -9.141594284614664 ], [ 148.393424272281948, -9.141963526810537 ], [ 148.393183322151003, -9.142280452933951 ], [ 148.393083002638008, -9.142415684999936 ], [ 148.392910483020728, -9.142633891655469 ], [ 148.392742284092918, -9.142833693155772 ], [ 148.392528853152044, -9.143067228832651 ], [ 148.392276104776727, -9.143368636982519 ], [ 148.392206818259098, -9.143466170837188 ], [ 148.392148418721263, -9.14354037136032 ], [ 148.392073280957845, -9.143626300267208 ], [ 148.392064841848054, -9.143637540768411 ], [ 148.392040081576539, -9.143664267664581 ], [ 148.391840325267282, -9.143892712289418 ], [ 148.391754684309859, -9.143972332702267 ], [ 148.391747267636902, -9.143980338437821 ], [ 148.391725819515813, -9.14399916829483 ], [ 148.391683178969089, -9.144038811191054 ], [ 148.391582064558122, -9.14414555490907 ], [ 148.391230101871997, -9.144448173854613 ], [ 148.390848869588268, -9.144713474547997 ], [ 148.390707129522383, -9.144791997990934 ], [ 148.390366032981888, -9.144986629365244 ], [ 148.38994868635038, -9.145172181888123 ], [ 148.38951470635709, -9.145315168992546 ], [ 148.389068476094451, -9.145414146512961 ], [ 148.38861450239844, -9.145468114769256 ], [ 148.38815737032624, -9.145476528665389 ], [ 148.387701696842925, -9.145439303196506 ], [ 148.387252084185604, -9.145356814308455 ], [ 148.386813073376146, -9.145229895101538 ], [ 148.386389098352282, -9.145059827416311 ], [ 148.386084195125989, -9.144919426246142 ], [ 148.385615894768534, -9.144669789527004 ], [ 148.385180081845846, -9.144367587409169 ], [ 148.384880405339146, -9.144132776060234 ], [ 148.384701279314157, -9.144004461347494 ], [ 148.384313206194605, -9.143652210535191 ], [ 148.383998105487308, -9.143331107738172 ], [ 148.383711285394639, -9.143009578871801 ], [ 148.383456474679576, -9.14266244344349 ], [ 148.38323597476537, -9.142292836851407 ], [ 148.38305177715327, -9.141904097451418 ], [ 148.382905545437012, -9.141499736402416 ], [ 148.382798600280069, -9.141083405951168 ], [ 148.382751431017454, -9.140783145527822 ], [ 148.38270869480246, -9.140755881060048 ], [ 148.382358434800835, -9.140480745488738 ], [ 148.382036998529827, -9.140172816189413 ], [ 148.381747481626491, -9.139835058767622 ], [ 148.381492672294968, -9.139470726093833 ], [ 148.381275024454425, -9.139083326973262 ], [ 148.381096634108104, -9.138676592351056 ], [ 148.380959219159848, -9.138254439378166 ], [ 148.380864102873517, -9.137820933684164 ], [ 148.38081220113358, -9.137380250220568 ], [ 148.380804013630183, -9.136936633051576 ], [ 148.380839619052352, -9.136494354479872 ], [ 148.38089790683398, -9.136172388180267 ], [ 148.380873349978657, -9.136157071436466 ], [ 148.38053766489702, -9.135901646914306 ], [ 148.380514508570968, -9.135880362197007 ], [ 148.380269118015946, -9.135692242305501 ], [ 148.379975959263874, -9.135423687539934 ], [ 148.37983932055684, -9.135274493919443 ], [ 148.37970215070581, -9.135145567783423 ], [ 148.379380043271937, -9.134768435310182 ], [ 148.379147643882106, -9.134464032840958 ], [ 148.378926597139781, -9.134147317680609 ] ] ] } },
{ "type": "Feature", "properties": { "day": "Saturday", "stop": "Afore", "zones": "7a and 7b", "band_km": 5 }, "geometry": { "type": "Polygon", "coordinates": [ [ [ 148.37970215070581, -9.135145567783423 ], [ 148.379380043271937, -9.134768435310182 ], [ 148.379147643882106, -9.134464032840958 ], [ 148.378926597139781, -9.134147317680609 ], [ 148.378731098497525, -9.133840015356572 ], [ 148.37853734798702, -9.133504490215518 ], [ 148.378373168069828, -9.13315373300285 ], [ 148.378239760655219, -9.132790311673389 ], [ 148.378217885907844, -9.13272174221629 ], [ 148.378203278920779, -9.132683915234535 ], [ 148.378132221223751, -9.132502472943257 ], [ 148.377985758475063, -9.132063189065949 ], [ 148.377885246974955, -9.131611327288411 ], [ 148.377831739584195, -9.131151621634828 ], [ 148.377825796704172, -9.130688888290804 ], [ 148.377867480413016, -9.130227975144297 ], [ 148.377888926098279, -9.130118358555162 ], [ 148.377961340179723, -9.129729385934821 ], [ 148.378075853036165, -9.129326819471073 ], [ 148.378227315930928, -9.128936495245364 ], [ 148.378273444612176, -9.128844112689551 ], [ 148.378323678236086, -9.1287223041858 ], [ 148.378545214497223, -9.128311595462536 ], [ 148.378808111498302, -9.127925730499127 ], [ 148.37910957632235, -9.127568808362346 ], [ 148.379446406372296, -9.127244620641365 ], [ 148.379815023395281, -9.126956611172306 ], [ 148.379853194902182, -9.126932660948556 ], [ 148.379937193080679, -9.126868378016669 ], [ 148.380272233500989, -9.126666495414055 ], [ 148.380271957824505, -9.126654771044883 ], [ 148.380262687643352, -9.126542045953883 ], [ 148.380265926904627, -9.12639827853285 ], [ 148.38026225995614, -9.126242323987341 ], [ 148.380272544388845, -9.126104577017976 ], [ 148.380273268154326, -9.126072454451251 ], [ 148.380277295996791, -9.126040935238468 ], [ 148.380295045138666, -9.125803207928939 ], [ 148.380370654879755, -9.125369343835303 ], [ 148.380488371875202, -9.124944846840339 ], [ 148.380503061751057, -9.124906795374507 ], [ 148.380625117208155, -9.124510856102596 ], [ 148.380799712435618, -9.124096600838801 ], [ 148.381014801193601, -9.123701605111453 ], [ 148.381268260878414, -9.123329766674638 ], [ 148.381557590270148, -9.122984754755022 ], [ 148.381769577622151, -9.122777741271248 ], [ 148.38181722394512, -9.122699334393785 ], [ 148.381890524708467, -9.122596035049579 ], [ 148.38215473207228, -9.122258758072061 ], [ 148.382290849890836, -9.122115306149167 ], [ 148.382299208883722, -9.121859734396281 ], [ 148.382305538803138, -9.121811509371582 ], [ 148.382307057377659, -9.121754775141317 ], [ 148.382371965545332, -9.1212751287218 ], [ 148.382488088522081, -9.120805125511323 ], [ 148.382524689975611, -9.120685125744966 ], [ 148.382691662737898, -9.120227891481205 ], [ 148.382907093366015, -9.1197911306677 ], [ 148.383128953695092, -9.119442095159567 ], [ 148.383355587453536, -9.11905429032479 ], [ 148.383369094379958, -9.119036052097339 ], [ 148.383371295984546, -9.119031862633896 ], [ 148.383629477456822, -9.118643824178587 ], [ 148.383746377669041, -9.118502246361583 ], [ 148.383711905328738, -9.118421794861643 ], [ 148.383581817231061, -9.118015841458712 ], [ 148.383490754776602, -9.117599520794023 ], [ 148.383439526449706, -9.117176529711355 ], [ 148.383428587007586, -9.116750624274593 ], [ 148.383458033447226, -9.116325586413753 ], [ 148.383527604148782, -9.115905190341742 ], [ 148.383636681204024, -9.115493169040153 ], [ 148.383784295908242, -9.115093181111648 ], [ 148.383861539522655, -9.114932542659044 ], [ 148.383926642667717, -9.114776519663453 ], [ 148.383978343831046, -9.114666520091316 ], [ 148.384020866207095, -9.114587250946732 ], [ 148.384044483179565, -9.114305572865808 ], [ 148.384124244248056, -9.11387172311297 ], [ 148.384246157130463, -9.113447661002494 ], [ 148.384403953533251, -9.113050285276175 ], [ 148.384301960991593, -9.11294027698573 ], [ 148.384206347180026, -9.112849397982801 ], [ 148.383906677067188, -9.112500179853672 ], [ 148.383644175506333, -9.112122565256719 ], [ 148.383421547640864, -9.111720445749603 ], [ 148.383241087665255, -9.111297965419675 ], [ 148.383104655185463, -9.11085947817382 ], [ 148.383013656059347, -9.110409502866482 ], [ 148.382971059386932, -9.110124701830784 ], [ 148.382928199620892, -9.109703060828597 ], [ 148.382925249748695, -9.109279283678289 ], [ 148.382962235547041, -9.108857093641783 ], [ 148.383038831922107, -9.108440200023797 ], [ 148.383154365770991, -9.108032265582109 ], [ 148.383307821900189, -9.107636874347277 ], [ 148.383362707416268, -9.107527301494331 ], [ 148.383332997375362, -9.107327141559946 ], [ 148.383310070525823, -9.10691607341349 ], [ 148.383324861689744, -9.10650463672685 ], [ 148.383377248091904, -9.106096243057172 ], [ 148.383476855334635, -9.105527543235988 ], [ 148.383574904164078, -9.105094685029906 ], [ 148.383715169099332, -9.104673462862198 ], [ 148.38389629916847, -9.104267933304952 ], [ 148.384116549863649, -9.103882001787243 ], [ 148.384373799946815, -9.103519384985388 ], [ 148.384665571882039, -9.103183575031382 ], [ 148.384786074783136, -9.103069671214165 ], [ 148.384810426627666, -9.103046104920491 ], [ 148.385039411274107, -9.102820885670747 ], [ 148.385385972189482, -9.10254120717339 ], [ 148.385758445462244, -9.10229663662194 ], [ 148.386153244012235, -9.102089529282713 ], [ 148.386566565784619, -9.101921879634128 ], [ 148.386994430363131, -9.101795302161747 ], [ 148.387432717299816, -9.10171101581266 ], [ 148.387877205792563, -9.101669832258821 ], [ 148.388323615328261, -9.101672148082171 ], [ 148.388767646900675, -9.101717940956787 ], [ 148.389205024405868, -9.101806769864815 ], [ 148.389631535817273, -9.101937779343949 ], [ 148.39004307374384, -9.102109707725747 ], [ 148.390435674980495, -9.102320899285216 ], [ 148.39080555867136, -9.102569320184804 ], [ 148.391149162717028, -9.102852578059387 ], [ 148.391463178076407, -9.103167945053615 ], [ 148.391744580632547, -9.103512384089832 ], [ 148.391990660315741, -9.103882578113737 ], [ 148.39219904720315, -9.104274962036369 ], [ 148.392367734344162, -9.104685757064601 ], [ 148.392495097091114, -9.105111007090082 ], [ 148.392579908749298, -9.105546616785848 ], [ 148.392621352395452, -9.105988391044184 ], [ 148.39262005101159, -9.106236879690547 ], [ 148.392641140060164, -9.106285280724519 ], [ 148.392793944630398, -9.106790768350455 ], [ 148.392820645828095, -9.106902367838273 ], [ 148.392873069830557, -9.107186690485438 ], [ 148.392927414397349, -9.107460918271471 ], [ 148.393093342834675, -9.107506550647857 ], [ 148.393206741488513, -9.107543150399975 ], [ 148.393316715223222, -9.107578691136348 ], [ 148.393490727006991, -9.107648646793907 ], [ 148.393511319922055, -9.107655518862922 ], [ 148.39353385762027, -9.107665986006309 ], [ 148.39356786539156, -9.107679657681867 ], [ 148.39357939627061, -9.107683795296746 ], [ 148.393586357102748, -9.107687091647771 ], [ 148.393906542110244, -9.107815810972083 ], [ 148.394016540980715, -9.107869210521802 ], [ 148.394362343837315, -9.108055910030275 ], [ 148.3946906177529, -9.108271614551919 ], [ 148.394710700544181, -9.108286089146489 ], [ 148.394783080540435, -9.108329681120564 ], [ 148.395153656674182, -9.10860789383997 ], [ 148.395493761346074, -9.10892220831875 ], [ 148.395799849797072, -9.10926934864634 ], [ 148.395986700673944, -9.10953087979517 ], [ 148.396019344475263, -9.10957264079615 ], [ 148.396040118162091, -9.109605647003628 ], [ 148.396068731770782, -9.109645696784137 ], [ 148.396101341704593, -9.109702921789644 ], [ 148.396264130518261, -9.109961567807712 ], [ 148.396468001788037, -9.110373146206635 ], [ 148.396628859244061, -9.110803138679914 ], [ 148.396672160572876, -9.110939737950812 ], [ 148.396779929977868, -9.111344110083698 ], [ 148.396849634003615, -9.111756650802517 ], [ 148.396858808210141, -9.111879945169301 ], [ 148.396866975684446, -9.111931847808568 ], [ 148.396876356515691, -9.112099411143017 ], [ 148.396884282001423, -9.11218287345352 ], [ 148.396883968846282, -9.112235384693834 ], [ 148.396892125605234, -9.11238108270341 ], [ 148.396881694995727, -9.11261667942394 ], [ 148.396881586284451, -9.112634909103241 ], [ 148.396880395041478, -9.112646041572747 ], [ 148.396872225061713, -9.112830577505395 ], [ 148.396807470966053, -9.113275880727263 ], [ 148.396784530623563, -9.113367818057874 ], [ 148.396784081626777, -9.11337047486191 ], [ 148.396778488566412, -9.113408684912264 ], [ 148.396676183725248, -9.113825330443653 ], [ 148.396534617422901, -9.114230467414746 ], [ 148.396355063354946, -9.114620450347026 ], [ 148.396139137049602, -9.114991770106451 ], [ 148.395888781335316, -9.115341085480406 ], [ 148.395606248862293, -9.115665253243884 ], [ 148.395294081835374, -9.115961356444689 ], [ 148.395267796610398, -9.115984021481792 ], [ 148.395069416209537, -9.116169581538925 ], [ 148.394694816115788, -9.116485184662135 ], [ 148.394348302612855, -9.116749779233526 ], [ 148.394273724310693, -9.116796147981095 ], [ 148.394124987170045, -9.116980463600642 ], [ 148.393774007192718, -9.117329454557984 ], [ 148.393396907454303, -9.117665557750602 ], [ 148.393138701685842, -9.117875219701968 ], [ 148.39313936723039, -9.118134493868395 ], [ 148.393133572254811, -9.118236234969528 ], [ 148.393151345747526, -9.11831792542295 ], [ 148.393202431274091, -9.118756184493584 ], [ 148.393210293911352, -9.119197305412625 ], [ 148.393174858630601, -9.11963708770635 ], [ 148.393096462697599, -9.120071343632489 ], [ 148.39302826917509, -9.120311411167808 ], [ 148.393001390163505, -9.12053044357044 ], [ 148.392909349763073, -9.12094760891687 ], [ 148.392778114156528, -9.121354282063532 ], [ 148.392608854208447, -9.121746834306656 ], [ 148.39240560005257, -9.122117171449352 ], [ 148.392384110990008, -9.122172126558484 ], [ 148.392353533779442, -9.122255692555283 ], [ 148.392342925266689, -9.122277452932885 ], [ 148.392331927485884, -9.122305578115915 ], [ 148.392323441838698, -9.122321992214735 ], [ 148.392190419037235, -9.122590276258949 ], [ 148.392150509184546, -9.122672139931419 ], [ 148.392147151670315, -9.122677538993038 ], [ 148.392129655437799, -9.122712825831723 ], [ 148.392058150036036, -9.122826739800583 ], [ 148.392054834585394, -9.122833821059066 ], [ 148.391868898203739, -9.123156567703457 ], [ 148.391867313574664, -9.12319548540041 ], [ 148.391868384949589, -9.12320757787084 ], [ 148.391858951447261, -9.123691852449239 ], [ 148.391851752705406, -9.123789752353852 ], [ 148.391798795773241, -9.124222105542325 ], [ 148.391704224477024, -9.124647388368958 ], [ 148.391568916308273, -9.125061654115363 ], [ 148.391394126815868, -9.125461058289179 ], [ 148.39137780444625, -9.125493928987497 ], [ 148.391231775443629, -9.125812702222543 ], [ 148.391025621245916, -9.12617163995793 ], [ 148.390787347302478, -9.126510368698678 ], [ 148.390771550426592, -9.126528948647461 ], [ 148.390722954623072, -9.126614820388772 ], [ 148.390458638022722, -9.126988025392059 ], [ 148.390157809459339, -9.127332846545944 ], [ 148.390073415421199, -9.127411850044103 ], [ 148.390063950501855, -9.12742291259497 ], [ 148.389726427063948, -9.127739567640234 ], [ 148.389725848138625, -9.127740285191155 ], [ 148.389748965271565, -9.128114028772998 ], [ 148.389732673165639, -9.128556501124757 ], [ 148.389672910123323, -9.128995267946154 ], [ 148.389570249144697, -9.129426121215648 ], [ 148.389425674652443, -9.129844928791217 ], [ 148.38918438145555, -9.130446230659176 ], [ 148.38900241130375, -9.130842948625197 ], [ 148.388909175317877, -9.131003223851859 ], [ 148.388947495978556, -9.13106822554734 ], [ 148.389082422558204, -9.131352532903435 ], [ 148.389826176850107, -9.130357409624478 ], [ 148.390046145551253, -9.130085656232163 ], [ 148.390971150651609, -9.129029064442133 ], [ 148.391271440374652, -9.128717423988077 ], [ 148.391573686032757, -9.128458419389132 ], [ 148.391714664034197, -9.128333667000778 ], [ 148.39209075490615, -9.128063731478623 ], [ 148.392173454567967, -9.128010532106837 ], [ 148.392570946758383, -9.127782254059523 ], [ 148.392680472291204, -9.127733249082191 ], [ 148.392684980286901, -9.127730819895355 ], [ 148.392700455839787, -9.127724307844122 ], [ 148.392989564512817, -9.127594951802747 ], [ 148.393075921449395, -9.127566313145728 ], [ 148.393088329650851, -9.127561091806676 ], [ 148.393144721596087, -9.127543496851315 ], [ 148.393425044906735, -9.127450532659738 ], [ 148.393487114635604, -9.127436665948862 ], [ 148.393506233300172, -9.127430700675941 ], [ 148.393629233266353, -9.127404915840664 ], [ 148.393872953321761, -9.127350467259848 ], [ 148.39391040200141, -9.127345973467939 ], [ 148.393934817290074, -9.12734085519582 ], [ 148.394187655363254, -9.127312703310615 ], [ 148.394328728600726, -9.127295774565214 ], [ 148.394341964714869, -9.12729552187451 ], [ 148.394370108684882, -9.127292388202326 ], [ 148.394808072383313, -9.127285748956194 ], [ 148.395244648519281, -9.127320998979537 ], [ 148.395304346027473, -9.127331634765858 ], [ 148.395663496671091, -9.127382769083887 ], [ 148.395761195434488, -9.127400869038711 ], [ 148.396170943924687, -9.127496462616191 ], [ 148.396570049562541, -9.127629280894036 ], [ 148.396891951226365, -9.127770487596143 ], [ 148.396950143833095, -9.127792488378939 ], [ 148.397120012586072, -9.127877081664199 ], [ 148.397131066732982, -9.127882234988961 ], [ 148.397191234410997, -9.127905841043562 ], [ 148.397269724053558, -9.127946875501442 ], [ 148.397346388542189, -9.127982615605116 ], [ 148.397395816453553, -9.12801279666612 ], [ 148.39762695835509, -9.128133637569743 ], [ 148.39803536171658, -9.128406894634628 ], [ 148.398040730771157, -9.128410923116057 ], [ 148.398056562270369, -9.128406473124175 ], [ 148.398404419086319, -9.128323227690531 ], [ 148.398757782664035, -9.128267408088007 ], [ 148.398857681475903, -9.128255608417854 ], [ 148.399301840828997, -9.128224950260485 ], [ 148.399746888481616, -9.128237586985419 ], [ 148.400188561883226, -9.128293397537256 ], [ 148.400622630802076, -9.128391847353022 ], [ 148.401029554950753, -9.128526888553848 ], [ 148.401044858553945, -9.12851378039505 ], [ 148.401385434016419, -9.128251247909423 ], [ 148.401546411671234, -9.128113715957323 ], [ 148.401616896096755, -9.128042980615859 ], [ 148.401924778423734, -9.127761195871152 ], [ 148.402257415896543, -9.127508724992605 ], [ 148.402345860227371, -9.127453594658231 ], [ 148.402349529327267, -9.127450205802019 ], [ 148.402738361768286, -9.127161269800997 ], [ 148.402971503891308, -9.12702386964156 ], [ 148.403012709974234, -9.126994390758757 ], [ 148.403326153794552, -9.126815702680343 ], [ 148.403409625559789, -9.126760220354793 ], [ 148.403843703797321, -9.126534662056008 ], [ 148.403870986975562, -9.126522295469492 ], [ 148.404134001242738, -9.126388301612094 ], [ 148.404522131109729, -9.126233461994744 ], [ 148.404922928749926, -9.126114701050312 ], [ 148.405232474272822, -9.126053046399802 ], [ 148.405490414332206, -9.1259680166379 ], [ 148.40589650348349, -9.125874117801905 ], [ 148.406309537021258, -9.125817562111537 ], [ 148.407634278549494, -9.125697319817704 ], [ 148.40905226845473, -9.125547474249007 ], [ 148.409119842446046, -9.125540839732311 ], [ 148.410584973894004, -9.125407953056211 ], [ 148.410720974220226, -9.125394217367038 ], [ 148.411086061887119, -9.125341613534538 ], [ 148.41136623175845, -9.125310020120367 ], [ 148.41219642166223, -9.125242222524127 ], [ 148.412569590992177, -9.125227034787507 ], [ 148.412942756250828, -9.125242319589079 ], [ 148.413313402378151, -9.125287973897832 ], [ 148.413690633984345, -9.12535015799706 ], [ 148.413801792895214, -9.125308249400003 ], [ 148.414191429249001, -9.12519957838531 ], [ 148.414586225012073, -9.125108080182196 ], [ 148.414951309676013, -9.125038959652302 ], [ 148.415320853008012, -9.124999686405882 ], [ 148.415519674267728, -9.124986691343716 ], [ 148.415877845425399, -9.124930719717781 ], [ 148.41633791484287, -9.12488248861912 ], [ 148.416800534061679, -9.124880943254006 ], [ 148.416857117505373, -9.124883616756739 ], [ 148.417151589884639, -9.124883789961959 ], [ 148.417636563498718, -9.124935984667113 ], [ 148.417677392760567, -9.124944852202178 ], [ 148.417874951518087, -9.124968905292127 ], [ 148.418092048751646, -9.125002605281496 ], [ 148.418158004462413, -9.125016009054811 ], [ 148.418557607208271, -9.125058700268344 ], [ 148.41900247279122, -9.125151572492683 ], [ 148.419211870209836, -9.125206272200177 ], [ 148.419277528021297, -9.125228083745053 ], [ 148.419337886068519, -9.12523436159244 ], [ 148.419675628196416, -9.125295354893614 ], [ 148.419906025307682, -9.125345954693305 ], [ 148.420298824938044, -9.125450724149749 ], [ 148.420680639983175, -9.125589939221387 ], [ 148.420709418801124, -9.125603441180836 ], [ 148.421062874263072, -9.125749305161925 ], [ 148.421087310770076, -9.125762061041838 ], [ 148.421213584407496, -9.125719061379831 ], [ 148.421679484982462, -9.125587495673663 ], [ 148.422156819091555, -9.125505902297551 ], [ 148.422640176192999, -9.125475206073713 ], [ 148.422755183518319, -9.125473999529117 ], [ 148.422852241271329, -9.125461416895927 ], [ 148.42330918022779, -9.125448159555276 ], [ 148.42376515093747, -9.125480543752767 ], [ 148.423851364468646, -9.125495416588148 ], [ 148.423969176747022, -9.125507141464889 ], [ 148.424385363379685, -9.125588000542821 ], [ 148.424792165971809, -9.125707022289243 ], [ 148.425186049762829, -9.125863172489995 ], [ 148.425332300826767, -9.125929161779322 ], [ 148.425372998130115, -9.125947524612094 ], [ 148.4253729981302, -9.125947524612126 ], [ 148.425721944021831, -9.126104970513817 ], [ 148.425922797951245, -9.126201569294594 ], [ 148.426673490433899, -9.126585466019574 ], [ 148.426830009431029, -9.126669393470021 ], [ 148.427391628054892, -9.126984778599414 ], [ 148.427574713820462, -9.12708685750159 ], [ 148.42783213728552, -9.127230382885077 ], [ 148.428210304475272, -9.127466190272044 ], [ 148.428563394409593, -9.127737699718066 ], [ 148.42888800670417, -9.128042296508848 ], [ 148.42918101519939, -9.128377047288144 ], [ 148.429439598065585, -9.128738728304432 ], [ 148.429661264978762, -9.129123856454505 ], [ 148.42984388110483, -9.129528722824297 ], [ 148.429985687661656, -9.129949428404748 ], [ 148.430085318860421, -9.130381921638465 ], [ 148.430141815063308, -9.130822037435854 ], [ 148.430154632030593, -9.131265537285056 ], [ 148.430123646167687, -9.131708150069366 ], [ 148.43004915572152, -9.132145613199372 ], [ 148.429931877914697, -9.132573713663481 ], [ 148.429772942044366, -9.132988328601554 ], [ 148.429573878612302, -9.13338546501109 ], [ 148.429336604590617, -9.133761298203288 ], [ 148.42906340496495, -9.134112208638756 ], [ 148.428756910732147, -9.13443481678798 ], [ 148.428420073565007, -9.13472601568068 ], [ 148.428056137387273, -9.134983000830696 ], [ 148.427668607133029, -9.135203297247809 ], [ 148.427261214991091, -9.135384783276447 ], [ 148.426837884459644, -9.135525711031473 ], [ 148.426402692557474, -9.13562472323424 ], [ 148.425959830555485, -9.135680866286416 ], [ 148.42551356360741, -9.135693599455958 ], [ 148.425068189668337, -9.135662800086216 ], [ 148.424627998096554, -9.135588764778413 ], [ 148.424197228338812, -9.135472206535663 ], [ 148.423780029095553, -9.135314247896311 ], [ 148.42366145328765, -9.135255543906284 ], [ 148.423432362342538, -9.135163409530843 ], [ 148.423036923451861, -9.1349574591741 ], [ 148.42289672539826, -9.13487548656235 ], [ 148.422572213828886, -9.135038003664468 ], [ 148.422160764621566, -9.13519648270549 ], [ 148.421735800964967, -9.135314600514903 ], [ 148.421301321200644, -9.135391245735317 ], [ 148.420861413218688, -9.135425697210627 ], [ 148.420420215991982, -9.135417630772734 ], [ 148.420325941493644, -9.135406767763374 ], [ 148.420172362217954, -9.135403296758158 ], [ 148.41974320344508, -9.135352835978042 ], [ 148.419320798876555, -9.135262134010176 ], [ 148.418908960226759, -9.135132009313768 ], [ 148.418511403858304, -9.134963636093289 ], [ 148.418131717242517, -9.134758533702147 ], [ 148.417773326583642, -9.134518552931548 ], [ 148.417439465898838, -9.134245859308065 ], [ 148.417378190180926, -9.134190761061474 ], [ 148.417305454356608, -9.13417749803277 ], [ 148.416709654592296, -9.13403214868651 ], [ 148.416665789591974, -9.134044261614449 ], [ 148.416423047286997, -9.134150349914091 ], [ 148.41601741163467, -9.134305102505598 ], [ 148.415598770429881, -9.134420691367932 ], [ 148.415170942530892, -9.13449606207098 ], [ 148.415146363699677, -9.13449801795119 ], [ 148.414436247879678, -9.134610805588139 ], [ 148.413965454021195, -9.134660784604989 ], [ 148.413491982857181, -9.134661864112354 ], [ 148.413020963012627, -9.134614032387832 ], [ 148.412557496562982, -9.134517807514079 ], [ 148.412155812682784, -9.134389901174995 ], [ 148.411765976177549, -9.134427935681392 ], [ 148.411569013589286, -9.134442869775485 ], [ 148.411151796066719, -9.134465462348071 ], [ 148.410958923656892, -9.134492036102928 ], [ 148.410726143450546, -9.134518057439422 ], [ 148.410102435879793, -9.134571659275496 ], [ 148.409978385649168, -9.134580624109923 ], [ 148.409458306831681, -9.134611112276692 ], [ 148.408867624533656, -9.134676001397304 ], [ 148.408812020092029, -9.134681766285254 ], [ 148.408247023896507, -9.134736857334184 ], [ 148.408033568332172, -9.134762954042998 ], [ 148.407758338726666, -9.134802040810316 ], [ 148.407559236003863, -9.134983521925383 ], [ 148.407435530775274, -9.135079061690723 ], [ 148.407381492733663, -9.135195452473019 ], [ 148.407127729835707, -9.135615489295642 ], [ 148.406829723080648, -9.136005771799095 ], [ 148.406769223449771, -9.136076672337413 ], [ 148.406755304623516, -9.136092906260243 ], [ 148.406532605935354, -9.136351408240069 ], [ 148.406234030045766, -9.13666616685555 ], [ 148.405906551888194, -9.136951127444156 ], [ 148.40555316921521, -9.137203681383502 ], [ 148.405177116939768, -9.137421516702645 ], [ 148.405008663764562, -9.137498704369387 ], [ 148.40499847215375, -9.137504444859752 ], [ 148.404933002478742, -9.137533704684007 ], [ 148.404813040322693, -9.13760541784184 ], [ 148.40439741048371, -9.137800126259959 ], [ 148.403964136906012, -9.137952175822138 ], [ 148.403517639607287, -9.13806001537032 ], [ 148.403062473526631, -9.138122544751925 ], [ 148.402430345202163, -9.138177236266392 ], [ 148.402130834615633, -9.138211293371711 ], [ 148.401090375404408, -9.13836729424543 ], [ 148.400625826253076, -9.138412875398108 ], [ 148.40015902246418, -9.138410907659541 ], [ 148.399694878941943, -9.138361411719963 ], [ 148.399238282583724, -9.138264908686766 ], [ 148.399113866498254, -9.138225001304439 ], [ 148.399015504351922, -9.138246493323823 ], [ 148.398569109416968, -9.138298894434831 ], [ 148.398119689850091, -9.138307261130983 ], [ 148.397671633097929, -9.138271511707938 ], [ 148.39739066329804, -9.138235137927234 ], [ 148.397207289083298, -9.138223005537595 ], [ 148.396782344379318, -9.138174866422327 ], [ 148.396363826477199, -9.138087281784593 ], [ 148.395955434417175, -9.137961025714283 ], [ 148.395787745862236, -9.137891422676201 ], [ 148.39562421933249, -9.138253493651877 ], [ 148.395394123661703, -9.138689695627344 ], [ 148.395219086204179, -9.138992477035499 ], [ 148.395004705109699, -9.139332226915023 ], [ 148.394958228593339, -9.139409313666775 ], [ 148.394953160353481, -9.139418318997281 ], [ 148.394512551719714, -9.140204847520904 ], [ 148.394512551719458, -9.140204847521344 ], [ 148.394512551719231, -9.140204847521765 ], [ 148.394499666745048, -9.140227848380833 ], [ 148.394499666745048, -9.140227848380865 ], [ 148.394456158623086, -9.140305514342089 ], [ 148.394391555532962, -9.140417070164135 ], [ 148.394072460334314, -9.140950372977075 ], [ 148.394044865408972, -9.140995881360249 ], [ 148.393677170664319, -9.141594284614664 ], [ 148.393424272281948, -9.141963526810537 ], [ 148.393183322151231, -9.142280452933663 ], [ 148.393083002638008, -9.142415684999936 ], [ 148.392910483020728, -9.142633891655469 ], [ 148.392742284092918, -9.142833693155772 ], [ 148.392528853152044, -9.143067228832651 ], [ 148.392276104776727, -9.143368636982519 ], [ 148.392206818259098, -9.143466170837188 ], [ 148.392148418721263, -9.14354037136032 ], [ 148.392073280957845, -9.143626300267208 ], [ 148.392064841848054, -9.143637540768411 ], [ 148.392040081576539, -9.143664267664581 ], [ 148.391840325267282, -9.143892712289418 ], [ 148.391754684309859, -9.143972332702267 ], [ 148.391747267636902, -9.143980338437821 ], [ 148.391725819515841, -9.143999168294812 ], [ 148.391683178969146, -9.144038811191022 ], [ 148.391582064558122, -9.14414555490907 ], [ 148.391230101871997, -9.144448173854613 ], [ 148.390848869588268, -9.144713474547997 ], [ 148.390707129522383, -9.144791997990934 ], [ 148.390366032981888, -9.144986629365244 ], [ 148.38994868635038, -9.145172181888123 ], [ 148.38951470635709, -9.145315168992546 ], [ 148.389068476094451, -9.145414146512961 ], [ 148.38861450239844, -9.145468114769256 ], [ 148.38815737032624, -9.145476528665389 ], [ 148.387701696842925, -9.145439303196506 ], [ 148.387252084185604, -9.145356814308455 ], [ 148.386813073376146, -9.145229895101538 ], [ 148.386389098352282, -9.145059827416311 ], [ 148.386084195125989, -9.144919426246142 ], [ 148.385615894768534, -9.144669789527004 ], [ 148.385180081845846, -9.144367587409169 ], [ 148.384880405339146, -9.144132776060234 ], [ 148.384701279314157, -9.144004461347494 ], [ 148.384313206194605, -9.143652210535191 ], [ 148.383998105487308, -9.143331107738172 ], [ 148.383711285394639, -9.143009578871801 ], [ 148.383456474679576, -9.14266244344349 ], [ 148.38323597476537, -9.142292836851407 ], [ 148.38305177715327, -9.141904097451418 ], [ 148.382905545437012, -9.141499736402416 ], [ 148.382798600280069, -9.141083405951168 ], [ 148.382751431017454, -9.140783145527806 ], [ 148.38270869480246, -9.140755881060048 ], [ 148.382358434800835, -9.140480745488738 ], [ 148.382036998529827, -9.140172816189413 ], [ 148.381747481626491, -9.139835058767622 ], [ 148.381492672294968, -9.139470726093833 ], [ 148.381275024454425, -9.139083326973262 ], [ 148.381096634108104, -9.138676592351056 ], [ 148.380959219159848, -9.138254439378166 ], [ 148.380864102873517, -9.137820933684164 ], [ 148.38081220113358, -9.137380250220568 ], [ 148.380804013630183, -9.136936633051576 ], [ 148.380839619052352, -9.136494354479872 ], [ 148.38089790683398, -9.136172388180267 ], [ 148.380873349978657, -9.136157071436466 ], [ 148.38053766489702, -9.135901646914306 ], [ 148.380514508570968, -9.135880362197007 ], [ 148.380269118015946, -9.135692242305501 ], [ 148.379975959263874, -9.135423687539934 ], [ 148.37983932055684, -9.135274493919443 ], [ 148.37970215070581, -9.135145567783423 ] ] ] } },
{ "type": "Feature", "properties": { "day": "Saturday", "stop": "Afore", "zones": "7a and 7b", "band_km": 10 }, "geometry": { "type": "Polygon", "coordinates": [ [ [ 148.364757209107324, -9.075695327651074 ], [ 148.364685505827168, -9.075383176588506 ], [ 148.364675785590151, -9.075314203617486 ], [ 148.364632804747913, -9.075114139758769 ], [ 148.36461825191094, -9.074982977558303 ], [ 148.364553482376351, -9.074754612766551 ], [ 148.364528169804345, -9.074649787189287 ], [ 148.364503684338075, -9.074616487880508 ], [ 148.364276875116616, -9.074234333372038 ], [ 148.364198335081511, -9.074066247951949 ], [ 148.364197242468947, -9.074064246654183 ], [ 148.3641956914785, -9.074060590309935 ], [ 148.364088843312629, -9.073831921638638 ], [ 148.364059412362906, -9.073748327154208 ], [ 148.364056972720931, -9.073742892578025 ], [ 148.364046581250648, -9.073711882163828 ], [ 148.364040765614419, -9.073695363654499 ], [ 148.364023815832837, -9.073655405696904 ], [ 148.36400128665818, -9.073583229094435 ], [ 148.363941399689594, -9.073413128200498 ], [ 148.363927705318247, -9.073357129951335 ], [ 148.363915910964351, -9.073321932927099 ], [ 148.363905486875069, -9.073276315390297 ], [ 148.363891540997372, -9.073231636933349 ], [ 148.363861610436857, -9.073086858166191 ], [ 148.363835964099252, -9.072981986334771 ], [ 148.363832241180546, -9.072955779681985 ], [ 148.363817040098979, -9.072889257046279 ], [ 148.363811164626071, -9.072842843579295 ], [ 148.363801691722358, -9.07279702155226 ], [ 148.363783311815155, -9.07262281923542 ], [ 148.363761312170482, -9.072449031896031 ], [ 148.363760041882557, -9.072402269490926 ], [ 148.36375513316699, -9.072355745190039 ], [ 148.363754020063709, -9.072180590999453 ], [ 148.363749263719455, -9.07200549712757 ], [ 148.36375261083333, -9.071958836135261 ], [ 148.363752313563253, -9.071912057618707 ], [ 148.363768477920644, -9.071737638396007 ], [ 148.363781010619704, -9.071562924251058 ], [ 148.36378894288373, -9.0715168140442 ], [ 148.36379325990498, -9.071470231816765 ], [ 148.363826545987251, -9.071298227319209 ], [ 148.363856246968624, -9.071125575497526 ], [ 148.36386868797382, -9.071080460142735 ], [ 148.363877577694012, -9.07103452281719 ], [ 148.363927664875092, -9.070866589540573 ], [ 148.36397424803954, -9.070697662770867 ], [ 148.363991077956058, -9.070653976752119 ], [ 148.364004454745839, -9.070609126728735 ], [ 148.364070860599639, -9.070446881954679 ], [ 148.364133877267165, -9.070283307084937 ], [ 148.364154933999032, -9.070241471119196 ], [ 148.364172669017307, -9.07019814032544 ], [ 148.36425475396598, -9.070043146546077 ], [ 148.36433359719922, -9.069886498876818 ], [ 148.364358677945859, -9.069846915862703 ], [ 148.36438060038131, -9.069805521593244 ], [ 148.364477573856931, -9.069659271464165 ], [ 148.364571484308129, -9.069511059577932 ], [ 148.364600347518063, -9.069474110715479 ], [ 148.364626246234479, -9.06943505161399 ], [ 148.364737174294163, -9.069298953580082 ], [ 148.364845247520122, -9.069160604813545 ], [ 148.364877615217438, -9.069126645933505 ], [ 148.364907240787744, -9.069090298153432 ], [ 148.365031055109768, -9.068965662885343 ], [ 148.365152250282819, -9.0688385095846 ], [ 148.365187810744771, -9.068807867721704 ], [ 148.365220877853261, -9.068774581304158 ], [ 148.365328097243122, -9.068685984488539 ], [ 148.365387091002844, -9.068630451705271 ], [ 148.365448587052043, -9.068583160841326 ], [ 148.36548953595937, -9.06854787576723 ], [ 148.365527946718544, -9.068520846010912 ], [ 148.36556413690883, -9.068490941513948 ], [ 148.365599246850934, -9.068467302382313 ], [ 148.365745721800351, -9.068354661981768 ], [ 148.366130194223416, -9.068115733512609 ], [ 148.366536687744428, -9.067916040492808 ], [ 148.366961163038894, -9.067757567231324 ], [ 148.367399402121691, -9.067641888435725 ], [ 148.367847050257694, -9.067570153566882 ], [ 148.368299659230388, -9.067543075419067 ], [ 148.368752731538564, -9.067560923038636 ], [ 148.369201765082522, -9.067623519051935 ], [ 148.369642297895382, -9.06773024142854 ], [ 148.370069952476058, -9.067880029662637 ], [ 148.370480479282861, -9.068071395310788 ], [ 148.370869798956306, -9.068302436781636 ], [ 148.371234042851341, -9.068570858230562 ], [ 148.371311211470271, -9.068640572328352 ], [ 148.371484385193668, -9.068751439395365 ], [ 148.371834162026516, -9.069027098183051 ], [ 148.372155072458384, -9.069335507276385 ], [ 148.372221472356131, -9.069405906673348 ], [ 148.37253359981014, -9.069774347145223 ], [ 148.372804523814267, -9.070173701858383 ], [ 148.373031169463445, -9.070599438434133 ], [ 148.3732109643488, -9.071046725068028 ], [ 148.3732561887862, -9.071206944899174 ], [ 148.373323903378065, -9.071402987676056 ], [ 148.373429374639159, -9.071854475623329 ], [ 148.373487788265777, -9.072314324336494 ], [ 148.373491836977081, -9.072488975085133 ], [ 148.373515409732391, -9.072557113139965 ], [ 148.373607671178434, -9.072918043883394 ], [ 148.373669736599481, -9.073285297341334 ], [ 148.373708291342098, -9.07358970619906 ], [ 148.373757789498569, -9.07376686124371 ], [ 148.373846819783807, -9.074149128968998 ], [ 148.373889014427078, -9.074445290367079 ], [ 148.373931212623177, -9.074528178092734 ], [ 148.374048235796124, -9.074630634279906 ], [ 148.374232069315838, -9.074832044772181 ], [ 148.374341341095061, -9.074937829535342 ], [ 148.374623295874329, -9.075268787213783 ], [ 148.374872052944937, -9.075625073202486 ], [ 148.375085323560398, -9.076003409532062 ], [ 148.375261145443204, -9.076400315354373 ], [ 148.375397900841193, -9.076812138965764 ], [ 148.375448942673785, -9.077036012817 ], [ 148.375548584309172, -9.077085629872832 ], [ 148.375857500971307, -9.077276524371998 ], [ 148.37589989360356, -9.077298438937907 ], [ 148.37633158970209, -9.077548436740024 ], [ 148.376671205586689, -9.077765737859631 ], [ 148.376990089929535, -9.078012126377738 ], [ 148.37728572855724, -9.07828565971424 ], [ 148.37755579055522, -9.078584181272412 ], [ 148.377798146644665, -9.078905337440755 ], [ 148.378189748602551, -9.079475333017829 ], [ 148.378428612014545, -9.079863630362519 ], [ 148.378626990094972, -9.080273829722291 ], [ 148.378782872509589, -9.080701774461875 ], [ 148.378894679521522, -9.081143128116635 ], [ 148.378897017807361, -9.081158937924146 ], [ 148.378903559204872, -9.08118300881306 ], [ 148.37897770527249, -9.081628795544544 ], [ 148.379006715845492, -9.082079712046827 ], [ 148.378990301020139, -9.082531254901847 ], [ 148.378978837087743, -9.082663259425662 ], [ 148.378978701036061, -9.082689781023285 ], [ 148.378969349073827, -9.082946981331943 ], [ 148.379054950265214, -9.083132506075403 ], [ 148.379200465570847, -9.083552405127827 ], [ 148.37923615630524, -9.083701588964443 ], [ 148.379325597189933, -9.083953074471497 ], [ 148.379430006391317, -9.084367800014395 ], [ 148.379494539365368, -9.08479047332442 ], [ 148.3794963651915, -9.084822838493904 ], [ 148.379595758524147, -9.08491391122778 ], [ 148.37973922837395, -9.085042379504818 ], [ 148.379770354678982, -9.085075877196852 ], [ 148.38011267463375, -9.085218210794515 ], [ 148.380506233523334, -9.085404344835609 ], [ 148.380880063793683, -9.085627061406763 ], [ 148.381230733585653, -9.085884315911901 ], [ 148.381555023640175, -9.08617374668879 ], [ 148.381849956850118, -9.086492696687795 ], [ 148.382112825590383, -9.086838237862498 ], [ 148.382341216574645, -9.087207198047844 ], [ 148.382533033011555, -9.08759619007934 ], [ 148.382686513855816, -9.088001642886335 ], [ 148.38280024997826, -9.088419834273445 ], [ 148.382873197105965, -9.088846925089902 ], [ 148.382904685413507, -9.08927899447283 ], [ 148.382894425677279, -9.089712075840984 ], [ 148.38284251193582, -9.090142193308862 ], [ 148.38276093963546, -9.09051303137306 ], [ 148.382772875321706, -9.090532081363129 ], [ 148.3829738848396, -9.090938662083426 ], [ 148.383132950012936, -9.09136319493911 ], [ 148.383248473787233, -9.091801417888631 ], [ 148.38331929621981, -9.092248931437434 ], [ 148.3833447061306, -9.092701242804328 ], [ 148.383332534485362, -9.092973161546805 ], [ 148.383482981441631, -9.093036815202856 ], [ 148.383482981441858, -9.093036815202941 ], [ 148.383542378973885, -9.093061946095993 ], [ 148.383658792070946, -9.093111200039528 ], [ 148.383871574323337, -9.093207746041903 ], [ 148.383970257982241, -9.093243670244517 ], [ 148.384202044987347, -9.093341883295807 ], [ 148.38422261785405, -9.09334751748942 ], [ 148.384624931591588, -9.093499642398267 ], [ 148.385010977616162, -9.09368888144051 ], [ 148.385377299316389, -9.093913540182871 ], [ 148.385670793100076, -9.094134155410337 ], [ 148.385877218805689, -9.094157503964299 ], [ 148.385895370748784, -9.094161502241731 ], [ 148.386148834572225, -9.09418848860666 ], [ 148.386585261401734, -9.094278561814344 ], [ 148.387010723800728, -9.094410655531624 ], [ 148.387421136770968, -9.094583501464761 ], [ 148.387695190305095, -9.094731889635074 ], [ 148.387902730502361, -9.094762378441988 ], [ 148.387994329358719, -9.09478237836103 ], [ 148.388421302764129, -9.094897496477076 ], [ 148.388835006112572, -9.095053293618369 ], [ 148.389105159304762, -9.095186150848313 ], [ 148.389137973051675, -9.095201124140997 ], [ 148.389195763509406, -9.095230708546588 ], [ 148.389231526485418, -9.095248296196187 ], [ 148.389248849778625, -9.095257884745202 ], [ 148.389503610201302, -9.095388302847976 ], [ 148.389850743338542, -9.095607540267494 ], [ 148.390176534789987, -9.095857044224962 ], [ 148.390478321325929, -9.096134775129883 ], [ 148.390624117680403, -9.09629559682179 ], [ 148.390849950832035, -9.09653423369768 ], [ 148.391112888449101, -9.096870582333372 ], [ 148.391342813636527, -9.097230031261516 ], [ 148.391381548585088, -9.097305436998298 ], [ 148.391562735703076, -9.097627908884611 ], [ 148.391740834721759, -9.098033684044422 ], [ 148.39175129385049, -9.098065761361797 ], [ 148.391963232431863, -9.098380039901857 ], [ 148.392158743176964, -9.098734924889209 ], [ 148.392321550108647, -9.099105760898102 ], [ 148.392336817785207, -9.099145272407611 ], [ 148.392344866213023, -9.099159742394756 ], [ 148.39254459006321, -9.099643692755279 ], [ 148.392693619749735, -9.100074204405143 ], [ 148.392813951679756, -9.100322060500131 ], [ 148.392858952597379, -9.100432059828574 ], [ 148.392933267658293, -9.100649415215447 ], [ 148.3929428724405, -9.100670754125312 ], [ 148.393077183985952, -9.101061337096603 ], [ 148.393175096220972, -9.10146246678142 ], [ 148.393235792956119, -9.101870799873971 ], [ 148.393241296863295, -9.101969530044505 ], [ 148.393283167373085, -9.102242584192558 ], [ 148.393308804172278, -9.102623170660667 ], [ 148.393325762203403, -9.103306650153138 ], [ 148.39334387215149, -9.103591871726779 ], [ 148.393363098746335, -9.10372793784977 ], [ 148.393383891889755, -9.103990637307435 ], [ 148.393413373288809, -9.104281948793014 ], [ 148.393436128379932, -9.104707062272375 ], [ 148.393418552735397, -9.105132418368209 ], [ 148.393360802037137, -9.105554245883349 ], [ 148.393263388160449, -9.1059688048915 ], [ 148.393127174640568, -9.10637241989536 ], [ 148.392953369021598, -9.106761512414099 ], [ 148.392837138832761, -9.106991818056033 ], [ 148.392873069830557, -9.107186690485438 ], [ 148.392927414397349, -9.107460918271471 ], [ 148.393093342834675, -9.107506550647857 ], [ 148.393206741488513, -9.107543150399975 ], [ 148.393316715223222, -9.107578691136348 ], [ 148.393490727006991, -9.107648646793924 ], [ 148.393511319922055, -9.107655518862922 ], [ 148.393533857620184, -9.107665986006275 ], [ 148.39356786539156, -9.107679657681867 ], [ 148.39357939627061, -9.107683795296746 ], [ 148.393586357102805, -9.107687091647785 ], [ 148.393906542110244, -9.107815810972083 ], [ 148.394016540980715, -9.107869210521802 ], [ 148.394362343837315, -9.108055910030275 ], [ 148.3946906177529, -9.108271614551919 ], [ 148.394710700544181, -9.108286089146489 ], [ 148.394783080540435, -9.108329681120564 ], [ 148.395153656674182, -9.10860789383997 ], [ 148.395493761346074, -9.10892220831875 ], [ 148.395799849797072, -9.10926934864634 ], [ 148.395986700673944, -9.10953087979517 ], [ 148.396019344475263, -9.10957264079615 ], [ 148.396040118162091, -9.109605647003628 ], [ 148.396068731770782, -9.109645696784137 ], [ 148.396101341704593, -9.109702921789644 ], [ 148.396264130518261, -9.109961567807712 ], [ 148.396468001788037, -9.110373146206635 ], [ 148.396628859244061, -9.110803138679914 ], [ 148.396672160572876, -9.110939737950812 ], [ 148.396779929977868, -9.111344110083698 ], [ 148.396849634003615, -9.111756650802517 ], [ 148.396858808210141, -9.111879945169301 ], [ 148.396866975684446, -9.111931847808568 ], [ 148.396876356515691, -9.112099411143017 ], [ 148.396884282001423, -9.11218287345352 ], [ 148.396883968846282, -9.112235384693834 ], [ 148.396892125605234, -9.11238108270341 ], [ 148.396881694995727, -9.11261667942394 ], [ 148.396881586284451, -9.112634909103241 ], [ 148.396880395041478, -9.112646041572747 ], [ 148.396872225061713, -9.112830577505395 ], [ 148.396807470966053, -9.113275880727263 ], [ 148.396784530623563, -9.113367818057874 ], [ 148.396784081626777, -9.11337047486191 ], [ 148.396778488566412, -9.113408684912264 ], [ 148.396676183725248, -9.113825330443653 ], [ 148.396534617422901, -9.114230467414746 ], [ 148.396355063354946, -9.114620450347026 ], [ 148.396139137049602, -9.114991770106451 ], [ 148.395888781335316, -9.115341085480406 ], [ 148.395606248862293, -9.115665253243884 ], [ 148.395294081835374, -9.115961356444689 ], [ 148.395267796610398, -9.115984021481792 ], [ 148.395069416209537, -9.116169581538925 ], [ 148.394694816115788, -9.116485184662135 ], [ 148.394348302612855, -9.116749779233526 ], [ 148.394273724310693, -9.116796147981095 ], [ 148.394124987170045, -9.116980463600642 ], [ 148.393774007192718, -9.117329454557984 ], [ 148.393396907454303, -9.117665557750602 ], [ 148.393138701685842, -9.117875219701968 ], [ 148.39313936723039, -9.118134493868395 ], [ 148.393133572254811, -9.118236234969528 ], [ 148.393151345747526, -9.11831792542295 ], [ 148.393202431274091, -9.118756184493584 ], [ 148.393210293911352, -9.119197305412625 ], [ 148.393174858630601, -9.11963708770635 ], [ 148.393096462697599, -9.120071343632489 ], [ 148.39302826917509, -9.120311411167808 ], [ 148.393001390163505, -9.12053044357044 ], [ 148.392909349763073, -9.12094760891687 ], [ 148.392778114156528, -9.121354282063532 ], [ 148.392608854208447, -9.121746834306656 ], [ 148.39240560005257, -9.122117171449352 ], [ 148.392384110990008, -9.122172126558484 ], [ 148.392353533779442, -9.122255692555283 ], [ 148.392342925266661, -9.122277452932885 ], [ 148.392331927485884, -9.122305578115915 ], [ 148.39232344183867, -9.12232199221479 ], [ 148.392190419037291, -9.122590276258862 ], [ 148.392150509184546, -9.122672139931419 ], [ 148.392147151670315, -9.122677538993038 ], [ 148.392129655437799, -9.122712825831723 ], [ 148.392058150036036, -9.122826739800583 ], [ 148.392054834585394, -9.122833821059066 ], [ 148.391868898203739, -9.123156567703457 ], [ 148.391867313574664, -9.12319548540041 ], [ 148.391868384949589, -9.12320757787084 ], [ 148.391858951447261, -9.123691852449239 ], [ 148.391851752705406, -9.123789752353852 ], [ 148.391798795773241, -9.124222105542325 ], [ 148.391704224477024, -9.124647388368958 ], [ 148.391568916308273, -9.125061654115363 ], [ 148.391394126815868, -9.125461058289179 ], [ 148.39137780444625, -9.125493928987497 ], [ 148.391231775443629, -9.125812702222543 ], [ 148.391025621245916, -9.12617163995793 ], [ 148.390787347302478, -9.126510368698678 ], [ 148.390771550426592, -9.126528948647461 ], [ 148.390722954623072, -9.126614820388772 ], [ 148.390458638022722, -9.126988025392059 ], [ 148.390157809459339, -9.127332846545944 ], [ 148.390073415421199, -9.127411850044103 ], [ 148.390063950501855, -9.12742291259497 ], [ 148.389726427063948, -9.127739567640234 ], [ 148.389725848138625, -9.127740285191155 ], [ 148.389748965271565, -9.128114028772998 ], [ 148.389732673165639, -9.128556501124757 ], [ 148.389672910123323, -9.128995267946154 ], [ 148.389570249144697, -9.129426121215648 ], [ 148.389425674652443, -9.129844928791217 ], [ 148.38918438145555, -9.130446230659176 ], [ 148.38900241130375, -9.130842948625197 ], [ 148.388909175317877, -9.131003223851877 ], [ 148.388947495978556, -9.13106822554734 ], [ 148.389082422558204, -9.131352532903435 ], [ 148.389826176850107, -9.130357409624478 ], [ 148.390046145551253, -9.130085656232163 ], [ 148.390971150651609, -9.129029064442133 ], [ 148.391271440374652, -9.128717423988077 ], [ 148.391573686032757, -9.128458419389132 ], [ 148.391714664034197, -9.128333667000778 ], [ 148.39209075490615, -9.128063731478623 ], [ 148.392173454567967, -9.128010532106837 ], [ 148.392570946758383, -9.127782254059523 ], [ 148.392680472291175, -9.127733249082208 ], [ 148.392684980286901, -9.127730819895355 ], [ 148.392700455839787, -9.127724307844122 ], [ 148.392989564512817, -9.127594951802747 ], [ 148.393075921449395, -9.127566313145728 ], [ 148.393088329650851, -9.127561091806676 ], [ 148.393144721596087, -9.127543496851315 ], [ 148.393425044906735, -9.127450532659738 ], [ 148.393487114635604, -9.127436665948862 ], [ 148.393506233300172, -9.127430700675941 ], [ 148.393629233266353, -9.127404915840664 ], [ 148.393872953321761, -9.127350467259848 ], [ 148.39391040200141, -9.127345973467939 ], [ 148.393934817290074, -9.12734085519582 ], [ 148.394187655363254, -9.127312703310615 ], [ 148.394328728600726, -9.127295774565214 ], [ 148.394341964714869, -9.12729552187451 ], [ 148.394370108684882, -9.127292388202326 ], [ 148.394808072383313, -9.127285748956194 ], [ 148.395244648519281, -9.127320998979537 ], [ 148.395304346027473, -9.127331634765858 ], [ 148.395663496671091, -9.127382769083887 ], [ 148.395761195434488, -9.127400869038711 ], [ 148.396170943924687, -9.127496462616191 ], [ 148.396570049562541, -9.127629280894036 ], [ 148.396891951226365, -9.127770487596143 ], [ 148.396950143833095, -9.127792488378939 ], [ 148.397120012586186, -9.127877081664247 ], [ 148.397131066733039, -9.127882234988997 ], [ 148.397191234410997, -9.127905841043562 ], [ 148.39726972405353, -9.127946875501442 ], [ 148.397346388542189, -9.127982615605116 ], [ 148.397395816453582, -9.12801279666612 ], [ 148.39762695835509, -9.128133637569743 ], [ 148.39803536171658, -9.128406894634628 ], [ 148.398040730771157, -9.128410923116057 ], [ 148.398056562270369, -9.128406473124175 ], [ 148.398404419086319, -9.128323227690531 ], [ 148.398757782664035, -9.128267408088007 ], [ 148.398857681475903, -9.128255608417854 ], [ 148.399301840828997, -9.128224950260485 ], [ 148.399746888481616, -9.128237586985419 ], [ 148.400188561883226, -9.128293397537256 ], [ 148.400622630802076, -9.128391847353022 ], [ 148.401029554950753, -9.128526888553848 ], [ 148.401044858553945, -9.12851378039505 ], [ 148.401385434016419, -9.128251247909423 ], [ 148.401546411671234, -9.128113715957323 ], [ 148.401616896096755, -9.128042980615859 ], [ 148.401924778423734, -9.127761195871152 ], [ 148.402257415896543, -9.127508724992605 ], [ 148.402345860227371, -9.127453594658231 ], [ 148.402349529327267, -9.127450205802019 ], [ 148.402738361768286, -9.127161269800997 ], [ 148.402971503891308, -9.12702386964156 ], [ 148.403012709974234, -9.126994390758757 ], [ 148.403326153794552, -9.126815702680343 ], [ 148.403409625559789, -9.126760220354793 ], [ 148.403843703797321, -9.126534662056008 ], [ 148.403870986975562, -9.126522295469492 ], [ 148.404134001242738, -9.126388301612094 ], [ 148.404522131109729, -9.126233461994744 ], [ 148.404922928749926, -9.126114701050312 ], [ 148.405232474272822, -9.126053046399802 ], [ 148.405490414332206, -9.1259680166379 ], [ 148.40589650348349, -9.125874117801905 ], [ 148.406309537021258, -9.125817562111537 ], [ 148.407634278549494, -9.125697319817704 ], [ 148.40905226845473, -9.125547474249007 ], [ 148.409119842446046, -9.125540839732311 ], [ 148.410584973894004, -9.125407953056211 ], [ 148.410720974220055, -9.125394217367058 ], [ 148.411086061887119, -9.125341613534538 ], [ 148.41136623175845, -9.125310020120367 ], [ 148.41219642166223, -9.125242222524127 ], [ 148.412569590992177, -9.125227034787507 ], [ 148.412942756250828, -9.125242319589079 ], [ 148.413313402378151, -9.125287973897832 ], [ 148.413690633984345, -9.12535015799706 ], [ 148.413801792895214, -9.125308249400003 ], [ 148.414191429249001, -9.12519957838531 ], [ 148.414586225012073, -9.125108080182196 ], [ 148.414951309676013, -9.125038959652302 ], [ 148.415320853008012, -9.124999686405882 ], [ 148.415519674267728, -9.124986691343716 ], [ 148.415877845425399, -9.124930719717781 ], [ 148.41633791484287, -9.12488248861912 ], [ 148.416800534061679, -9.124880943254006 ], [ 148.416857117505373, -9.124883616756739 ], [ 148.417151589884639, -9.124883789961959 ], [ 148.417636563498718, -9.124935984667113 ], [ 148.417677392760567, -9.124944852202178 ], [ 148.417874951518087, -9.124968905292127 ], [ 148.418092048751646, -9.125002605281496 ], [ 148.418158004462413, -9.125016009054811 ], [ 148.418557607208271, -9.125058700268344 ], [ 148.41900247279122, -9.125151572492683 ], [ 148.419211870209836, -9.125206272200177 ], [ 148.419277528021297, -9.125228083745053 ], [ 148.419337886068519, -9.12523436159244 ], [ 148.419675628196416, -9.125295354893614 ], [ 148.419906025307682, -9.125345954693305 ], [ 148.420298824938044, -9.125450724149749 ], [ 148.420680639983175, -9.125589939221387 ], [ 148.420709418801124, -9.125603441180836 ], [ 148.421062874263072, -9.125749305161925 ], [ 148.421087310770048, -9.125762061041838 ], [ 148.421213584407496, -9.125719061379831 ], [ 148.421679484982462, -9.125587495673663 ], [ 148.422156819091555, -9.125505902297551 ], [ 148.422640176192999, -9.125475206073713 ], [ 148.422755183518319, -9.125473999529117 ], [ 148.422852241271329, -9.125461416895927 ], [ 148.42330918022779, -9.125448159555276 ], [ 148.42376515093747, -9.125480543752767 ], [ 148.423851364468646, -9.125495416588148 ], [ 148.423969176747022, -9.125507141464889 ], [ 148.424385363379685, -9.125588000542821 ], [ 148.424792165971809, -9.125707022289243 ], [ 148.425186049762829, -9.125863172489995 ], [ 148.425332300826767, -9.125929161779322 ], [ 148.425372998130115, -9.125947524612094 ], [ 148.4253729981302, -9.125947524612126 ], [ 148.425721944021831, -9.126104970513817 ], [ 148.425922797951245, -9.126201569294594 ], [ 148.426673490433899, -9.126585466019574 ], [ 148.426743755231939, -9.126623142900197 ], [ 148.426948641109675, -9.12658551172683 ], [ 148.427322867252059, -9.126560101656358 ], [ 148.427613955885192, -9.126479811798154 ], [ 148.428083770238374, -9.126401600421209 ], [ 148.428559237970916, -9.126372641954953 ], [ 148.428559911010979, -9.126372671105251 ], [ 148.428672658278174, -9.126337765349469 ], [ 148.429085192084813, -9.12623084218041 ], [ 148.429290781817599, -9.126197582873548 ], [ 148.430024910085621, -9.125964060050762 ], [ 148.430582927219831, -9.125824529401422 ], [ 148.431551216318809, -9.125646233347783 ], [ 148.431959869863476, -9.125589893911608 ], [ 148.433063156533791, -9.12548819727265 ], [ 148.433490433396997, -9.12546888059917 ], [ 148.433917647086759, -9.125489529701673 ], [ 148.434341021217648, -9.1255499620289 ], [ 148.434756813344649, -9.125649643363278 ], [ 148.435249863944279, -9.125792528902876 ], [ 148.435334879805367, -9.125764414723905 ], [ 148.435619290482435, -9.125642362561113 ], [ 148.435739689437952, -9.125596763274631 ], [ 148.436118160801868, -9.125472008647805 ], [ 148.43650617032992, -9.125380670310937 ], [ 148.436900737086432, -9.125323449964435 ], [ 148.437298829767684, -9.125300787192288 ], [ 148.43730939757441, -9.125300646661676 ], [ 148.437496666939325, -9.125282756557519 ], [ 148.43792477926948, -9.125282038189122 ], [ 148.438351063804049, -9.125321318241669 ], [ 148.438494361972914, -9.125341318267219 ], [ 148.438771261505934, -9.125388672551489 ], [ 148.438777566125083, -9.125389951123811 ], [ 148.439145283529598, -9.125431162081288 ], [ 148.439459089596681, -9.125494355504973 ], [ 148.439659959383249, -9.125516245279977 ], [ 148.43977985785699, -9.12553614526097 ], [ 148.440109595261248, -9.125603421107956 ], [ 148.440185731085904, -9.125624892168901 ], [ 148.440314869581528, -9.125644222276462 ], [ 148.440671466426892, -9.125736174913648 ], [ 148.440773851993271, -9.125758932737861 ], [ 148.441326214695266, -9.125802145145386 ], [ 148.441365606799963, -9.125807644409331 ], [ 148.441710443722769, -9.125821732514609 ], [ 148.441735148635644, -9.125822741806292 ], [ 148.442095937896454, -9.125837481256127 ], [ 148.44266915581133, -9.125841710625364 ], [ 148.442836841011456, -9.125491048490682 ], [ 148.442937135749361, -9.125324071892429 ], [ 148.442977395144112, -9.125195134217808 ], [ 148.443161841033742, -9.124766434485798 ], [ 148.443341320624029, -9.124445466975782 ], [ 148.443391884144802, -9.124236690033655 ], [ 148.443560773327249, -9.123770790016092 ], [ 148.44377992013986, -9.123326042171602 ], [ 148.443846093059904, -9.123208517618524 ], [ 148.443864755456246, -9.123158829634631 ], [ 148.444039409324716, -9.122796026010674 ], [ 148.444245814056728, -9.1224500836883 ], [ 148.444805821049357, -9.121600088642792 ], [ 148.445077515114122, -9.121230063770197 ], [ 148.445385488337223, -9.120889260966196 ], [ 148.445726579188971, -9.120581178640904 ], [ 148.446097286208499, -9.120308979308383 ], [ 148.446493803947902, -9.120075457125669 ], [ 148.447300398923915, -9.119653762747213 ], [ 148.447677346727488, -9.119478084972316 ], [ 148.448068876238125, -9.119337392914055 ], [ 148.448471708076767, -9.119232864958096 ], [ 148.448882468212361, -9.119165376585761 ], [ 148.450112453616896, -9.119020380724521 ], [ 148.450288708824161, -9.119007430039433 ], [ 148.450427314087307, -9.118509514092635 ], [ 148.450565047140742, -9.118094082831322 ], [ 148.450742528379322, -9.117693823576717 ], [ 148.450958096458066, -9.117312482711995 ], [ 148.450996352050794, -9.117251874299617 ], [ 148.451057626028103, -9.117121789064477 ], [ 148.451268889111731, -9.116725698049084 ], [ 148.451518582809115, -9.116352348154329 ], [ 148.451804251989188, -9.116005410172251 ], [ 148.451888904072035, -9.115921215060043 ], [ 148.452099732318658, -9.115672837157788 ], [ 148.452417065120756, -9.115365439423917 ], [ 148.452762985332072, -9.115090185681408 ], [ 148.452991115736324, -9.114926120302021 ], [ 148.453070659277273, -9.114860859969873 ], [ 148.453417008102491, -9.114626400697382 ], [ 148.453456419027077, -9.114604706956094 ], [ 148.453540425112749, -9.114548037624349 ], [ 148.453867825758039, -9.114346745246861 ], [ 148.453922563540686, -9.114319156048698 ], [ 148.453980643733985, -9.114282389540071 ], [ 148.454371524499493, -9.114084716033551 ], [ 148.454779741462033, -9.113925371093117 ], [ 148.455056580922246, -9.11383235011623 ], [ 148.455142308300054, -9.113782015088924 ], [ 148.455547069005803, -9.113594868717357 ], [ 148.455826409389545, -9.113497516213588 ], [ 148.455885400781597, -9.11342872557305 ], [ 148.45618477478024, -9.113140324960582 ], [ 148.456201896425114, -9.113122297435789 ], [ 148.456276496623843, -9.113048698082151 ], [ 148.456614550675539, -9.112746957400182 ], [ 148.456981205192733, -9.112480239026114 ], [ 148.457372802118613, -9.112251203900609 ], [ 148.457785434581155, -9.112062137003338 ], [ 148.457870833871226, -9.112028037524974 ], [ 148.458285926726376, -9.111885015489646 ], [ 148.458712965154547, -9.111782456450902 ], [ 148.458783709140306, -9.111769022387289 ], [ 148.458850123721334, -9.111755543029933 ], [ 148.459215183232004, -9.111696700800467 ], [ 148.45958384553785, -9.111667525518321 ], [ 148.459679744348506, -9.111663825752757 ], [ 148.459819856961701, -9.111664513925859 ], [ 148.460023667179655, -9.111653644534966 ], [ 148.460407138708831, -9.111671772297933 ], [ 148.460646544883303, -9.11163288204701 ], [ 148.461131136484056, -9.111606234001448 ], [ 148.4611550841623, -9.111606188695978 ], [ 148.46117459008417, -9.111605455571917 ], [ 148.461288815603695, -9.111602589670557 ], [ 148.461407814112562, -9.111601089924076 ], [ 148.461648942553836, -9.111604404182167 ], [ 148.461830940239963, -9.111611704450837 ], [ 148.461909134187778, -9.111618598428224 ], [ 148.462086014581132, -9.111617019986499 ], [ 148.462203760760218, -9.111627559198016 ], [ 148.462549113462444, -9.111620238629653 ], [ 148.462999042268279, -9.111655154566041 ], [ 148.46344327590154, -9.111734206864146 ], [ 148.463877442181655, -9.111856617459454 ], [ 148.464297268005595, -9.112021181552461 ], [ 148.464466306041089, -9.112107562742583 ], [ 148.464595129358855, -9.112158796247758 ], [ 148.46499134022676, -9.112363210781298 ], [ 148.465365483925638, -9.112605237823725 ], [ 148.465713957336021, -9.112882546584006 ], [ 148.466033404528758, -9.113192466498448 ], [ 148.466320749082257, -9.113532012946964 ], [ 148.466573223708963, -9.113897915993553 ], [ 148.466788396905912, -9.114286651874506 ], [ 148.466964196372714, -9.114694476930898 ], [ 148.467098928971552, -9.115117463659109 ], [ 148.467191297036379, -9.115551538531854 ], [ 148.467209837656696, -9.115718011033785 ], [ 148.467246125148705, -9.116037762095308 ], [ 148.46725243746431, -9.116481393688426 ], [ 148.467214967100659, -9.116923503986346 ], [ 148.467134074754199, -9.117359835237153 ], [ 148.467010539302237, -9.117786185328074 ], [ 148.466845550308221, -9.11819844825432 ], [ 148.466640696571204, -9.118592653662896 ], [ 148.4663979508301, -9.118965005090702 ], [ 148.466119650769713, -9.119311916528407 ], [ 148.465808476510688, -9.119630046957987 ], [ 148.465467424801091, -9.119916332531425 ], [ 148.46509978015709, -9.12016801608017 ], [ 148.464709083231384, -9.120382673671291 ], [ 148.464299096713177, -9.120558237954549 ], [ 148.463873769089304, -9.120693018075155 ], [ 148.463437196614365, -9.12078571596048 ], [ 148.462993583857127, -9.120835438823802 ], [ 148.462819912501061, -9.120837877917978 ], [ 148.462206421693509, -9.120903450968425 ], [ 148.461790710825511, -9.120928825601354 ], [ 148.461579927136313, -9.120922487064517 ], [ 148.461373341645384, -9.121095812284853 ], [ 148.461023034903008, -9.121337747682006 ], [ 148.460811533981769, -9.121469649276346 ], [ 148.460342584168558, -9.121725218835657 ], [ 148.459846693880621, -9.121924322240554 ], [ 148.459676671080047, -9.121981282048582 ], [ 148.459520073486146, -9.122047864920747 ], [ 148.459132991308991, -9.122173107984072 ], [ 148.458995112265342, -9.122204503024168 ], [ 148.458981506574503, -9.122280524488138 ], [ 148.458891825422711, -9.122685178815315 ], [ 148.458883722113796, -9.122730329083126 ], [ 148.45880027449661, -9.123463318385205 ], [ 148.458728711924948, -9.123899652427932 ], [ 148.458669682842441, -9.124120713543611 ], [ 148.458624745188445, -9.124307374554586 ], [ 148.458475416796205, -9.124733971252759 ], [ 148.458391548201718, -9.124913465683292 ], [ 148.458331732349393, -9.125063177421977 ], [ 148.458129997160199, -9.125453041960739 ], [ 148.457891215980879, -9.125821655412722 ], [ 148.457617633893136, -9.126165551786524 ], [ 148.457311823225439, -9.126481497486816 ], [ 148.457211419751388, -9.12656688094075 ], [ 148.457190596268049, -9.126590092250884 ], [ 148.456935780476186, -9.126828655335943 ], [ 148.456705714400556, -9.127073029817488 ], [ 148.456344419911545, -9.127383873857607 ], [ 148.455952307699334, -9.127655336386466 ], [ 148.45553370463611, -9.127884421800509 ], [ 148.455093229952524, -9.128068602117175 ], [ 148.454950082248644, -9.128111545575587 ], [ 148.45473769223284, -9.128199860109655 ], [ 148.454689658415077, -9.128214614488314 ], [ 148.454564119447355, -9.128265193685612 ], [ 148.454137046336569, -9.128390568607351 ], [ 148.453699684756145, -9.12847384461112 ], [ 148.453350522181182, -9.128505637577232 ], [ 148.453197951826951, -9.128535251034727 ], [ 148.452765877774226, -9.128577211380993 ], [ 148.452331746456082, -9.128578048520327 ], [ 148.452015003446206, -9.128548521212752 ], [ 148.451649207615986, -9.128542617288161 ], [ 148.45160900622858, -9.128537909738432 ], [ 148.451600863080131, -9.128571977616156 ], [ 148.451589515275487, -9.128605001462203 ], [ 148.451527838401887, -9.128826508560362 ], [ 148.451381245940496, -9.129212171993119 ], [ 148.451199913383334, -9.129582961139604 ], [ 148.451133434096278, -9.129692280087792 ], [ 148.451023037293226, -9.13004882705744 ], [ 148.450855621566802, -9.130448647027102 ], [ 148.450667856899742, -9.130798354342621 ], [ 148.450630451134572, -9.130899708874756 ], [ 148.450426869259417, -9.131314632165545 ], [ 148.450181774542244, -9.131706761455181 ], [ 148.449897722061252, -9.132072008613212 ], [ 148.449883226455199, -9.132087161337642 ], [ 148.449750557308846, -9.132255104484285 ], [ 148.449443341721803, -9.132574219935334 ], [ 148.449106261653213, -9.132862023352089 ], [ 148.448742533689568, -9.13311576828921 ], [ 148.448355628736408, -9.133333033303504 ], [ 148.448309944371545, -9.133353123238216 ], [ 148.448069792983318, -9.133534787322859 ], [ 148.447802191933619, -9.133708189371427 ], [ 148.447338628221786, -9.133971404421542 ], [ 148.446847226903714, -9.134178833737575 ], [ 148.44669853063877, -9.134231597369354 ], [ 148.446666536445775, -9.134247693962028 ], [ 148.446564935685842, -9.134293594622266 ], [ 148.446414015650163, -9.134357073307312 ], [ 148.446335181399405, -9.134393703395537 ], [ 148.446335181398553, -9.134393703395894 ], [ 148.446335181397586, -9.134393703396405 ], [ 148.446334165538389, -9.13439417541205 ], [ 148.446326590228153, -9.134397225353682 ], [ 148.446157468648323, -9.134477460103156 ], [ 148.446030482785716, -9.134521083198381 ], [ 148.446012254589846, -9.134528943409931 ], [ 148.445966475189607, -9.134543577674089 ], [ 148.445921965056897, -9.134561670432102 ], [ 148.445907461793894, -9.134565972886808 ], [ 148.445892241352794, -9.134572100858282 ], [ 148.44551923791542, -9.134700102961396 ], [ 148.445091634453775, -9.134823919133764 ], [ 148.444653897139631, -9.134905587502049 ], [ 148.444103390686621, -9.134980789467974 ], [ 148.443558958591382, -9.135022288831998 ], [ 148.443168653696773, -9.135028689672243 ], [ 148.443084549196811, -9.135029296132977 ], [ 148.442734232845993, -9.135028603661404 ], [ 148.442297702799863, -9.13503803815493 ], [ 148.441762985631755, -9.135018313408596 ], [ 148.441247178613423, -9.134968978845411 ], [ 148.440742409679331, -9.134927622301825 ], [ 148.440675298804592, -9.134921626145479 ], [ 148.44021029284707, -9.134876626484102 ], [ 148.440115993672663, -9.134866513635901 ], [ 148.439880930912864, -9.134838838433669 ], [ 148.43986592591537, -9.134837673300442 ], [ 148.439836896689144, -9.134835326252624 ], [ 148.439617993885975, -9.134816926447307 ], [ 148.439018454447989, -9.134726217214798 ], [ 148.438508490322306, -9.134614063866715 ], [ 148.438116550300435, -9.134528407443419 ], [ 148.437695713448647, -9.134703247303817 ], [ 148.437413882124076, -9.13478572093474 ], [ 148.437322141829441, -9.134823776263669 ], [ 148.436895294441427, -9.134953719080432 ], [ 148.436457686533913, -9.135041458783226 ], [ 148.436013532216833, -9.13508615042398 ], [ 148.435965770538928, -9.135086280244893 ], [ 148.435637839759039, -9.135110178096975 ], [ 148.435158020312457, -9.135094733309918 ], [ 148.434682510193653, -9.13502912426492 ], [ 148.434216604769546, -9.13491408156526 ], [ 148.434062616573982, -9.134867359028844 ], [ 148.433696411556269, -9.134812241263432 ], [ 148.433483408860553, -9.134771141154369 ], [ 148.433139123034067, -9.134680377816741 ], [ 148.43292678271257, -9.134717516123755 ], [ 148.432554798589649, -9.134751648120456 ], [ 148.432484483628826, -9.134755214920158 ], [ 148.43247373917572, -9.13475808054066 ], [ 148.432424696621808, -9.134769714572391 ], [ 148.432406610050634, -9.134776619703343 ], [ 148.431919559983896, -9.134931951439519 ], [ 148.431591058907429, -9.13499746059191 ], [ 148.431378257119064, -9.135047372018864 ], [ 148.431161173673104, -9.135101312815422 ], [ 148.431151139123301, -9.135103794153839 ], [ 148.431050957653156, -9.135128446839488 ], [ 148.43050098846399, -9.135296553336676 ], [ 148.430118316924336, -9.135395651785883 ], [ 148.429728431221349, -9.13546134910731 ], [ 148.429532938258831, -9.135477121247293 ], [ 148.429127202298162, -9.135580916669067 ], [ 148.428645631665916, -9.135650761452643 ], [ 148.428159308797404, -9.135669081768318 ], [ 148.427972865551368, -9.135666186071031 ], [ 148.427880149144869, -9.135675206302288 ], [ 148.427686542094733, -9.135717963494734 ], [ 148.427420611661944, -9.135785554811708 ], [ 148.426961692576668, -9.135877488713724 ], [ 148.426495696237566, -9.135922065083147 ], [ 148.426027557471116, -9.135918811835001 ], [ 148.425562233800207, -9.135867763392181 ], [ 148.425104652938813, -9.135769460322024 ], [ 148.424696147916535, -9.135659559713744 ], [ 148.424376226458719, -9.135560791271809 ], [ 148.42406448604217, -9.135438893921814 ], [ 148.423523380141631, -9.135204092032776 ], [ 148.423036923451861, -9.1349574591741 ], [ 148.42289672539826, -9.13487548656235 ], [ 148.422572213828886, -9.135038003664468 ], [ 148.422160764621566, -9.13519648270549 ], [ 148.421735800964967, -9.135314600514903 ], [ 148.421301321200644, -9.135391245735317 ], [ 148.420861413218688, -9.135425697210627 ], [ 148.420420215991982, -9.135417630772734 ], [ 148.420325941493644, -9.135406767763374 ], [ 148.420172362217954, -9.135403296758158 ], [ 148.41974320344508, -9.135352835978042 ], [ 148.419320798876555, -9.135262134010176 ], [ 148.418908960226759, -9.135132009313768 ], [ 148.418511403858304, -9.134963636093289 ], [ 148.418131717242517, -9.134758533702147 ], [ 148.417773326583642, -9.134518552931548 ], [ 148.417439465898838, -9.134245859308065 ], [ 148.417378190180926, -9.134190761061474 ], [ 148.417305454356608, -9.13417749803277 ], [ 148.416709654592296, -9.13403214868651 ], [ 148.416665789591974, -9.134044261614449 ], [ 148.416423047286997, -9.134150349914091 ], [ 148.41601741163467, -9.134305102505598 ], [ 148.415598770429881, -9.134420691367932 ], [ 148.415170942530892, -9.13449606207098 ], [ 148.415146363699677, -9.13449801795119 ], [ 148.414436247879678, -9.134610805588139 ], [ 148.413965454021195, -9.134660784604989 ], [ 148.413491982857181, -9.134661864112354 ], [ 148.413020963012627, -9.134614032387832 ], [ 148.412557496562982, -9.134517807514079 ], [ 148.412155812682784, -9.134389901174995 ], [ 148.411765976177549, -9.134427935681392 ], [ 148.411569013589286, -9.134442869775485 ], [ 148.411151796066719, -9.134465462348071 ], [ 148.410958923656892, -9.134492036102928 ], [ 148.410726143450546, -9.134518057439422 ], [ 148.410102435879793, -9.134571659275496 ], [ 148.409978385649168, -9.134580624109923 ], [ 148.409458306831681, -9.134611112276692 ], [ 148.408867624533656, -9.134676001397304 ], [ 148.408812020092029, -9.134681766285254 ], [ 148.408247023896507, -9.134736857334184 ], [ 148.408033568332172, -9.134762954042998 ], [ 148.407758338726666, -9.134802040810298 ], [ 148.407559236003863, -9.134983521925383 ], [ 148.407435530775274, -9.135079061690742 ], [ 148.407381492733663, -9.135195452473019 ], [ 148.407127729835707, -9.135615489295642 ], [ 148.406829723080648, -9.136005771799095 ], [ 148.406769223449771, -9.136076672337413 ], [ 148.406755304623516, -9.136092906260243 ], [ 148.406532605935354, -9.136351408240069 ], [ 148.406234030045766, -9.13666616685555 ], [ 148.405906551888194, -9.136951127444156 ], [ 148.40555316921521, -9.137203681383502 ], [ 148.405177116939768, -9.137421516702645 ], [ 148.405008663764562, -9.137498704369387 ], [ 148.40499847215375, -9.137504444859752 ], [ 148.404933002478742, -9.137533704684007 ], [ 148.404813040322693, -9.13760541784184 ], [ 148.40439741048371, -9.137800126259959 ], [ 148.403964136906012, -9.137952175822138 ], [ 148.403517639607287, -9.13806001537032 ], [ 148.403062473526631, -9.138122544751925 ], [ 148.402430345202163, -9.138177236266392 ], [ 148.402130834615747, -9.138211293371691 ], [ 148.401090375404408, -9.13836729424543 ], [ 148.400625826253076, -9.138412875398108 ], [ 148.40015902246418, -9.138410907659541 ], [ 148.399694878941943, -9.138361411719963 ], [ 148.399238282583724, -9.138264908686766 ], [ 148.399113866498226, -9.138225001304439 ], [ 148.399015504351922, -9.138246493323823 ], [ 148.398569109416968, -9.138298894434831 ], [ 148.398119689850091, -9.138307261130983 ], [ 148.397671633097929, -9.138271511707938 ], [ 148.397390663298097, -9.13823513792725 ], [ 148.397207289083298, -9.138223005537595 ], [ 148.396782344379318, -9.138174866422327 ], [ 148.396363826477199, -9.138087281784593 ], [ 148.395955434417175, -9.137961025714283 ], [ 148.395787745862236, -9.137891422676201 ], [ 148.39562421933249, -9.138253493651877 ], [ 148.395394123661703, -9.138689695627344 ], [ 148.395219086204179, -9.138992477035499 ], [ 148.395004705109699, -9.139332226915023 ], [ 148.394958228593339, -9.139409313666775 ], [ 148.394953160353481, -9.139418318997281 ], [ 148.394512551719714, -9.140204847520904 ], [ 148.394512551719458, -9.140204847521344 ], [ 148.394512551719231, -9.140204847521765 ], [ 148.394499666745048, -9.140227848380833 ], [ 148.394499666745048, -9.140227848380865 ], [ 148.394456158623086, -9.140305514342089 ], [ 148.394391555532962, -9.140417070164135 ], [ 148.394072460334314, -9.140950372977075 ], [ 148.394044865408972, -9.140995881360249 ], [ 148.393677170664319, -9.141594284614664 ], [ 148.393424272281948, -9.141963526810537 ], [ 148.393183322151486, -9.142280452933324 ], [ 148.393083002638008, -9.142415684999936 ], [ 148.392910483020728, -9.142633891655469 ], [ 148.392742284092918, -9.142833693155772 ], [ 148.392528853152044, -9.143067228832633 ], [ 148.392276104776755, -9.143368636982519 ], [ 148.392206818259098, -9.143466170837188 ], [ 148.392148418721263, -9.14354037136032 ], [ 148.392073280957845, -9.143626300267208 ], [ 148.392064841848054, -9.143637540768411 ], [ 148.392040081576539, -9.143664267664581 ], [ 148.391840325267282, -9.143892712289418 ], [ 148.391754684309859, -9.143972332702267 ], [ 148.391747267636902, -9.143980338437821 ], [ 148.391725819515841, -9.143999168294812 ], [ 148.391683178969117, -9.144038811191036 ], [ 148.391582064558122, -9.14414555490907 ], [ 148.391230101871997, -9.144448173854613 ], [ 148.390848869588268, -9.144713474547997 ], [ 148.390707129522383, -9.144791997990934 ], [ 148.390366032981888, -9.144986629365244 ], [ 148.38994868635038, -9.145172181888123 ], [ 148.38951470635709, -9.145315168992546 ], [ 148.389068476094451, -9.145414146512961 ], [ 148.38861450239844, -9.145468114769256 ], [ 148.38815737032624, -9.145476528665389 ], [ 148.387701696842925, -9.145439303196506 ], [ 148.387252084185604, -9.145356814308455 ], [ 148.386813073376146, -9.145229895101538 ], [ 148.386389098352282, -9.145059827416311 ], [ 148.386084195125989, -9.144919426246142 ], [ 148.385615894768534, -9.144669789527004 ], [ 148.385180081845846, -9.144367587409169 ], [ 148.384880405339146, -9.144132776060234 ], [ 148.384701279314157, -9.144004461347494 ], [ 148.384313206194605, -9.143652210535191 ], [ 148.383998105487308, -9.143331107738172 ], [ 148.383711285394639, -9.143009578871801 ], [ 148.383456474679576, -9.14266244344349 ], [ 148.38323597476537, -9.142292836851407 ], [ 148.38305177715327, -9.141904097451418 ], [ 148.382905545437012, -9.141499736402416 ], [ 148.382798600280069, -9.141083405951168 ], [ 148.382751431017454, -9.140783145527806 ], [ 148.38270869480246, -9.140755881060048 ], [ 148.382358434800835, -9.140480745488738 ], [ 148.382036998529827, -9.140172816189413 ], [ 148.381747481626491, -9.139835058767622 ], [ 148.381492672294968, -9.139470726093833 ], [ 148.381275024454425, -9.139083326973262 ], [ 148.381096634108104, -9.138676592351056 ], [ 148.380959219159848, -9.138254439378166 ], [ 148.380864102873517, -9.137820933684164 ], [ 148.38081220113358, -9.137380250220568 ], [ 148.380804013630183, -9.136936633051576 ], [ 148.380839619052352, -9.136494354479872 ], [ 148.38089790683398, -9.136172388180267 ], [ 148.380873349978657, -9.136157071436466 ], [ 148.38053766489702, -9.135901646914306 ], [ 148.380514508570968, -9.135880362197007 ], [ 148.380269118015946, -9.135692242305501 ], [ 148.379975959263874, -9.135423687539934 ], [ 148.37983932055684, -9.135274493919443 ], [ 148.37970215070581, -9.135145567783423 ], [ 148.379380043271937, -9.134768435310182 ], [ 148.379147643882106, -9.134464032840958 ], [ 148.378926597139781, -9.134147317680609 ], [ 148.378731098497525, -9.133840015356572 ], [ 148.37853734798702, -9.133504490215518 ], [ 148.378373168069828, -9.13315373300285 ], [ 148.378239760655219, -9.132790311673389 ], [ 148.378217885907844, -9.13272174221629 ], [ 148.378203278920779, -9.132683915234535 ], [ 148.378132221223751, -9.132502472943257 ], [ 148.377985758475063, -9.132063189065949 ], [ 148.377885246974955, -9.131611327288411 ], [ 148.377831739584195, -9.131151621634828 ], [ 148.377825796704172, -9.130688888290804 ], [ 148.377867480413016, -9.130227975144297 ], [ 148.377888926098279, -9.130118358555162 ], [ 148.377961340179723, -9.129729385934821 ], [ 148.378075853036165, -9.129326819471073 ], [ 148.378227315930928, -9.128936495245364 ], [ 148.378273444612176, -9.128844112689551 ], [ 148.378323678236086, -9.1287223041858 ], [ 148.378545214497223, -9.128311595462536 ], [ 148.378808111498302, -9.127925730499127 ], [ 148.37910957632235, -9.127568808362346 ], [ 148.379446406372296, -9.127244620641365 ], [ 148.379815023395281, -9.126956611172306 ], [ 148.379853194902182, -9.126932660948556 ], [ 148.379937193080679, -9.126868378016669 ], [ 148.380272233500989, -9.126666495414055 ], [ 148.380271957824505, -9.126654771044883 ], [ 148.380262687643352, -9.126542045953883 ], [ 148.380265926904627, -9.12639827853285 ], [ 148.38026225995614, -9.126242323987341 ], [ 148.380272544388845, -9.126104577017976 ], [ 148.380273268154326, -9.126072454451251 ], [ 148.380277295996791, -9.126040935238468 ], [ 148.380295045138666, -9.125803207928939 ], [ 148.380370654879755, -9.125369343835303 ], [ 148.380488371875202, -9.124944846840339 ], [ 148.380503061751057, -9.124906795374507 ], [ 148.380625117208155, -9.124510856102596 ], [ 148.380799712435618, -9.124096600838801 ], [ 148.381014801193601, -9.123701605111453 ], [ 148.381268260878414, -9.123329766674638 ], [ 148.381557590270148, -9.122984754755022 ], [ 148.381769577622151, -9.122777741271248 ], [ 148.38181722394512, -9.122699334393785 ], [ 148.381890524708467, -9.122596035049579 ], [ 148.38215473207228, -9.122258758072061 ], [ 148.382290849890836, -9.122115306149167 ], [ 148.382299208883722, -9.121859734396281 ], [ 148.382305538803138, -9.121811509371582 ], [ 148.382307057377659, -9.121754775141317 ], [ 148.382371965545332, -9.1212751287218 ], [ 148.382488088522081, -9.120805125511323 ], [ 148.382524689975611, -9.120685125744966 ], [ 148.382691662737898, -9.120227891481205 ], [ 148.382907093366015, -9.1197911306677 ], [ 148.383128953695092, -9.119442095159567 ], [ 148.383355587453536, -9.11905429032479 ], [ 148.383369094379958, -9.119036052097339 ], [ 148.383371295984546, -9.119031862633896 ], [ 148.383629477456822, -9.118643824178587 ], [ 148.383746377669041, -9.118502246361583 ], [ 148.383711905328738, -9.118421794861643 ], [ 148.383581817231061, -9.118015841458712 ], [ 148.383490754776602, -9.117599520794023 ], [ 148.383439526449706, -9.117176529711355 ], [ 148.383428587007586, -9.116750624274593 ], [ 148.383458033447226, -9.116325586413753 ], [ 148.383527604148782, -9.115905190341742 ], [ 148.383636681204024, -9.115493169040153 ], [ 148.383784295908242, -9.115093181111648 ], [ 148.383861539522655, -9.114932542659044 ], [ 148.383926642667717, -9.114776519663453 ], [ 148.383978343831046, -9.114666520091316 ], [ 148.384020866207095, -9.114587250946732 ], [ 148.384044483179565, -9.114305572865808 ], [ 148.384124244248056, -9.11387172311297 ], [ 148.384246157130463, -9.113447661002494 ], [ 148.384403953533251, -9.113050285276175 ], [ 148.384301960991564, -9.112940276985714 ], [ 148.384206347180026, -9.112849397982801 ], [ 148.383906677067188, -9.112500179853672 ], [ 148.383644175506333, -9.112122565256719 ], [ 148.383421547640864, -9.111720445749603 ], [ 148.383241087665255, -9.111297965419675 ], [ 148.383104655185463, -9.11085947817382 ], [ 148.383013656059347, -9.110409502866482 ], [ 148.382971059386932, -9.110124701830784 ], [ 148.382928199620892, -9.109703060828597 ], [ 148.382925249748695, -9.109279283678289 ], [ 148.382962235547041, -9.108857093641783 ], [ 148.383038831922107, -9.108440200023797 ], [ 148.383154365770991, -9.108032265582109 ], [ 148.383307821900189, -9.107636874347277 ], [ 148.383362707416268, -9.107527301494331 ], [ 148.383332997375362, -9.107327141559946 ], [ 148.383310070525823, -9.10691607341349 ], [ 148.383324861689744, -9.10650463672685 ], [ 148.383377248091904, -9.106096243057172 ], [ 148.383476855334635, -9.105527543235988 ], [ 148.383596229806955, -9.105020707778984 ], [ 148.383773427179506, -9.104530868578296 ], [ 148.383965632117082, -9.104082470108901 ], [ 148.384037600270347, -9.1039231771683 ], [ 148.384134004622098, -9.103720371218024 ], [ 148.384114075937219, -9.103457109068623 ], [ 148.384110466214622, -9.10329243876731 ], [ 148.384095562798763, -9.103254702589414 ], [ 148.38375641569894, -9.103257876298192 ], [ 148.38327871112341, -9.103212091469608 ], [ 148.382808518382546, -9.1031165404516 ], [ 148.382351071041967, -9.102972286763245 ], [ 148.38226064894809, -9.102932928474575 ], [ 148.38221631120004, -9.102919173721608 ], [ 148.381719007300205, -9.102732559250388 ], [ 148.381411545258146, -9.102574270525894 ], [ 148.381284036715101, -9.102513399705982 ], [ 148.381187084115197, -9.102454153554769 ], [ 148.381157275661536, -9.102436539466742 ], [ 148.381157275661081, -9.102436539466456 ], [ 148.381157275660598, -9.102436539466209 ], [ 148.381137001361139, -9.10242455919458 ], [ 148.381130212361541, -9.102420152751295 ], [ 148.381073276985006, -9.102391006428213 ], [ 148.38091383073899, -9.102287172614517 ], [ 148.380883221433066, -9.10226846771379 ], [ 148.38087223478675, -9.102260084676498 ], [ 148.380676192521605, -9.102132418743171 ], [ 148.380308385619031, -9.101834108432463 ], [ 148.380160771579654, -9.101686379592941 ], [ 148.38004524613379, -9.101675975977466 ], [ 148.37963543761748, -9.101601018905024 ], [ 148.379347529232575, -9.101520705391907 ], [ 148.379307236015734, -9.101510451449482 ], [ 148.379237044207571, -9.10149258880859 ], [ 148.379152763947843, -9.10147114087153 ], [ 148.379152763947644, -9.10147114087148 ], [ 148.379140364541485, -9.101467985425035 ], [ 148.37914036454066, -9.101467985424785 ], [ 148.379140364539921, -9.101467985424634 ], [ 148.37904705687157, -9.101444240130425 ], [ 148.378971226596747, -9.101421172605676 ], [ 148.378939415812454, -9.101413257747705 ], [ 148.378908972354424, -9.10140223488736 ], [ 148.378643954543321, -9.101321616416161 ], [ 148.378254004569044, -9.101162430621796 ], [ 148.377880555929607, -9.100968049858862 ], [ 148.377526815876422, -9.10074014350212 ], [ 148.377400157759382, -9.100640852903769 ], [ 148.377251444940271, -9.100539251303029 ], [ 148.377070796263411, -9.100387190650038 ], [ 148.376799801342258, -9.100177524791105 ], [ 148.376455998555713, -9.099848552624561 ], [ 148.376148765065949, -9.099485591147431 ], [ 148.376038075523695, -9.099339951744188 ], [ 148.37580476949978, -9.099158426499255 ], [ 148.375460751742878, -9.098862000574512 ], [ 148.375148271061676, -9.098532879563471 ], [ 148.374870457811738, -9.09817436058888 ], [ 148.374630095025736, -9.09779003527602 ], [ 148.374573063667299, -9.097674472968881 ], [ 148.374492430918735, -9.097538828748894 ], [ 148.374296629967631, -9.097114992116961 ], [ 148.374145800542351, -9.096673362555567 ], [ 148.374041547415771, -9.096218639313397 ], [ 148.374026410630563, -9.096132263285883 ], [ 148.373896001025713, -9.095529049927105 ], [ 148.373839149688877, -9.095183304207708 ], [ 148.373789645067717, -9.094958065700981 ], [ 148.373737479373801, -9.094511753313574 ], [ 148.37373014152584, -9.094062498571571 ], [ 148.373737783050103, -9.093971408035356 ], [ 148.373667213795585, -9.093803535279131 ], [ 148.373663257711399, -9.093795753862207 ], [ 148.373547916499007, -9.093640337248246 ], [ 148.373499310887127, -9.093581735501893 ], [ 148.373447197539718, -9.093504623243849 ], [ 148.37343387442283, -9.093486670966881 ], [ 148.373425425558082, -9.093472407171376 ], [ 148.373250968033375, -9.093214261510607 ], [ 148.373039972312711, -9.092824410111156 ], [ 148.372947755241995, -9.092604921991732 ], [ 148.372905407517123, -9.092516673329223 ], [ 148.372875039447507, -9.092431849093336 ], [ 148.372868346362708, -9.092415918683953 ], [ 148.372862162104241, -9.09239588002144 ], [ 148.37274813650879, -9.092077382638511 ], [ 148.372637222302757, -9.091624328669734 ], [ 148.372632268658293, -9.091588218726116 ], [ 148.372630250323908, -9.091581569859608 ], [ 148.3725447446852, -9.091155579413986 ], [ 148.372525003718295, -9.090961592956425 ], [ 148.37236852447964, -9.090793166740946 ], [ 148.372283868797155, -9.090682056751811 ], [ 148.37210855615146, -9.090476164082121 ], [ 148.371875596362941, -9.090147220930335 ], [ 148.371672975402447, -9.089798998873 ], [ 148.371428878400224, -9.089332795660702 ], [ 148.371229691999304, -9.088897607175996 ], [ 148.37122587190666, -9.088887934048811 ], [ 148.371110117102432, -9.088722495769344 ], [ 148.370872035620948, -9.088287310054191 ], [ 148.370862504644407, -9.088264160289814 ], [ 148.370731593525278, -9.088027252361535 ], [ 148.370550713646821, -9.087602176141528 ], [ 148.370414376444018, -9.087160986107888 ], [ 148.370402540531757, -9.087101697080424 ], [ 148.37039876261889, -9.087089509755684 ], [ 148.370308544956174, -9.086642609821208 ], [ 148.370264057034035, -9.086188952270851 ], [ 148.37026450271054, -9.086069018341288 ], [ 148.370211119552465, -9.085929035518937 ], [ 148.370106975102829, -9.085567989844069 ], [ 148.370071687730444, -9.085423204168519 ], [ 148.370005184224055, -9.085284074003752 ], [ 148.369855824614802, -9.084873456317089 ], [ 148.36975140050555, -9.084467496519759 ], [ 148.369593213153479, -9.084377331097221 ], [ 148.369217534903896, -9.084109415885502 ], [ 148.368871161411448, -9.083804977749999 ], [ 148.368557671537019, -9.083467162300748 ], [ 148.368280304344069, -9.083099460015783 ], [ 148.368041925631189, -9.082705670173034 ], [ 148.367755961716824, -9.082173822691194 ], [ 148.367535356482847, -9.081850338395578 ], [ 148.367314802214594, -9.081492171691295 ], [ 148.367188767400904, -9.08123697396621 ], [ 148.367090138332628, -9.081063232002329 ], [ 148.366917237316613, -9.080679000089615 ], [ 148.366899744420323, -9.080627813214656 ], [ 148.366874313555115, -9.080573582828444 ], [ 148.366852478144892, -9.080514716913456 ], [ 148.366660627175065, -9.080304802951195 ], [ 148.36662070241843, -9.080251464550493 ], [ 148.366564551113498, -9.080192972403571 ], [ 148.366288710885129, -9.079842205333025 ], [ 148.366048916158945, -9.079466173578599 ], [ 148.365847491993634, -9.079068523314856 ], [ 148.365707406305432, -9.078707299377166 ], [ 148.36564232329593, -9.078605328616051 ], [ 148.365533129617802, -9.078412519367172 ], [ 148.365458261032472, -9.078291775450326 ], [ 148.365421304321416, -9.078215063039487 ], [ 148.36540757809388, -9.078190825833756 ], [ 148.365388854166468, -9.078147705018271 ], [ 148.365250613211316, -9.077860752637713 ], [ 148.36508989685845, -9.077410352330354 ], [ 148.365055987769153, -9.077269632974549 ], [ 148.365053114734508, -9.077260732276608 ], [ 148.365041428720275, -9.077209214320352 ], [ 148.365007242999496, -9.077067346754816 ], [ 148.36495758540795, -9.07690508146379 ], [ 148.364836001280509, -9.076408539182413 ], [ 148.364771568517597, -9.075901530796051 ], [ 148.364757209107324, -9.075695327651074 ] ] ] } }
]
}
