<?xml version="1.0" encoding="utf-8" standalone="yes"?>
<gpx version="1.1" creator="Locus Map, Android"
 xmlns="http://www.topografix.com/GPX/1/1"
 xmlns:xsi="http://www.w3.org/2001/XMLSchema-instance"
 xsi:schemaLocation="http://www.topografix.com/GPX/1/1 http://www.topografix.com/GPX/1/1/gpx.xsd"
 xmlns:gpxx="http://www.garmin.com/xmlschemas/GpxExtensions/v3"
 xmlns:gpxtrkx="http://www.garmin.com/xmlschemas/TrackStatsExtension/v1"
 xmlns:gpxtpx="http://www.garmin.com/xmlschemas/TrackPointExtension/v2"
 xmlns:locus="https://www.locusmap.app">
	<metadata>
		<desc>File with points/tracks from Locus Map/4.31.3</desc>
		<time>2026-03-10T06:54:41.366Z</time>
	</metadata>
<trk>
	<name>Afore Guest house 2026-02-01 09:23</name>
<desc><![CDATA[Track from Afore to Koruvo]]></desc>
	<extensions>
		<line xmlns="http://www.topografix.com/GPX/gpx_style/0/2">
			<color>0000FF</color>
			<opacity>0.70</opacity>
			<width>6.0</width>
			<extensions>
				<locus:lsColorBase>#B30000FF</locus:lsColorBase>
				<locus:lsWidth>6.0</locus:lsWidth>
				<locus:lsUnits>PIXELS</locus:lsUnits>
			</extensions>
		</line>
		<locus:activity>walking</locus:activity>
	</extensions>
<trkseg>
<trkpt lat="-9.1379230" lon="148.3861228">
	<ele>729.73</ele>
	<time>2026-01-31T23:23:21.693Z</time>
	<hdop>3.79</hdop>
	<extensions>
		<gpxtpx:TrackPointExtension>
			<gpxtpx:course>340.17514</gpxtpx:course>
		</gpxtpx:TrackPointExtension>
	</extensions>
</trkpt>
<trkpt lat="-9.1378149" lon="148.3860288">
	<ele>732.60</ele>
	<time>2026-01-31T23:23:31.693Z</time>
	<hdop>3.79</hdop>
	<extensions>
		<gpxtpx:TrackPointExtension>
			<gpxtpx:course>323.0205</gpxtpx:course>
		</gpxtpx:TrackPointExtension>
	</extensions>
</trkpt>
<trkpt lat="-9.1376912" lon="148.3859374">
	<ele>730.42</ele>
	<time>2026-01-31T23:23:41.694Z</time>
	<hdop>3.79</hdop>
	<extensions>
		<gpxtpx:TrackPointExtension>
			<gpxtpx:course>317.9696</gpxtpx:course>
		</gpxtpx:TrackPointExtension>
	</extensions>
</trkpt>
<trkpt lat="-9.1375808" lon="148.3858148">
	<ele>731.70</ele>
	<time>2026-01-31T23:23:52.693Z</time>
	<hdop>3.79</hdop>
	<extensions>
		<gpxtpx:TrackPointExtension>
			<gpxtpx:course>327.04504</gpxtpx:course>
		</gpxtpx:TrackPointExtension>
	</extensions>
</trkpt>
<trkpt lat="-9.1374812" lon="148.3857319">
	<ele>729.47</ele>
	<time>2026-01-31T23:24:02.694Z</time>
	<hdop>3.79</hdop>
	<extensions>
		<gpxtpx:TrackPointExtension>
			<gpxtpx:course>314.41266</gpxtpx:course>
		</gpxtpx:TrackPointExtension>
	</extensions>
</trkpt>
<trkpt lat="-9.1373738" lon="148.3856283">
	<ele>729.96</ele>
	<time>2026-01-31T23:24:13.693Z</time>
	<hdop>3.79</hdop>
	<extensions>
		<gpxtpx:TrackPointExtension>
			<gpxtpx:course>314.9847</gpxtpx:course>
		</gpxtpx:TrackPointExtension>
	</extensions>
</trkpt>
<trkpt lat="-9.1372815" lon="148.3855133">
	<ele>729.44</ele>
	<time>2026-01-31T23:24:23.693Z</time>
	<hdop>3.79</hdop>
	<extensions>
		<gpxtpx:TrackPointExtension>
			<gpxtpx:course>319.9042</gpxtpx:course>
		</gpxtpx:TrackPointExtension>
	</extensions>
</trkpt>
<trkpt lat="-9.1371646" lon="148.3854321">
	<ele>728.63</ele>
	<time>2026-01-31T23:24:33.693Z</time>
	<hdop>3.79</hdop>
	<extensions>
		<gpxtpx:TrackPointExtension>
			<gpxtpx:course>323.97894</gpxtpx:course>
		</gpxtpx:TrackPointExtension>
	</extensions>
</trkpt>
<trkpt lat="-9.1370539" lon="148.3853693">
	<ele>728.43</ele>
	<time>2026-01-31T23:24:43.693Z</time>
	<hdop>3.79</hdop>
	<extensions>
		<gpxtpx:TrackPointExtension>
			<gpxtpx:course>330.02704</gpxtpx:course>
		</gpxtpx:TrackPointExtension>
	</extensions>
</trkpt>
<trkpt lat="-9.1369597" lon="148.3852842">
	<ele>728.89</ele>
	<time>2026-01-31T23:24:53.693Z</time>
	<hdop>3.79</hdop>
	<extensions>
		<gpxtpx:TrackPointExtension>
			<gpxtpx:course>316.85898</gpxtpx:course>
		</gpxtpx:TrackPointExtension>
	</extensions>
</trkpt>
<trkpt lat="-9.1368700" lon="148.3851984">
	<ele>728.10</ele>
	<time>2026-01-31T23:25:03.693Z</time>
	<hdop>3.79</hdop>
	<extensions>
		<gpxtpx:TrackPointExtension>
			<gpxtpx:course>315.98343</gpxtpx:course>
		</gpxtpx:TrackPointExtension>
	</extensions>
</trkpt>
<trkpt lat="-9.1368319" lon="148.3850855">
	<ele>727.16</ele>
	<time>2026-01-31T23:25:13.693Z</time>
	<hdop>3.79</hdop>
	<extensions>
		<gpxtpx:TrackPointExtension>
			<gpxtpx:course>265.23984</gpxtpx:course>
		</gpxtpx:TrackPointExtension>
	</extensions>
</trkpt>
<trkpt lat="-9.1368284" lon="148.3849397">
	<ele>726.71</ele>
	<time>2026-01-31T23:25:23.693Z</time>
	<hdop>3.79</hdop>
	<extensions>
		<gpxtpx:TrackPointExtension>
			<gpxtpx:course>275.73566</gpxtpx:course>
		</gpxtpx:TrackPointExtension>
	</extensions>
</trkpt>
<trkpt lat="-9.1368106" lon="148.3848057">
	<ele>726.15</ele>
	<time>2026-01-31T23:25:33.694Z</time>
	<hdop>3.79</hdop>
	<extensions>
		<gpxtpx:TrackPointExtension>
			<gpxtpx:course>281.78952</gpxtpx:course>
		</gpxtpx:TrackPointExtension>
	</extensions>
</trkpt>
<trkpt lat="-9.1367665" lon="148.3846743">
	<ele>725.51</ele>
	<time>2026-01-31T23:25:44.694Z</time>
	<hdop>3.79</hdop>
	<extensions>
		<gpxtpx:TrackPointExtension>
			<gpxtpx:course>286.761</gpxtpx:course>
		</gpxtpx:TrackPointExtension>
	</extensions>
</trkpt>
<trkpt lat="-9.1367109" lon="148.3845269">
	<ele>724.90</ele>
	<time>2026-01-31T23:25:55.693Z</time>
	<hdop>3.79</hdop>
	<extensions>
		<gpxtpx:TrackPointExtension>
			<gpxtpx:course>297.55023</gpxtpx:course>
		</gpxtpx:TrackPointExtension>
	</extensions>
</trkpt>
<trkpt lat="-9.1367042" lon="148.3843876">
	<ele>725.69</ele>
	<time>2026-01-31T23:26:05.694Z</time>
	<hdop>3.79</hdop>
	<extensions>
		<gpxtpx:TrackPointExtension>
			<gpxtpx:course>250.88214</gpxtpx:course>
		</gpxtpx:TrackPointExtension>
	</extensions>
</trkpt>
<trkpt lat="-9.1367124" lon="148.3842514">
	<ele>724.64</ele>
	<time>2026-01-31T23:26:15.694Z</time>
	<hdop>3.79</hdop>
	<extensions>
		<gpxtpx:TrackPointExtension>
			<gpxtpx:course>271.94766</gpxtpx:course>
		</gpxtpx:TrackPointExtension>
	</extensions>
</trkpt>
<trkpt lat="-9.1367217" lon="148.3841306">
	<ele>723.26</ele>
	<time>2026-01-31T23:26:25.694Z</time>
	<hdop>3.79</hdop>
	<extensions>
		<gpxtpx:TrackPointExtension>
			<gpxtpx:course>260.90744</gpxtpx:course>
		</gpxtpx:TrackPointExtension>
	</extensions>
</trkpt>
<trkpt lat="-9.1367530" lon="148.3840144">
	<ele>723.35</ele>
	<time>2026-01-31T23:26:35.694Z</time>
	<hdop>3.79</hdop>
	<extensions>
		<gpxtpx:TrackPointExtension>
			<gpxtpx:course>259.97623</gpxtpx:course>
		</gpxtpx:TrackPointExtension>
	</extensions>
</trkpt>
<trkpt lat="-9.1367414" lon="148.3838672">
	<ele>723.10</ele>
	<time>2026-01-31T23:26:46.693Z</time>
	<hdop>3.79</hdop>
	<extensions>
		<gpxtpx:TrackPointExtension>
			<gpxtpx:course>271.10214</gpxtpx:course>
		</gpxtpx:TrackPointExtension>
	</extensions>
</trkpt>
<trkpt lat="-9.1367412" lon="148.3837428">
	<ele>720.57</ele>
	<time>2026-01-31T23:26:56.693Z</time>
	<hdop>3.79</hdop>
	<extensions>
		<gpxtpx:TrackPointExtension>
			<gpxtpx:course>254.18762</gpxtpx:course>
		</gpxtpx:TrackPointExtension>
	</extensions>
</trkpt>
<trkpt lat="-9.1367817" lon="148.3836192">
	<ele>717.26</ele>
	<time>2026-01-31T23:27:06.693Z</time>
	<hdop>3.79</hdop>
	<extensions>
		<gpxtpx:TrackPointExtension>
			<gpxtpx:course>243.53424</gpxtpx:course>
		</gpxtpx:TrackPointExtension>
	</extensions>
</trkpt>
<trkpt lat="-9.1368454" lon="148.3834998">
	<ele>714.85</ele>
	<time>2026-01-31T23:27:16.694Z</time>
	<hdop>3.79</hdop>
	<extensions>
		<gpxtpx:TrackPointExtension>
			<gpxtpx:course>237.99664</gpxtpx:course>
		</gpxtpx:TrackPointExtension>
	</extensions>
</trkpt>
<trkpt lat="-9.1369253" lon="148.3833735">
	<ele>713.81</ele>
	<time>2026-01-31T23:27:27.694Z</time>
	<hdop>3.79</hdop>
	<extensions>
		<gpxtpx:TrackPointExtension>
			<gpxtpx:course>223.09563</gpxtpx:course>
		</gpxtpx:TrackPointExtension>
	</extensions>
</trkpt>
<trkpt lat="-9.1369968" lon="148.3832428">
	<ele>712.26</ele>
	<time>2026-01-31T23:27:38.693Z</time>
	<hdop>3.79</hdop>
	<extensions>
		<gpxtpx:TrackPointExtension>
			<gpxtpx:course>239.25015</gpxtpx:course>
		</gpxtpx:TrackPointExtension>
	</extensions>
</trkpt>
<trkpt lat="-9.1370708" lon="148.3831334">
	<ele>711.70</ele>
	<time>2026-01-31T23:27:48.693Z</time>
	<hdop>3.79</hdop>
	<extensions>
		<gpxtpx:TrackPointExtension>
			<gpxtpx:course>211.12479</gpxtpx:course>
		</gpxtpx:TrackPointExtension>
	</extensions>
</trkpt>
<trkpt lat="-9.1371437" lon="148.3830306">
	<ele>709.81</ele>
	<time>2026-01-31T23:27:58.693Z</time>
	<hdop>3.79</hdop>
	<extensions>
		<gpxtpx:TrackPointExtension>
			<gpxtpx:course>212.51334</gpxtpx:course>
		</gpxtpx:TrackPointExtension>
	</extensions>
</trkpt>
<trkpt lat="-9.1371981" lon="148.3829538">
	<ele>708.45</ele>
	<time>2026-01-31T23:28:30.693Z</time>
	<hdop>3.79</hdop>
	<extensions>
		<gpxtpx:TrackPointExtension>
			<gpxtpx:course>257.87866</gpxtpx:course>
		</gpxtpx:TrackPointExtension>
	</extensions>
</trkpt>
<trkpt lat="-9.1372509" lon="148.3828372">
	<ele>708.15</ele>
	<time>2026-01-31T23:28:40.694Z</time>
	<hdop>3.79</hdop>
	<extensions>
		<gpxtpx:TrackPointExtension>
			<gpxtpx:course>236.01053</gpxtpx:course>
		</gpxtpx:TrackPointExtension>
	</extensions>
</trkpt>
<trkpt lat="-9.1373130" lon="148.3826990">
	<ele>706.86</ele>
	<time>2026-01-31T23:28:51.693Z</time>
	<hdop>3.79</hdop>
	<extensions>
		<gpxtpx:TrackPointExtension>
			<gpxtpx:course>248.01125</gpxtpx:course>
		</gpxtpx:TrackPointExtension>
	</extensions>
</trkpt>
<trkpt lat="-9.1373739" lon="148.3825846">
	<ele>706.22</ele>
	<time>2026-01-31T23:29:01.693Z</time>
	<hdop>3.79</hdop>
	<extensions>
		<gpxtpx:TrackPointExtension>
			<gpxtpx:course>238.999</gpxtpx:course>
		</gpxtpx:TrackPointExtension>
	</extensions>
</trkpt>
<trkpt lat="-9.1374262" lon="148.3824675">
	<ele>706.75</ele>
	<time>2026-01-31T23:29:11.693Z</time>
	<hdop>3.79</hdop>
	<extensions>
		<gpxtpx:TrackPointExtension>
			<gpxtpx:course>257.77075</gpxtpx:course>
		</gpxtpx:TrackPointExtension>
	</extensions>
</trkpt>
<trkpt lat="-9.1374764" lon="148.3823456">
	<ele>707.32</ele>
	<time>2026-01-31T23:29:21.694Z</time>
	<hdop>3.79</hdop>
	<extensions>
		<gpxtpx:TrackPointExtension>
			<gpxtpx:course>243.99951</gpxtpx:course>
		</gpxtpx:TrackPointExtension>
	</extensions>
</trkpt>
<trkpt lat="-9.1375586" lon="148.3822308">
	<ele>707.72</ele>
	<time>2026-01-31T23:29:32.693Z</time>
	<hdop>3.79</hdop>
	<extensions>
		<gpxtpx:TrackPointExtension>
			<gpxtpx:course>221.95842</gpxtpx:course>
		</gpxtpx:TrackPointExtension>
	</extensions>
</trkpt>
<trkpt lat="-9.1375965" lon="148.3821014">
	<ele>707.90</ele>
	<time>2026-01-31T23:29:42.693Z</time>
	<hdop>3.79</hdop>
	<extensions>
		<gpxtpx:TrackPointExtension>
			<gpxtpx:course>246.01274</gpxtpx:course>
		</gpxtpx:TrackPointExtension>
	</extensions>
</trkpt>
<trkpt lat="-9.1376506" lon="148.3819796">
	<ele>708.18</ele>
	<time>2026-01-31T23:29:52.694Z</time>
	<hdop>3.79</hdop>
	<extensions>
		<gpxtpx:TrackPointExtension>
			<gpxtpx:course>234.99509</gpxtpx:course>
		</gpxtpx:TrackPointExtension>
	</extensions>
</trkpt>
<trkpt lat="-9.1377517" lon="148.3818607">
	<ele>708.20</ele>
	<time>2026-01-31T23:30:03.694Z</time>
	<hdop>3.79</hdop>
	<extensions>
		<gpxtpx:TrackPointExtension>
			<gpxtpx:course>243.83353</gpxtpx:course>
		</gpxtpx:TrackPointExtension>
	</extensions>
</trkpt>
<trkpt lat="-9.1378042" lon="148.3817381">
	<ele>708.49</ele>
	<time>2026-01-31T23:30:13.694Z</time>
	<hdop>3.79</hdop>
	<extensions>
		<gpxtpx:TrackPointExtension>
			<gpxtpx:course>235.91458</gpxtpx:course>
		</gpxtpx:TrackPointExtension>
	</extensions>
</trkpt>
<trkpt lat="-9.1378265" lon="148.3815810">
	<ele>708.41</ele>
	<time>2026-01-31T23:30:24.693Z</time>
	<hdop>3.79</hdop>
	<extensions>
		<gpxtpx:TrackPointExtension>
			<gpxtpx:course>254.12134</gpxtpx:course>
		</gpxtpx:TrackPointExtension>
	</extensions>
</trkpt>
<trkpt lat="-9.1378504" lon="148.3814820">
	<ele>710.00</ele>
	<time>2026-01-31T23:30:35.694Z</time>
	<hdop>3.79</hdop>
	<extensions>
		<gpxtpx:TrackPointExtension>
			<gpxtpx:course>258.10895</gpxtpx:course>
		</gpxtpx:TrackPointExtension>
	</extensions>
</trkpt>
<trkpt lat="-9.1378506" lon="148.3813394">
	<ele>709.66</ele>
	<time>2026-01-31T23:30:46.693Z</time>
	<hdop>3.79</hdop>
	<extensions>
		<gpxtpx:TrackPointExtension>
			<gpxtpx:course>283.1102</gpxtpx:course>
		</gpxtpx:TrackPointExtension>
	</extensions>
</trkpt>
<trkpt lat="-9.1378404" lon="148.3812306">
	<ele>708.52</ele>
	<time>2026-01-31T23:30:56.693Z</time>
	<hdop>3.79</hdop>
	<extensions>
		<gpxtpx:TrackPointExtension>
			<gpxtpx:course>275.95908</gpxtpx:course>
		</gpxtpx:TrackPointExtension>
	</extensions>
</trkpt>
<trkpt lat="-9.1378365" lon="148.3810906">
	<ele>708.73</ele>
	<time>2026-01-31T23:31:06.694Z</time>
	<hdop>3.79</hdop>
	<extensions>
		<gpxtpx:TrackPointExtension>
			<gpxtpx:course>282.83777</gpxtpx:course>
		</gpxtpx:TrackPointExtension>
	</extensions>
</trkpt>
<trkpt lat="-9.1378019" lon="148.3809501">
	<ele>708.41</ele>
	<time>2026-01-31T23:31:17.693Z</time>
	<hdop>3.79</hdop>
	<extensions>
		<gpxtpx:TrackPointExtension>
			<gpxtpx:course>277.21262</gpxtpx:course>
		</gpxtpx:TrackPointExtension>
	</extensions>
</trkpt>
<trkpt lat="-9.1378104" lon="148.3808217">
	<ele>709.08</ele>
	<time>2026-01-31T23:31:27.693Z</time>
	<hdop>3.79</hdop>
	<extensions>
		<gpxtpx:TrackPointExtension>
			<gpxtpx:course>255.41127</gpxtpx:course>
		</gpxtpx:TrackPointExtension>
	</extensions>
</trkpt>
<trkpt lat="-9.1378259" lon="148.3806802">
	<ele>709.41</ele>
	<time>2026-01-31T23:31:37.693Z</time>
	<hdop>3.79</hdop>
	<extensions>
		<gpxtpx:TrackPointExtension>
			<gpxtpx:course>261.20975</gpxtpx:course>
		</gpxtpx:TrackPointExtension>
	</extensions>
</trkpt>
<trkpt lat="-9.1378400" lon="148.3805562">
	<ele>709.43</ele>
	<time>2026-01-31T23:31:47.693Z</time>
	<hdop>3.79</hdop>
	<extensions>
		<gpxtpx:TrackPointExtension>
			<gpxtpx:course>266.81207</gpxtpx:course>
		</gpxtpx:TrackPointExtension>
	</extensions>
</trkpt>
<trkpt lat="-9.1378308" lon="148.3804083">
	<ele>709.52</ele>
	<time>2026-01-31T23:31:57.693Z</time>
	<hdop>3.79</hdop>
	<extensions>
		<gpxtpx:TrackPointExtension>
			<gpxtpx:course>282.12604</gpxtpx:course>
		</gpxtpx:TrackPointExtension>
	</extensions>
</trkpt>
<trkpt lat="-9.1377913" lon="148.3802733">
	<ele>708.94</ele>
	<time>2026-01-31T23:32:07.694Z</time>
	<hdop>3.79</hdop>
	<extensions>
		<gpxtpx:TrackPointExtension>
			<gpxtpx:course>279.13663</gpxtpx:course>
		</gpxtpx:TrackPointExtension>
	</extensions>
</trkpt>
<trkpt lat="-9.1377505" lon="148.3801492">
	<ele>707.02</ele>
	<time>2026-01-31T23:32:17.694Z</time>
	<hdop>3.79</hdop>
	<extensions>
		<gpxtpx:TrackPointExtension>
			<gpxtpx:course>303.7911</gpxtpx:course>
		</gpxtpx:TrackPointExtension>
	</extensions>
</trkpt>
<trkpt lat="-9.1376859" lon="148.3800389">
	<ele>703.63</ele>
	<time>2026-01-31T23:32:28.693Z</time>
	<hdop>3.79</hdop>
	<extensions>
		<gpxtpx:TrackPointExtension>
			<gpxtpx:course>335.57468</gpxtpx:course>
		</gpxtpx:TrackPointExtension>
	</extensions>
</trkpt>
<trkpt lat="-9.1376980" lon="148.3799321">
	<ele>705.00</ele>
	<time>2026-01-31T23:32:38.693Z</time>
	<hdop>3.79</hdop>
	<extensions>
		<gpxtpx:TrackPointExtension>
			<gpxtpx:course>268.94324</gpxtpx:course>
		</gpxtpx:TrackPointExtension>
	</extensions>
</trkpt>
<trkpt lat="-9.1377121" lon="148.3797909">
	<ele>707.11</ele>
	<time>2026-01-31T23:32:48.693Z</time>
	<hdop>3.79</hdop>
	<extensions>
		<gpxtpx:TrackPointExtension>
			<gpxtpx:course>267.66345</gpxtpx:course>
		</gpxtpx:TrackPointExtension>
	</extensions>
</trkpt>
<trkpt lat="-9.1377134" lon="148.3796682">
	<ele>705.72</ele>
	<time>2026-01-31T23:32:58.693Z</time>
	<hdop>3.79</hdop>
	<extensions>
		<gpxtpx:TrackPointExtension>
			<gpxtpx:course>275.0055</gpxtpx:course>
		</gpxtpx:TrackPointExtension>
	</extensions>
</trkpt>
<trkpt lat="-9.1377148" lon="148.3795270">
	<ele>705.17</ele>
	<time>2026-01-31T23:33:08.693Z</time>
	<hdop>3.79</hdop>
	<extensions>
		<gpxtpx:TrackPointExtension>
			<gpxtpx:course>277.67242</gpxtpx:course>
		</gpxtpx:TrackPointExtension>
	</extensions>
</trkpt>
<trkpt lat="-9.1377084" lon="148.3793846">
	<ele>705.98</ele>
	<time>2026-01-31T23:33:18.694Z</time>
	<hdop>3.79</hdop>
	<extensions>
		<gpxtpx:TrackPointExtension>
			<gpxtpx:course>278.95956</gpxtpx:course>
		</gpxtpx:TrackPointExtension>
	</extensions>
</trkpt>
<trkpt lat="-9.1377041" lon="148.3792308">
	<ele>706.42</ele>
	<time>2026-01-31T23:33:29.693Z</time>
	<hdop>3.79</hdop>
	<extensions>
		<gpxtpx:TrackPointExtension>
			<gpxtpx:course>270.0052</gpxtpx:course>
		</gpxtpx:TrackPointExtension>
	</extensions>
</trkpt>
<trkpt lat="-9.1376904" lon="148.3791042">
	<ele>704.58</ele>
	<time>2026-01-31T23:33:39.693Z</time>
	<hdop>3.79</hdop>
	<extensions>
		<gpxtpx:TrackPointExtension>
			<gpxtpx:course>297.42166</gpxtpx:course>
		</gpxtpx:TrackPointExtension>
	</extensions>
</trkpt>
<trkpt lat="-9.1376775" lon="148.3789781">
	<ele>705.83</ele>
	<time>2026-01-31T23:33:49.693Z</time>
	<hdop>3.79</hdop>
	<extensions>
		<gpxtpx:TrackPointExtension>
			<gpxtpx:course>272.5974</gpxtpx:course>
		</gpxtpx:TrackPointExtension>
	</extensions>
</trkpt>
<trkpt lat="-9.1376621" lon="148.3788481">
	<ele>704.00</ele>
	<time>2026-01-31T23:33:59.693Z</time>
	<hdop>3.79</hdop>
	<extensions>
		<gpxtpx:TrackPointExtension>
			<gpxtpx:course>283.02524</gpxtpx:course>
		</gpxtpx:TrackPointExtension>
	</extensions>
</trkpt>
<trkpt lat="-9.1376997" lon="148.3787225">
	<ele>704.23</ele>
	<time>2026-01-31T23:34:09.693Z</time>
	<hdop>3.79</hdop>
	<extensions>
		<gpxtpx:TrackPointExtension>
			<gpxtpx:course>252.48225</gpxtpx:course>
		</gpxtpx:TrackPointExtension>
	</extensions>
</trkpt>
<trkpt lat="-9.1377105" lon="148.3785910">
	<ele>703.09</ele>
	<time>2026-01-31T23:34:19.693Z</time>
	<hdop>3.79</hdop>
	<extensions>
		<gpxtpx:TrackPointExtension>
			<gpxtpx:course>259.64688</gpxtpx:course>
		</gpxtpx:TrackPointExtension>
	</extensions>
</trkpt>
<trkpt lat="-9.1377087" lon="148.3784595">
	<ele>702.73</ele>
	<time>2026-01-31T23:34:29.693Z</time>
	<hdop>3.79</hdop>
	<extensions>
		<gpxtpx:TrackPointExtension>
			<gpxtpx:course>271.13907</gpxtpx:course>
		</gpxtpx:TrackPointExtension>
	</extensions>
</trkpt>
<trkpt lat="-9.1377234" lon="148.3783149">
	<ele>704.05</ele>
	<time>2026-01-31T23:34:39.694Z</time>
	<hdop>7.89</hdop>
	<extensions>
		<gpxtpx:TrackPointExtension>
			<gpxtpx:course>183.56467</gpxtpx:course>
		</gpxtpx:TrackPointExtension>
	</extensions>
</trkpt>
<trkpt lat="-9.1377061" lon="148.3781794">
	<ele>704.65</ele>
	<time>2026-01-31T23:34:50.693Z</time>
	<hdop>9.96</hdop>
	<extensions>
		<gpxtpx:TrackPointExtension>
			<gpxtpx:course>252.63182</gpxtpx:course>
		</gpxtpx:TrackPointExtension>
	</extensions>
</trkpt>
<trkpt lat="-9.1376667" lon="148.3780480">
	<ele>708.11</ele>
	<time>2026-01-31T23:35:00.693Z</time>
	<hdop>9.94</hdop>
	<extensions>
		<gpxtpx:TrackPointExtension>
			<gpxtpx:course>249.15381</gpxtpx:course>
		</gpxtpx:TrackPointExtension>
	</extensions>
</trkpt>
<trkpt lat="-9.1376351" lon="148.3779068">
	<ele>704.21</ele>
	<time>2026-01-31T23:35:10.694Z</time>
	<hdop>9.94</hdop>
	<extensions>
		<gpxtpx:TrackPointExtension>
			<gpxtpx:course>282.26596</gpxtpx:course>
		</gpxtpx:TrackPointExtension>
	</extensions>
</trkpt>
<trkpt lat="-9.1376201" lon="148.3777597">
	<ele>700.41</ele>
	<time>2026-01-31T23:35:21.693Z</time>
	<hdop>6.86</hdop>
	<extensions>
		<gpxtpx:TrackPointExtension>
			<gpxtpx:course>265.91214</gpxtpx:course>
		</gpxtpx:TrackPointExtension>
	</extensions>
</trkpt>
<trkpt lat="-9.1376306" lon="148.3776536">
	<ele>699.81</ele>
	<time>2026-01-31T23:35:31.693Z</time>
	<hdop>3.79</hdop>
	<extensions>
		<gpxtpx:TrackPointExtension>
			<gpxtpx:course>284.02286</gpxtpx:course>
		</gpxtpx:TrackPointExtension>
	</extensions>
</trkpt>
<trkpt lat="-9.1376417" lon="148.3775330">
	<ele>702.27</ele>
	<time>2026-01-31T23:35:41.693Z</time>
	<hdop>3.79</hdop>
	<extensions>
		<gpxtpx:TrackPointExtension>
			<gpxtpx:course>258.90067</gpxtpx:course>
		</gpxtpx:TrackPointExtension>
	</extensions>
</trkpt>
<trkpt lat="-9.1376260" lon="148.3773997">
	<ele>700.35</ele>
	<time>2026-01-31T23:35:51.694Z</time>
	<hdop>3.79</hdop>
	<extensions>
		<gpxtpx:TrackPointExtension>
			<gpxtpx:course>291.65506</gpxtpx:course>
		</gpxtpx:TrackPointExtension>
	</extensions>
</trkpt>
<trkpt lat="-9.1376160" lon="148.3772925">
	<ele>698.92</ele>
	<time>2026-01-31T23:36:02.694Z</time>
	<hdop>3.79</hdop>
	<extensions>
		<gpxtpx:TrackPointExtension>
			<gpxtpx:course>276.11435</gpxtpx:course>
		</gpxtpx:TrackPointExtension>
	</extensions>
</trkpt>
<trkpt lat="-9.1376388" lon="148.3771588">
	<ele>700.21</ele>
	<time>2026-01-31T23:36:13.693Z</time>
	<hdop>3.79</hdop>
	<extensions>
		<gpxtpx:TrackPointExtension>
			<gpxtpx:course>273.6437</gpxtpx:course>
		</gpxtpx:TrackPointExtension>
	</extensions>
</trkpt>
<trkpt lat="-9.1377009" lon="148.3770729">
	<ele>700.91</ele>
	<time>2026-01-31T23:36:23.693Z</time>
	<hdop>6.96</hdop>
	<extensions>
		<gpxtpx:TrackPointExtension>
			<gpxtpx:course>250.3281</gpxtpx:course>
		</gpxtpx:TrackPointExtension>
	</extensions>
</trkpt>
<trkpt lat="-9.1377164" lon="148.3769669">
	<ele>699.35</ele>
	<time>2026-01-31T23:36:33.693Z</time>
	<hdop>9.95</hdop>
	<extensions>
		<gpxtpx:TrackPointExtension>
			<gpxtpx:course>252.1429</gpxtpx:course>
		</gpxtpx:TrackPointExtension>
	</extensions>
</trkpt>
<trkpt lat="-9.1377072" lon="148.3768711">
	<ele>698.61</ele>
	<time>2026-01-31T23:36:49.693Z</time>
	<hdop>9.94</hdop>
	<extensions>
		<gpxtpx:TrackPointExtension>
			<gpxtpx:course>286.96634</gpxtpx:course>
		</gpxtpx:TrackPointExtension>
	</extensions>
</trkpt>
<trkpt lat="-9.1376784" lon="148.3767270">
	<ele>694.73</ele>
	<time>2026-01-31T23:36:59.694Z</time>
	<hdop>9.94</hdop>
	<extensions>
		<gpxtpx:TrackPointExtension>
			<gpxtpx:course>257.1727</gpxtpx:course>
		</gpxtpx:TrackPointExtension>
	</extensions>
</trkpt>
<trkpt lat="-9.1376509" lon="148.3765479">
	<ele>695.58</ele>
	<time>2026-01-31T23:37:10.693Z</time>
	<hdop>9.94</hdop>
	<extensions>
		<gpxtpx:TrackPointExtension>
			<gpxtpx:course>280.05524</gpxtpx:course>
		</gpxtpx:TrackPointExtension>
	</extensions>
</trkpt>
<trkpt lat="-9.1376511" lon="148.3764514">
	<ele>696.53</ele>
	<time>2026-01-31T23:37:20.693Z</time>
	<hdop>9.94</hdop>
	<extensions>
		<gpxtpx:TrackPointExtension>
			<gpxtpx:course>264.4535</gpxtpx:course>
		</gpxtpx:TrackPointExtension>
	</extensions>
</trkpt>
<trkpt lat="-9.1376231" lon="148.3763559">
	<ele>699.99</ele>
	<time>2026-01-31T23:37:31.693Z</time>
	<hdop>9.94</hdop>
	<extensions>
		<gpxtpx:TrackPointExtension>
			<gpxtpx:course>275.4697</gpxtpx:course>
		</gpxtpx:TrackPointExtension>
	</extensions>
</trkpt>
<trkpt lat="-9.1376092" lon="148.3762646">
	<ele>700.12</ele>
	<time>2026-01-31T23:37:47.693Z</time>
	<hdop>9.94</hdop>
	<extensions>
		<gpxtpx:TrackPointExtension>
			<gpxtpx:course>293.6417</gpxtpx:course>
		</gpxtpx:TrackPointExtension>
	</extensions>
</trkpt>
<trkpt lat="-9.1375678" lon="148.3761734">
	<ele>695.79</ele>
	<time>2026-01-31T23:37:57.693Z</time>
	<hdop>9.94</hdop>
	<extensions>
		<gpxtpx:TrackPointExtension>
			<gpxtpx:course>276.8474</gpxtpx:course>
		</gpxtpx:TrackPointExtension>
	</extensions>
</trkpt>
<trkpt lat="-9.1374851" lon="148.3760401">
	<ele>700.54</ele>
	<time>2026-01-31T23:38:07.693Z</time>
	<hdop>9.94</hdop>
	<extensions>
		<gpxtpx:TrackPointExtension>
			<gpxtpx:course>312.1525</gpxtpx:course>
		</gpxtpx:TrackPointExtension>
	</extensions>
</trkpt>
<trkpt lat="-9.1374532" lon="148.3759228">
	<ele>698.13</ele>
	<time>2026-01-31T23:38:17.694Z</time>
	<hdop>9.94</hdop>
	<extensions>
		<gpxtpx:TrackPointExtension>
			<gpxtpx:course>298.44904</gpxtpx:course>
		</gpxtpx:TrackPointExtension>
	</extensions>
</trkpt>
<trkpt lat="-9.1374303" lon="148.3758034">
	<ele>699.17</ele>
	<time>2026-01-31T23:38:28.693Z</time>
	<hdop>9.94</hdop>
	<extensions>
		<gpxtpx:TrackPointExtension>
			<gpxtpx:course>280.98584</gpxtpx:course>
		</gpxtpx:TrackPointExtension>
	</extensions>
</trkpt>
<trkpt lat="-9.1373841" lon="148.3756930">
	<ele>696.88</ele>
	<time>2026-01-31T23:38:38.693Z</time>
	<hdop>9.94</hdop>
	<extensions>
		<gpxtpx:TrackPointExtension>
			<gpxtpx:course>280.83704</gpxtpx:course>
		</gpxtpx:TrackPointExtension>
	</extensions>
</trkpt>
<trkpt lat="-9.1373350" lon="148.3756001">
	<ele>699.59</ele>
	<time>2026-01-31T23:38:48.693Z</time>
	<hdop>9.94</hdop>
	<extensions>
		<gpxtpx:TrackPointExtension>
			<gpxtpx:course>295.2382</gpxtpx:course>
		</gpxtpx:TrackPointExtension>
	</extensions>
</trkpt>
<trkpt lat="-9.1372638" lon="148.3755403">
	<ele>697.72</ele>
	<time>2026-01-31T23:38:58.693Z</time>
	<hdop>9.94</hdop>
	<extensions>
		<gpxtpx:TrackPointExtension>
			<gpxtpx:course>345.61816</gpxtpx:course>
		</gpxtpx:TrackPointExtension>
	</extensions>
</trkpt>
<trkpt lat="-9.1372385" lon="148.3754308">
	<ele>699.17</ele>
	<time>2026-01-31T23:39:08.693Z</time>
	<hdop>9.94</hdop>
	<extensions>
		<gpxtpx:TrackPointExtension>
			<gpxtpx:course>292.45007</gpxtpx:course>
		</gpxtpx:TrackPointExtension>
	</extensions>
</trkpt>
<trkpt lat="-9.1371746" lon="148.3753415">
	<ele>701.26</ele>
	<time>2026-01-31T23:39:18.694Z</time>
	<hdop>9.94</hdop>
	<extensions>
		<gpxtpx:TrackPointExtension>
			<gpxtpx:course>306.4112</gpxtpx:course>
		</gpxtpx:TrackPointExtension>
	</extensions>
</trkpt>
<trkpt lat="-9.1371086" lon="148.3752648">
	<ele>702.90</ele>
	<time>2026-01-31T23:39:29.694Z</time>
	<hdop>9.94</hdop>
	<extensions>
		<gpxtpx:TrackPointExtension>
			<gpxtpx:course>303.95276</gpxtpx:course>
		</gpxtpx:TrackPointExtension>
	</extensions>
</trkpt>
<trkpt lat="-9.1370597" lon="148.3751850">
	<ele>701.78</ele>
	<time>2026-01-31T23:39:40.693Z</time>
	<hdop>9.99</hdop>
	<extensions>
		<gpxtpx:TrackPointExtension>
			<gpxtpx:course>301.2563</gpxtpx:course>
		</gpxtpx:TrackPointExtension>
	</extensions>
</trkpt>
<trkpt lat="-9.1369852" lon="148.3751143">
	<ele>704.29</ele>
	<time>2026-01-31T23:39:50.693Z</time>
	<hdop>10.00</hdop>
	<extensions>
		<gpxtpx:TrackPointExtension>
			<gpxtpx:course>272.04962</gpxtpx:course>
		</gpxtpx:TrackPointExtension>
	</extensions>
</trkpt>
<trkpt lat="-9.1369093" lon="148.3750389">
	<ele>702.31</ele>
	<time>2026-01-31T23:40:00.693Z</time>
	<hdop>9.96</hdop>
	<extensions>
		<gpxtpx:TrackPointExtension>
			<gpxtpx:course>305.04462</gpxtpx:course>
		</gpxtpx:TrackPointExtension>
	</extensions>
</trkpt>
<trkpt lat="-9.1368642" lon="148.3749561">
	<ele>700.01</ele>
	<time>2026-01-31T23:40:12.693Z</time>
	<hdop>9.94</hdop>
	<extensions>
		<gpxtpx:TrackPointExtension>
			<gpxtpx:course>304.58347</gpxtpx:course>
		</gpxtpx:TrackPointExtension>
	</extensions>
</trkpt>
<trkpt lat="-9.1367879" lon="148.3749061">
	<ele>698.02</ele>
	<time>2026-01-31T23:40:24.693Z</time>
	<hdop>9.94</hdop>
	<extensions>
		<gpxtpx:TrackPointExtension>
			<gpxtpx:course>344.59076</gpxtpx:course>
		</gpxtpx:TrackPointExtension>
	</extensions>
</trkpt>
<trkpt lat="-9.1367074" lon="148.3748604">
	<ele>696.67</ele>
	<time>2026-01-31T23:40:35.693Z</time>
	<hdop>9.94</hdop>
	<extensions>
		<gpxtpx:TrackPointExtension>
			<gpxtpx:course>331.98492</gpxtpx:course>
		</gpxtpx:TrackPointExtension>
	</extensions>
</trkpt>
<trkpt lat="-9.1366414" lon="148.3747870">
	<ele>694.25</ele>
	<time>2026-01-31T23:40:48.693Z</time>
	<hdop>9.94</hdop>
	<extensions>
		<gpxtpx:TrackPointExtension>
			<gpxtpx:course>294.9606</gpxtpx:course>
		</gpxtpx:TrackPointExtension>
	</extensions>
</trkpt>
<trkpt lat="-9.1365668" lon="148.3747347">
	<ele>695.79</ele>
	<time>2026-01-31T23:40:59.693Z</time>
	<hdop>9.94</hdop>
	<extensions>
		<gpxtpx:TrackPointExtension>
			<gpxtpx:course>310.61148</gpxtpx:course>
		</gpxtpx:TrackPointExtension>
	</extensions>
</trkpt>
<trkpt lat="-9.1365038" lon="148.3746684">
	<ele>693.93</ele>
	<time>2026-01-31T23:41:21.693Z</time>
	<hdop>9.94</hdop>
	<extensions>
		<gpxtpx:TrackPointExtension>
			<gpxtpx:course>321.44153</gpxtpx:course>
		</gpxtpx:TrackPointExtension>
	</extensions>
</trkpt>
<trkpt lat="-9.1364230" lon="148.3746271">
	<ele>690.44</ele>
	<time>2026-01-31T23:41:51.694Z</time>
	<hdop>9.94</hdop>
	<extensions>
		<gpxtpx:TrackPointExtension>
			<gpxtpx:course>329.75726</gpxtpx:course>
		</gpxtpx:TrackPointExtension>
	</extensions>
</trkpt>
<trkpt lat="-9.1363342" lon="148.3746506">
	<ele>690.00</ele>
	<time>2026-01-31T23:42:49.694Z</time>
	<hdop>9.94</hdop>
	<extensions>
		<gpxtpx:TrackPointExtension>
			<gpxtpx:course>12.000422</gpxtpx:course>
		</gpxtpx:TrackPointExtension>
	</extensions>
</trkpt>
<trkpt lat="-9.1362397" lon="148.3746523">
	<ele>688.94</ele>
	<time>2026-01-31T23:43:00.693Z</time>
	<hdop>9.94</hdop>
	<extensions>
		<gpxtpx:TrackPointExtension>
			<gpxtpx:course>8.119359</gpxtpx:course>
		</gpxtpx:TrackPointExtension>
	</extensions>
</trkpt>
<trkpt lat="-9.1361701" lon="148.3745799">
	<ele>687.88</ele>
	<time>2026-01-31T23:43:10.693Z</time>
	<hdop>9.94</hdop>
	<extensions>
		<gpxtpx:TrackPointExtension>
			<gpxtpx:course>318.40768</gpxtpx:course>
		</gpxtpx:TrackPointExtension>
	</extensions>
</trkpt>
<trkpt lat="-9.1360828" lon="148.3745514">
	<ele>684.41</ele>
	<time>2026-01-31T23:43:21.693Z</time>
	<hdop>9.94</hdop>
	<extensions>
		<gpxtpx:TrackPointExtension>
			<gpxtpx:course>327.63647</gpxtpx:course>
		</gpxtpx:TrackPointExtension>
	</extensions>
</trkpt>
<trkpt lat="-9.1359984" lon="148.3745110">
	<ele>682.24</ele>
	<time>2026-01-31T23:43:31.694Z</time>
	<hdop>9.94</hdop>
	<extensions>
		<gpxtpx:TrackPointExtension>
			<gpxtpx:course>337.0184</gpxtpx:course>
		</gpxtpx:TrackPointExtension>
	</extensions>
</trkpt>
<trkpt lat="-9.1358947" lon="148.3744611">
	<ele>683.09</ele>
	<time>2026-01-31T23:43:42.693Z</time>
	<hdop>7.89</hdop>
	<extensions>
		<gpxtpx:TrackPointExtension>
			<gpxtpx:course>321.52493</gpxtpx:course>
		</gpxtpx:TrackPointExtension>
	</extensions>
</trkpt>
<trkpt lat="-9.1357899" lon="148.3744165">
	<ele>682.82</ele>
	<time>2026-01-31T23:43:52.693Z</time>
	<hdop>3.79</hdop>
	<extensions>
		<gpxtpx:TrackPointExtension>
			<gpxtpx:course>344.1833</gpxtpx:course>
		</gpxtpx:TrackPointExtension>
	</extensions>
</trkpt>
<trkpt lat="-9.1356757" lon="148.3744158">
	<ele>682.28</ele>
	<time>2026-01-31T23:44:02.693Z</time>
	<hdop>3.79</hdop>
	<extensions>
		<gpxtpx:TrackPointExtension>
			<gpxtpx:course>1.0404236</gpxtpx:course>
		</gpxtpx:TrackPointExtension>
	</extensions>
</trkpt>
<trkpt lat="-9.1355538" lon="148.3744081">
	<ele>681.79</ele>
	<time>2026-01-31T23:44:12.693Z</time>
	<hdop>3.79</hdop>
	<extensions>
		<gpxtpx:TrackPointExtension>
			<gpxtpx:course>352.95026</gpxtpx:course>
		</gpxtpx:TrackPointExtension>
	</extensions>
</trkpt>
<trkpt lat="-9.1354374" lon="148.3743942">
	<ele>680.54</ele>
	<time>2026-01-31T23:44:22.693Z</time>
	<hdop>3.79</hdop>
	<extensions>
		<gpxtpx:TrackPointExtension>
			<gpxtpx:course>2.9950955</gpxtpx:course>
		</gpxtpx:TrackPointExtension>
	</extensions>
</trkpt>
<trkpt lat="-9.1353242" lon="148.3743972">
	<ele>679.77</ele>
	<time>2026-01-31T23:44:32.693Z</time>
	<hdop>3.79</hdop>
	<extensions>
		<gpxtpx:TrackPointExtension>
			<gpxtpx:course>0.10518986</gpxtpx:course>
		</gpxtpx:TrackPointExtension>
	</extensions>
</trkpt>
<trkpt lat="-9.1352052" lon="148.3743947">
	<ele>678.11</ele>
	<time>2026-01-31T23:44:42.693Z</time>
	<hdop>3.79</hdop>
	<extensions>
		<gpxtpx:TrackPointExtension>
			<gpxtpx:course>8.949951</gpxtpx:course>
		</gpxtpx:TrackPointExtension>
	</extensions>
</trkpt>
<trkpt lat="-9.1350999" lon="148.3743743">
	<ele>676.46</ele>
	<time>2026-01-31T23:44:52.693Z</time>
	<hdop>3.79</hdop>
	<extensions>
		<gpxtpx:TrackPointExtension>
			<gpxtpx:course>342.9988</gpxtpx:course>
		</gpxtpx:TrackPointExtension>
	</extensions>
</trkpt>
<trkpt lat="-9.1349873" lon="148.3743286">
	<ele>675.11</ele>
	<time>2026-01-31T23:45:02.693Z</time>
	<hdop>3.79</hdop>
	<extensions>
		<gpxtpx:TrackPointExtension>
			<gpxtpx:course>341.0138</gpxtpx:course>
		</gpxtpx:TrackPointExtension>
	</extensions>
</trkpt>
<trkpt lat="-9.1348876" lon="148.3743085">
	<ele>674.17</ele>
	<time>2026-01-31T23:45:12.694Z</time>
	<hdop>3.79</hdop>
	<extensions>
		<gpxtpx:TrackPointExtension>
			<gpxtpx:course>335.96573</gpxtpx:course>
		</gpxtpx:TrackPointExtension>
	</extensions>
</trkpt>
<trkpt lat="-9.1347962" lon="148.3742885">
	<ele>674.20</ele>
	<time>2026-01-31T23:45:24.693Z</time>
	<hdop>3.79</hdop>
	<extensions>
		<gpxtpx:TrackPointExtension>
			<gpxtpx:course>314.1671</gpxtpx:course>
		</gpxtpx:TrackPointExtension>
	</extensions>
</trkpt>
<trkpt lat="-9.1347012" lon="148.3742862">
	<ele>672.05</ele>
	<time>2026-01-31T23:45:54.693Z</time>
	<hdop>3.79</hdop>
	<extensions>
		<gpxtpx:TrackPointExtension>
			<gpxtpx:course>8.132433</gpxtpx:course>
		</gpxtpx:TrackPointExtension>
	</extensions>
</trkpt>
<trkpt lat="-9.1346529" lon="148.3741872">
	<ele>675.26</ele>
	<time>2026-01-31T23:46:04.693Z</time>
	<hdop>3.79</hdop>
	<extensions>
		<gpxtpx:TrackPointExtension>
			<gpxtpx:course>298.45486</gpxtpx:course>
		</gpxtpx:TrackPointExtension>
	</extensions>
</trkpt>
<trkpt lat="-9.1345592" lon="148.3741321">
	<ele>674.58</ele>
	<time>2026-01-31T23:46:14.693Z</time>
	<hdop>3.79</hdop>
	<extensions>
		<gpxtpx:TrackPointExtension>
			<gpxtpx:course>345.58493</gpxtpx:course>
		</gpxtpx:TrackPointExtension>
	</extensions>
</trkpt>
<trkpt lat="-9.1344619" lon="148.3740676">
	<ele>674.41</ele>
	<time>2026-01-31T23:46:24.693Z</time>
	<hdop>3.79</hdop>
	<extensions>
		<gpxtpx:TrackPointExtension>
			<gpxtpx:course>310.35715</gpxtpx:course>
		</gpxtpx:TrackPointExtension>
	</extensions>
</trkpt>
<trkpt lat="-9.1343967" lon="148.3739798">
	<ele>673.92</ele>
	<time>2026-01-31T23:46:34.693Z</time>
	<hdop>3.79</hdop>
	<extensions>
		<gpxtpx:TrackPointExtension>
			<gpxtpx:course>304.85223</gpxtpx:course>
		</gpxtpx:TrackPointExtension>
	</extensions>
</trkpt>
<trkpt lat="-9.1343741" lon="148.3738900">
	<ele>673.13</ele>
	<time>2026-01-31T23:46:45.694Z</time>
	<hdop>3.79</hdop>
	<extensions>
		<gpxtpx:TrackPointExtension>
			<gpxtpx:course>270.00125</gpxtpx:course>
		</gpxtpx:TrackPointExtension>
	</extensions>
</trkpt>
<trkpt lat="-9.1343395" lon="148.3738001">
	<ele>671.74</ele>
	<time>2026-01-31T23:48:18.693Z</time>
	<hdop>3.79</hdop>
	<extensions>
		<gpxtpx:TrackPointExtension>
			<gpxtpx:course>278.98065</gpxtpx:course>
		</gpxtpx:TrackPointExtension>
	</extensions>
</trkpt>
<trkpt lat="-9.1342697" lon="148.3737387">
	<ele>669.09</ele>
	<time>2026-01-31T23:48:30.693Z</time>
	<hdop>3.79</hdop>
	<extensions>
		<gpxtpx:TrackPointExtension>
			<gpxtpx:course>299.0136</gpxtpx:course>
		</gpxtpx:TrackPointExtension>
	</extensions>
</trkpt>
<trkpt lat="-9.1342304" lon="148.3736503">
	<ele>664.80</ele>
	<time>2026-01-31T23:48:45.693Z</time>
	<hdop>3.79</hdop>
	<extensions>
		<gpxtpx:TrackPointExtension>
			<gpxtpx:course>301.19623</gpxtpx:course>
		</gpxtpx:TrackPointExtension>
	</extensions>
</trkpt>
<trkpt lat="-9.1341807" lon="148.3735676">
	<ele>660.90</ele>
	<time>2026-01-31T23:48:58.693Z</time>
	<hdop>3.79</hdop>
	<extensions>
		<gpxtpx:TrackPointExtension>
			<gpxtpx:course>283.0877</gpxtpx:course>
		</gpxtpx:TrackPointExtension>
	</extensions>
</trkpt>
<trkpt lat="-9.1341726" lon="148.3734745">
	<ele>657.38</ele>
	<time>2026-01-31T23:49:09.693Z</time>
	<hdop>3.79</hdop>
	<extensions>
		<gpxtpx:TrackPointExtension>
			<gpxtpx:course>288.58923</gpxtpx:course>
		</gpxtpx:TrackPointExtension>
	</extensions>
</trkpt>
<trkpt lat="-9.1341605" lon="148.3733702">
	<ele>655.12</ele>
	<time>2026-01-31T23:49:19.693Z</time>
	<hdop>3.79</hdop>
	<extensions>
		<gpxtpx:TrackPointExtension>
			<gpxtpx:course>287.98642</gpxtpx:course>
		</gpxtpx:TrackPointExtension>
	</extensions>
</trkpt>
<trkpt lat="-9.1341245" lon="148.3732482">
	<ele>652.65</ele>
	<time>2026-01-31T23:49:29.694Z</time>
	<hdop>3.79</hdop>
	<extensions>
		<gpxtpx:TrackPointExtension>
			<gpxtpx:course>285.0017</gpxtpx:course>
		</gpxtpx:TrackPointExtension>
	</extensions>
</trkpt>
<trkpt lat="-9.1340684" lon="148.3731185">
	<ele>651.80</ele>
	<time>2026-01-31T23:49:40.693Z</time>
	<hdop>3.79</hdop>
	<extensions>
		<gpxtpx:TrackPointExtension>
			<gpxtpx:course>291.04755</gpxtpx:course>
		</gpxtpx:TrackPointExtension>
	</extensions>
</trkpt>
<trkpt lat="-9.1340193" lon="148.3730027">
	<ele>648.72</ele>
	<time>2026-01-31T23:49:50.693Z</time>
	<hdop>3.79</hdop>
	<extensions>
		<gpxtpx:TrackPointExtension>
			<gpxtpx:course>299.9117</gpxtpx:course>
		</gpxtpx:TrackPointExtension>
	</extensions>
</trkpt>
<trkpt lat="-9.1339340" lon="148.3728903">
	<ele>647.56</ele>
	<time>2026-01-31T23:50:00.693Z</time>
	<hdop>3.79</hdop>
	<extensions>
		<gpxtpx:TrackPointExtension>
			<gpxtpx:course>310.51227</gpxtpx:course>
		</gpxtpx:TrackPointExtension>
	</extensions>
</trkpt>
<trkpt lat="-9.1338816" lon="148.3727679">
	<ele>647.03</ele>
	<time>2026-01-31T23:50:10.693Z</time>
	<hdop>3.79</hdop>
	<extensions>
		<gpxtpx:TrackPointExtension>
			<gpxtpx:course>288.1673</gpxtpx:course>
		</gpxtpx:TrackPointExtension>
	</extensions>
</trkpt>
<trkpt lat="-9.1338126" lon="148.3726473">
	<ele>646.70</ele>
	<time>2026-01-31T23:50:20.693Z</time>
	<hdop>3.79</hdop>
	<extensions>
		<gpxtpx:TrackPointExtension>
			<gpxtpx:course>297.9096</gpxtpx:course>
		</gpxtpx:TrackPointExtension>
	</extensions>
</trkpt>
<trkpt lat="-9.1337502" lon="148.3725440">
	<ele>642.34</ele>
	<time>2026-01-31T23:50:30.693Z</time>
	<hdop>3.79</hdop>
	<extensions>
		<gpxtpx:TrackPointExtension>
			<gpxtpx:course>309.3311</gpxtpx:course>
		</gpxtpx:TrackPointExtension>
	</extensions>
</trkpt>
<trkpt lat="-9.1337033" lon="148.3724661">
	<ele>639.08</ele>
	<time>2026-01-31T23:50:48.693Z</time>
	<hdop>3.79</hdop>
	<extensions>
		<gpxtpx:TrackPointExtension>
			<gpxtpx:course>300.97556</gpxtpx:course>
		</gpxtpx:TrackPointExtension>
	</extensions>
</trkpt>
<trkpt lat="-9.1336404" lon="148.3723872">
	<ele>637.43</ele>
	<time>2026-01-31T23:50:58.694Z</time>
	<hdop>3.79</hdop>
	<extensions>
		<gpxtpx:TrackPointExtension>
			<gpxtpx:course>307.1544</gpxtpx:course>
		</gpxtpx:TrackPointExtension>
	</extensions>
</trkpt>
<trkpt lat="-9.1335727" lon="148.3722833">
	<ele>635.12</ele>
	<time>2026-01-31T23:51:09.693Z</time>
	<hdop>3.79</hdop>
	<extensions>
		<gpxtpx:TrackPointExtension>
			<gpxtpx:course>294.00363</gpxtpx:course>
		</gpxtpx:TrackPointExtension>
	</extensions>
</trkpt>
<trkpt lat="-9.1335156" lon="148.3721813">
	<ele>633.73</ele>
	<time>2026-01-31T23:51:19.694Z</time>
	<hdop>3.79</hdop>
	<extensions>
		<gpxtpx:TrackPointExtension>
			<gpxtpx:course>297.99896</gpxtpx:course>
		</gpxtpx:TrackPointExtension>
	</extensions>
</trkpt>
<trkpt lat="-9.1334682" lon="148.3720975">
	<ele>633.38</ele>
	<time>2026-01-31T23:51:29.694Z</time>
	<hdop>3.79</hdop>
	<extensions>
		<gpxtpx:TrackPointExtension>
			<gpxtpx:course>284.0853</gpxtpx:course>
		</gpxtpx:TrackPointExtension>
	</extensions>
</trkpt>
<trkpt lat="-9.1334198" lon="148.3720108">
	<ele>633.35</ele>
	<time>2026-01-31T23:51:41.693Z</time>
	<hdop>3.79</hdop>
	<extensions>
		<gpxtpx:TrackPointExtension>
			<gpxtpx:course>301.99933</gpxtpx:course>
		</gpxtpx:TrackPointExtension>
	</extensions>
</trkpt>
<trkpt lat="-9.1333718" lon="148.3719239">
	<ele>632.40</ele>
	<time>2026-01-31T23:51:51.693Z</time>
	<hdop>3.79</hdop>
	<extensions>
		<gpxtpx:TrackPointExtension>
			<gpxtpx:course>300.96198</gpxtpx:course>
		</gpxtpx:TrackPointExtension>
	</extensions>
</trkpt>
<trkpt lat="-9.1333026" lon="148.3718124">
	<ele>632.77</ele>
	<time>2026-01-31T23:52:01.694Z</time>
	<hdop>3.79</hdop>
	<extensions>
		<gpxtpx:TrackPointExtension>
			<gpxtpx:course>289.0124</gpxtpx:course>
		</gpxtpx:TrackPointExtension>
	</extensions>
</trkpt>
<trkpt lat="-9.1332371" lon="148.3716766">
	<ele>631.73</ele>
	<time>2026-01-31T23:52:12.693Z</time>
	<hdop>3.79</hdop>
	<extensions>
		<gpxtpx:TrackPointExtension>
			<gpxtpx:course>295.9957</gpxtpx:course>
		</gpxtpx:TrackPointExtension>
	</extensions>
</trkpt>
<trkpt lat="-9.1331897" lon="148.3715526">
	<ele>632.51</ele>
	<time>2026-01-31T23:52:22.694Z</time>
	<hdop>3.79</hdop>
	<extensions>
		<gpxtpx:TrackPointExtension>
			<gpxtpx:course>292.8505</gpxtpx:course>
		</gpxtpx:TrackPointExtension>
	</extensions>
</trkpt>
<trkpt lat="-9.1331543" lon="148.3713998">
	<ele>634.78</ele>
	<time>2026-01-31T23:52:32.694Z</time>
	<hdop>3.79</hdop>
	<extensions>
		<gpxtpx:TrackPointExtension>
			<gpxtpx:course>274.00162</gpxtpx:course>
		</gpxtpx:TrackPointExtension>
	</extensions>
</trkpt>
<trkpt lat="-9.1331487" lon="148.3712386">
	<ele>634.54</ele>
	<time>2026-01-31T23:52:43.693Z</time>
	<hdop>3.79</hdop>
	<extensions>
		<gpxtpx:TrackPointExtension>
			<gpxtpx:course>302.4592</gpxtpx:course>
		</gpxtpx:TrackPointExtension>
	</extensions>
</trkpt>
<trkpt lat="-9.1331059" lon="148.3711011">
	<ele>632.84</ele>
	<time>2026-01-31T23:52:53.693Z</time>
	<hdop>3.79</hdop>
	<extensions>
		<gpxtpx:TrackPointExtension>
			<gpxtpx:course>265.0071</gpxtpx:course>
		</gpxtpx:TrackPointExtension>
	</extensions>
</trkpt>
<trkpt lat="-9.1330894" lon="148.3709570">
	<ele>631.13</ele>
	<time>2026-01-31T23:53:03.694Z</time>
	<hdop>3.79</hdop>
	<extensions>
		<gpxtpx:TrackPointExtension>
			<gpxtpx:course>288.8215</gpxtpx:course>
		</gpxtpx:TrackPointExtension>
	</extensions>
</trkpt>
<trkpt lat="-9.1330128" lon="148.3708398">
	<ele>628.93</ele>
	<time>2026-01-31T23:53:13.694Z</time>
	<hdop>3.79</hdop>
	<extensions>
		<gpxtpx:TrackPointExtension>
			<gpxtpx:course>302.81708</gpxtpx:course>
		</gpxtpx:TrackPointExtension>
	</extensions>
</trkpt>
<trkpt lat="-9.1328746" lon="148.3707410">
	<ele>628.02</ele>
	<time>2026-01-31T23:53:24.693Z</time>
	<hdop>3.79</hdop>
	<extensions>
		<gpxtpx:TrackPointExtension>
			<gpxtpx:course>308.6317</gpxtpx:course>
		</gpxtpx:TrackPointExtension>
	</extensions>
</trkpt>
<trkpt lat="-9.1327865" lon="148.3706347">
	<ele>627.80</ele>
	<time>2026-01-31T23:53:34.693Z</time>
	<hdop>3.79</hdop>
	<extensions>
		<gpxtpx:TrackPointExtension>
			<gpxtpx:course>307.9498</gpxtpx:course>
		</gpxtpx:TrackPointExtension>
	</extensions>
</trkpt>
<trkpt lat="-9.1326663" lon="148.3705667">
	<ele>624.87</ele>
	<time>2026-01-31T23:53:44.693Z</time>
	<hdop>3.79</hdop>
	<extensions>
		<gpxtpx:TrackPointExtension>
			<gpxtpx:course>358.4916</gpxtpx:course>
		</gpxtpx:TrackPointExtension>
	</extensions>
</trkpt>
<trkpt lat="-9.1325615" lon="148.3704926">
	<ele>623.18</ele>
	<time>2026-01-31T23:53:54.694Z</time>
	<hdop>3.79</hdop>
	<extensions>
		<gpxtpx:TrackPointExtension>
			<gpxtpx:course>335.93048</gpxtpx:course>
		</gpxtpx:TrackPointExtension>
	</extensions>
</trkpt>
<trkpt lat="-9.1324547" lon="148.3704103">
	<ele>622.06</ele>
	<time>2026-01-31T23:54:05.693Z</time>
	<hdop>3.79</hdop>
	<extensions>
		<gpxtpx:TrackPointExtension>
			<gpxtpx:course>299.07617</gpxtpx:course>
		</gpxtpx:TrackPointExtension>
	</extensions>
</trkpt>
<trkpt lat="-9.1323712" lon="148.3703559">
	<ele>623.32</ele>
	<time>2026-01-31T23:54:17.693Z</time>
	<hdop>3.79</hdop>
	<extensions>
		<gpxtpx:TrackPointExtension>
			<gpxtpx:course>302.78317</gpxtpx:course>
		</gpxtpx:TrackPointExtension>
	</extensions>
</trkpt>
<trkpt lat="-9.1322855" lon="148.3702962">
	<ele>622.38</ele>
	<time>2026-01-31T23:54:27.694Z</time>
	<hdop>3.79</hdop>
	<extensions>
		<gpxtpx:TrackPointExtension>
			<gpxtpx:course>15.174449</gpxtpx:course>
		</gpxtpx:TrackPointExtension>
	</extensions>
</trkpt>
<trkpt lat="-9.1322100" lon="148.3702392">
	<ele>622.74</ele>
	<time>2026-01-31T23:54:38.694Z</time>
	<hdop>3.79</hdop>
	<extensions>
		<gpxtpx:TrackPointExtension>
			<gpxtpx:course>320.17874</gpxtpx:course>
		</gpxtpx:TrackPointExtension>
	</extensions>
</trkpt>
<trkpt lat="-9.1321151" lon="148.3701728">
	<ele>623.34</ele>
	<time>2026-01-31T23:54:49.694Z</time>
	<hdop>3.79</hdop>
	<extensions>
		<gpxtpx:TrackPointExtension>
			<gpxtpx:course>336.24823</gpxtpx:course>
		</gpxtpx:TrackPointExtension>
	</extensions>
</trkpt>
<trkpt lat="-9.1320219" lon="148.3701571">
	<ele>621.86</ele>
	<time>2026-01-31T23:55:08.693Z</time>
	<hdop>3.79</hdop>
	<extensions>
		<gpxtpx:TrackPointExtension>
			<gpxtpx:course>9.989436</gpxtpx:course>
		</gpxtpx:TrackPointExtension>
	</extensions>
</trkpt>
<trkpt lat="-9.1319218" lon="148.3701330">
	<ele>624.70</ele>
	<time>2026-01-31T23:55:22.693Z</time>
	<hdop>3.79</hdop>
	<extensions>
		<gpxtpx:TrackPointExtension>
			<gpxtpx:course>7.6339207</gpxtpx:course>
		</gpxtpx:TrackPointExtension>
	</extensions>
</trkpt>
<trkpt lat="-9.1318207" lon="148.3700870">
	<ele>622.06</ele>
	<time>2026-01-31T23:55:32.693Z</time>
	<hdop>3.79</hdop>
	<extensions>
		<gpxtpx:TrackPointExtension>
			<gpxtpx:course>4.72433</gpxtpx:course>
		</gpxtpx:TrackPointExtension>
	</extensions>
</trkpt>
<trkpt lat="-9.1317271" lon="148.3701050">
	<ele>621.32</ele>
	<time>2026-01-31T23:55:59.694Z</time>
	<hdop>3.79</hdop>
	<extensions>
		<gpxtpx:TrackPointExtension>
			<gpxtpx:course>64.3241</gpxtpx:course>
		</gpxtpx:TrackPointExtension>
	</extensions>
</trkpt>
<trkpt lat="-9.1316113" lon="148.3701330">
	<ele>621.41</ele>
	<time>2026-01-31T23:56:09.694Z</time>
	<hdop>3.79</hdop>
	<extensions>
		<gpxtpx:TrackPointExtension>
			<gpxtpx:course>357.88297</gpxtpx:course>
		</gpxtpx:TrackPointExtension>
	</extensions>
</trkpt>
<trkpt lat="-9.1314823" lon="148.3701394">
	<ele>622.42</ele>
	<time>2026-01-31T23:56:20.693Z</time>
	<hdop>3.79</hdop>
	<extensions>
		<gpxtpx:TrackPointExtension>
			<gpxtpx:course>348.563</gpxtpx:course>
		</gpxtpx:TrackPointExtension>
	</extensions>
</trkpt>
<trkpt lat="-9.1313885" lon="148.3701450">
	<ele>619.52</ele>
	<time>2026-01-31T23:56:31.693Z</time>
	<hdop>3.79</hdop>
	<extensions>
		<gpxtpx:TrackPointExtension>
			<gpxtpx:course>3.6904106</gpxtpx:course>
		</gpxtpx:TrackPointExtension>
	</extensions>
</trkpt>
<trkpt lat="-9.1312857" lon="148.3701488">
	<ele>619.47</ele>
	<time>2026-01-31T23:56:41.693Z</time>
	<hdop>3.79</hdop>
	<extensions>
		<gpxtpx:TrackPointExtension>
			<gpxtpx:course>8.829428</gpxtpx:course>
		</gpxtpx:TrackPointExtension>
	</extensions>
</trkpt>
<trkpt lat="-9.1311916" lon="148.3701281">
	<ele>619.84</ele>
	<time>2026-01-31T23:56:51.694Z</time>
	<hdop>3.79</hdop>
	<extensions>
		<gpxtpx:TrackPointExtension>
			<gpxtpx:course>316.05673</gpxtpx:course>
		</gpxtpx:TrackPointExtension>
	</extensions>
</trkpt>
<trkpt lat="-9.1310999" lon="148.3701265">
	<ele>620.17</ele>
	<time>2026-01-31T23:57:01.694Z</time>
	<hdop>3.79</hdop>
	<extensions>
		<gpxtpx:TrackPointExtension>
			<gpxtpx:course>346.0493</gpxtpx:course>
		</gpxtpx:TrackPointExtension>
	</extensions>
</trkpt>
<trkpt lat="-9.1309914" lon="148.3700866">
	<ele>619.86</ele>
	<time>2026-01-31T23:57:12.693Z</time>
	<hdop>3.79</hdop>
	<extensions>
		<gpxtpx:TrackPointExtension>
			<gpxtpx:course>345.89114</gpxtpx:course>
		</gpxtpx:TrackPointExtension>
	</extensions>
</trkpt>
<trkpt lat="-9.1309035" lon="148.3700151">
	<ele>618.18</ele>
	<time>2026-01-31T23:57:22.693Z</time>
	<hdop>3.79</hdop>
	<extensions>
		<gpxtpx:TrackPointExtension>
			<gpxtpx:course>301.37207</gpxtpx:course>
		</gpxtpx:TrackPointExtension>
	</extensions>
</trkpt>
<trkpt lat="-9.1308187" lon="148.3699508">
	<ele>618.53</ele>
	<time>2026-01-31T23:57:32.693Z</time>
	<hdop>3.79</hdop>
	<extensions>
		<gpxtpx:TrackPointExtension>
			<gpxtpx:course>323.23352</gpxtpx:course>
		</gpxtpx:TrackPointExtension>
	</extensions>
</trkpt>
<trkpt lat="-9.1307368" lon="148.3698906">
	<ele>618.11</ele>
	<time>2026-01-31T23:57:42.693Z</time>
	<hdop>3.79</hdop>
	<extensions>
		<gpxtpx:TrackPointExtension>
			<gpxtpx:course>341.92868</gpxtpx:course>
		</gpxtpx:TrackPointExtension>
	</extensions>
</trkpt>
<trkpt lat="-9.1306513" lon="148.3698448">
	<ele>615.29</ele>
	<time>2026-01-31T23:57:52.693Z</time>
	<hdop>3.79</hdop>
	<extensions>
		<gpxtpx:TrackPointExtension>
			<gpxtpx:course>316.01538</gpxtpx:course>
		</gpxtpx:TrackPointExtension>
	</extensions>
</trkpt>
<trkpt lat="-9.1305622" lon="148.3698273">
	<ele>609.81</ele>
	<time>2026-01-31T23:58:06.693Z</time>
	<hdop>3.79</hdop>
	<extensions>
		<gpxtpx:TrackPointExtension>
			<gpxtpx:course>337.97223</gpxtpx:course>
		</gpxtpx:TrackPointExtension>
	</extensions>
</trkpt>
<trkpt lat="-9.1304613" lon="148.3698146">
	<ele>609.14</ele>
	<time>2026-01-31T23:58:17.693Z</time>
	<hdop>3.79</hdop>
	<extensions>
		<gpxtpx:TrackPointExtension>
			<gpxtpx:course>346.64572</gpxtpx:course>
		</gpxtpx:TrackPointExtension>
	</extensions>
</trkpt>
<trkpt lat="-9.1303700" lon="148.3698290">
	<ele>607.55</ele>
	<time>2026-01-31T23:58:28.693Z</time>
	<hdop>3.79</hdop>
	<extensions>
		<gpxtpx:TrackPointExtension>
			<gpxtpx:course>8.161641</gpxtpx:course>
		</gpxtpx:TrackPointExtension>
	</extensions>
</trkpt>
<trkpt lat="-9.1302659" lon="148.3698475">
	<ele>604.70</ele>
	<time>2026-01-31T23:58:43.694Z</time>
	<hdop>3.79</hdop>
	<extensions>
		<gpxtpx:TrackPointExtension>
			<gpxtpx:course>16.061192</gpxtpx:course>
		</gpxtpx:TrackPointExtension>
	</extensions>
</trkpt>
<trkpt lat="-9.1301658" lon="148.3698264">
	<ele>601.29</ele>
	<time>2026-01-31T23:58:54.693Z</time>
	<hdop>3.79</hdop>
	<extensions>
		<gpxtpx:TrackPointExtension>
			<gpxtpx:course>338.17557</gpxtpx:course>
		</gpxtpx:TrackPointExtension>
	</extensions>
</trkpt>
<trkpt lat="-9.1300828" lon="148.3697860">
	<ele>597.55</ele>
	<time>2026-01-31T23:59:05.694Z</time>
	<hdop>3.79</hdop>
	<extensions>
		<gpxtpx:TrackPointExtension>
			<gpxtpx:course>321.01926</gpxtpx:course>
		</gpxtpx:TrackPointExtension>
	</extensions>
</trkpt>
<trkpt lat="-9.1300233" lon="148.3697023">
	<ele>595.33</ele>
	<time>2026-01-31T23:59:16.694Z</time>
	<hdop>3.79</hdop>
	<extensions>
		<gpxtpx:TrackPointExtension>
			<gpxtpx:course>297.01276</gpxtpx:course>
		</gpxtpx:TrackPointExtension>
	</extensions>
</trkpt>
<trkpt lat="-9.1299389" lon="148.3696449">
	<ele>591.94</ele>
	<time>2026-01-31T23:59:30.693Z</time>
	<hdop>3.79</hdop>
	<extensions>
		<gpxtpx:TrackPointExtension>
			<gpxtpx:course>347.189</gpxtpx:course>
		</gpxtpx:TrackPointExtension>
	</extensions>
</trkpt>
<trkpt lat="-9.1298329" lon="148.3696674">
	<ele>589.96</ele>
	<time>2026-01-31T23:59:40.693Z</time>
	<hdop>3.79</hdop>
	<extensions>
		<gpxtpx:TrackPointExtension>
			<gpxtpx:course>357.6636</gpxtpx:course>
		</gpxtpx:TrackPointExtension>
	</extensions>
</trkpt>
<trkpt lat="-9.1297423" lon="148.3696950">
	<ele>590.77</ele>
	<time>2026-01-31T23:59:50.693Z</time>
	<hdop>3.79</hdop>
	<extensions>
		<gpxtpx:TrackPointExtension>
			<gpxtpx:course>3.7263782</gpxtpx:course>
		</gpxtpx:TrackPointExtension>
	</extensions>
</trkpt>
<trkpt lat="-9.1296865" lon="148.3696223">
	<ele>588.71</ele>
	<time>2026-02-01T00:00:40.694Z</time>
	<hdop>3.79</hdop>
	<extensions>
		<gpxtpx:TrackPointExtension>
			<gpxtpx:course>319.5978</gpxtpx:course>
		</gpxtpx:TrackPointExtension>
	</extensions>
</trkpt>
<trkpt lat="-9.1296737" lon="148.3697357">
	<ele>589.44</ele>
	<time>2026-02-01T00:00:50.694Z</time>
	<hdop>3.79</hdop>
	<extensions>
		<gpxtpx:TrackPointExtension>
			<gpxtpx:course>78.694275</gpxtpx:course>
		</gpxtpx:TrackPointExtension>
	</extensions>
</trkpt>
<trkpt lat="-9.1296134" lon="148.3696312">
	<ele>587.94</ele>
	<time>2026-02-01T00:01:01.693Z</time>
	<hdop>9.94</hdop>
	<extensions>
		<gpxtpx:TrackPointExtension>
			<gpxtpx:course>305.05655</gpxtpx:course>
		</gpxtpx:TrackPointExtension>
	</extensions>
</trkpt>
<trkpt lat="-9.1295087" lon="148.3695427">
	<ele>588.99</ele>
	<time>2026-02-01T00:01:11.693Z</time>
	<hdop>9.94</hdop>
	<extensions>
		<gpxtpx:TrackPointExtension>
			<gpxtpx:course>328.91397</gpxtpx:course>
		</gpxtpx:TrackPointExtension>
	</extensions>
</trkpt>
<trkpt lat="-9.1293978" lon="148.3694945">
	<ele>587.90</ele>
	<time>2026-02-01T00:01:21.693Z</time>
	<hdop>9.94</hdop>
	<extensions>
		<gpxtpx:TrackPointExtension>
			<gpxtpx:course>341.32443</gpxtpx:course>
		</gpxtpx:TrackPointExtension>
	</extensions>
</trkpt>
<trkpt lat="-9.1293249" lon="148.3694346">
	<ele>590.34</ele>
	<time>2026-02-01T00:01:38.694Z</time>
	<hdop>9.94</hdop>
	<extensions>
		<gpxtpx:TrackPointExtension>
			<gpxtpx:course>326.96252</gpxtpx:course>
		</gpxtpx:TrackPointExtension>
	</extensions>
</trkpt>
<trkpt lat="-9.1292766" lon="148.3693560">
	<ele>593.87</ele>
	<time>2026-02-01T00:01:57.693Z</time>
	<hdop>9.94</hdop>
	<extensions>
		<gpxtpx:TrackPointExtension>
			<gpxtpx:course>294.6837</gpxtpx:course>
		</gpxtpx:TrackPointExtension>
	</extensions>
</trkpt>
<trkpt lat="-9.1291768" lon="148.3693235">
	<ele>593.67</ele>
	<time>2026-02-01T00:02:07.693Z</time>
	<hdop>9.94</hdop>
	<extensions>
		<gpxtpx:TrackPointExtension>
			<gpxtpx:course>328.34897</gpxtpx:course>
		</gpxtpx:TrackPointExtension>
	</extensions>
</trkpt>
<trkpt lat="-9.1290916" lon="148.3692814">
	<ele>594.42</ele>
	<time>2026-02-01T00:02:22.694Z</time>
	<hdop>9.94</hdop>
	<extensions>
		<gpxtpx:TrackPointExtension>
			<gpxtpx:course>328.25626</gpxtpx:course>
		</gpxtpx:TrackPointExtension>
	</extensions>
</trkpt>
<trkpt lat="-9.1290055" lon="148.3692415">
	<ele>596.24</ele>
	<time>2026-02-01T00:02:35.693Z</time>
	<hdop>9.94</hdop>
	<extensions>
		<gpxtpx:TrackPointExtension>
			<gpxtpx:course>334.78604</gpxtpx:course>
		</gpxtpx:TrackPointExtension>
	</extensions>
</trkpt>
<trkpt lat="-9.1289136" lon="148.3692358">
	<ele>596.31</ele>
	<time>2026-02-01T00:02:45.693Z</time>
	<hdop>10.81</hdop>
	<extensions>
		<gpxtpx:TrackPointExtension>
			<gpxtpx:course>347.90765</gpxtpx:course>
		</gpxtpx:TrackPointExtension>
	</extensions>
</trkpt>
<trkpt lat="-9.1288479" lon="148.3691446">
	<ele>600.11</ele>
	<time>2026-02-01T00:02:55.693Z</time>
	<hdop>9.94</hdop>
	<extensions>
		<gpxtpx:TrackPointExtension>
			<gpxtpx:course>330.94434</gpxtpx:course>
		</gpxtpx:TrackPointExtension>
	</extensions>
</trkpt>
<trkpt lat="-9.1287777" lon="148.3690811">
	<ele>602.07</ele>
	<time>2026-02-01T00:03:08.694Z</time>
	<hdop>9.94</hdop>
	<extensions>
		<gpxtpx:TrackPointExtension>
			<gpxtpx:course>359.46042</gpxtpx:course>
		</gpxtpx:TrackPointExtension>
	</extensions>
</trkpt>
<trkpt lat="-9.1287456" lon="148.3689689">
	<ele>605.91</ele>
	<time>2026-02-01T00:03:19.693Z</time>
	<hdop>9.94</hdop>
	<extensions>
		<gpxtpx:TrackPointExtension>
			<gpxtpx:course>300.35562</gpxtpx:course>
		</gpxtpx:TrackPointExtension>
	</extensions>
</trkpt>
<trkpt lat="-9.1286551" lon="148.3689102">
	<ele>603.97</ele>
	<time>2026-02-01T00:03:29.693Z</time>
	<hdop>9.94</hdop>
	<extensions>
		<gpxtpx:TrackPointExtension>
			<gpxtpx:course>286.06885</gpxtpx:course>
		</gpxtpx:TrackPointExtension>
	</extensions>
</trkpt>
<trkpt lat="-9.1285979" lon="148.3688303">
	<ele>599.10</ele>
	<time>2026-02-01T00:03:39.693Z</time>
	<hdop>6.86</hdop>
	<extensions>
		<gpxtpx:TrackPointExtension>
			<gpxtpx:course>304.9436</gpxtpx:course>
		</gpxtpx:TrackPointExtension>
	</extensions>
</trkpt>
<trkpt lat="-9.1285654" lon="148.3687360">
	<ele>597.74</ele>
	<time>2026-02-01T00:03:49.694Z</time>
	<hdop>3.79</hdop>
	<extensions>
		<gpxtpx:TrackPointExtension>
			<gpxtpx:course>287.00226</gpxtpx:course>
		</gpxtpx:TrackPointExtension>
	</extensions>
</trkpt>
<trkpt lat="-9.1285356" lon="148.3686329">
	<ele>594.23</ele>
	<time>2026-02-01T00:04:00.694Z</time>
	<hdop>3.79</hdop>
	<extensions>
		<gpxtpx:TrackPointExtension>
			<gpxtpx:course>308.02664</gpxtpx:course>
		</gpxtpx:TrackPointExtension>
	</extensions>
</trkpt>
<trkpt lat="-9.1284970" lon="148.3685019">
	<ele>597.92</ele>
	<time>2026-02-01T00:04:11.693Z</time>
	<hdop>3.79</hdop>
	<extensions>
		<gpxtpx:TrackPointExtension>
			<gpxtpx:course>294.3332</gpxtpx:course>
		</gpxtpx:TrackPointExtension>
	</extensions>
</trkpt>
<trkpt lat="-9.1284693" lon="148.3683938">
	<ele>598.17</ele>
	<time>2026-02-01T00:04:21.693Z</time>
	<hdop>3.79</hdop>
	<extensions>
		<gpxtpx:TrackPointExtension>
			<gpxtpx:course>310.4688</gpxtpx:course>
		</gpxtpx:TrackPointExtension>
	</extensions>
</trkpt>
<trkpt lat="-9.1284578" lon="148.3682952">
	<ele>597.72</ele>
	<time>2026-02-01T00:04:32.693Z</time>
	<hdop>3.79</hdop>
	<extensions>
		<gpxtpx:TrackPointExtension>
			<gpxtpx:course>290.74127</gpxtpx:course>
		</gpxtpx:TrackPointExtension>
	</extensions>
</trkpt>
<trkpt lat="-9.1283833" lon="148.3682399">
	<ele>597.16</ele>
	<time>2026-02-01T00:04:44.694Z</time>
	<hdop>4.81</hdop>
	<extensions>
		<gpxtpx:TrackPointExtension>
			<gpxtpx:course>326.502</gpxtpx:course>
		</gpxtpx:TrackPointExtension>
	</extensions>
</trkpt>
<trkpt lat="-9.1283418" lon="148.3681401">
	<ele>600.22</ele>
	<time>2026-02-01T00:04:55.693Z</time>
	<hdop>3.79</hdop>
	<extensions>
		<gpxtpx:TrackPointExtension>
			<gpxtpx:course>289.64877</gpxtpx:course>
		</gpxtpx:TrackPointExtension>
	</extensions>
</trkpt>
<trkpt lat="-9.1283297" lon="148.3680308">
	<ele>601.48</ele>
	<time>2026-02-01T00:05:05.693Z</time>
	<hdop>3.79</hdop>
	<extensions>
		<gpxtpx:TrackPointExtension>
			<gpxtpx:course>269.99863</gpxtpx:course>
		</gpxtpx:TrackPointExtension>
	</extensions>
</trkpt>
<trkpt lat="-9.1283077" lon="148.3679208">
	<ele>601.43</ele>
	<time>2026-02-01T00:05:15.694Z</time>
	<hdop>3.79</hdop>
	<extensions>
		<gpxtpx:TrackPointExtension>
			<gpxtpx:course>280.78687</gpxtpx:course>
		</gpxtpx:TrackPointExtension>
	</extensions>
</trkpt>
<trkpt lat="-9.1282345" lon="148.3678554">
	<ele>600.99</ele>
	<time>2026-02-01T00:05:39.693Z</time>
	<hdop>3.79</hdop>
	<extensions>
		<gpxtpx:TrackPointExtension>
			<gpxtpx:course>286.77832</gpxtpx:course>
		</gpxtpx:TrackPointExtension>
	</extensions>
</trkpt>
<trkpt lat="-9.1281829" lon="148.3677787">
	<ele>599.54</ele>
	<time>2026-02-01T00:05:53.693Z</time>
	<hdop>3.79</hdop>
	<extensions>
		<gpxtpx:TrackPointExtension>
			<gpxtpx:course>286.1801</gpxtpx:course>
		</gpxtpx:TrackPointExtension>
	</extensions>
</trkpt>
<trkpt lat="-9.1281268" lon="148.3677042">
	<ele>597.84</ele>
	<time>2026-02-01T00:06:09.693Z</time>
	<hdop>9.94</hdop>
	<extensions>
		<gpxtpx:TrackPointExtension>
			<gpxtpx:course>288.1599</gpxtpx:course>
		</gpxtpx:TrackPointExtension>
	</extensions>
</trkpt>
<trkpt lat="-9.1280980" lon="148.3676171">
	<ele>598.80</ele>
	<time>2026-02-01T00:06:21.693Z</time>
	<hdop>9.94</hdop>
	<extensions>
		<gpxtpx:TrackPointExtension>
			<gpxtpx:course>290.54706</gpxtpx:course>
		</gpxtpx:TrackPointExtension>
	</extensions>
</trkpt>
<trkpt lat="-9.1280805" lon="148.3675249">
	<ele>596.18</ele>
	<time>2026-02-01T00:06:35.693Z</time>
	<hdop>9.94</hdop>
	<extensions>
		<gpxtpx:TrackPointExtension>
			<gpxtpx:course>283.78137</gpxtpx:course>
		</gpxtpx:TrackPointExtension>
	</extensions>
</trkpt>
<trkpt lat="-9.1279972" lon="148.3674791">
	<ele>584.56</ele>
	<time>2026-02-01T00:08:44.693Z</time>
	<hdop>9.94</hdop>
	<extensions>
		<gpxtpx:TrackPointExtension>
			<gpxtpx:course>5.574101</gpxtpx:course>
		</gpxtpx:TrackPointExtension>
	</extensions>
</trkpt>
<trkpt lat="-9.1279245" lon="148.3674233">
	<ele>581.83</ele>
	<time>2026-02-01T00:09:19.693Z</time>
	<hdop>9.94</hdop>
	<extensions>
		<gpxtpx:TrackPointExtension>
			<gpxtpx:course>2.9344037</gpxtpx:course>
		</gpxtpx:TrackPointExtension>
	</extensions>
</trkpt>
<trkpt lat="-9.1278870" lon="148.3673363">
	<ele>583.72</ele>
	<time>2026-02-01T00:09:37.693Z</time>
	<hdop>9.94</hdop>
	<extensions>
		<gpxtpx:TrackPointExtension>
			<gpxtpx:course>300.03247</gpxtpx:course>
		</gpxtpx:TrackPointExtension>
	</extensions>
</trkpt>
<trkpt lat="-9.1278461" lon="148.3672391">
	<ele>581.49</ele>
	<time>2026-02-01T00:09:47.693Z</time>
	<hdop>9.94</hdop>
	<extensions>
		<gpxtpx:TrackPointExtension>
			<gpxtpx:course>276.78833</gpxtpx:course>
		</gpxtpx:TrackPointExtension>
	</extensions>
</trkpt>
<trkpt lat="-9.1278111" lon="148.3671504">
	<ele>581.51</ele>
	<time>2026-02-01T00:09:59.693Z</time>
	<hdop>9.94</hdop>
	<extensions>
		<gpxtpx:TrackPointExtension>
			<gpxtpx:course>287.16745</gpxtpx:course>
		</gpxtpx:TrackPointExtension>
	</extensions>
</trkpt>
<trkpt lat="-9.1278435" lon="148.3670652">
	<ele>584.25</ele>
	<time>2026-02-01T00:10:10.693Z</time>
	<hdop>9.94</hdop>
	<extensions>
		<gpxtpx:TrackPointExtension>
			<gpxtpx:course>246.86348</gpxtpx:course>
		</gpxtpx:TrackPointExtension>
	</extensions>
</trkpt>
<trkpt lat="-9.1278066" lon="148.3669789">
	<ele>583.35</ele>
	<time>2026-02-01T00:10:20.693Z</time>
	<hdop>9.94</hdop>
	<extensions>
		<gpxtpx:TrackPointExtension>
			<gpxtpx:course>310.35336</gpxtpx:course>
		</gpxtpx:TrackPointExtension>
	</extensions>
</trkpt>
<trkpt lat="-9.1277729" lon="148.3668932">
	<ele>584.29</ele>
	<time>2026-02-01T00:10:43.694Z</time>
	<hdop>9.94</hdop>
	<extensions>
		<gpxtpx:TrackPointExtension>
			<gpxtpx:course>322.24524</gpxtpx:course>
		</gpxtpx:TrackPointExtension>
	</extensions>
</trkpt>
<trkpt lat="-9.1276948" lon="148.3668341">
	<ele>590.84</ele>
	<time>2026-02-01T00:11:48.693Z</time>
	<hdop>9.94</hdop>
	<extensions>
		<gpxtpx:TrackPointExtension>
			<gpxtpx:course>343.25845</gpxtpx:course>
		</gpxtpx:TrackPointExtension>
	</extensions>
</trkpt>
<trkpt lat="-9.1276265" lon="148.3667578">
	<ele>596.97</ele>
	<time>2026-02-01T00:11:58.694Z</time>
	<hdop>9.94</hdop>
	<extensions>
		<gpxtpx:TrackPointExtension>
			<gpxtpx:course>340.6493</gpxtpx:course>
		</gpxtpx:TrackPointExtension>
	</extensions>
</trkpt>
<trkpt lat="-9.1275634" lon="148.3666808">
	<ele>598.01</ele>
	<time>2026-02-01T00:12:14.694Z</time>
	<hdop>9.94</hdop>
	<extensions>
		<gpxtpx:TrackPointExtension>
			<gpxtpx:course>319.2956</gpxtpx:course>
		</gpxtpx:TrackPointExtension>
	</extensions>
</trkpt>
<trkpt lat="-9.1274814" lon="148.3666357">
	<ele>595.70</ele>
	<time>2026-02-01T00:12:24.694Z</time>
	<hdop>9.94</hdop>
	<extensions>
		<gpxtpx:TrackPointExtension>
			<gpxtpx:course>357.1971</gpxtpx:course>
		</gpxtpx:TrackPointExtension>
	</extensions>
</trkpt>
<trkpt lat="-9.1274042" lon="148.3665878">
	<ele>602.44</ele>
	<time>2026-02-01T00:12:35.694Z</time>
	<hdop>9.94</hdop>
	<extensions>
		<gpxtpx:TrackPointExtension>
			<gpxtpx:course>320.52823</gpxtpx:course>
		</gpxtpx:TrackPointExtension>
	</extensions>
</trkpt>
<trkpt lat="-9.1272864" lon="148.3665277">
	<ele>603.09</ele>
	<time>2026-02-01T00:12:46.693Z</time>
	<hdop>9.94</hdop>
	<extensions>
		<gpxtpx:TrackPointExtension>
			<gpxtpx:course>326.0999</gpxtpx:course>
		</gpxtpx:TrackPointExtension>
	</extensions>
</trkpt>
<trkpt lat="-9.1272003" lon="148.3664961">
	<ele>601.34</ele>
	<time>2026-02-01T00:12:56.693Z</time>
	<hdop>9.94</hdop>
	<extensions>
		<gpxtpx:TrackPointExtension>
			<gpxtpx:course>324.79794</gpxtpx:course>
		</gpxtpx:TrackPointExtension>
	</extensions>
</trkpt>
<trkpt lat="-9.1271106" lon="148.3664732">
	<ele>604.57</ele>
	<time>2026-02-01T00:13:14.693Z</time>
	<hdop>9.94</hdop>
	<extensions>
		<gpxtpx:TrackPointExtension>
			<gpxtpx:course>320.64514</gpxtpx:course>
		</gpxtpx:TrackPointExtension>
	</extensions>
</trkpt>
<trkpt lat="-9.1270205" lon="148.3664523">
	<ele>609.71</ele>
	<time>2026-02-01T00:13:28.693Z</time>
	<hdop>9.94</hdop>
	<extensions>
		<gpxtpx:TrackPointExtension>
			<gpxtpx:course>338.49228</gpxtpx:course>
		</gpxtpx:TrackPointExtension>
	</extensions>
</trkpt>
<trkpt lat="-9.1269242" lon="148.3664297">
	<ele>612.33</ele>
	<time>2026-02-01T00:13:38.693Z</time>
	<hdop>9.94</hdop>
	<extensions>
		<gpxtpx:TrackPointExtension>
			<gpxtpx:course>336.28986</gpxtpx:course>
		</gpxtpx:TrackPointExtension>
	</extensions>
</trkpt>
<trkpt lat="-9.1268475" lon="148.3663761">
	<ele>613.14</ele>
	<time>2026-02-01T00:14:02.694Z</time>
	<hdop>9.94</hdop>
	<extensions>
		<gpxtpx:TrackPointExtension>
			<gpxtpx:course>326.4425</gpxtpx:course>
		</gpxtpx:TrackPointExtension>
	</extensions>
</trkpt>
<trkpt lat="-9.1268113" lon="148.3662848">
	<ele>612.94</ele>
	<time>2026-02-01T00:14:23.694Z</time>
	<hdop>9.94</hdop>
	<extensions>
		<gpxtpx:TrackPointExtension>
			<gpxtpx:course>304.1378</gpxtpx:course>
		</gpxtpx:TrackPointExtension>
	</extensions>
</trkpt>
<trkpt lat="-9.1268002" lon="148.3661920">
	<ele>612.93</ele>
	<time>2026-02-01T00:14:36.694Z</time>
	<hdop>9.94</hdop>
	<extensions>
		<gpxtpx:TrackPointExtension>
			<gpxtpx:course>266.98843</gpxtpx:course>
		</gpxtpx:TrackPointExtension>
	</extensions>
</trkpt>
<trkpt lat="-9.1267910" lon="148.3661001">
	<ele>608.49</ele>
	<time>2026-02-01T00:14:49.694Z</time>
	<hdop>9.94</hdop>
	<extensions>
		<gpxtpx:TrackPointExtension>
			<gpxtpx:course>270.01453</gpxtpx:course>
		</gpxtpx:TrackPointExtension>
	</extensions>
</trkpt>
<trkpt lat="-9.1267980" lon="148.3659824">
	<ele>611.13</ele>
	<time>2026-02-01T00:15:00.693Z</time>
	<hdop>9.94</hdop>
	<extensions>
		<gpxtpx:TrackPointExtension>
			<gpxtpx:course>259.83575</gpxtpx:course>
		</gpxtpx:TrackPointExtension>
	</extensions>
</trkpt>
<trkpt lat="-9.1268187" lon="148.3658927">
	<ele>614.63</ele>
	<time>2026-02-01T00:15:11.693Z</time>
	<hdop>9.94</hdop>
	<extensions>
		<gpxtpx:TrackPointExtension>
			<gpxtpx:course>259.7916</gpxtpx:course>
		</gpxtpx:TrackPointExtension>
	</extensions>
</trkpt>
<trkpt lat="-9.1268408" lon="148.3658028">
	<ele>616.18</ele>
	<time>2026-02-01T00:15:21.694Z</time>
	<hdop>9.94</hdop>
	<extensions>
		<gpxtpx:TrackPointExtension>
			<gpxtpx:course>252.96315</gpxtpx:course>
		</gpxtpx:TrackPointExtension>
	</extensions>
</trkpt>
<trkpt lat="-9.1268827" lon="148.3656853">
	<ele>612.22</ele>
	<time>2026-02-01T00:15:31.694Z</time>
	<hdop>9.94</hdop>
	<extensions>
		<gpxtpx:TrackPointExtension>
			<gpxtpx:course>244.88947</gpxtpx:course>
		</gpxtpx:TrackPointExtension>
	</extensions>
</trkpt>
<trkpt lat="-9.1268948" lon="148.3655774">
	<ele>611.20</ele>
	<time>2026-02-01T00:15:42.694Z</time>
	<hdop>9.94</hdop>
	<extensions>
		<gpxtpx:TrackPointExtension>
			<gpxtpx:course>256.06912</gpxtpx:course>
		</gpxtpx:TrackPointExtension>
	</extensions>
</trkpt>
<trkpt lat="-9.1269321" lon="148.3654891">
	<ele>611.00</ele>
	<time>2026-02-01T00:15:58.693Z</time>
	<hdop>9.94</hdop>
	<extensions>
		<gpxtpx:TrackPointExtension>
			<gpxtpx:course>269.99997</gpxtpx:course>
		</gpxtpx:TrackPointExtension>
	</extensions>
</trkpt>
<trkpt lat="-9.1269454" lon="148.3653701">
	<ele>608.46</ele>
	<time>2026-02-01T00:16:08.693Z</time>
	<hdop>9.94</hdop>
	<extensions>
		<gpxtpx:TrackPointExtension>
			<gpxtpx:course>258.66458</gpxtpx:course>
		</gpxtpx:TrackPointExtension>
	</extensions>
</trkpt>
<trkpt lat="-9.1269731" lon="148.3652369">
	<ele>608.47</ele>
	<time>2026-02-01T00:16:18.693Z</time>
	<hdop>9.94</hdop>
	<extensions>
		<gpxtpx:TrackPointExtension>
			<gpxtpx:course>270.47983</gpxtpx:course>
		</gpxtpx:TrackPointExtension>
	</extensions>
</trkpt>
<trkpt lat="-9.1270316" lon="148.3651616">
	<ele>607.47</ele>
	<time>2026-02-01T00:16:31.693Z</time>
	<hdop>9.94</hdop>
	<extensions>
		<gpxtpx:TrackPointExtension>
			<gpxtpx:course>240.59805</gpxtpx:course>
		</gpxtpx:TrackPointExtension>
	</extensions>
</trkpt>
<trkpt lat="-9.1271024" lon="148.3650780">
	<ele>607.00</ele>
	<time>2026-02-01T00:16:41.693Z</time>
	<hdop>9.94</hdop>
	<extensions>
		<gpxtpx:TrackPointExtension>
			<gpxtpx:course>240.64818</gpxtpx:course>
		</gpxtpx:TrackPointExtension>
	</extensions>
</trkpt>
<trkpt lat="-9.1271661" lon="148.3649990">
	<ele>608.92</ele>
	<time>2026-02-01T00:16:52.693Z</time>
	<hdop>9.94</hdop>
	<extensions>
		<gpxtpx:TrackPointExtension>
			<gpxtpx:course>207.40659</gpxtpx:course>
		</gpxtpx:TrackPointExtension>
	</extensions>
</trkpt>
<trkpt lat="-9.1272797" lon="148.3649310">
	<ele>612.27</ele>
	<time>2026-02-01T00:17:02.693Z</time>
	<hdop>9.94</hdop>
	<extensions>
		<gpxtpx:TrackPointExtension>
			<gpxtpx:course>196.9863</gpxtpx:course>
		</gpxtpx:TrackPointExtension>
	</extensions>
</trkpt>
<trkpt lat="-9.1273656" lon="148.3648698">
	<ele>612.70</ele>
	<time>2026-02-01T00:17:12.693Z</time>
	<hdop>9.94</hdop>
	<extensions>
		<gpxtpx:TrackPointExtension>
			<gpxtpx:course>209.27626</gpxtpx:course>
		</gpxtpx:TrackPointExtension>
	</extensions>
</trkpt>
<trkpt lat="-9.1274634" lon="148.3648293">
	<ele>614.62</ele>
	<time>2026-02-01T00:17:22.693Z</time>
	<hdop>9.94</hdop>
	<extensions>
		<gpxtpx:TrackPointExtension>
			<gpxtpx:course>245.76952</gpxtpx:course>
		</gpxtpx:TrackPointExtension>
	</extensions>
</trkpt>
<trkpt lat="-9.1275442" lon="148.3647732">
	<ele>613.31</ele>
	<time>2026-02-01T00:17:32.693Z</time>
	<hdop>9.94</hdop>
	<extensions>
		<gpxtpx:TrackPointExtension>
			<gpxtpx:course>204.3373</gpxtpx:course>
		</gpxtpx:TrackPointExtension>
	</extensions>
</trkpt>
<trkpt lat="-9.1276107" lon="148.3647076">
	<ele>612.01</ele>
	<time>2026-02-01T00:17:44.694Z</time>
	<hdop>9.94</hdop>
	<extensions>
		<gpxtpx:TrackPointExtension>
			<gpxtpx:course>237.65848</gpxtpx:course>
		</gpxtpx:TrackPointExtension>
	</extensions>
</trkpt>
<trkpt lat="-9.1276864" lon="148.3646568">
	<ele>610.55</ele>
	<time>2026-02-01T00:17:55.693Z</time>
	<hdop>9.94</hdop>
	<extensions>
		<gpxtpx:TrackPointExtension>
			<gpxtpx:course>269.84018</gpxtpx:course>
		</gpxtpx:TrackPointExtension>
	</extensions>
</trkpt>
<trkpt lat="-9.1277444" lon="148.3645815">
	<ele>608.42</ele>
	<time>2026-02-01T00:18:07.693Z</time>
	<hdop>9.94</hdop>
	<extensions>
		<gpxtpx:TrackPointExtension>
			<gpxtpx:course>268.0482</gpxtpx:course>
		</gpxtpx:TrackPointExtension>
	</extensions>
</trkpt>
<trkpt lat="-9.1278286" lon="148.3645394">
	<ele>610.15</ele>
	<time>2026-02-01T00:18:18.693Z</time>
	<hdop>9.95</hdop>
	<extensions>
		<gpxtpx:TrackPointExtension>
			<gpxtpx:course>236.44727</gpxtpx:course>
		</gpxtpx:TrackPointExtension>
	</extensions>
</trkpt>
<trkpt lat="-9.1279173" lon="148.3644336">
	<ele>617.63</ele>
	<time>2026-02-01T00:18:28.693Z</time>
	<hdop>9.94</hdop>
	<extensions>
		<gpxtpx:TrackPointExtension>
			<gpxtpx:course>233.50043</gpxtpx:course>
		</gpxtpx:TrackPointExtension>
	</extensions>
</trkpt>
<trkpt lat="-9.1280021" lon="148.3643394">
	<ele>619.84</ele>
	<time>2026-02-01T00:18:38.693Z</time>
	<hdop>9.94</hdop>
	<extensions>
		<gpxtpx:TrackPointExtension>
			<gpxtpx:course>220.8599</gpxtpx:course>
		</gpxtpx:TrackPointExtension>
	</extensions>
</trkpt>
<trkpt lat="-9.1280739" lon="148.3642719">
	<ele>618.44</ele>
	<time>2026-02-01T00:18:57.694Z</time>
	<hdop>9.94</hdop>
	<extensions>
		<gpxtpx:TrackPointExtension>
			<gpxtpx:course>214.66882</gpxtpx:course>
		</gpxtpx:TrackPointExtension>
	</extensions>
</trkpt>
<trkpt lat="-9.1281645" lon="148.3641814">
	<ele>616.80</ele>
	<time>2026-02-01T00:19:07.694Z</time>
	<hdop>9.94</hdop>
	<extensions>
		<gpxtpx:TrackPointExtension>
			<gpxtpx:course>239.00023</gpxtpx:course>
		</gpxtpx:TrackPointExtension>
	</extensions>
</trkpt>
<trkpt lat="-9.1282365" lon="148.3641240">
	<ele>618.24</ele>
	<time>2026-02-01T00:19:28.693Z</time>
	<hdop>9.94</hdop>
	<extensions>
		<gpxtpx:TrackPointExtension>
			<gpxtpx:course>228.27885</gpxtpx:course>
		</gpxtpx:TrackPointExtension>
	</extensions>
</trkpt>
<trkpt lat="-9.1283175" lon="148.3640752">
	<ele>617.57</ele>
	<time>2026-02-01T00:19:47.694Z</time>
	<hdop>9.94</hdop>
	<extensions>
		<gpxtpx:TrackPointExtension>
			<gpxtpx:course>184.73524</gpxtpx:course>
		</gpxtpx:TrackPointExtension>
	</extensions>
</trkpt>
<trkpt lat="-9.1284067" lon="148.3640569">
	<ele>619.84</ele>
	<time>2026-02-01T00:20:07.693Z</time>
	<hdop>9.94</hdop>
	<extensions>
		<gpxtpx:TrackPointExtension>
			<gpxtpx:course>195.48312</gpxtpx:course>
		</gpxtpx:TrackPointExtension>
	</extensions>
</trkpt>
<trkpt lat="-9.1284720" lon="148.3639851">
	<ele>624.93</ele>
	<time>2026-02-01T00:20:22.693Z</time>
	<hdop>9.94</hdop>
	<extensions>
		<gpxtpx:TrackPointExtension>
			<gpxtpx:course>220.04433</gpxtpx:course>
		</gpxtpx:TrackPointExtension>
	</extensions>
</trkpt>
<trkpt lat="-9.1285623" lon="148.3639383">
	<ele>621.07</ele>
	<time>2026-02-01T00:20:32.693Z</time>
	<hdop>9.94</hdop>
	<extensions>
		<gpxtpx:TrackPointExtension>
			<gpxtpx:course>217.60156</gpxtpx:course>
		</gpxtpx:TrackPointExtension>
	</extensions>
</trkpt>
<trkpt lat="-9.1286320" lon="148.3638614">
	<ele>615.80</ele>
	<time>2026-02-01T00:20:42.693Z</time>
	<hdop>9.94</hdop>
	<extensions>
		<gpxtpx:TrackPointExtension>
			<gpxtpx:course>229.06067</gpxtpx:course>
		</gpxtpx:TrackPointExtension>
	</extensions>
</trkpt>
<trkpt lat="-9.1287198" lon="148.3638084">
	<ele>619.38</ele>
	<time>2026-02-01T00:20:52.693Z</time>
	<hdop>9.94</hdop>
	<extensions>
		<gpxtpx:TrackPointExtension>
			<gpxtpx:course>210.57674</gpxtpx:course>
		</gpxtpx:TrackPointExtension>
	</extensions>
</trkpt>
<trkpt lat="-9.1287954" lon="148.3637565">
	<ele>619.33</ele>
	<time>2026-02-01T00:21:10.693Z</time>
	<hdop>9.94</hdop>
	<extensions>
		<gpxtpx:TrackPointExtension>
			<gpxtpx:course>219.80899</gpxtpx:course>
		</gpxtpx:TrackPointExtension>
	</extensions>
</trkpt>
<trkpt lat="-9.1288290" lon="148.3636720">
	<ele>621.09</ele>
	<time>2026-02-01T00:21:41.693Z</time>
	<hdop>9.94</hdop>
	<extensions>
		<gpxtpx:TrackPointExtension>
			<gpxtpx:course>260.6474</gpxtpx:course>
		</gpxtpx:TrackPointExtension>
	</extensions>
</trkpt>
<trkpt lat="-9.1288686" lon="148.3635879">
	<ele>619.34</ele>
	<time>2026-02-01T00:21:54.693Z</time>
	<hdop>9.94</hdop>
	<extensions>
		<gpxtpx:TrackPointExtension>
			<gpxtpx:course>248.72707</gpxtpx:course>
		</gpxtpx:TrackPointExtension>
	</extensions>
</trkpt>
<trkpt lat="-9.1288792" lon="148.3634909">
	<ele>620.96</ele>
	<time>2026-02-01T00:22:13.694Z</time>
	<hdop>9.94</hdop>
	<extensions>
		<gpxtpx:TrackPointExtension>
			<gpxtpx:course>262.43832</gpxtpx:course>
		</gpxtpx:TrackPointExtension>
	</extensions>
</trkpt>
<trkpt lat="-9.1289279" lon="148.3634099">
	<ele>616.12</ele>
	<time>2026-02-01T00:22:31.694Z</time>
	<hdop>9.94</hdop>
	<extensions>
		<gpxtpx:TrackPointExtension>
			<gpxtpx:course>261.4222</gpxtpx:course>
		</gpxtpx:TrackPointExtension>
	</extensions>
</trkpt>
<trkpt lat="-9.1289697" lon="148.3633291">
	<ele>617.19</ele>
	<time>2026-02-01T00:22:44.693Z</time>
	<hdop>9.94</hdop>
	<extensions>
		<gpxtpx:TrackPointExtension>
			<gpxtpx:course>227.32295</gpxtpx:course>
		</gpxtpx:TrackPointExtension>
	</extensions>
</trkpt>
<trkpt lat="-9.1290164" lon="148.3632332">
	<ele>613.57</ele>
	<time>2026-02-01T00:22:55.694Z</time>
	<hdop>9.94</hdop>
	<extensions>
		<gpxtpx:TrackPointExtension>
			<gpxtpx:course>253.25104</gpxtpx:course>
		</gpxtpx:TrackPointExtension>
	</extensions>
</trkpt>
<trkpt lat="-9.1290539" lon="148.3631490">
	<ele>614.52</ele>
	<time>2026-02-01T00:23:05.694Z</time>
	<hdop>9.94</hdop>
	<extensions>
		<gpxtpx:TrackPointExtension>
			<gpxtpx:course>262.09354</gpxtpx:course>
		</gpxtpx:TrackPointExtension>
	</extensions>
</trkpt>
<trkpt lat="-9.1291004" lon="148.3630504">
	<ele>613.52</ele>
	<time>2026-02-01T00:23:15.694Z</time>
	<hdop>9.94</hdop>
	<extensions>
		<gpxtpx:TrackPointExtension>
			<gpxtpx:course>262.11554</gpxtpx:course>
		</gpxtpx:TrackPointExtension>
	</extensions>
</trkpt>
<trkpt lat="-9.1291545" lon="148.3629721">
	<ele>613.73</ele>
	<time>2026-02-01T00:23:31.694Z</time>
	<hdop>9.94</hdop>
	<extensions>
		<gpxtpx:TrackPointExtension>
			<gpxtpx:course>258.57074</gpxtpx:course>
		</gpxtpx:TrackPointExtension>
	</extensions>
</trkpt>
<trkpt lat="-9.1292108" lon="148.3628926">
	<ele>609.24</ele>
	<time>2026-02-01T00:23:43.693Z</time>
	<hdop>9.94</hdop>
	<extensions>
		<gpxtpx:TrackPointExtension>
			<gpxtpx:course>267.40945</gpxtpx:course>
		</gpxtpx:TrackPointExtension>
	</extensions>
</trkpt>
<trkpt lat="-9.1292710" lon="148.3628152">
	<ele>610.25</ele>
	<time>2026-02-01T00:23:53.694Z</time>
	<hdop>9.94</hdop>
	<extensions>
		<gpxtpx:TrackPointExtension>
			<gpxtpx:course>236.09836</gpxtpx:course>
		</gpxtpx:TrackPointExtension>
	</extensions>
</trkpt>
<trkpt lat="-9.1293304" lon="148.3627364">
	<ele>614.24</ele>
	<time>2026-02-01T00:24:08.693Z</time>
	<hdop>9.94</hdop>
	<extensions>
		<gpxtpx:TrackPointExtension>
			<gpxtpx:course>239.29024</gpxtpx:course>
		</gpxtpx:TrackPointExtension>
	</extensions>
</trkpt>
<trkpt lat="-9.1293710" lon="148.3626474">
	<ele>613.61</ele>
	<time>2026-02-01T00:24:29.693Z</time>
	<hdop>9.94</hdop>
	<extensions>
		<gpxtpx:TrackPointExtension>
			<gpxtpx:course>239.03601</gpxtpx:course>
		</gpxtpx:TrackPointExtension>
	</extensions>
</trkpt>
<trkpt lat="-9.1294205" lon="148.3625661">
	<ele>610.93</ele>
	<time>2026-02-01T00:24:39.693Z</time>
	<hdop>9.94</hdop>
	<extensions>
		<gpxtpx:TrackPointExtension>
			<gpxtpx:course>261.62283</gpxtpx:course>
		</gpxtpx:TrackPointExtension>
	</extensions>
</trkpt>
<trkpt lat="-9.1294487" lon="148.3624408">
	<ele>609.45</ele>
	<time>2026-02-01T00:24:49.693Z</time>
	<hdop>9.94</hdop>
	<extensions>
		<gpxtpx:TrackPointExtension>
			<gpxtpx:course>263.0126</gpxtpx:course>
		</gpxtpx:TrackPointExtension>
	</extensions>
</trkpt>
<trkpt lat="-9.1294722" lon="148.3623517">
	<ele>609.29</ele>
	<time>2026-02-01T00:24:59.693Z</time>
	<hdop>9.94</hdop>
	<extensions>
		<gpxtpx:TrackPointExtension>
			<gpxtpx:course>252.59177</gpxtpx:course>
		</gpxtpx:TrackPointExtension>
	</extensions>
</trkpt>
<trkpt lat="-9.1294969" lon="148.3622607">
	<ele>604.80</ele>
	<time>2026-02-01T00:25:11.693Z</time>
	<hdop>9.94</hdop>
	<extensions>
		<gpxtpx:TrackPointExtension>
			<gpxtpx:course>231.80444</gpxtpx:course>
		</gpxtpx:TrackPointExtension>
	</extensions>
</trkpt>
<trkpt lat="-9.1295583" lon="148.3621808">
	<ele>605.42</ele>
	<time>2026-02-01T00:25:21.694Z</time>
	<hdop>9.94</hdop>
	<extensions>
		<gpxtpx:TrackPointExtension>
			<gpxtpx:course>262.77454</gpxtpx:course>
		</gpxtpx:TrackPointExtension>
	</extensions>
</trkpt>
<trkpt lat="-9.1296084" lon="148.3620942">
	<ele>604.36</ele>
	<time>2026-02-01T00:25:32.693Z</time>
	<hdop>9.94</hdop>
	<extensions>
		<gpxtpx:TrackPointExtension>
			<gpxtpx:course>230.97995</gpxtpx:course>
		</gpxtpx:TrackPointExtension>
	</extensions>
</trkpt>
<trkpt lat="-9.1296860" lon="148.3619850">
	<ele>604.16</ele>
	<time>2026-02-01T00:25:42.693Z</time>
	<hdop>9.94</hdop>
	<extensions>
		<gpxtpx:TrackPointExtension>
			<gpxtpx:course>241.01033</gpxtpx:course>
		</gpxtpx:TrackPointExtension>
	</extensions>
</trkpt>
<trkpt lat="-9.1297066" lon="148.3618754">
	<ele>603.15</ele>
	<time>2026-02-01T00:25:52.694Z</time>
	<hdop>9.94</hdop>
	<extensions>
		<gpxtpx:TrackPointExtension>
			<gpxtpx:course>240.88269</gpxtpx:course>
		</gpxtpx:TrackPointExtension>
	</extensions>
</trkpt>
<trkpt lat="-9.1297286" lon="148.3617827">
	<ele>603.49</ele>
	<time>2026-02-01T00:26:05.693Z</time>
	<hdop>9.94</hdop>
	<extensions>
		<gpxtpx:TrackPointExtension>
			<gpxtpx:course>242.90654</gpxtpx:course>
		</gpxtpx:TrackPointExtension>
	</extensions>
</trkpt>
<trkpt lat="-9.1297656" lon="148.3616919">
	<ele>604.90</ele>
	<time>2026-02-01T00:26:24.693Z</time>
	<hdop>9.95</hdop>
	<extensions>
		<gpxtpx:TrackPointExtension>
			<gpxtpx:course>266.0093</gpxtpx:course>
		</gpxtpx:TrackPointExtension>
	</extensions>
</trkpt>
<trkpt lat="-9.1297807" lon="148.3615715">
	<ele>607.92</ele>
	<time>2026-02-01T00:26:34.693Z</time>
	<hdop>9.96</hdop>
	<extensions>
		<gpxtpx:TrackPointExtension>
			<gpxtpx:course>277.12274</gpxtpx:course>
		</gpxtpx:TrackPointExtension>
	</extensions>
</trkpt>
<trkpt lat="-9.1297890" lon="148.3614766">
	<ele>601.79</ele>
	<time>2026-02-01T00:26:49.693Z</time>
	<hdop>10.00</hdop>
	<extensions>
		<gpxtpx:TrackPointExtension>
			<gpxtpx:course>257.56454</gpxtpx:course>
		</gpxtpx:TrackPointExtension>
	</extensions>
</trkpt>
<trkpt lat="-9.1298212" lon="148.3613891">
	<ele>601.66</ele>
	<time>2026-02-01T00:27:00.693Z</time>
	<hdop>10.05</hdop>
	<extensions>
		<gpxtpx:TrackPointExtension>
			<gpxtpx:course>271.14554</gpxtpx:course>
		</gpxtpx:TrackPointExtension>
	</extensions>
</trkpt>
<trkpt lat="-9.1298417" lon="148.3612986">
	<ele>601.21</ele>
	<time>2026-02-01T00:27:14.693Z</time>
	<hdop>10.14</hdop>
	<extensions>
		<gpxtpx:TrackPointExtension>
			<gpxtpx:course>260.50778</gpxtpx:course>
		</gpxtpx:TrackPointExtension>
	</extensions>
</trkpt>
<trkpt lat="-9.1298705" lon="148.3611899">
	<ele>602.63</ele>
	<time>2026-02-01T00:27:24.693Z</time>
	<hdop>9.94</hdop>
	<extensions>
		<gpxtpx:TrackPointExtension>
			<gpxtpx:course>259.57913</gpxtpx:course>
		</gpxtpx:TrackPointExtension>
	</extensions>
</trkpt>
<trkpt lat="-9.1298768" lon="148.3610906">
	<ele>595.73</ele>
	<time>2026-02-01T00:27:37.693Z</time>
	<hdop>9.94</hdop>
	<extensions>
		<gpxtpx:TrackPointExtension>
			<gpxtpx:course>281.22675</gpxtpx:course>
		</gpxtpx:TrackPointExtension>
	</extensions>
</trkpt>
<trkpt lat="-9.1298756" lon="148.3609927">
	<ele>593.68</ele>
	<time>2026-02-01T00:27:54.694Z</time>
	<hdop>9.95</hdop>
	<extensions>
		<gpxtpx:TrackPointExtension>
			<gpxtpx:course>314.58936</gpxtpx:course>
		</gpxtpx:TrackPointExtension>
	</extensions>
</trkpt>
<trkpt lat="-9.1298916" lon="148.3608507">
	<ele>596.70</ele>
	<time>2026-02-01T00:28:05.694Z</time>
	<hdop>9.94</hdop>
	<extensions>
		<gpxtpx:TrackPointExtension>
			<gpxtpx:course>264.1996</gpxtpx:course>
		</gpxtpx:TrackPointExtension>
	</extensions>
</trkpt>
<trkpt lat="-9.1299022" lon="148.3607492">
	<ele>593.97</ele>
	<time>2026-02-01T00:28:26.694Z</time>
	<hdop>9.94</hdop>
	<extensions>
		<gpxtpx:TrackPointExtension>
			<gpxtpx:course>269.4846</gpxtpx:course>
		</gpxtpx:TrackPointExtension>
	</extensions>
</trkpt>
<trkpt lat="-9.1299040" lon="148.3606309">
	<ele>597.64</ele>
	<time>2026-02-01T00:28:37.693Z</time>
	<hdop>9.94</hdop>
	<extensions>
		<gpxtpx:TrackPointExtension>
			<gpxtpx:course>258.11127</gpxtpx:course>
		</gpxtpx:TrackPointExtension>
	</extensions>
</trkpt>
<trkpt lat="-9.1299364" lon="148.3605393">
	<ele>596.81</ele>
	<time>2026-02-01T00:28:49.693Z</time>
	<hdop>9.94</hdop>
	<extensions>
		<gpxtpx:TrackPointExtension>
			<gpxtpx:course>250.92973</gpxtpx:course>
		</gpxtpx:TrackPointExtension>
	</extensions>
</trkpt>
<trkpt lat="-9.1299644" lon="148.3604400">
	<ele>599.70</ele>
	<time>2026-02-01T00:28:59.693Z</time>
	<hdop>9.94</hdop>
	<extensions>
		<gpxtpx:TrackPointExtension>
			<gpxtpx:course>190.03365</gpxtpx:course>
		</gpxtpx:TrackPointExtension>
	</extensions>
</trkpt>
<trkpt lat="-9.1299688" lon="148.3603430">
	<ele>594.97</ele>
	<time>2026-02-01T00:29:10.694Z</time>
	<hdop>9.94</hdop>
	<extensions>
		<gpxtpx:TrackPointExtension>
			<gpxtpx:course>189.94241</gpxtpx:course>
		</gpxtpx:TrackPointExtension>
	</extensions>
</trkpt>
<trkpt lat="-9.1299739" lon="148.3602503">
	<ele>595.18</ele>
	<time>2026-02-01T00:29:23.693Z</time>
	<hdop>9.94</hdop>
	<extensions>
		<gpxtpx:TrackPointExtension>
			<gpxtpx:course>251.34282</gpxtpx:course>
		</gpxtpx:TrackPointExtension>
	</extensions>
</trkpt>
<trkpt lat="-9.1299878" lon="148.3601536">
	<ele>594.76</ele>
	<time>2026-02-01T00:29:40.693Z</time>
	<hdop>9.94</hdop>
	<extensions>
		<gpxtpx:TrackPointExtension>
			<gpxtpx:course>279.39005</gpxtpx:course>
		</gpxtpx:TrackPointExtension>
	</extensions>
</trkpt>
<trkpt lat="-9.1299734" lon="148.3600235">
	<ele>593.05</ele>
	<time>2026-02-01T00:29:50.693Z</time>
	<hdop>9.94</hdop>
	<extensions>
		<gpxtpx:TrackPointExtension>
			<gpxtpx:course>278.68066</gpxtpx:course>
		</gpxtpx:TrackPointExtension>
	</extensions>
</trkpt>
<trkpt lat="-9.1299570" lon="148.3598967">
	<ele>595.95</ele>
	<time>2026-02-01T00:30:00.693Z</time>
	<hdop>10.64</hdop>
	<extensions>
		<gpxtpx:TrackPointExtension>
			<gpxtpx:course>275.196</gpxtpx:course>
		</gpxtpx:TrackPointExtension>
	</extensions>
</trkpt>
<trkpt lat="-9.1299561" lon="148.3598022">
	<ele>590.74</ele>
	<time>2026-02-01T00:30:41.690Z</time>
	<hdop>10.12</hdop>
	<extensions>
		<gpxtpx:TrackPointExtension>
			<gpxtpx:course>278.16443</gpxtpx:course>
		</gpxtpx:TrackPointExtension>
	</extensions>
</trkpt>
<trkpt lat="-9.1299165" lon="148.3597193">
	<ele>589.55</ele>
	<time>2026-02-01T00:30:55.691Z</time>
	<hdop>9.94</hdop>
	<extensions>
		<gpxtpx:TrackPointExtension>
			<gpxtpx:course>288.47507</gpxtpx:course>
		</gpxtpx:TrackPointExtension>
	</extensions>
</trkpt>
<trkpt lat="-9.1298612" lon="148.3596441">
	<ele>595.47</ele>
	<time>2026-02-01T00:31:35.690Z</time>
	<hdop>9.94</hdop>
	<extensions>
		<gpxtpx:TrackPointExtension>
			<gpxtpx:course>309.84897</gpxtpx:course>
		</gpxtpx:TrackPointExtension>
	</extensions>
</trkpt>
<trkpt lat="-9.1298358" lon="148.3595522">
	<ele>593.42</ele>
	<time>2026-02-01T00:31:49.690Z</time>
	<hdop>10.27</hdop>
	<extensions>
		<gpxtpx:TrackPointExtension>
			<gpxtpx:course>291.68533</gpxtpx:course>
		</gpxtpx:TrackPointExtension>
	</extensions>
</trkpt>
<trkpt lat="-9.1298055" lon="148.3594638">
	<ele>591.66</ele>
	<time>2026-02-01T00:32:00.690Z</time>
	<hdop>10.09</hdop>
	<extensions>
		<gpxtpx:TrackPointExtension>
			<gpxtpx:course>356.63068</gpxtpx:course>
		</gpxtpx:TrackPointExtension>
	</extensions>
</trkpt>
<trkpt lat="-9.1297836" lon="148.3593726">
	<ele>593.13</ele>
	<time>2026-02-01T00:32:11.691Z</time>
	<hdop>9.94</hdop>
	<extensions>
		<gpxtpx:TrackPointExtension>
			<gpxtpx:course>276.481</gpxtpx:course>
		</gpxtpx:TrackPointExtension>
	</extensions>
</trkpt>
<trkpt lat="-9.1297664" lon="148.3592715">
	<ele>596.35</ele>
	<time>2026-02-01T00:32:26.691Z</time>
	<hdop>10.10</hdop>
	<extensions>
		<gpxtpx:TrackPointExtension>
			<gpxtpx:course>322.47845</gpxtpx:course>
		</gpxtpx:TrackPointExtension>
	</extensions>
</trkpt>
<trkpt lat="-9.1297395" lon="148.3591302">
	<ele>597.29</ele>
	<time>2026-02-01T00:32:37.691Z</time>
	<hdop>10.39</hdop>
	<extensions>
		<gpxtpx:TrackPointExtension>
			<gpxtpx:course>280.11362</gpxtpx:course>
		</gpxtpx:TrackPointExtension>
	</extensions>
</trkpt>
<trkpt lat="-9.1296815" lon="148.3590345">
	<ele>590.18</ele>
	<time>2026-02-01T00:32:48.690Z</time>
	<hdop>9.94</hdop>
	<extensions>
		<gpxtpx:TrackPointExtension>
			<gpxtpx:course>300.33725</gpxtpx:course>
		</gpxtpx:TrackPointExtension>
	</extensions>
</trkpt>
<trkpt lat="-9.1297390" lon="148.3589566">
	<ele>591.89</ele>
	<time>2026-02-01T00:32:59.690Z</time>
	<hdop>9.94</hdop>
	<extensions>
		<gpxtpx:TrackPointExtension>
			<gpxtpx:course>235.80139</gpxtpx:course>
		</gpxtpx:TrackPointExtension>
	</extensions>
</trkpt>
<trkpt lat="-9.1297865" lon="148.3588480">
	<ele>589.54</ele>
	<time>2026-02-01T00:33:09.690Z</time>
	<hdop>9.94</hdop>
	<extensions>
		<gpxtpx:TrackPointExtension>
			<gpxtpx:course>147.75249</gpxtpx:course>
		</gpxtpx:TrackPointExtension>
	</extensions>
</trkpt>
<trkpt lat="-9.1298432" lon="148.3587742">
	<ele>591.54</ele>
	<time>2026-02-01T00:33:20.691Z</time>
	<hdop>9.94</hdop>
	<extensions>
		<gpxtpx:TrackPointExtension>
			<gpxtpx:course>153.54034</gpxtpx:course>
		</gpxtpx:TrackPointExtension>
	</extensions>
</trkpt>
<trkpt lat="-9.1299194" lon="148.3586920">
	<ele>591.77</ele>
	<time>2026-02-01T00:33:31.690Z</time>
	<hdop>9.94</hdop>
	<extensions>
		<gpxtpx:TrackPointExtension>
			<gpxtpx:course>253.92181</gpxtpx:course>
		</gpxtpx:TrackPointExtension>
	</extensions>
</trkpt>
<trkpt lat="-9.1299589" lon="148.3586097">
	<ele>590.66</ele>
	<time>2026-02-01T00:33:41.690Z</time>
	<hdop>9.94</hdop>
	<extensions>
		<gpxtpx:TrackPointExtension>
			<gpxtpx:course>274.18542</gpxtpx:course>
		</gpxtpx:TrackPointExtension>
	</extensions>
</trkpt>
<trkpt lat="-9.1299965" lon="148.3585236">
	<ele>590.55</ele>
	<time>2026-02-01T00:33:59.690Z</time>
	<hdop>9.94</hdop>
	<extensions>
		<gpxtpx:TrackPointExtension>
			<gpxtpx:course>254.38416</gpxtpx:course>
		</gpxtpx:TrackPointExtension>
	</extensions>
</trkpt>
<trkpt lat="-9.1300277" lon="148.3584254">
	<ele>587.90</ele>
	<time>2026-02-01T00:34:09.691Z</time>
	<hdop>9.94</hdop>
	<extensions>
		<gpxtpx:TrackPointExtension>
			<gpxtpx:course>251.06737</gpxtpx:course>
		</gpxtpx:TrackPointExtension>
	</extensions>
</trkpt>
<trkpt lat="-9.1300844" lon="148.3583061">
	<ele>588.97</ele>
	<time>2026-02-01T00:34:20.690Z</time>
	<hdop>9.94</hdop>
	<extensions>
		<gpxtpx:TrackPointExtension>
			<gpxtpx:course>283.8869</gpxtpx:course>
		</gpxtpx:TrackPointExtension>
	</extensions>
</trkpt>
<trkpt lat="-9.1301307" lon="148.3582251">
	<ele>587.13</ele>
	<time>2026-02-01T00:34:35.691Z</time>
	<hdop>9.94</hdop>
	<extensions>
		<gpxtpx:TrackPointExtension>
			<gpxtpx:course>290.3026</gpxtpx:course>
		</gpxtpx:TrackPointExtension>
	</extensions>
</trkpt>
<trkpt lat="-9.1301451" lon="148.3581334">
	<ele>587.79</ele>
	<time>2026-02-01T00:34:50.691Z</time>
	<hdop>9.94</hdop>
	<extensions>
		<gpxtpx:TrackPointExtension>
			<gpxtpx:course>287.8871</gpxtpx:course>
		</gpxtpx:TrackPointExtension>
	</extensions>
</trkpt>
<trkpt lat="-9.1301500" lon="148.3580348">
	<ele>586.97</ele>
	<time>2026-02-01T00:35:45.690Z</time>
	<hdop>9.98</hdop>
	<extensions>
		<gpxtpx:TrackPointExtension>
			<gpxtpx:course>267.00272</gpxtpx:course>
		</gpxtpx:TrackPointExtension>
	</extensions>
</trkpt>
<trkpt lat="-9.1301815" lon="148.3578912">
	<ele>584.54</ele>
	<time>2026-02-01T00:35:55.690Z</time>
	<hdop>10.21</hdop>
	<extensions>
		<gpxtpx:TrackPointExtension>
			<gpxtpx:course>265.55304</gpxtpx:course>
		</gpxtpx:TrackPointExtension>
	</extensions>
</trkpt>
<trkpt lat="-9.1302364" lon="148.3577924">
	<ele>585.19</ele>
	<time>2026-02-01T00:36:05.690Z</time>
	<hdop>9.94</hdop>
	<extensions>
		<gpxtpx:TrackPointExtension>
			<gpxtpx:course>228.09116</gpxtpx:course>
		</gpxtpx:TrackPointExtension>
	</extensions>
</trkpt>
<trkpt lat="-9.1302596" lon="148.3577020">
	<ele>587.18</ele>
	<time>2026-02-01T00:36:21.690Z</time>
	<hdop>9.94</hdop>
	<extensions>
		<gpxtpx:TrackPointExtension>
			<gpxtpx:course>266.39307</gpxtpx:course>
		</gpxtpx:TrackPointExtension>
	</extensions>
</trkpt>
<trkpt lat="-9.1302898" lon="148.3575889">
	<ele>585.59</ele>
	<time>2026-02-01T00:36:31.691Z</time>
	<hdop>9.94</hdop>
	<extensions>
		<gpxtpx:TrackPointExtension>
			<gpxtpx:course>262.2923</gpxtpx:course>
		</gpxtpx:TrackPointExtension>
	</extensions>
</trkpt>
<trkpt lat="-9.1303424" lon="148.3575014">
	<ele>587.35</ele>
	<time>2026-02-01T00:36:49.690Z</time>
	<hdop>9.94</hdop>
	<extensions>
		<gpxtpx:TrackPointExtension>
			<gpxtpx:course>257.77554</gpxtpx:course>
		</gpxtpx:TrackPointExtension>
	</extensions>
</trkpt>
<trkpt lat="-9.1303590" lon="148.3574041">
	<ele>589.53</ele>
	<time>2026-02-01T00:36:59.690Z</time>
	<hdop>10.35</hdop>
	<extensions>
		<gpxtpx:TrackPointExtension>
			<gpxtpx:course>291.1861</gpxtpx:course>
		</gpxtpx:TrackPointExtension>
	</extensions>
</trkpt>
<trkpt lat="-9.1303924" lon="148.3573096">
	<ele>591.06</ele>
	<time>2026-02-01T00:37:09.691Z</time>
	<hdop>9.97</hdop>
	<extensions>
		<gpxtpx:TrackPointExtension>
			<gpxtpx:course>267.7358</gpxtpx:course>
		</gpxtpx:TrackPointExtension>
	</extensions>
</trkpt>
<trkpt lat="-9.1304124" lon="148.3571508">
	<ele>587.37</ele>
	<time>2026-02-01T00:37:20.690Z</time>
	<hdop>9.94</hdop>
	<extensions>
		<gpxtpx:TrackPointExtension>
			<gpxtpx:course>264.35287</gpxtpx:course>
		</gpxtpx:TrackPointExtension>
	</extensions>
</trkpt>
<trkpt lat="-9.1304245" lon="148.3570341">
	<ele>584.22</ele>
	<time>2026-02-01T00:37:30.690Z</time>
	<hdop>9.94</hdop>
	<extensions>
		<gpxtpx:TrackPointExtension>
			<gpxtpx:course>268.92966</gpxtpx:course>
		</gpxtpx:TrackPointExtension>
	</extensions>
</trkpt>
<trkpt lat="-9.1304285" lon="148.3568920">
	<ele>590.45</ele>
	<time>2026-02-01T00:37:40.690Z</time>
	<hdop>9.98</hdop>
	<extensions>
		<gpxtpx:TrackPointExtension>
			<gpxtpx:course>285.91623</gpxtpx:course>
		</gpxtpx:TrackPointExtension>
	</extensions>
</trkpt>
<trkpt lat="-9.1304601" lon="148.3568067">
	<ele>590.73</ele>
	<time>2026-02-01T00:37:52.690Z</time>
	<hdop>10.31</hdop>
	<extensions>
		<gpxtpx:TrackPointExtension>
			<gpxtpx:course>283.30362</gpxtpx:course>
		</gpxtpx:TrackPointExtension>
	</extensions>
</trkpt>
<trkpt lat="-9.1304620" lon="148.3567150">
	<ele>585.44</ele>
	<time>2026-02-01T00:38:02.690Z</time>
	<hdop>10.40</hdop>
	<extensions>
		<gpxtpx:TrackPointExtension>
			<gpxtpx:course>281.27933</gpxtpx:course>
		</gpxtpx:TrackPointExtension>
	</extensions>
</trkpt>
<trkpt lat="-9.1304115" lon="148.3566371">
	<ele>584.04</ele>
	<time>2026-02-01T00:38:12.690Z</time>
	<hdop>10.72</hdop>
	<extensions>
		<gpxtpx:TrackPointExtension>
			<gpxtpx:course>342.45447</gpxtpx:course>
		</gpxtpx:TrackPointExtension>
	</extensions>
</trkpt>
<trkpt lat="-9.1303872" lon="148.3565486">
	<ele>586.84</ele>
	<time>2026-02-01T00:38:23.690Z</time>
	<hdop>10.60</hdop>
	<extensions>
		<gpxtpx:TrackPointExtension>
			<gpxtpx:course>278.557</gpxtpx:course>
		</gpxtpx:TrackPointExtension>
	</extensions>
</trkpt>
<trkpt lat="-9.1303197" lon="148.3564699">
	<ele>587.61</ele>
	<time>2026-02-01T00:38:33.691Z</time>
	<hdop>9.96</hdop>
	<extensions>
		<gpxtpx:TrackPointExtension>
			<gpxtpx:course>311.03998</gpxtpx:course>
		</gpxtpx:TrackPointExtension>
	</extensions>
</trkpt>
<trkpt lat="-9.1302663" lon="148.3563862">
	<ele>586.99</ele>
	<time>2026-02-01T00:38:47.691Z</time>
	<hdop>9.94</hdop>
	<extensions>
		<gpxtpx:TrackPointExtension>
			<gpxtpx:course>299.49786</gpxtpx:course>
		</gpxtpx:TrackPointExtension>
	</extensions>
</trkpt>
<trkpt lat="-9.1301914" lon="148.3562800">
	<ele>585.74</ele>
	<time>2026-02-01T00:38:58.690Z</time>
	<hdop>10.05</hdop>
	<extensions>
		<gpxtpx:TrackPointExtension>
			<gpxtpx:course>288.52338</gpxtpx:course>
		</gpxtpx:TrackPointExtension>
	</extensions>
</trkpt>
<trkpt lat="-9.1301044" lon="148.3561995">
	<ele>580.02</ele>
	<time>2026-02-01T00:39:08.690Z</time>
	<hdop>9.95</hdop>
	<extensions>
		<gpxtpx:TrackPointExtension>
			<gpxtpx:course>319.75504</gpxtpx:course>
		</gpxtpx:TrackPointExtension>
	</extensions>
</trkpt>
<trkpt lat="-9.1299876" lon="148.3560800">
	<ele>580.40</ele>
	<time>2026-02-01T00:39:18.691Z</time>
	<hdop>9.97</hdop>
	<extensions>
		<gpxtpx:TrackPointExtension>
			<gpxtpx:course>296.61105</gpxtpx:course>
		</gpxtpx:TrackPointExtension>
	</extensions>
</trkpt>
<trkpt lat="-9.1299240" lon="148.3559696">
	<ele>578.73</ele>
	<time>2026-02-01T00:39:28.691Z</time>
	<hdop>10.64</hdop>
	<extensions>
		<gpxtpx:TrackPointExtension>
			<gpxtpx:course>297.34155</gpxtpx:course>
		</gpxtpx:TrackPointExtension>
	</extensions>
</trkpt>
<trkpt lat="-9.1298604" lon="148.3559043">
	<ele>576.47</ele>
	<time>2026-02-01T00:39:38.691Z</time>
	<hdop>10.05</hdop>
	<extensions>
		<gpxtpx:TrackPointExtension>
			<gpxtpx:course>296.8281</gpxtpx:course>
		</gpxtpx:TrackPointExtension>
	</extensions>
</trkpt>
<trkpt lat="-9.1298090" lon="148.3558042">
	<ele>576.83</ele>
	<time>2026-02-01T00:39:49.690Z</time>
	<hdop>9.94</hdop>
	<extensions>
		<gpxtpx:TrackPointExtension>
			<gpxtpx:course>302.6007</gpxtpx:course>
		</gpxtpx:TrackPointExtension>
	</extensions>
</trkpt>
<trkpt lat="-9.1297681" lon="148.3557123">
	<ele>574.27</ele>
	<time>2026-02-01T00:39:59.690Z</time>
	<hdop>9.94</hdop>
	<extensions>
		<gpxtpx:TrackPointExtension>
			<gpxtpx:course>293.92883</gpxtpx:course>
		</gpxtpx:TrackPointExtension>
	</extensions>
</trkpt>
<trkpt lat="-9.1297309" lon="148.3555965">
	<ele>574.48</ele>
	<time>2026-02-01T00:40:09.690Z</time>
	<hdop>10.43</hdop>
	<extensions>
		<gpxtpx:TrackPointExtension>
			<gpxtpx:course>276.71286</gpxtpx:course>
		</gpxtpx:TrackPointExtension>
	</extensions>
</trkpt>
<trkpt lat="-9.1296739" lon="148.3554812">
	<ele>575.55</ele>
	<time>2026-02-01T00:40:19.690Z</time>
	<hdop>10.35</hdop>
	<extensions>
		<gpxtpx:TrackPointExtension>
			<gpxtpx:course>292.09</gpxtpx:course>
		</gpxtpx:TrackPointExtension>
	</extensions>
</trkpt>
<trkpt lat="-9.1296229" lon="148.3553519">
	<ele>575.76</ele>
	<time>2026-02-01T00:40:29.691Z</time>
	<hdop>10.05</hdop>
	<extensions>
		<gpxtpx:TrackPointExtension>
			<gpxtpx:course>297.53635</gpxtpx:course>
		</gpxtpx:TrackPointExtension>
	</extensions>
</trkpt>
<trkpt lat="-9.1296550" lon="148.3552523">
	<ele>575.27</ele>
	<time>2026-02-01T00:40:39.691Z</time>
	<hdop>10.16</hdop>
	<extensions>
		<gpxtpx:TrackPointExtension>
			<gpxtpx:course>243.18965</gpxtpx:course>
		</gpxtpx:TrackPointExtension>
	</extensions>
</trkpt>
<trkpt lat="-9.1296524" lon="148.3551472">
	<ele>576.93</ele>
	<time>2026-02-01T00:40:57.690Z</time>
	<hdop>9.94</hdop>
	<extensions>
		<gpxtpx:TrackPointExtension>
			<gpxtpx:course>294.715</gpxtpx:course>
		</gpxtpx:TrackPointExtension>
	</extensions>
</trkpt>
<trkpt lat="-9.1296860" lon="148.3550086">
	<ele>575.70</ele>
	<time>2026-02-01T00:41:07.691Z</time>
	<hdop>10.06</hdop>
	<extensions>
		<gpxtpx:TrackPointExtension>
			<gpxtpx:course>265.27286</gpxtpx:course>
		</gpxtpx:TrackPointExtension>
	</extensions>
</trkpt>
<trkpt lat="-9.1297234" lon="148.3549173">
	<ele>577.15</ele>
	<time>2026-02-01T00:41:21.690Z</time>
	<hdop>9.94</hdop>
	<extensions>
		<gpxtpx:TrackPointExtension>
			<gpxtpx:course>263.07782</gpxtpx:course>
		</gpxtpx:TrackPointExtension>
	</extensions>
</trkpt>
<trkpt lat="-9.1297263" lon="148.3547931">
	<ele>580.78</ele>
	<time>2026-02-01T00:41:31.690Z</time>
	<hdop>9.94</hdop>
	<extensions>
		<gpxtpx:TrackPointExtension>
			<gpxtpx:course>315.64618</gpxtpx:course>
		</gpxtpx:TrackPointExtension>
	</extensions>
</trkpt>
<trkpt lat="-9.1297506" lon="148.3547048">
	<ele>575.39</ele>
	<time>2026-02-01T00:41:42.691Z</time>
	<hdop>9.94</hdop>
	<extensions>
		<gpxtpx:TrackPointExtension>
			<gpxtpx:course>209.67741</gpxtpx:course>
		</gpxtpx:TrackPointExtension>
	</extensions>
</trkpt>
<trkpt lat="-9.1297939" lon="148.3546248">
	<ele>579.27</ele>
	<time>2026-02-01T00:41:57.690Z</time>
	<hdop>9.94</hdop>
	<extensions>
		<gpxtpx:TrackPointExtension>
			<gpxtpx:course>262.2619</gpxtpx:course>
		</gpxtpx:TrackPointExtension>
	</extensions>
</trkpt>
<trkpt lat="-9.1298529" lon="148.3545387">
	<ele>577.30</ele>
	<time>2026-02-01T00:42:08.690Z</time>
	<hdop>9.94</hdop>
	<extensions>
		<gpxtpx:TrackPointExtension>
			<gpxtpx:course>241.19556</gpxtpx:course>
		</gpxtpx:TrackPointExtension>
	</extensions>
</trkpt>
<trkpt lat="-9.1299154" lon="148.3543574">
	<ele>578.74</ele>
	<time>2026-02-01T00:42:18.691Z</time>
	<hdop>10.00</hdop>
	<extensions>
		<gpxtpx:TrackPointExtension>
			<gpxtpx:course>261.19135</gpxtpx:course>
		</gpxtpx:TrackPointExtension>
	</extensions>
</trkpt>
<trkpt lat="-9.1299669" lon="148.3542517">
	<ele>579.90</ele>
	<time>2026-02-01T00:42:29.690Z</time>
	<hdop>10.07</hdop>
	<extensions>
		<gpxtpx:TrackPointExtension>
			<gpxtpx:course>273.48383</gpxtpx:course>
		</gpxtpx:TrackPointExtension>
	</extensions>
</trkpt>
<trkpt lat="-9.1300316" lon="148.3540781">
	<ele>582.51</ele>
	<time>2026-02-01T00:42:39.690Z</time>
	<hdop>9.94</hdop>
	<extensions>
		<gpxtpx:TrackPointExtension>
			<gpxtpx:course>259.53293</gpxtpx:course>
		</gpxtpx:TrackPointExtension>
	</extensions>
</trkpt>
<trkpt lat="-9.1300665" lon="148.3539879">
	<ele>584.74</ele>
	<time>2026-02-01T00:42:52.690Z</time>
	<hdop>9.94</hdop>
	<extensions>
		<gpxtpx:TrackPointExtension>
			<gpxtpx:course>286.06992</gpxtpx:course>
		</gpxtpx:TrackPointExtension>
	</extensions>
</trkpt>
<trkpt lat="-9.1301083" lon="148.3539030">
	<ele>582.47</ele>
	<time>2026-02-01T00:43:05.690Z</time>
	<hdop>9.94</hdop>
	<extensions>
		<gpxtpx:TrackPointExtension>
			<gpxtpx:course>226.36336</gpxtpx:course>
		</gpxtpx:TrackPointExtension>
	</extensions>
</trkpt>
<trkpt lat="-9.1301433" lon="148.3538043">
	<ele>579.59</ele>
	<time>2026-02-01T00:43:15.690Z</time>
	<hdop>9.94</hdop>
	<extensions>
		<gpxtpx:TrackPointExtension>
			<gpxtpx:course>257.57202</gpxtpx:course>
		</gpxtpx:TrackPointExtension>
	</extensions>
</trkpt>
<trkpt lat="-9.1301952" lon="148.3536786">
	<ele>582.61</ele>
	<time>2026-02-01T00:43:25.690Z</time>
	<hdop>9.94</hdop>
	<extensions>
		<gpxtpx:TrackPointExtension>
			<gpxtpx:course>281.9928</gpxtpx:course>
		</gpxtpx:TrackPointExtension>
	</extensions>
</trkpt>
<trkpt lat="-9.1302654" lon="148.3535518">
	<ele>585.62</ele>
	<time>2026-02-01T00:43:35.691Z</time>
	<hdop>9.95</hdop>
	<extensions>
		<gpxtpx:TrackPointExtension>
			<gpxtpx:course>234.1256</gpxtpx:course>
		</gpxtpx:TrackPointExtension>
	</extensions>
</trkpt>
<trkpt lat="-9.1303113" lon="148.3534576">
	<ele>583.74</ele>
	<time>2026-02-01T00:43:46.690Z</time>
	<hdop>9.94</hdop>
	<extensions>
		<gpxtpx:TrackPointExtension>
			<gpxtpx:course>262.92328</gpxtpx:course>
		</gpxtpx:TrackPointExtension>
	</extensions>
</trkpt>
<trkpt lat="-9.1303994" lon="148.3533674">
	<ele>583.84</ele>
	<time>2026-02-01T00:43:56.691Z</time>
	<hdop>9.94</hdop>
	<extensions>
		<gpxtpx:TrackPointExtension>
			<gpxtpx:course>215.99744</gpxtpx:course>
		</gpxtpx:TrackPointExtension>
	</extensions>
</trkpt>
<trkpt lat="-9.1305123" lon="148.3533187">
	<ele>579.70</ele>
	<time>2026-02-01T00:44:07.690Z</time>
	<hdop>9.94</hdop>
	<extensions>
		<gpxtpx:TrackPointExtension>
			<gpxtpx:course>205.86887</gpxtpx:course>
		</gpxtpx:TrackPointExtension>
	</extensions>
</trkpt>
<trkpt lat="-9.1306741" lon="148.3532438">
	<ele>577.74</ele>
	<time>2026-02-01T00:44:17.690Z</time>
	<hdop>9.97</hdop>
	<extensions>
		<gpxtpx:TrackPointExtension>
			<gpxtpx:course>211.02449</gpxtpx:course>
		</gpxtpx:TrackPointExtension>
	</extensions>
</trkpt>
<trkpt lat="-9.1307666" lon="148.3531185">
	<ele>576.33</ele>
	<time>2026-02-01T00:44:27.691Z</time>
	<hdop>9.94</hdop>
	<extensions>
		<gpxtpx:TrackPointExtension>
			<gpxtpx:course>203.20747</gpxtpx:course>
		</gpxtpx:TrackPointExtension>
	</extensions>
</trkpt>
<trkpt lat="-9.1308596" lon="148.3530713">
	<ele>574.55</ele>
	<time>2026-02-01T00:44:41.690Z</time>
	<hdop>10.99</hdop>
	<extensions>
		<gpxtpx:TrackPointExtension>
			<gpxtpx:course>216.68956</gpxtpx:course>
		</gpxtpx:TrackPointExtension>
	</extensions>
</trkpt>
<trkpt lat="-9.1310179" lon="148.3529385">
	<ele>577.45</ele>
	<time>2026-02-01T00:44:51.690Z</time>
	<hdop>10.06</hdop>
	<extensions>
		<gpxtpx:TrackPointExtension>
			<gpxtpx:course>214.06819</gpxtpx:course>
		</gpxtpx:TrackPointExtension>
	</extensions>
</trkpt>
<trkpt lat="-9.1311181" lon="148.3528480">
	<ele>575.43</ele>
	<time>2026-02-01T00:45:01.690Z</time>
	<hdop>9.94</hdop>
	<extensions>
		<gpxtpx:TrackPointExtension>
			<gpxtpx:course>227.19899</gpxtpx:course>
		</gpxtpx:TrackPointExtension>
	</extensions>
</trkpt>
<trkpt lat="-9.1312118" lon="148.3527765">
	<ele>570.77</ele>
	<time>2026-02-01T00:45:11.690Z</time>
	<hdop>9.94</hdop>
	<extensions>
		<gpxtpx:TrackPointExtension>
			<gpxtpx:course>226.85472</gpxtpx:course>
		</gpxtpx:TrackPointExtension>
	</extensions>
</trkpt>
<trkpt lat="-9.1312957" lon="148.3526914">
	<ele>568.68</ele>
	<time>2026-02-01T00:45:21.690Z</time>
	<hdop>9.94</hdop>
	<extensions>
		<gpxtpx:TrackPointExtension>
			<gpxtpx:course>228.62495</gpxtpx:course>
		</gpxtpx:TrackPointExtension>
	</extensions>
</trkpt>
<trkpt lat="-9.1314042" lon="148.3526358">
	<ele>572.23</ele>
	<time>2026-02-01T00:45:31.691Z</time>
	<hdop>9.94</hdop>
	<extensions>
		<gpxtpx:TrackPointExtension>
			<gpxtpx:course>206.19205</gpxtpx:course>
		</gpxtpx:TrackPointExtension>
	</extensions>
</trkpt>
<trkpt lat="-9.1314263" lon="148.3525205">
	<ele>572.31</ele>
	<time>2026-02-01T00:45:42.690Z</time>
	<hdop>9.94</hdop>
	<extensions>
		<gpxtpx:TrackPointExtension>
			<gpxtpx:course>245.51671</gpxtpx:course>
		</gpxtpx:TrackPointExtension>
	</extensions>
</trkpt>
<trkpt lat="-9.1314999" lon="148.3524643">
	<ele>574.16</ele>
	<time>2026-02-01T00:45:57.690Z</time>
	<hdop>9.94</hdop>
	<extensions>
		<gpxtpx:TrackPointExtension>
			<gpxtpx:course>215.03555</gpxtpx:course>
		</gpxtpx:TrackPointExtension>
	</extensions>
</trkpt>
<trkpt lat="-9.1316181" lon="148.3524301">
	<ele>575.54</ele>
	<time>2026-02-01T00:46:07.690Z</time>
	<hdop>9.94</hdop>
	<extensions>
		<gpxtpx:TrackPointExtension>
			<gpxtpx:course>195.08241</gpxtpx:course>
		</gpxtpx:TrackPointExtension>
	</extensions>
</trkpt>
<trkpt lat="-9.1316908" lon="148.3523685">
	<ele>577.29</ele>
	<time>2026-02-01T00:46:21.690Z</time>
	<hdop>9.94</hdop>
	<extensions>
		<gpxtpx:TrackPointExtension>
			<gpxtpx:course>225.56895</gpxtpx:course>
		</gpxtpx:TrackPointExtension>
	</extensions>
</trkpt>
<trkpt lat="-9.1317513" lon="148.3522784">
	<ele>575.33</ele>
	<time>2026-02-01T00:46:31.690Z</time>
	<hdop>10.34</hdop>
	<extensions>
		<gpxtpx:TrackPointExtension>
			<gpxtpx:course>242.00417</gpxtpx:course>
		</gpxtpx:TrackPointExtension>
	</extensions>
</trkpt>
<trkpt lat="-9.1318235" lon="148.3521974">
	<ele>571.76</ele>
	<time>2026-02-01T00:46:41.690Z</time>
	<hdop>10.35</hdop>
	<extensions>
		<gpxtpx:TrackPointExtension>
			<gpxtpx:course>239.67708</gpxtpx:course>
		</gpxtpx:TrackPointExtension>
	</extensions>
</trkpt>
<trkpt lat="-9.1318941" lon="148.3520925">
	<ele>571.71</ele>
	<time>2026-02-01T00:46:51.690Z</time>
	<hdop>9.98</hdop>
	<extensions>
		<gpxtpx:TrackPointExtension>
			<gpxtpx:course>237.79005</gpxtpx:course>
		</gpxtpx:TrackPointExtension>
	</extensions>
</trkpt>
<trkpt lat="-9.1319335" lon="148.3520092">
	<ele>572.79</ele>
	<time>2026-02-01T00:47:06.690Z</time>
	<hdop>9.94</hdop>
	<extensions>
		<gpxtpx:TrackPointExtension>
			<gpxtpx:course>246.31177</gpxtpx:course>
		</gpxtpx:TrackPointExtension>
	</extensions>
</trkpt>
<trkpt lat="-9.1320075" lon="148.3519479">
	<ele>573.92</ele>
	<time>2026-02-01T00:47:16.691Z</time>
	<hdop>9.94</hdop>
	<extensions>
		<gpxtpx:TrackPointExtension>
			<gpxtpx:course>185.7633</gpxtpx:course>
		</gpxtpx:TrackPointExtension>
	</extensions>
</trkpt>
<trkpt lat="-9.1320883" lon="148.3519011">
	<ele>573.64</ele>
	<time>2026-02-01T00:47:29.690Z</time>
	<hdop>9.94</hdop>
	<extensions>
		<gpxtpx:TrackPointExtension>
			<gpxtpx:course>221.38039</gpxtpx:course>
		</gpxtpx:TrackPointExtension>
	</extensions>
</trkpt>
<trkpt lat="-9.1321788" lon="148.3518924">
	<ele>571.67</ele>
	<time>2026-02-01T00:48:02.690Z</time>
	<hdop>10.86</hdop>
	<extensions>
		<gpxtpx:TrackPointExtension>
			<gpxtpx:course>119.18135</gpxtpx:course>
		</gpxtpx:TrackPointExtension>
	</extensions>
</trkpt>
<trkpt lat="-9.1322907" lon="148.3518795">
	<ele>570.71</ele>
	<time>2026-02-01T00:48:12.690Z</time>
	<hdop>9.94</hdop>
	<extensions>
		<gpxtpx:TrackPointExtension>
			<gpxtpx:course>199.81703</gpxtpx:course>
		</gpxtpx:TrackPointExtension>
	</extensions>
</trkpt>
<trkpt lat="-9.1323892" lon="148.3518796">
	<ele>571.42</ele>
	<time>2026-02-01T00:48:22.690Z</time>
	<hdop>9.94</hdop>
	<extensions>
		<gpxtpx:TrackPointExtension>
			<gpxtpx:course>196.89061</gpxtpx:course>
		</gpxtpx:TrackPointExtension>
	</extensions>
</trkpt>
<trkpt lat="-9.1324769" lon="148.3518529">
	<ele>567.91</ele>
	<time>2026-02-01T00:48:36.690Z</time>
	<hdop>9.94</hdop>
	<extensions>
		<gpxtpx:TrackPointExtension>
			<gpxtpx:course>208.71219</gpxtpx:course>
		</gpxtpx:TrackPointExtension>
	</extensions>
</trkpt>
<trkpt lat="-9.1325703" lon="148.3518168">
	<ele>569.01</ele>
	<time>2026-02-01T00:48:46.690Z</time>
	<hdop>9.94</hdop>
	<extensions>
		<gpxtpx:TrackPointExtension>
			<gpxtpx:course>181.93898</gpxtpx:course>
		</gpxtpx:TrackPointExtension>
	</extensions>
</trkpt>
<trkpt lat="-9.1326567" lon="148.3517805">
	<ele>565.97</ele>
	<time>2026-02-01T00:49:02.690Z</time>
	<hdop>9.94</hdop>
	<extensions>
		<gpxtpx:TrackPointExtension>
			<gpxtpx:course>194.68277</gpxtpx:course>
		</gpxtpx:TrackPointExtension>
	</extensions>
</trkpt>
<trkpt lat="-9.1327559" lon="148.3517461">
	<ele>568.79</ele>
	<time>2026-02-01T00:49:12.691Z</time>
	<hdop>9.94</hdop>
	<extensions>
		<gpxtpx:TrackPointExtension>
			<gpxtpx:course>197.2622</gpxtpx:course>
		</gpxtpx:TrackPointExtension>
	</extensions>
</trkpt>
<trkpt lat="-9.1328435" lon="148.3516211">
	<ele>570.43</ele>
	<time>2026-02-01T00:49:23.690Z</time>
	<hdop>9.97</hdop>
	<extensions>
		<gpxtpx:TrackPointExtension>
			<gpxtpx:course>215.76587</gpxtpx:course>
		</gpxtpx:TrackPointExtension>
	</extensions>
</trkpt>
<trkpt lat="-9.1329530" lon="148.3515928">
	<ele>570.69</ele>
	<time>2026-02-01T00:49:33.690Z</time>
	<hdop>9.94</hdop>
	<extensions>
		<gpxtpx:TrackPointExtension>
			<gpxtpx:course>177.89882</gpxtpx:course>
		</gpxtpx:TrackPointExtension>
	</extensions>
</trkpt>
<trkpt lat="-9.1330796" lon="148.3515816">
	<ele>573.91</ele>
	<time>2026-02-01T00:49:43.690Z</time>
	<hdop>9.94</hdop>
	<extensions>
		<gpxtpx:TrackPointExtension>
			<gpxtpx:course>186.72229</gpxtpx:course>
		</gpxtpx:TrackPointExtension>
	</extensions>
</trkpt>
<trkpt lat="-9.1331923" lon="148.3515793">
	<ele>577.20</ele>
	<time>2026-02-01T00:49:53.690Z</time>
	<hdop>10.04</hdop>
	<extensions>
		<gpxtpx:TrackPointExtension>
			<gpxtpx:course>190.03111</gpxtpx:course>
		</gpxtpx:TrackPointExtension>
	</extensions>
</trkpt>
<trkpt lat="-9.1332952" lon="148.3515255">
	<ele>578.55</ele>
	<time>2026-02-01T00:50:03.690Z</time>
	<hdop>9.94</hdop>
	<extensions>
		<gpxtpx:TrackPointExtension>
			<gpxtpx:course>213.20996</gpxtpx:course>
		</gpxtpx:TrackPointExtension>
	</extensions>
</trkpt>
<trkpt lat="-9.1333244" lon="148.3514356">
	<ele>577.19</ele>
	<time>2026-02-01T00:50:16.690Z</time>
	<hdop>9.94</hdop>
	<extensions>
		<gpxtpx:TrackPointExtension>
			<gpxtpx:course>266.5513</gpxtpx:course>
		</gpxtpx:TrackPointExtension>
	</extensions>
</trkpt>
<trkpt lat="-9.1334025" lon="148.3513334">
	<ele>578.11</ele>
	<time>2026-02-01T00:50:26.690Z</time>
	<hdop>9.94</hdop>
	<extensions>
		<gpxtpx:TrackPointExtension>
			<gpxtpx:course>256.992</gpxtpx:course>
		</gpxtpx:TrackPointExtension>
	</extensions>
</trkpt>
<trkpt lat="-9.1334557" lon="148.3512515">
	<ele>578.92</ele>
	<time>2026-02-01T00:50:45.690Z</time>
	<hdop>9.94</hdop>
	<extensions>
		<gpxtpx:TrackPointExtension>
			<gpxtpx:course>224.21115</gpxtpx:course>
		</gpxtpx:TrackPointExtension>
	</extensions>
</trkpt>
<trkpt lat="-9.1335112" lon="148.3511681">
	<ele>583.23</ele>
	<time>2026-02-01T00:50:59.690Z</time>
	<hdop>9.94</hdop>
	<extensions>
		<gpxtpx:TrackPointExtension>
			<gpxtpx:course>224.08247</gpxtpx:course>
		</gpxtpx:TrackPointExtension>
	</extensions>
</trkpt>
<trkpt lat="-9.1335158" lon="148.3510717">
	<ele>580.85</ele>
	<time>2026-02-01T00:51:09.690Z</time>
	<hdop>9.94</hdop>
	<extensions>
		<gpxtpx:TrackPointExtension>
			<gpxtpx:course>254.97618</gpxtpx:course>
		</gpxtpx:TrackPointExtension>
	</extensions>
</trkpt>
<trkpt lat="-9.1335435" lon="148.3509757">
	<ele>579.75</ele>
	<time>2026-02-01T00:51:19.691Z</time>
	<hdop>9.97</hdop>
	<extensions>
		<gpxtpx:TrackPointExtension>
			<gpxtpx:course>239.02148</gpxtpx:course>
		</gpxtpx:TrackPointExtension>
	</extensions>
</trkpt>
<trkpt lat="-9.1335815" lon="148.3508910">
	<ele>583.41</ele>
	<time>2026-02-01T00:51:37.690Z</time>
	<hdop>9.94</hdop>
	<extensions>
		<gpxtpx:TrackPointExtension>
			<gpxtpx:course>248.94441</gpxtpx:course>
		</gpxtpx:TrackPointExtension>
	</extensions>
</trkpt>
<trkpt lat="-9.1336110" lon="148.3508001">
	<ele>582.01</ele>
	<time>2026-02-01T00:51:52.690Z</time>
	<hdop>9.94</hdop>
	<extensions>
		<gpxtpx:TrackPointExtension>
			<gpxtpx:course>231.77731</gpxtpx:course>
		</gpxtpx:TrackPointExtension>
	</extensions>
</trkpt>
<trkpt lat="-9.1336364" lon="148.3507059">
	<ele>581.46</ele>
	<time>2026-02-01T00:52:02.691Z</time>
	<hdop>9.94</hdop>
	<extensions>
		<gpxtpx:TrackPointExtension>
			<gpxtpx:course>256.0971</gpxtpx:course>
		</gpxtpx:TrackPointExtension>
	</extensions>
</trkpt>
<trkpt lat="-9.1336198" lon="148.3505969">
	<ele>580.61</ele>
	<time>2026-02-01T00:52:15.691Z</time>
	<hdop>9.94</hdop>
	<extensions>
		<gpxtpx:TrackPointExtension>
			<gpxtpx:course>272.4814</gpxtpx:course>
		</gpxtpx:TrackPointExtension>
	</extensions>
</trkpt>
<trkpt lat="-9.1336416" lon="148.3504468">
	<ele>578.55</ele>
	<time>2026-02-01T00:52:26.691Z</time>
	<hdop>9.94</hdop>
	<extensions>
		<gpxtpx:TrackPointExtension>
			<gpxtpx:course>291.0444</gpxtpx:course>
		</gpxtpx:TrackPointExtension>
	</extensions>
</trkpt>
<trkpt lat="-9.1336223" lon="148.3503008">
	<ele>577.15</ele>
	<time>2026-02-01T00:52:37.691Z</time>
	<hdop>9.94</hdop>
	<extensions>
		<gpxtpx:TrackPointExtension>
			<gpxtpx:course>270.14148</gpxtpx:course>
		</gpxtpx:TrackPointExtension>
	</extensions>
</trkpt>
<trkpt lat="-9.1335736" lon="148.3502013">
	<ele>575.87</ele>
	<time>2026-02-01T00:52:48.690Z</time>
	<hdop>9.94</hdop>
	<extensions>
		<gpxtpx:TrackPointExtension>
			<gpxtpx:course>270.06076</gpxtpx:course>
		</gpxtpx:TrackPointExtension>
	</extensions>
</trkpt>
<trkpt lat="-9.1335210" lon="148.3500911">
	<ele>575.52</ele>
	<time>2026-02-01T00:52:58.691Z</time>
	<hdop>9.94</hdop>
	<extensions>
		<gpxtpx:TrackPointExtension>
			<gpxtpx:course>299.96262</gpxtpx:course>
		</gpxtpx:TrackPointExtension>
	</extensions>
</trkpt>
<trkpt lat="-9.1335067" lon="148.3500009">
	<ele>578.71</ele>
	<time>2026-02-01T00:53:16.691Z</time>
	<hdop>9.94</hdop>
	<extensions>
		<gpxtpx:TrackPointExtension>
			<gpxtpx:course>287.3275</gpxtpx:course>
		</gpxtpx:TrackPointExtension>
	</extensions>
</trkpt>
<trkpt lat="-9.1334635" lon="148.3499085">
	<ele>578.60</ele>
	<time>2026-02-01T00:53:30.690Z</time>
	<hdop>9.94</hdop>
	<extensions>
		<gpxtpx:TrackPointExtension>
			<gpxtpx:course>290.46597</gpxtpx:course>
		</gpxtpx:TrackPointExtension>
	</extensions>
</trkpt>
<trkpt lat="-9.1334088" lon="148.3497837">
	<ele>577.29</ele>
	<time>2026-02-01T00:53:40.690Z</time>
	<hdop>9.94</hdop>
	<extensions>
		<gpxtpx:TrackPointExtension>
			<gpxtpx:course>277.16156</gpxtpx:course>
		</gpxtpx:TrackPointExtension>
	</extensions>
</trkpt>
<trkpt lat="-9.1333884" lon="148.3496910">
	<ele>578.01</ele>
	<time>2026-02-01T00:53:50.690Z</time>
	<hdop>9.94</hdop>
	<extensions>
		<gpxtpx:TrackPointExtension>
			<gpxtpx:course>277.16196</gpxtpx:course>
		</gpxtpx:TrackPointExtension>
	</extensions>
</trkpt>
<trkpt lat="-9.1333752" lon="148.3495846">
	<ele>574.40</ele>
	<time>2026-02-01T00:54:00.690Z</time>
	<hdop>9.94</hdop>
	<extensions>
		<gpxtpx:TrackPointExtension>
			<gpxtpx:course>275.4389</gpxtpx:course>
		</gpxtpx:TrackPointExtension>
	</extensions>
</trkpt>
<trkpt lat="-9.1333401" lon="148.3494768">
	<ele>571.60</ele>
	<time>2026-02-01T00:54:10.690Z</time>
	<hdop>9.98</hdop>
	<extensions>
		<gpxtpx:TrackPointExtension>
			<gpxtpx:course>277.51953</gpxtpx:course>
		</gpxtpx:TrackPointExtension>
	</extensions>
</trkpt>
<trkpt lat="-9.1333634" lon="148.3493694">
	<ele>573.22</ele>
	<time>2026-02-01T00:54:20.690Z</time>
	<hdop>10.00</hdop>
	<extensions>
		<gpxtpx:TrackPointExtension>
			<gpxtpx:course>252.89249</gpxtpx:course>
		</gpxtpx:TrackPointExtension>
	</extensions>
</trkpt>
<trkpt lat="-9.1333937" lon="148.3492787">
	<ele>570.64</ele>
	<time>2026-02-01T00:54:32.690Z</time>
	<hdop>9.94</hdop>
	<extensions>
		<gpxtpx:TrackPointExtension>
			<gpxtpx:course>262.49356</gpxtpx:course>
		</gpxtpx:TrackPointExtension>
	</extensions>
</trkpt>
<trkpt lat="-9.1334177" lon="148.3491780">
	<ele>568.24</ele>
	<time>2026-02-01T00:54:42.691Z</time>
	<hdop>9.94</hdop>
	<extensions>
		<gpxtpx:TrackPointExtension>
			<gpxtpx:course>253.27339</gpxtpx:course>
		</gpxtpx:TrackPointExtension>
	</extensions>
</trkpt>
<trkpt lat="-9.1334316" lon="148.3490852">
	<ele>568.88</ele>
	<time>2026-02-01T00:54:53.690Z</time>
	<hdop>9.94</hdop>
	<extensions>
		<gpxtpx:TrackPointExtension>
			<gpxtpx:course>251.0348</gpxtpx:course>
		</gpxtpx:TrackPointExtension>
	</extensions>
</trkpt>
<trkpt lat="-9.1334581" lon="148.3489499">
	<ele>570.08</ele>
	<time>2026-02-01T00:55:03.690Z</time>
	<hdop>9.94</hdop>
	<extensions>
		<gpxtpx:TrackPointExtension>
			<gpxtpx:course>263.27252</gpxtpx:course>
		</gpxtpx:TrackPointExtension>
	</extensions>
</trkpt>
<trkpt lat="-9.1334970" lon="148.3488677">
	<ele>568.52</ele>
	<time>2026-02-01T00:55:13.691Z</time>
	<hdop>9.94</hdop>
	<extensions>
		<gpxtpx:TrackPointExtension>
			<gpxtpx:course>225.94925</gpxtpx:course>
		</gpxtpx:TrackPointExtension>
	</extensions>
</trkpt>
<trkpt lat="-9.1335453" lon="148.3487101">
	<ele>564.45</ele>
	<time>2026-02-01T00:55:24.691Z</time>
	<hdop>9.94</hdop>
	<extensions>
		<gpxtpx:TrackPointExtension>
			<gpxtpx:course>275.0085</gpxtpx:course>
		</gpxtpx:TrackPointExtension>
	</extensions>
</trkpt>
<trkpt lat="-9.1335633" lon="148.3485912">
	<ele>570.13</ele>
	<time>2026-02-01T00:55:34.691Z</time>
	<hdop>9.94</hdop>
	<extensions>
		<gpxtpx:TrackPointExtension>
			<gpxtpx:course>264.13593</gpxtpx:course>
		</gpxtpx:TrackPointExtension>
	</extensions>
</trkpt>
<trkpt lat="-9.1336348" lon="148.3485221">
	<ele>568.71</ele>
	<time>2026-02-01T00:55:47.690Z</time>
	<hdop>9.94</hdop>
	<extensions>
		<gpxtpx:TrackPointExtension>
			<gpxtpx:course>224.2848</gpxtpx:course>
		</gpxtpx:TrackPointExtension>
	</extensions>
</trkpt>
<trkpt lat="-9.1336815" lon="148.3484157">
	<ele>567.54</ele>
	<time>2026-02-01T00:55:57.691Z</time>
	<hdop>9.94</hdop>
	<extensions>
		<gpxtpx:TrackPointExtension>
			<gpxtpx:course>232.86122</gpxtpx:course>
		</gpxtpx:TrackPointExtension>
	</extensions>
</trkpt>
<trkpt lat="-9.1337476" lon="148.3483174">
	<ele>566.37</ele>
	<time>2026-02-01T00:56:08.690Z</time>
	<hdop>9.94</hdop>
	<extensions>
		<gpxtpx:TrackPointExtension>
			<gpxtpx:course>248.13287</gpxtpx:course>
		</gpxtpx:TrackPointExtension>
	</extensions>
</trkpt>
<trkpt lat="-9.1338103" lon="148.3481989">
	<ele>567.79</ele>
	<time>2026-02-01T00:56:18.690Z</time>
	<hdop>9.94</hdop>
	<extensions>
		<gpxtpx:TrackPointExtension>
			<gpxtpx:course>238.21292</gpxtpx:course>
		</gpxtpx:TrackPointExtension>
	</extensions>
</trkpt>
<trkpt lat="-9.1339038" lon="148.3481032">
	<ele>568.94</ele>
	<time>2026-02-01T00:56:28.690Z</time>
	<hdop>9.94</hdop>
	<extensions>
		<gpxtpx:TrackPointExtension>
			<gpxtpx:course>219.30666</gpxtpx:course>
		</gpxtpx:TrackPointExtension>
	</extensions>
</trkpt>
<trkpt lat="-9.1339442" lon="148.3480122">
	<ele>564.32</ele>
	<time>2026-02-01T00:56:38.690Z</time>
	<hdop>9.94</hdop>
	<extensions>
		<gpxtpx:TrackPointExtension>
			<gpxtpx:course>250.76712</gpxtpx:course>
		</gpxtpx:TrackPointExtension>
	</extensions>
</trkpt>
<trkpt lat="-9.1340414" lon="148.3479487">
	<ele>561.86</ele>
	<time>2026-02-01T00:56:48.690Z</time>
	<hdop>9.94</hdop>
	<extensions>
		<gpxtpx:TrackPointExtension>
			<gpxtpx:course>192.10576</gpxtpx:course>
		</gpxtpx:TrackPointExtension>
	</extensions>
</trkpt>
<trkpt lat="-9.1341113" lon="148.3478884">
	<ele>561.61</ele>
	<time>2026-02-01T00:57:03.690Z</time>
	<hdop>9.94</hdop>
	<extensions>
		<gpxtpx:TrackPointExtension>
			<gpxtpx:course>228.61592</gpxtpx:course>
		</gpxtpx:TrackPointExtension>
	</extensions>
</trkpt>
<trkpt lat="-9.1342050" lon="148.3478803">
	<ele>564.19</ele>
	<time>2026-02-01T00:57:24.691Z</time>
	<hdop>3.79</hdop>
	<extensions>
		<gpxtpx:TrackPointExtension>
			<gpxtpx:course>145.10088</gpxtpx:course>
		</gpxtpx:TrackPointExtension>
	</extensions>
</trkpt>
<trkpt lat="-9.1343279" lon="148.3478330">
	<ele>565.28</ele>
	<time>2026-02-01T00:57:35.690Z</time>
	<hdop>3.79</hdop>
	<extensions>
		<gpxtpx:TrackPointExtension>
			<gpxtpx:course>176.13106</gpxtpx:course>
		</gpxtpx:TrackPointExtension>
	</extensions>
</trkpt>
<trkpt lat="-9.1344232" lon="148.3478569">
	<ele>563.82</ele>
	<time>2026-02-01T00:57:45.690Z</time>
	<hdop>3.79</hdop>
	<extensions>
		<gpxtpx:TrackPointExtension>
			<gpxtpx:course>163.70767</gpxtpx:course>
		</gpxtpx:TrackPointExtension>
	</extensions>
</trkpt>
<trkpt lat="-9.1345315" lon="148.3478645">
	<ele>563.50</ele>
	<time>2026-02-01T00:57:55.690Z</time>
	<hdop>3.79</hdop>
	<extensions>
		<gpxtpx:TrackPointExtension>
			<gpxtpx:course>189.35239</gpxtpx:course>
		</gpxtpx:TrackPointExtension>
	</extensions>
</trkpt>
<trkpt lat="-9.1346189" lon="148.3478391">
	<ele>557.95</ele>
	<time>2026-02-01T00:58:24.690Z</time>
	<hdop>10.33</hdop>
	<extensions>
		<gpxtpx:TrackPointExtension>
			<gpxtpx:course>218.94102</gpxtpx:course>
		</gpxtpx:TrackPointExtension>
	</extensions>
</trkpt>
<trkpt lat="-9.1346951" lon="148.3477866">
	<ele>562.98</ele>
	<time>2026-02-01T00:58:38.690Z</time>
	<hdop>10.05</hdop>
	<extensions>
		<gpxtpx:TrackPointExtension>
			<gpxtpx:course>225.1256</gpxtpx:course>
		</gpxtpx:TrackPointExtension>
	</extensions>
</trkpt>
<trkpt lat="-9.1347513" lon="148.3477140">
	<ele>565.11</ele>
	<time>2026-02-01T00:59:10.690Z</time>
	<hdop>9.94</hdop>
	<extensions>
		<gpxtpx:TrackPointExtension>
			<gpxtpx:course>229.2221</gpxtpx:course>
		</gpxtpx:TrackPointExtension>
	</extensions>
</trkpt>
<trkpt lat="-9.1347940" lon="148.3476321">
	<ele>561.75</ele>
	<time>2026-02-01T00:59:43.690Z</time>
	<hdop>9.94</hdop>
	<extensions>
		<gpxtpx:TrackPointExtension>
			<gpxtpx:course>224.07458</gpxtpx:course>
		</gpxtpx:TrackPointExtension>
	</extensions>
</trkpt>
<trkpt lat="-9.1348902" lon="148.3476279">
	<ele>556.15</ele>
	<time>2026-02-01T01:00:02.691Z</time>
	<hdop>9.94</hdop>
	<extensions>
		<gpxtpx:TrackPointExtension>
			<gpxtpx:course>151.61684</gpxtpx:course>
		</gpxtpx:TrackPointExtension>
	</extensions>
</trkpt>
<trkpt lat="-9.1349963" lon="148.3475677">
	<ele>545.16</ele>
	<time>2026-02-01T01:00:13.690Z</time>
	<hdop>10.07</hdop>
	<extensions>
		<gpxtpx:TrackPointExtension>
			<gpxtpx:course>156.11172</gpxtpx:course>
		</gpxtpx:TrackPointExtension>
	</extensions>
</trkpt>
<trkpt lat="-9.1350813" lon="148.3474845">
	<ele>543.36</ele>
	<time>2026-02-01T01:00:23.690Z</time>
	<hdop>9.94</hdop>
	<extensions>
		<gpxtpx:TrackPointExtension>
			<gpxtpx:course>227.6914</gpxtpx:course>
		</gpxtpx:TrackPointExtension>
	</extensions>
</trkpt>
<trkpt lat="-9.1350345" lon="148.3473922">
	<ele>537.23</ele>
	<time>2026-02-01T01:01:03.691Z</time>
	<hdop>9.94</hdop>
	<extensions>
		<gpxtpx:TrackPointExtension>
			<gpxtpx:course>274.34753</gpxtpx:course>
		</gpxtpx:TrackPointExtension>
	</extensions>
</trkpt>
<trkpt lat="-9.1350776" lon="148.3473026">
	<ele>531.67</ele>
	<time>2026-02-01T01:01:14.691Z</time>
	<hdop>9.94</hdop>
	<extensions>
		<gpxtpx:TrackPointExtension>
			<gpxtpx:course>233.44806</gpxtpx:course>
		</gpxtpx:TrackPointExtension>
	</extensions>
</trkpt>
<trkpt lat="-9.1350677" lon="148.3472121">
	<ele>528.25</ele>
	<time>2026-02-01T01:01:28.690Z</time>
	<hdop>9.98</hdop>
	<extensions>
		<gpxtpx:TrackPointExtension>
			<gpxtpx:course>234.11278</gpxtpx:course>
		</gpxtpx:TrackPointExtension>
	</extensions>
</trkpt>
<trkpt lat="-9.1350062" lon="148.3470990">
	<ele>531.25</ele>
	<time>2026-02-01T01:01:38.690Z</time>
	<hdop>10.18</hdop>
	<extensions>
		<gpxtpx:TrackPointExtension>
			<gpxtpx:course>269.09793</gpxtpx:course>
		</gpxtpx:TrackPointExtension>
	</extensions>
</trkpt>
<trkpt lat="-9.1349348" lon="148.3470420">
	<ele>531.38</ele>
	<time>2026-02-01T01:01:52.691Z</time>
	<hdop>9.94</hdop>
	<extensions>
		<gpxtpx:TrackPointExtension>
			<gpxtpx:course>321.12244</gpxtpx:course>
		</gpxtpx:TrackPointExtension>
	</extensions>
</trkpt>
<trkpt lat="-9.1348939" lon="148.3469468">
	<ele>522.59</ele>
	<time>2026-02-01T01:02:03.691Z</time>
	<hdop>9.94</hdop>
	<extensions>
		<gpxtpx:TrackPointExtension>
			<gpxtpx:course>266.13318</gpxtpx:course>
		</gpxtpx:TrackPointExtension>
	</extensions>
</trkpt>
<trkpt lat="-9.1348893" lon="148.3468532">
	<ele>518.13</ele>
	<time>2026-02-01T01:02:36.691Z</time>
	<hdop>9.94</hdop>
	<extensions>
		<gpxtpx:TrackPointExtension>
			<gpxtpx:course>280.4433</gpxtpx:course>
		</gpxtpx:TrackPointExtension>
	</extensions>
</trkpt>
<trkpt lat="-9.1348870" lon="148.3467613">
	<ele>517.07</ele>
	<time>2026-02-01T01:03:03.691Z</time>
	<hdop>9.94</hdop>
	<extensions>
		<gpxtpx:TrackPointExtension>
			<gpxtpx:course>290.95712</gpxtpx:course>
		</gpxtpx:TrackPointExtension>
	</extensions>
</trkpt>
<trkpt lat="-9.1348927" lon="148.3466686">
	<ele>513.86</ele>
	<time>2026-02-01T01:03:19.690Z</time>
	<hdop>9.94</hdop>
	<extensions>
		<gpxtpx:TrackPointExtension>
			<gpxtpx:course>307.1392</gpxtpx:course>
		</gpxtpx:TrackPointExtension>
	</extensions>
</trkpt>
<trkpt lat="-9.1349868" lon="148.3466754">
	<ele>507.57</ele>
	<time>2026-02-01T01:03:36.690Z</time>
	<hdop>9.97</hdop>
	<extensions>
		<gpxtpx:TrackPointExtension>
			<gpxtpx:course>154.4578</gpxtpx:course>
		</gpxtpx:TrackPointExtension>
	</extensions>
</trkpt>
<trkpt lat="-9.1350745" lon="148.3466460">
	<ele>505.05</ele>
	<time>2026-02-01T01:03:49.690Z</time>
	<hdop>9.94</hdop>
	<extensions>
		<gpxtpx:TrackPointExtension>
			<gpxtpx:course>186.20425</gpxtpx:course>
		</gpxtpx:TrackPointExtension>
	</extensions>
</trkpt>
<trkpt lat="-9.1350858" lon="148.3465529">
	<ele>504.66</ele>
	<time>2026-02-01T01:08:44.690Z</time>
	<hdop>3.79</hdop>
	<extensions>
		<gpxtpx:TrackPointExtension>
			<gpxtpx:course>179.21945</gpxtpx:course>
		</gpxtpx:TrackPointExtension>
	</extensions>
</trkpt>
<trkpt lat="-9.1350439" lon="148.3464722">
	<ele>505.58</ele>
	<time>2026-02-01T01:09:02.690Z</time>
	<hdop>3.79</hdop>
	<extensions>
		<gpxtpx:TrackPointExtension>
			<gpxtpx:course>330.29733</gpxtpx:course>
		</gpxtpx:TrackPointExtension>
	</extensions>
</trkpt>
<trkpt lat="-9.1350623" lon="148.3463761">
	<ele>511.79</ele>
	<time>2026-02-01T01:13:00.691Z</time>
	<hdop>3.79</hdop>
	<extensions>
		<gpxtpx:TrackPointExtension>
			<gpxtpx:course>236.81866</gpxtpx:course>
		</gpxtpx:TrackPointExtension>
	</extensions>
</trkpt>
<trkpt lat="-9.1351292" lon="148.3463072">
	<ele>514.52</ele>
	<time>2026-02-01T01:13:11.690Z</time>
	<hdop>3.79</hdop>
	<extensions>
		<gpxtpx:TrackPointExtension>
			<gpxtpx:course>229.66992</gpxtpx:course>
		</gpxtpx:TrackPointExtension>
	</extensions>
</trkpt>
<trkpt lat="-9.1352074" lon="148.3462540">
	<ele>516.28</ele>
	<time>2026-02-01T01:13:25.690Z</time>
	<hdop>3.79</hdop>
	<extensions>
		<gpxtpx:TrackPointExtension>
			<gpxtpx:course>242.96472</gpxtpx:course>
		</gpxtpx:TrackPointExtension>
	</extensions>
</trkpt>
<trkpt lat="-9.1352765" lon="148.3461873">
	<ele>519.54</ele>
	<time>2026-02-01T01:13:40.691Z</time>
	<hdop>3.79</hdop>
	<extensions>
		<gpxtpx:TrackPointExtension>
			<gpxtpx:course>198.23872</gpxtpx:course>
		</gpxtpx:TrackPointExtension>
	</extensions>
</trkpt>
<trkpt lat="-9.1353231" lon="148.3460947">
	<ele>519.03</ele>
	<time>2026-02-01T01:13:51.691Z</time>
	<hdop>3.79</hdop>
	<extensions>
		<gpxtpx:TrackPointExtension>
			<gpxtpx:course>257.68124</gpxtpx:course>
		</gpxtpx:TrackPointExtension>
	</extensions>
</trkpt>
<trkpt lat="-9.1353693" lon="148.3459784">
	<ele>521.05</ele>
	<time>2026-02-01T01:14:02.690Z</time>
	<hdop>3.79</hdop>
	<extensions>
		<gpxtpx:TrackPointExtension>
			<gpxtpx:course>263.80264</gpxtpx:course>
		</gpxtpx:TrackPointExtension>
	</extensions>
</trkpt>
<trkpt lat="-9.1354213" lon="148.3459039">
	<ele>519.92</ele>
	<time>2026-02-01T01:14:32.691Z</time>
	<hdop>9.94</hdop>
	<extensions>
		<gpxtpx:TrackPointExtension>
			<gpxtpx:course>256.49615</gpxtpx:course>
		</gpxtpx:TrackPointExtension>
	</extensions>
</trkpt>
<trkpt lat="-9.1354366" lon="148.3458132">
	<ele>519.72</ele>
	<time>2026-02-01T01:14:50.690Z</time>
	<hdop>9.94</hdop>
	<extensions>
		<gpxtpx:TrackPointExtension>
			<gpxtpx:course>248.44931</gpxtpx:course>
		</gpxtpx:TrackPointExtension>
	</extensions>
</trkpt>
<trkpt lat="-9.1354219" lon="148.3457143">
	<ele>517.64</ele>
	<time>2026-02-01T01:15:37.691Z</time>
	<hdop>9.94</hdop>
	<extensions>
		<gpxtpx:TrackPointExtension>
			<gpxtpx:course>313.97647</gpxtpx:course>
		</gpxtpx:TrackPointExtension>
	</extensions>
</trkpt>
<trkpt lat="-9.1354169" lon="148.3456145">
	<ele>524.77</ele>
	<time>2026-02-01T01:15:54.690Z</time>
	<hdop>9.94</hdop>
	<extensions>
		<gpxtpx:TrackPointExtension>
			<gpxtpx:course>274.4996</gpxtpx:course>
		</gpxtpx:TrackPointExtension>
	</extensions>
</trkpt>
<trkpt lat="-9.1354363" lon="148.3455226">
	<ele>519.24</ele>
	<time>2026-02-01T01:17:01.690Z</time>
	<hdop>9.94</hdop>
	<extensions>
		<gpxtpx:TrackPointExtension>
			<gpxtpx:course>257.0101</gpxtpx:course>
		</gpxtpx:TrackPointExtension>
	</extensions>
</trkpt>
<trkpt lat="-9.1353787" lon="148.3454469">
	<ele>513.70</ele>
	<time>2026-02-01T01:17:19.691Z</time>
	<hdop>9.94</hdop>
	<extensions>
		<gpxtpx:TrackPointExtension>
			<gpxtpx:course>273.98514</gpxtpx:course>
		</gpxtpx:TrackPointExtension>
	</extensions>
</trkpt>
<trkpt lat="-9.1353405" lon="148.3453620">
	<ele>515.45</ele>
	<time>2026-02-01T01:17:41.690Z</time>
	<hdop>9.94</hdop>
	<extensions>
		<gpxtpx:TrackPointExtension>
			<gpxtpx:course>313.71384</gpxtpx:course>
		</gpxtpx:TrackPointExtension>
	</extensions>
</trkpt>
<trkpt lat="-9.1353919" lon="148.3452746">
	<ele>524.11</ele>
	<time>2026-02-01T01:17:58.691Z</time>
	<hdop>9.94</hdop>
	<extensions>
		<gpxtpx:TrackPointExtension>
			<gpxtpx:course>250.02194</gpxtpx:course>
		</gpxtpx:TrackPointExtension>
	</extensions>
</trkpt>
<trkpt lat="-9.1353571" lon="148.3451849">
	<ele>527.02</ele>
	<time>2026-02-01T01:18:19.690Z</time>
	<hdop>9.94</hdop>
	<extensions>
		<gpxtpx:TrackPointExtension>
			<gpxtpx:course>291.33887</gpxtpx:course>
		</gpxtpx:TrackPointExtension>
	</extensions>
</trkpt>
<trkpt lat="-9.1353430" lon="148.3450870">
	<ele>527.05</ele>
	<time>2026-02-01T01:18:45.690Z</time>
	<hdop>9.94</hdop>
	<extensions>
		<gpxtpx:TrackPointExtension>
			<gpxtpx:course>277.2721</gpxtpx:course>
		</gpxtpx:TrackPointExtension>
	</extensions>
</trkpt>
<trkpt lat="-9.1352632" lon="148.3450370">
	<ele>537.72</ele>
	<time>2026-02-01T01:19:24.691Z</time>
	<hdop>9.95</hdop>
	<extensions>
		<gpxtpx:TrackPointExtension>
			<gpxtpx:course>290.62915</gpxtpx:course>
		</gpxtpx:TrackPointExtension>
	</extensions>
</trkpt>
<trkpt lat="-9.1352605" lon="148.3449449">
	<ele>544.66</ele>
	<time>2026-02-01T01:20:24.690Z</time>
	<hdop>9.97</hdop>
	<extensions>
		<gpxtpx:TrackPointExtension>
			<gpxtpx:course>264.10837</gpxtpx:course>
		</gpxtpx:TrackPointExtension>
	</extensions>
</trkpt>
<trkpt lat="-9.1352309" lon="148.3448559">
	<ele>551.39</ele>
	<time>2026-02-01T01:21:11.690Z</time>
	<hdop>10.51</hdop>
	<extensions>
		<gpxtpx:TrackPointExtension>
			<gpxtpx:course>333.64017</gpxtpx:course>
		</gpxtpx:TrackPointExtension>
	</extensions>
</trkpt>
<trkpt lat="-9.1352165" lon="148.3447640">
	<ele>554.27</ele>
	<time>2026-02-01T01:21:36.690Z</time>
	<hdop>9.95</hdop>
	<extensions>
		<gpxtpx:TrackPointExtension>
			<gpxtpx:course>256.97778</gpxtpx:course>
		</gpxtpx:TrackPointExtension>
	</extensions>
</trkpt>
<trkpt lat="-9.1352136" lon="148.3446710">
	<ele>557.32</ele>
	<time>2026-02-01T01:21:48.690Z</time>
	<hdop>9.94</hdop>
	<extensions>
		<gpxtpx:TrackPointExtension>
			<gpxtpx:course>269.9217</gpxtpx:course>
		</gpxtpx:TrackPointExtension>
	</extensions>
</trkpt>
<trkpt lat="-9.1351881" lon="148.3445836">
	<ele>556.79</ele>
	<time>2026-02-01T01:21:59.690Z</time>
	<hdop>10.11</hdop>
	<extensions>
		<gpxtpx:TrackPointExtension>
			<gpxtpx:course>235.62807</gpxtpx:course>
		</gpxtpx:TrackPointExtension>
	</extensions>
</trkpt>
<trkpt lat="-9.1351936" lon="148.3446761">
	<ele>559.14</ele>
	<time>2026-02-01T01:25:31.691Z</time>
	<hdop>10.02</hdop>
	<extensions>
		<gpxtpx:TrackPointExtension>
			<gpxtpx:course>49.079838</gpxtpx:course>
		</gpxtpx:TrackPointExtension>
	</extensions>
</trkpt>
<trkpt lat="-9.1351726" lon="148.3445793">
	<ele>558.90</ele>
	<time>2026-02-01T01:34:12.691Z</time>
	<hdop>9.95</hdop>
	<extensions>
		<gpxtpx:TrackPointExtension>
			<gpxtpx:course>287.309</gpxtpx:course>
		</gpxtpx:TrackPointExtension>
	</extensions>
</trkpt>
<trkpt lat="-9.1351445" lon="148.3444928">
	<ele>560.44</ele>
	<time>2026-02-01T01:34:22.691Z</time>
	<hdop>11.04</hdop>
	<extensions>
		<gpxtpx:TrackPointExtension>
			<gpxtpx:course>316.5707</gpxtpx:course>
		</gpxtpx:TrackPointExtension>
	</extensions>
</trkpt>
<trkpt lat="-9.1350816" lon="148.3444176">
	<ele>560.05</ele>
	<time>2026-02-01T01:34:36.691Z</time>
	<hdop>10.74</hdop>
	<extensions>
		<gpxtpx:TrackPointExtension>
			<gpxtpx:course>327.94022</gpxtpx:course>
		</gpxtpx:TrackPointExtension>
	</extensions>
</trkpt>
<trkpt lat="-9.1350509" lon="148.3443266">
	<ele>564.70</ele>
	<time>2026-02-01T01:34:46.691Z</time>
	<hdop>10.13</hdop>
	<extensions>
		<gpxtpx:TrackPointExtension>
			<gpxtpx:course>308.97522</gpxtpx:course>
		</gpxtpx:TrackPointExtension>
	</extensions>
</trkpt>
<trkpt lat="-9.1350123" lon="148.3442344">
	<ele>564.82</ele>
	<time>2026-02-01T01:34:57.690Z</time>
	<hdop>10.29</hdop>
	<extensions>
		<gpxtpx:TrackPointExtension>
			<gpxtpx:course>293.25995</gpxtpx:course>
		</gpxtpx:TrackPointExtension>
	</extensions>
</trkpt>
<trkpt lat="-9.1349530" lon="148.3441570">
	<ele>563.80</ele>
	<time>2026-02-01T01:35:09.690Z</time>
	<hdop>10.30</hdop>
	<extensions>
		<gpxtpx:TrackPointExtension>
			<gpxtpx:course>306.463</gpxtpx:course>
		</gpxtpx:TrackPointExtension>
	</extensions>
</trkpt>
<trkpt lat="-9.1348985" lon="148.3440732">
	<ele>558.85</ele>
	<time>2026-02-01T01:35:19.690Z</time>
	<hdop>10.53</hdop>
	<extensions>
		<gpxtpx:TrackPointExtension>
			<gpxtpx:course>297.17963</gpxtpx:course>
		</gpxtpx:TrackPointExtension>
	</extensions>
</trkpt>
<trkpt lat="-9.1348991" lon="148.3439743">
	<ele>561.59</ele>
	<time>2026-02-01T01:35:30.690Z</time>
	<hdop>10.53</hdop>
	<extensions>
		<gpxtpx:TrackPointExtension>
			<gpxtpx:course>257.0288</gpxtpx:course>
		</gpxtpx:TrackPointExtension>
	</extensions>
</trkpt>
<trkpt lat="-9.1348866" lon="148.3438808">
	<ele>565.92</ele>
	<time>2026-02-01T01:35:43.690Z</time>
	<hdop>10.31</hdop>
	<extensions>
		<gpxtpx:TrackPointExtension>
			<gpxtpx:course>273.51395</gpxtpx:course>
		</gpxtpx:TrackPointExtension>
	</extensions>
</trkpt>
<trkpt lat="-9.1348548" lon="148.3437872">
	<ele>565.47</ele>
	<time>2026-02-01T01:35:56.690Z</time>
	<hdop>10.19</hdop>
	<extensions>
		<gpxtpx:TrackPointExtension>
			<gpxtpx:course>308.41068</gpxtpx:course>
		</gpxtpx:TrackPointExtension>
	</extensions>
</trkpt>
<trkpt lat="-9.1347817" lon="148.3437290">
	<ele>567.07</ele>
	<time>2026-02-01T01:36:07.690Z</time>
	<hdop>10.11</hdop>
	<extensions>
		<gpxtpx:TrackPointExtension>
			<gpxtpx:course>303.90015</gpxtpx:course>
		</gpxtpx:TrackPointExtension>
	</extensions>
</trkpt>
<trkpt lat="-9.1347446" lon="148.3436395">
	<ele>568.13</ele>
	<time>2026-02-01T01:36:43.690Z</time>
	<hdop>9.94</hdop>
	<extensions>
		<gpxtpx:TrackPointExtension>
			<gpxtpx:course>330.86835</gpxtpx:course>
		</gpxtpx:TrackPointExtension>
	</extensions>
</trkpt>
<trkpt lat="-9.1347317" lon="148.3435154">
	<ele>567.45</ele>
	<time>2026-02-01T01:36:53.690Z</time>
	<hdop>10.21</hdop>
	<extensions>
		<gpxtpx:TrackPointExtension>
			<gpxtpx:course>248.79541</gpxtpx:course>
		</gpxtpx:TrackPointExtension>
	</extensions>
</trkpt>
<trkpt lat="-9.1347002" lon="148.3433853">
	<ele>565.37</ele>
	<time>2026-02-01T01:37:03.690Z</time>
	<hdop>9.94</hdop>
	<extensions>
		<gpxtpx:TrackPointExtension>
			<gpxtpx:course>239.48763</gpxtpx:course>
		</gpxtpx:TrackPointExtension>
	</extensions>
</trkpt>
<trkpt lat="-9.1346893" lon="148.3432689">
	<ele>568.12</ele>
	<time>2026-02-01T01:37:13.690Z</time>
	<hdop>9.94</hdop>
	<extensions>
		<gpxtpx:TrackPointExtension>
			<gpxtpx:course>261.50827</gpxtpx:course>
		</gpxtpx:TrackPointExtension>
	</extensions>
</trkpt>
<trkpt lat="-9.1346935" lon="148.3431541">
	<ele>566.88</ele>
	<time>2026-02-01T01:37:23.690Z</time>
	<hdop>9.96</hdop>
	<extensions>
		<gpxtpx:TrackPointExtension>
			<gpxtpx:course>282.80875</gpxtpx:course>
		</gpxtpx:TrackPointExtension>
	</extensions>
</trkpt>
<trkpt lat="-9.1346742" lon="148.3430633">
	<ele>567.47</ele>
	<time>2026-02-01T01:37:40.690Z</time>
	<hdop>9.94</hdop>
	<extensions>
		<gpxtpx:TrackPointExtension>
			<gpxtpx:course>273.17496</gpxtpx:course>
		</gpxtpx:TrackPointExtension>
	</extensions>
</trkpt>
<trkpt lat="-9.1346862" lon="148.3429676">
	<ele>569.29</ele>
	<time>2026-02-01T01:37:53.691Z</time>
	<hdop>9.97</hdop>
	<extensions>
		<gpxtpx:TrackPointExtension>
			<gpxtpx:course>274.05927</gpxtpx:course>
		</gpxtpx:TrackPointExtension>
	</extensions>
</trkpt>
<trkpt lat="-9.1346796" lon="148.3428756">
	<ele>570.33</ele>
	<time>2026-02-01T01:38:08.690Z</time>
	<hdop>9.95</hdop>
	<extensions>
		<gpxtpx:TrackPointExtension>
			<gpxtpx:course>283.48294</gpxtpx:course>
		</gpxtpx:TrackPointExtension>
	</extensions>
</trkpt>
<trkpt lat="-9.1347108" lon="148.3427850">
	<ele>566.21</ele>
	<time>2026-02-01T01:38:20.690Z</time>
	<hdop>9.94</hdop>
	<extensions>
		<gpxtpx:TrackPointExtension>
			<gpxtpx:course>284.19632</gpxtpx:course>
		</gpxtpx:TrackPointExtension>
	</extensions>
</trkpt>
<trkpt lat="-9.1346380" lon="148.3427231">
	<ele>565.15</ele>
	<time>2026-02-01T01:38:31.690Z</time>
	<hdop>9.95</hdop>
	<extensions>
		<gpxtpx:TrackPointExtension>
			<gpxtpx:course>323.76697</gpxtpx:course>
		</gpxtpx:TrackPointExtension>
	</extensions>
</trkpt>
<trkpt lat="-9.1345495" lon="148.3426989">
	<ele>562.41</ele>
	<time>2026-02-01T01:38:43.690Z</time>
	<hdop>9.94</hdop>
	<extensions>
		<gpxtpx:TrackPointExtension>
			<gpxtpx:course>296.69684</gpxtpx:course>
		</gpxtpx:TrackPointExtension>
	</extensions>
</trkpt>
<trkpt lat="-9.1345285" lon="148.3425938">
	<ele>560.31</ele>
	<time>2026-02-01T01:38:53.691Z</time>
	<hdop>9.94</hdop>
	<extensions>
		<gpxtpx:TrackPointExtension>
			<gpxtpx:course>274.99304</gpxtpx:course>
		</gpxtpx:TrackPointExtension>
	</extensions>
</trkpt>
<trkpt lat="-9.1345121" lon="148.3425032">
	<ele>565.45</ele>
	<time>2026-02-01T01:39:08.690Z</time>
	<hdop>9.94</hdop>
	<extensions>
		<gpxtpx:TrackPointExtension>
			<gpxtpx:course>267.1047</gpxtpx:course>
		</gpxtpx:TrackPointExtension>
	</extensions>
</trkpt>
<trkpt lat="-9.1344845" lon="148.3424131">
	<ele>569.52</ele>
	<time>2026-02-01T01:39:21.690Z</time>
	<hdop>9.94</hdop>
	<extensions>
		<gpxtpx:TrackPointExtension>
			<gpxtpx:course>346.6518</gpxtpx:course>
		</gpxtpx:TrackPointExtension>
	</extensions>
</trkpt>
<trkpt lat="-9.1344518" lon="148.3423210">
	<ele>566.73</ele>
	<time>2026-02-01T01:39:34.690Z</time>
	<hdop>9.97</hdop>
	<extensions>
		<gpxtpx:TrackPointExtension>
			<gpxtpx:course>293.88016</gpxtpx:course>
		</gpxtpx:TrackPointExtension>
	</extensions>
</trkpt>
<trkpt lat="-9.1344064" lon="148.3422366">
	<ele>569.41</ele>
	<time>2026-02-01T01:39:45.691Z</time>
	<hdop>9.94</hdop>
	<extensions>
		<gpxtpx:TrackPointExtension>
			<gpxtpx:course>295.53387</gpxtpx:course>
		</gpxtpx:TrackPointExtension>
	</extensions>
</trkpt>
<trkpt lat="-9.1343627" lon="148.3421528">
	<ele>568.41</ele>
	<time>2026-02-01T01:39:56.690Z</time>
	<hdop>9.94</hdop>
	<extensions>
		<gpxtpx:TrackPointExtension>
			<gpxtpx:course>286.439</gpxtpx:course>
		</gpxtpx:TrackPointExtension>
	</extensions>
</trkpt>
<trkpt lat="-9.1342904" lon="148.3420957">
	<ele>572.75</ele>
	<time>2026-02-01T01:40:08.691Z</time>
	<hdop>9.94</hdop>
	<extensions>
		<gpxtpx:TrackPointExtension>
			<gpxtpx:course>323.555</gpxtpx:course>
		</gpxtpx:TrackPointExtension>
	</extensions>
</trkpt>
<trkpt lat="-9.1342322" lon="148.3420187">
	<ele>573.13</ele>
	<time>2026-02-01T01:40:21.690Z</time>
	<hdop>9.94</hdop>
	<extensions>
		<gpxtpx:TrackPointExtension>
			<gpxtpx:course>308.013</gpxtpx:course>
		</gpxtpx:TrackPointExtension>
	</extensions>
</trkpt>
<trkpt lat="-9.1341603" lon="148.3419621">
	<ele>572.99</ele>
	<time>2026-02-01T01:40:32.691Z</time>
	<hdop>9.94</hdop>
	<extensions>
		<gpxtpx:TrackPointExtension>
			<gpxtpx:course>308.2903</gpxtpx:course>
		</gpxtpx:TrackPointExtension>
	</extensions>
</trkpt>
<trkpt lat="-9.1341059" lon="148.3418868">
	<ele>570.48</ele>
	<time>2026-02-01T01:40:47.690Z</time>
	<hdop>9.94</hdop>
	<extensions>
		<gpxtpx:TrackPointExtension>
			<gpxtpx:course>311.45453</gpxtpx:course>
		</gpxtpx:TrackPointExtension>
	</extensions>
</trkpt>
<trkpt lat="-9.1340922" lon="148.3417962">
	<ele>574.39</ele>
	<time>2026-02-01T01:40:57.691Z</time>
	<hdop>9.94</hdop>
	<extensions>
		<gpxtpx:TrackPointExtension>
			<gpxtpx:course>279.85056</gpxtpx:course>
		</gpxtpx:TrackPointExtension>
	</extensions>
</trkpt>
<trkpt lat="-9.1340709" lon="148.3417077">
	<ele>574.91</ele>
	<time>2026-02-01T01:41:09.690Z</time>
	<hdop>9.94</hdop>
	<extensions>
		<gpxtpx:TrackPointExtension>
			<gpxtpx:course>282.16052</gpxtpx:course>
		</gpxtpx:TrackPointExtension>
	</extensions>
</trkpt>
<trkpt lat="-9.1340510" lon="148.3416167">
	<ele>572.03</ele>
	<time>2026-02-01T01:41:21.691Z</time>
	<hdop>9.94</hdop>
	<extensions>
		<gpxtpx:TrackPointExtension>
			<gpxtpx:course>273.11838</gpxtpx:course>
		</gpxtpx:TrackPointExtension>
	</extensions>
</trkpt>
<trkpt lat="-9.1340450" lon="148.3415184">
	<ele>570.10</ele>
	<time>2026-02-01T01:41:32.690Z</time>
	<hdop>9.94</hdop>
	<extensions>
		<gpxtpx:TrackPointExtension>
			<gpxtpx:course>268.99817</gpxtpx:course>
		</gpxtpx:TrackPointExtension>
	</extensions>
</trkpt>
<trkpt lat="-9.1340688" lon="148.3414301">
	<ele>571.71</ele>
	<time>2026-02-01T01:42:16.691Z</time>
	<hdop>9.94</hdop>
	<extensions>
		<gpxtpx:TrackPointExtension>
			<gpxtpx:course>262.8819</gpxtpx:course>
		</gpxtpx:TrackPointExtension>
	</extensions>
</trkpt>
<trkpt lat="-9.1340239" lon="148.3413447">
	<ele>571.06</ele>
	<time>2026-02-01T01:42:35.690Z</time>
	<hdop>9.94</hdop>
	<extensions>
		<gpxtpx:TrackPointExtension>
			<gpxtpx:course>319.58212</gpxtpx:course>
		</gpxtpx:TrackPointExtension>
	</extensions>
</trkpt>
<trkpt lat="-9.1339731" lon="148.3412597">
	<ele>570.44</ele>
	<time>2026-02-01T01:42:45.691Z</time>
	<hdop>9.94</hdop>
	<extensions>
		<gpxtpx:TrackPointExtension>
			<gpxtpx:course>287.77704</gpxtpx:course>
		</gpxtpx:TrackPointExtension>
	</extensions>
</trkpt>
<trkpt lat="-9.1339419" lon="148.3411713">
	<ele>569.92</ele>
	<time>2026-02-01T01:43:00.690Z</time>
	<hdop>9.94</hdop>
	<extensions>
		<gpxtpx:TrackPointExtension>
			<gpxtpx:course>280.11697</gpxtpx:course>
		</gpxtpx:TrackPointExtension>
	</extensions>
</trkpt>
<trkpt lat="-9.1339372" lon="148.3410796">
	<ele>572.02</ele>
	<time>2026-02-01T01:43:12.691Z</time>
	<hdop>10.35</hdop>
	<extensions>
		<gpxtpx:TrackPointExtension>
			<gpxtpx:course>288.37396</gpxtpx:course>
		</gpxtpx:TrackPointExtension>
	</extensions>
</trkpt>
<trkpt lat="-9.1339662" lon="148.3409826">
	<ele>572.65</ele>
	<time>2026-02-01T01:43:28.690Z</time>
	<hdop>9.94</hdop>
	<extensions>
		<gpxtpx:TrackPointExtension>
			<gpxtpx:course>246.28453</gpxtpx:course>
		</gpxtpx:TrackPointExtension>
	</extensions>
</trkpt>
<trkpt lat="-9.1339760" lon="148.3408495">
	<ele>573.34</ele>
	<time>2026-02-01T01:43:38.690Z</time>
	<hdop>9.94</hdop>
	<extensions>
		<gpxtpx:TrackPointExtension>
			<gpxtpx:course>288.99127</gpxtpx:course>
		</gpxtpx:TrackPointExtension>
	</extensions>
</trkpt>
<trkpt lat="-9.1339587" lon="148.3407563">
	<ele>574.35</ele>
	<time>2026-02-01T01:43:48.690Z</time>
	<hdop>9.94</hdop>
	<extensions>
		<gpxtpx:TrackPointExtension>
			<gpxtpx:course>290.90784</gpxtpx:course>
		</gpxtpx:TrackPointExtension>
	</extensions>
</trkpt>
<trkpt lat="-9.1339157" lon="148.3406692">
	<ele>566.73</ele>
	<time>2026-02-01T01:44:17.690Z</time>
	<hdop>9.94</hdop>
	<extensions>
		<gpxtpx:TrackPointExtension>
			<gpxtpx:course>332.56995</gpxtpx:course>
		</gpxtpx:TrackPointExtension>
	</extensions>
</trkpt>
<trkpt lat="-9.1338814" lon="148.3405826">
	<ele>565.17</ele>
	<time>2026-02-01T01:44:32.690Z</time>
	<hdop>9.94</hdop>
	<extensions>
		<gpxtpx:TrackPointExtension>
			<gpxtpx:course>282.06827</gpxtpx:course>
		</gpxtpx:TrackPointExtension>
	</extensions>
</trkpt>
<trkpt lat="-9.1338385" lon="148.3404916">
	<ele>568.83</ele>
	<time>2026-02-01T01:44:42.690Z</time>
	<hdop>10.04</hdop>
	<extensions>
		<gpxtpx:TrackPointExtension>
			<gpxtpx:course>304.5567</gpxtpx:course>
		</gpxtpx:TrackPointExtension>
	</extensions>
</trkpt>
<trkpt lat="-9.1337822" lon="148.3403966">
	<ele>569.58</ele>
	<time>2026-02-01T01:44:52.690Z</time>
	<hdop>10.00</hdop>
	<extensions>
		<gpxtpx:TrackPointExtension>
			<gpxtpx:course>309.56885</gpxtpx:course>
		</gpxtpx:TrackPointExtension>
	</extensions>
</trkpt>
<trkpt lat="-9.1337189" lon="148.3403059">
	<ele>571.30</ele>
	<time>2026-02-01T01:45:02.690Z</time>
	<hdop>10.59</hdop>
	<extensions>
		<gpxtpx:TrackPointExtension>
			<gpxtpx:course>294.15326</gpxtpx:course>
		</gpxtpx:TrackPointExtension>
	</extensions>
</trkpt>
<trkpt lat="-9.1336221" lon="148.3402783">
	<ele>573.69</ele>
	<time>2026-02-01T01:45:14.690Z</time>
	<hdop>10.58</hdop>
	<extensions>
		<gpxtpx:TrackPointExtension>
			<gpxtpx:course>329.80603</gpxtpx:course>
		</gpxtpx:TrackPointExtension>
	</extensions>
</trkpt>
<trkpt lat="-9.1335531" lon="148.3402082">
	<ele>577.93</ele>
	<time>2026-02-01T01:45:25.690Z</time>
	<hdop>10.57</hdop>
	<extensions>
		<gpxtpx:TrackPointExtension>
			<gpxtpx:course>306.80005</gpxtpx:course>
		</gpxtpx:TrackPointExtension>
	</extensions>
</trkpt>
<trkpt lat="-9.1334957" lon="148.3401296">
	<ele>576.26</ele>
	<time>2026-02-01T01:45:37.690Z</time>
	<hdop>10.48</hdop>
	<extensions>
		<gpxtpx:TrackPointExtension>
			<gpxtpx:course>265.55634</gpxtpx:course>
		</gpxtpx:TrackPointExtension>
	</extensions>
</trkpt>
<trkpt lat="-9.1334316" lon="148.3400537">
	<ele>580.52</ele>
	<time>2026-02-01T01:45:47.690Z</time>
	<hdop>9.98</hdop>
	<extensions>
		<gpxtpx:TrackPointExtension>
			<gpxtpx:course>264.93436</gpxtpx:course>
		</gpxtpx:TrackPointExtension>
	</extensions>
</trkpt>
<trkpt lat="-9.1334245" lon="148.3399623">
	<ele>581.23</ele>
	<time>2026-02-01T01:46:01.690Z</time>
	<hdop>9.94</hdop>
	<extensions>
		<gpxtpx:TrackPointExtension>
			<gpxtpx:course>249.51091</gpxtpx:course>
		</gpxtpx:TrackPointExtension>
	</extensions>
</trkpt>
<trkpt lat="-9.1333930" lon="148.3398770">
	<ele>582.59</ele>
	<time>2026-02-01T01:46:22.690Z</time>
	<hdop>9.94</hdop>
	<extensions>
		<gpxtpx:TrackPointExtension>
			<gpxtpx:course>257.49985</gpxtpx:course>
		</gpxtpx:TrackPointExtension>
	</extensions>
</trkpt>
<trkpt lat="-9.1334184" lon="148.3397799">
	<ele>572.74</ele>
	<time>2026-02-01T01:46:36.690Z</time>
	<hdop>9.94</hdop>
	<extensions>
		<gpxtpx:TrackPointExtension>
			<gpxtpx:course>243.27444</gpxtpx:course>
		</gpxtpx:TrackPointExtension>
	</extensions>
</trkpt>
<trkpt lat="-9.1334371" lon="148.3396664">
	<ele>575.11</ele>
	<time>2026-02-01T01:46:46.691Z</time>
	<hdop>9.94</hdop>
	<extensions>
		<gpxtpx:TrackPointExtension>
			<gpxtpx:course>272.32877</gpxtpx:course>
		</gpxtpx:TrackPointExtension>
	</extensions>
</trkpt>
<trkpt lat="-9.1334465" lon="148.3395668">
	<ele>580.75</ele>
	<time>2026-02-01T01:46:58.690Z</time>
	<hdop>9.94</hdop>
	<extensions>
		<gpxtpx:TrackPointExtension>
			<gpxtpx:course>272.3784</gpxtpx:course>
		</gpxtpx:TrackPointExtension>
	</extensions>
</trkpt>
<trkpt lat="-9.1334455" lon="148.3394542">
	<ele>587.11</ele>
	<time>2026-02-01T01:47:08.690Z</time>
	<hdop>9.94</hdop>
	<extensions>
		<gpxtpx:TrackPointExtension>
			<gpxtpx:course>251.22374</gpxtpx:course>
		</gpxtpx:TrackPointExtension>
	</extensions>
</trkpt>
<trkpt lat="-9.1334467" lon="148.3393544">
	<ele>584.67</ele>
	<time>2026-02-01T01:47:18.690Z</time>
	<hdop>9.94</hdop>
	<extensions>
		<gpxtpx:TrackPointExtension>
			<gpxtpx:course>248.66882</gpxtpx:course>
		</gpxtpx:TrackPointExtension>
	</extensions>
</trkpt>
<trkpt lat="-9.1334666" lon="148.3392558">
	<ele>587.10</ele>
	<time>2026-02-01T01:47:28.691Z</time>
	<hdop>9.99</hdop>
	<extensions>
		<gpxtpx:TrackPointExtension>
			<gpxtpx:course>244.82153</gpxtpx:course>
		</gpxtpx:TrackPointExtension>
	</extensions>
</trkpt>
<trkpt lat="-9.1334973" lon="148.3391628">
	<ele>587.32</ele>
	<time>2026-02-01T01:47:43.691Z</time>
	<hdop>9.94</hdop>
	<extensions>
		<gpxtpx:TrackPointExtension>
			<gpxtpx:course>230.68576</gpxtpx:course>
		</gpxtpx:TrackPointExtension>
	</extensions>
</trkpt>
<trkpt lat="-9.1334668" lon="148.3390566">
	<ele>588.67</ele>
	<time>2026-02-01T01:47:54.691Z</time>
	<hdop>9.97</hdop>
	<extensions>
		<gpxtpx:TrackPointExtension>
			<gpxtpx:course>287.68384</gpxtpx:course>
		</gpxtpx:TrackPointExtension>
	</extensions>
</trkpt>
<trkpt lat="-9.1334442" lon="148.3389670">
	<ele>581.08</ele>
	<time>2026-02-01T01:48:13.690Z</time>
	<hdop>9.94</hdop>
	<extensions>
		<gpxtpx:TrackPointExtension>
			<gpxtpx:course>290.3132</gpxtpx:course>
		</gpxtpx:TrackPointExtension>
	</extensions>
</trkpt>
<trkpt lat="-9.1334305" lon="148.3388738">
	<ele>576.48</ele>
	<time>2026-02-01T01:48:53.690Z</time>
	<hdop>9.94</hdop>
	<extensions>
		<gpxtpx:TrackPointExtension>
			<gpxtpx:course>325.13293</gpxtpx:course>
		</gpxtpx:TrackPointExtension>
	</extensions>
</trkpt>
<trkpt lat="-9.1333956" lon="148.3387714">
	<ele>576.20</ele>
	<time>2026-02-01T01:49:03.690Z</time>
	<hdop>9.94</hdop>
	<extensions>
		<gpxtpx:TrackPointExtension>
			<gpxtpx:course>286.5687</gpxtpx:course>
		</gpxtpx:TrackPointExtension>
	</extensions>
</trkpt>
<trkpt lat="-9.1333931" lon="148.3386793">
	<ele>573.98</ele>
	<time>2026-02-01T01:49:15.690Z</time>
	<hdop>9.94</hdop>
	<extensions>
		<gpxtpx:TrackPointExtension>
			<gpxtpx:course>312.5316</gpxtpx:course>
		</gpxtpx:TrackPointExtension>
	</extensions>
</trkpt>
<trkpt lat="-9.1333800" lon="148.3385851">
	<ele>576.37</ele>
	<time>2026-02-01T01:49:47.690Z</time>
	<hdop>10.34</hdop>
	<extensions>
		<gpxtpx:TrackPointExtension>
			<gpxtpx:course>299.41843</gpxtpx:course>
		</gpxtpx:TrackPointExtension>
	</extensions>
</trkpt>
<trkpt lat="-9.1334540" lon="148.3385303">
	<ele>582.11</ele>
	<time>2026-02-01T01:50:07.691Z</time>
	<hdop>9.94</hdop>
	<extensions>
		<gpxtpx:TrackPointExtension>
			<gpxtpx:course>247.78264</gpxtpx:course>
		</gpxtpx:TrackPointExtension>
	</extensions>
</trkpt>
<trkpt lat="-9.1334725" lon="148.3384382">
	<ele>577.16</ele>
	<time>2026-02-01T01:51:29.690Z</time>
	<hdop>10.08</hdop>
	<extensions>
		<gpxtpx:TrackPointExtension>
			<gpxtpx:course>261.93225</gpxtpx:course>
		</gpxtpx:TrackPointExtension>
	</extensions>
</trkpt>
<trkpt lat="-9.1334242" lon="148.3383600">
	<ele>578.92</ele>
	<time>2026-02-01T01:52:05.690Z</time>
	<hdop>9.94</hdop>
	<extensions>
		<gpxtpx:TrackPointExtension>
			<gpxtpx:course>255.04047</gpxtpx:course>
		</gpxtpx:TrackPointExtension>
	</extensions>
</trkpt>
<trkpt lat="-9.1334284" lon="148.3382404">
	<ele>574.77</ele>
	<time>2026-02-01T01:52:15.690Z</time>
	<hdop>9.94</hdop>
	<extensions>
		<gpxtpx:TrackPointExtension>
			<gpxtpx:course>258.03848</gpxtpx:course>
		</gpxtpx:TrackPointExtension>
	</extensions>
</trkpt>
<trkpt lat="-9.1334763" lon="148.3381325">
	<ele>575.17</ele>
	<time>2026-02-01T01:52:25.690Z</time>
	<hdop>9.94</hdop>
	<extensions>
		<gpxtpx:TrackPointExtension>
			<gpxtpx:course>244.63463</gpxtpx:course>
		</gpxtpx:TrackPointExtension>
	</extensions>
</trkpt>
<trkpt lat="-9.1335401" lon="148.3380655">
	<ele>581.47</ele>
	<time>2026-02-01T01:52:49.691Z</time>
	<hdop>9.94</hdop>
	<extensions>
		<gpxtpx:TrackPointExtension>
			<gpxtpx:course>168.26395</gpxtpx:course>
		</gpxtpx:TrackPointExtension>
	</extensions>
</trkpt>
<trkpt lat="-9.1335835" lon="148.3379762">
	<ele>581.21</ele>
	<time>2026-02-01T01:53:07.690Z</time>
	<hdop>9.94</hdop>
	<extensions>
		<gpxtpx:TrackPointExtension>
			<gpxtpx:course>272.85773</gpxtpx:course>
		</gpxtpx:TrackPointExtension>
	</extensions>
</trkpt>
<trkpt lat="-9.1336198" lon="148.3378578">
	<ele>587.39</ele>
	<time>2026-02-01T01:53:17.690Z</time>
	<hdop>9.98</hdop>
	<extensions>
		<gpxtpx:TrackPointExtension>
			<gpxtpx:course>265.8989</gpxtpx:course>
		</gpxtpx:TrackPointExtension>
	</extensions>
</trkpt>
<trkpt lat="-9.1336247" lon="148.3377655">
	<ele>588.75</ele>
	<time>2026-02-01T01:53:29.690Z</time>
	<hdop>10.09</hdop>
	<extensions>
		<gpxtpx:TrackPointExtension>
			<gpxtpx:course>283.58438</gpxtpx:course>
		</gpxtpx:TrackPointExtension>
	</extensions>
</trkpt>
<trkpt lat="-9.1336315" lon="148.3376741">
	<ele>586.80</ele>
	<time>2026-02-01T01:53:45.691Z</time>
	<hdop>9.94</hdop>
	<extensions>
		<gpxtpx:TrackPointExtension>
			<gpxtpx:course>277.01813</gpxtpx:course>
		</gpxtpx:TrackPointExtension>
	</extensions>
</trkpt>
<trkpt lat="-9.1336426" lon="148.3375802">
	<ele>582.99</ele>
	<time>2026-02-01T01:53:58.690Z</time>
	<hdop>9.94</hdop>
	<extensions>
		<gpxtpx:TrackPointExtension>
			<gpxtpx:course>277.4567</gpxtpx:course>
		</gpxtpx:TrackPointExtension>
	</extensions>
</trkpt>
<trkpt lat="-9.1336507" lon="148.3374179">
	<ele>585.39</ele>
	<time>2026-02-01T01:54:08.690Z</time>
	<hdop>9.94</hdop>
	<extensions>
		<gpxtpx:TrackPointExtension>
			<gpxtpx:course>274.996</gpxtpx:course>
		</gpxtpx:TrackPointExtension>
	</extensions>
</trkpt>
<trkpt lat="-9.1336445" lon="148.3372980">
	<ele>584.46</ele>
	<time>2026-02-01T01:54:18.690Z</time>
	<hdop>9.94</hdop>
	<extensions>
		<gpxtpx:TrackPointExtension>
			<gpxtpx:course>261.0253</gpxtpx:course>
		</gpxtpx:TrackPointExtension>
	</extensions>
</trkpt>
<trkpt lat="-9.1336430" lon="148.3371945">
	<ele>589.97</ele>
	<time>2026-02-01T01:54:28.690Z</time>
	<hdop>9.94</hdop>
	<extensions>
		<gpxtpx:TrackPointExtension>
			<gpxtpx:course>264.49368</gpxtpx:course>
		</gpxtpx:TrackPointExtension>
	</extensions>
</trkpt>
<trkpt lat="-9.1336824" lon="148.3371086">
	<ele>590.44</ele>
	<time>2026-02-01T01:54:40.690Z</time>
	<hdop>9.94</hdop>
	<extensions>
		<gpxtpx:TrackPointExtension>
			<gpxtpx:course>259.0948</gpxtpx:course>
		</gpxtpx:TrackPointExtension>
	</extensions>
</trkpt>
<trkpt lat="-9.1337288" lon="148.3369861">
	<ele>593.96</ele>
	<time>2026-02-01T01:54:50.690Z</time>
	<hdop>9.94</hdop>
	<extensions>
		<gpxtpx:TrackPointExtension>
			<gpxtpx:course>204.44208</gpxtpx:course>
		</gpxtpx:TrackPointExtension>
	</extensions>
</trkpt>
<trkpt lat="-9.1337341" lon="148.3368920">
	<ele>592.50</ele>
	<time>2026-02-01T01:55:01.690Z</time>
	<hdop>9.94</hdop>
	<extensions>
		<gpxtpx:TrackPointExtension>
			<gpxtpx:course>242.33994</gpxtpx:course>
		</gpxtpx:TrackPointExtension>
	</extensions>
</trkpt>
<trkpt lat="-9.1337810" lon="148.3368072">
	<ele>595.46</ele>
	<time>2026-02-01T01:55:21.690Z</time>
	<hdop>9.94</hdop>
	<extensions>
		<gpxtpx:TrackPointExtension>
			<gpxtpx:course>268.8502</gpxtpx:course>
		</gpxtpx:TrackPointExtension>
	</extensions>
</trkpt>
<trkpt lat="-9.1337825" lon="148.3366596">
	<ele>597.00</ele>
	<time>2026-02-01T01:55:31.690Z</time>
	<hdop>9.94</hdop>
	<extensions>
		<gpxtpx:TrackPointExtension>
			<gpxtpx:course>268.98483</gpxtpx:course>
		</gpxtpx:TrackPointExtension>
	</extensions>
</trkpt>
<trkpt lat="-9.1337871" lon="148.3365361">
	<ele>597.88</ele>
	<time>2026-02-01T01:55:41.690Z</time>
	<hdop>9.94</hdop>
	<extensions>
		<gpxtpx:TrackPointExtension>
			<gpxtpx:course>248.10019</gpxtpx:course>
		</gpxtpx:TrackPointExtension>
	</extensions>
</trkpt>
<trkpt lat="-9.1337733" lon="148.3364352">
	<ele>596.60</ele>
	<time>2026-02-01T01:55:51.690Z</time>
	<hdop>9.94</hdop>
	<extensions>
		<gpxtpx:TrackPointExtension>
			<gpxtpx:course>287.67093</gpxtpx:course>
		</gpxtpx:TrackPointExtension>
	</extensions>
</trkpt>
<trkpt lat="-9.1337470" lon="148.3363442">
	<ele>592.04</ele>
	<time>2026-02-01T01:56:03.690Z</time>
	<hdop>9.94</hdop>
	<extensions>
		<gpxtpx:TrackPointExtension>
			<gpxtpx:course>305.92035</gpxtpx:course>
		</gpxtpx:TrackPointExtension>
	</extensions>
</trkpt>
<trkpt lat="-9.1337026" lon="148.3362247">
	<ele>593.08</ele>
	<time>2026-02-01T01:56:13.690Z</time>
	<hdop>9.94</hdop>
	<extensions>
		<gpxtpx:TrackPointExtension>
			<gpxtpx:course>290.989</gpxtpx:course>
		</gpxtpx:TrackPointExtension>
	</extensions>
</trkpt>
<trkpt lat="-9.1336598" lon="148.3361260">
	<ele>592.31</ele>
	<time>2026-02-01T01:56:23.690Z</time>
	<hdop>7.89</hdop>
	<extensions>
		<gpxtpx:TrackPointExtension>
			<gpxtpx:course>290.83173</gpxtpx:course>
		</gpxtpx:TrackPointExtension>
	</extensions>
</trkpt>
<trkpt lat="-9.1336846" lon="148.3360343">
	<ele>590.13</ele>
	<time>2026-02-01T01:56:36.690Z</time>
	<hdop>3.81</hdop>
	<extensions>
		<gpxtpx:TrackPointExtension>
			<gpxtpx:course>280.10397</gpxtpx:course>
		</gpxtpx:TrackPointExtension>
	</extensions>
</trkpt>
<trkpt lat="-9.1336882" lon="148.3359274">
	<ele>592.54</ele>
	<time>2026-02-01T01:56:46.691Z</time>
	<hdop>3.79</hdop>
	<extensions>
		<gpxtpx:TrackPointExtension>
			<gpxtpx:course>282.67523</gpxtpx:course>
		</gpxtpx:TrackPointExtension>
	</extensions>
</trkpt>
<trkpt lat="-9.1336711" lon="148.3358222">
	<ele>593.97</ele>
	<time>2026-02-01T01:56:57.690Z</time>
	<hdop>3.79</hdop>
	<extensions>
		<gpxtpx:TrackPointExtension>
			<gpxtpx:course>281.89133</gpxtpx:course>
		</gpxtpx:TrackPointExtension>
	</extensions>
</trkpt>
<trkpt lat="-9.1335887" lon="148.3357690">
	<ele>585.51</ele>
	<time>2026-02-01T01:57:28.690Z</time>
	<hdop>6.86</hdop>
	<extensions>
		<gpxtpx:TrackPointExtension>
			<gpxtpx:course>281.71112</gpxtpx:course>
		</gpxtpx:TrackPointExtension>
	</extensions>
</trkpt>
<trkpt lat="-9.1335514" lon="148.3356808">
	<ele>586.06</ele>
	<time>2026-02-01T01:57:40.690Z</time>
	<hdop>9.94</hdop>
	<extensions>
		<gpxtpx:TrackPointExtension>
			<gpxtpx:course>314.6751</gpxtpx:course>
		</gpxtpx:TrackPointExtension>
	</extensions>
</trkpt>
<trkpt lat="-9.1334824" lon="148.3356200">
	<ele>582.20</ele>
	<time>2026-02-01T01:57:57.690Z</time>
	<hdop>9.94</hdop>
	<extensions>
		<gpxtpx:TrackPointExtension>
			<gpxtpx:course>313.76175</gpxtpx:course>
		</gpxtpx:TrackPointExtension>
	</extensions>
</trkpt>
<trkpt lat="-9.1334434" lon="148.3355374">
	<ele>574.41</ele>
	<time>2026-02-01T01:58:18.690Z</time>
	<hdop>9.94</hdop>
	<extensions>
		<gpxtpx:TrackPointExtension>
			<gpxtpx:course>271.99908</gpxtpx:course>
		</gpxtpx:TrackPointExtension>
	</extensions>
</trkpt>
<trkpt lat="-9.1333964" lon="148.3354592">
	<ele>571.05</ele>
	<time>2026-02-01T02:00:09.690Z</time>
	<hdop>9.94</hdop>
	<extensions>
		<gpxtpx:TrackPointExtension>
			<gpxtpx:course>292.3925</gpxtpx:course>
		</gpxtpx:TrackPointExtension>
	</extensions>
</trkpt>
<trkpt lat="-9.1333634" lon="148.3353719">
	<ele>564.84</ele>
	<time>2026-02-01T02:01:17.690Z</time>
	<hdop>10.12</hdop>
	<extensions>
		<gpxtpx:TrackPointExtension>
			<gpxtpx:course>283.28888</gpxtpx:course>
		</gpxtpx:TrackPointExtension>
	</extensions>
</trkpt>
<trkpt lat="-9.1332898" lon="148.3353145">
	<ele>564.63</ele>
	<time>2026-02-01T02:02:03.690Z</time>
	<hdop>3.79</hdop>
	<extensions>
		<gpxtpx:TrackPointExtension>
			<gpxtpx:course>304.1756</gpxtpx:course>
		</gpxtpx:TrackPointExtension>
	</extensions>
</trkpt>
<trkpt lat="-9.1332713" lon="148.3352252">
	<ele>560.20</ele>
	<time>2026-02-01T02:02:49.690Z</time>
	<hdop>9.94</hdop>
	<extensions>
		<gpxtpx:TrackPointExtension>
			<gpxtpx:course>3.0072603</gpxtpx:course>
		</gpxtpx:TrackPointExtension>
	</extensions>
</trkpt>
<trkpt lat="-9.1331970" lon="148.3351562">
	<ele>555.46</ele>
	<time>2026-02-01T02:03:05.691Z</time>
	<hdop>9.94</hdop>
	<extensions>
		<gpxtpx:TrackPointExtension>
			<gpxtpx:course>304.67163</gpxtpx:course>
		</gpxtpx:TrackPointExtension>
	</extensions>
</trkpt>
<trkpt lat="-9.1331278" lon="148.3350967">
	<ele>554.37</ele>
	<time>2026-02-01T02:03:51.690Z</time>
	<hdop>3.79</hdop>
	<extensions>
		<gpxtpx:TrackPointExtension>
			<gpxtpx:course>325.69406</gpxtpx:course>
		</gpxtpx:TrackPointExtension>
	</extensions>
</trkpt>
<trkpt lat="-9.1331184" lon="148.3350062">
	<ele>557.26</ele>
	<time>2026-02-01T02:05:14.690Z</time>
	<hdop>9.94</hdop>
</trkpt>
<trkpt lat="-9.1331516" lon="148.3349182">
	<ele>558.41</ele>
	<time>2026-02-01T02:05:36.691Z</time>
	<hdop>9.94</hdop>
	<extensions>
		<gpxtpx:TrackPointExtension>
			<gpxtpx:course>271.31354</gpxtpx:course>
		</gpxtpx:TrackPointExtension>
	</extensions>
</trkpt>
<trkpt lat="-9.1331687" lon="148.3348018">
	<ele>559.53</ele>
	<time>2026-02-01T02:05:47.690Z</time>
	<hdop>9.94</hdop>
	<extensions>
		<gpxtpx:TrackPointExtension>
			<gpxtpx:course>278.90286</gpxtpx:course>
		</gpxtpx:TrackPointExtension>
	</extensions>
</trkpt>
<trkpt lat="-9.1332183" lon="148.3347150">
	<ele>556.13</ele>
	<time>2026-02-01T02:06:09.690Z</time>
	<hdop>9.94</hdop>
	<extensions>
		<gpxtpx:TrackPointExtension>
			<gpxtpx:course>238.99725</gpxtpx:course>
		</gpxtpx:TrackPointExtension>
	</extensions>
</trkpt>
<trkpt lat="-9.1332618" lon="148.3346238">
	<ele>551.36</ele>
	<time>2026-02-01T02:06:19.691Z</time>
	<hdop>9.94</hdop>
	<extensions>
		<gpxtpx:TrackPointExtension>
			<gpxtpx:course>225.14151</gpxtpx:course>
		</gpxtpx:TrackPointExtension>
	</extensions>
</trkpt>
<trkpt lat="-9.1333426" lon="148.3345713">
	<ele>545.43</ele>
	<time>2026-02-01T02:06:30.690Z</time>
	<hdop>9.94</hdop>
	<extensions>
		<gpxtpx:TrackPointExtension>
			<gpxtpx:course>273.5032</gpxtpx:course>
		</gpxtpx:TrackPointExtension>
	</extensions>
</trkpt>
<trkpt lat="-9.1332913" lon="148.3344728">
	<ele>544.10</ele>
	<time>2026-02-01T02:06:40.690Z</time>
	<hdop>9.94</hdop>
	<extensions>
		<gpxtpx:TrackPointExtension>
			<gpxtpx:course>296.8947</gpxtpx:course>
		</gpxtpx:TrackPointExtension>
	</extensions>
</trkpt>
<trkpt lat="-9.1333741" lon="148.3345140">
	<ele>544.68</ele>
	<time>2026-02-01T02:20:33.691Z</time>
	<hdop>3.79</hdop>
	<extensions>
		<gpxtpx:TrackPointExtension>
			<gpxtpx:course>150.67036</gpxtpx:course>
		</gpxtpx:TrackPointExtension>
	</extensions>
</trkpt>
<trkpt lat="-9.1334535" lon="148.3345596">
	<ele>541.71</ele>
	<time>2026-02-01T02:21:29.690Z</time>
	<hdop>3.79</hdop>
	<extensions>
		<gpxtpx:TrackPointExtension>
			<gpxtpx:course>220.65152</gpxtpx:course>
		</gpxtpx:TrackPointExtension>
	</extensions>
</trkpt>
<trkpt lat="-9.1335492" lon="148.3345737">
	<ele>543.55</ele>
	<time>2026-02-01T02:22:56.690Z</time>
	<hdop>9.94</hdop>
	<extensions>
		<gpxtpx:TrackPointExtension>
			<gpxtpx:course>197.58452</gpxtpx:course>
		</gpxtpx:TrackPointExtension>
	</extensions>
</trkpt>
<trkpt lat="-9.1335688" lon="148.3344848">
	<ele>541.51</ele>
	<time>2026-02-01T02:23:23.690Z</time>
	<hdop>9.94</hdop>
	<extensions>
		<gpxtpx:TrackPointExtension>
			<gpxtpx:course>296.9288</gpxtpx:course>
		</gpxtpx:TrackPointExtension>
	</extensions>
</trkpt>
<trkpt lat="-9.1335755" lon="148.3343909">
	<ele>542.90</ele>
	<time>2026-02-01T02:24:20.690Z</time>
	<hdop>3.79</hdop>
	<extensions>
		<gpxtpx:TrackPointExtension>
			<gpxtpx:course>223.09222</gpxtpx:course>
		</gpxtpx:TrackPointExtension>
	</extensions>
</trkpt>
<trkpt lat="-9.1335981" lon="148.3342992">
	<ele>543.81</ele>
	<time>2026-02-01T02:24:30.690Z</time>
	<hdop>3.79</hdop>
	<extensions>
		<gpxtpx:TrackPointExtension>
			<gpxtpx:course>253.33386</gpxtpx:course>
		</gpxtpx:TrackPointExtension>
	</extensions>
</trkpt>
<trkpt lat="-9.1336264" lon="148.3342103">
	<ele>547.99</ele>
	<time>2026-02-01T02:24:48.690Z</time>
	<hdop>3.79</hdop>
	<extensions>
		<gpxtpx:TrackPointExtension>
			<gpxtpx:course>226.8175</gpxtpx:course>
		</gpxtpx:TrackPointExtension>
	</extensions>
</trkpt>
<trkpt lat="-9.1336726" lon="148.3341254">
	<ele>548.80</ele>
	<time>2026-02-01T02:25:12.690Z</time>
	<hdop>3.79</hdop>
	<extensions>
		<gpxtpx:TrackPointExtension>
			<gpxtpx:course>233.18713</gpxtpx:course>
		</gpxtpx:TrackPointExtension>
	</extensions>
</trkpt>
<trkpt lat="-9.1337190" lon="148.3340397">
	<ele>555.06</ele>
	<time>2026-02-01T02:26:52.691Z</time>
	<hdop>5.84</hdop>
	<extensions>
		<gpxtpx:TrackPointExtension>
			<gpxtpx:course>274.9009</gpxtpx:course>
		</gpxtpx:TrackPointExtension>
	</extensions>
</trkpt>
<trkpt lat="-9.1337271" lon="148.3339425">
	<ele>556.31</ele>
	<time>2026-02-01T02:27:16.690Z</time>
	<hdop>3.79</hdop>
	<extensions>
		<gpxtpx:TrackPointExtension>
			<gpxtpx:course>259.7452</gpxtpx:course>
		</gpxtpx:TrackPointExtension>
	</extensions>
</trkpt>
<trkpt lat="-9.1337514" lon="148.3338539">
	<ele>558.92</ele>
	<time>2026-02-01T02:27:43.690Z</time>
	<hdop>3.79</hdop>
	<extensions>
		<gpxtpx:TrackPointExtension>
			<gpxtpx:course>241.62097</gpxtpx:course>
		</gpxtpx:TrackPointExtension>
	</extensions>
</trkpt>
<trkpt lat="-9.1337197" lon="148.3337665">
	<ele>562.55</ele>
	<time>2026-02-01T02:28:20.690Z</time>
	<hdop>3.79</hdop>
	<extensions>
		<gpxtpx:TrackPointExtension>
			<gpxtpx:course>286.35995</gpxtpx:course>
		</gpxtpx:TrackPointExtension>
	</extensions>
</trkpt>
<trkpt lat="-9.1337245" lon="148.3336749">
	<ele>564.56</ele>
	<time>2026-02-01T02:28:41.690Z</time>
	<hdop>3.79</hdop>
	<extensions>
		<gpxtpx:TrackPointExtension>
			<gpxtpx:course>260.6813</gpxtpx:course>
		</gpxtpx:TrackPointExtension>
	</extensions>
</trkpt>
<trkpt lat="-9.1337540" lon="148.3335880">
	<ele>563.76</ele>
	<time>2026-02-01T02:29:25.690Z</time>
	<hdop>8.93</hdop>
	<extensions>
		<gpxtpx:TrackPointExtension>
			<gpxtpx:course>255.57321</gpxtpx:course>
		</gpxtpx:TrackPointExtension>
	</extensions>
</trkpt>
<trkpt lat="-9.1337770" lon="148.3334953">
	<ele>568.70</ele>
	<time>2026-02-01T02:29:50.690Z</time>
	<hdop>9.94</hdop>
	<extensions>
		<gpxtpx:TrackPointExtension>
			<gpxtpx:course>241.30154</gpxtpx:course>
		</gpxtpx:TrackPointExtension>
	</extensions>
</trkpt>
<trkpt lat="-9.1338006" lon="148.3334067">
	<ele>573.38</ele>
	<time>2026-02-01T02:30:12.690Z</time>
	<hdop>3.79</hdop>
	<extensions>
		<gpxtpx:TrackPointExtension>
			<gpxtpx:course>255.22281</gpxtpx:course>
		</gpxtpx:TrackPointExtension>
	</extensions>
</trkpt>
<trkpt lat="-9.1338397" lon="148.3333242">
	<ele>577.77</ele>
	<time>2026-02-01T02:30:37.690Z</time>
	<hdop>3.79</hdop>
	<extensions>
		<gpxtpx:TrackPointExtension>
			<gpxtpx:course>231.68817</gpxtpx:course>
		</gpxtpx:TrackPointExtension>
	</extensions>
</trkpt>
<trkpt lat="-9.1338290" lon="148.3332284">
	<ele>575.15</ele>
	<time>2026-02-01T02:31:22.690Z</time>
	<hdop>9.94</hdop>
	<extensions>
		<gpxtpx:TrackPointExtension>
			<gpxtpx:course>231.32271</gpxtpx:course>
		</gpxtpx:TrackPointExtension>
	</extensions>
</trkpt>
<trkpt lat="-9.1338275" lon="148.3331348">
	<ele>579.27</ele>
	<time>2026-02-01T02:31:46.690Z</time>
	<hdop>9.94</hdop>
	<extensions>
		<gpxtpx:TrackPointExtension>
			<gpxtpx:course>287.47845</gpxtpx:course>
		</gpxtpx:TrackPointExtension>
	</extensions>
</trkpt>
<trkpt lat="-9.1337752" lon="148.3330605">
	<ele>581.01</ele>
	<time>2026-02-01T02:32:07.690Z</time>
	<hdop>9.94</hdop>
	<extensions>
		<gpxtpx:TrackPointExtension>
			<gpxtpx:course>286.83386</gpxtpx:course>
		</gpxtpx:TrackPointExtension>
	</extensions>
</trkpt>
<trkpt lat="-9.1337498" lon="148.3329730">
	<ele>583.25</ele>
	<time>2026-02-01T02:32:31.690Z</time>
	<hdop>3.79</hdop>
	<extensions>
		<gpxtpx:TrackPointExtension>
			<gpxtpx:course>297.4192</gpxtpx:course>
		</gpxtpx:TrackPointExtension>
	</extensions>
</trkpt>
<trkpt lat="-9.1337061" lon="148.3328928">
	<ele>585.72</ele>
	<time>2026-02-01T02:32:56.691Z</time>
	<hdop>3.79</hdop>
	<extensions>
		<gpxtpx:TrackPointExtension>
			<gpxtpx:course>256.05554</gpxtpx:course>
		</gpxtpx:TrackPointExtension>
	</extensions>
</trkpt>
<trkpt lat="-9.1336670" lon="148.3328065">
	<ele>587.97</ele>
	<time>2026-02-01T02:33:07.690Z</time>
	<hdop>3.79</hdop>
	<extensions>
		<gpxtpx:TrackPointExtension>
			<gpxtpx:course>279.38824</gpxtpx:course>
		</gpxtpx:TrackPointExtension>
	</extensions>
</trkpt>
<trkpt lat="-9.1336551" lon="148.3327158">
	<ele>589.52</ele>
	<time>2026-02-01T02:33:21.690Z</time>
	<hdop>3.79</hdop>
	<extensions>
		<gpxtpx:TrackPointExtension>
			<gpxtpx:course>268.2567</gpxtpx:course>
		</gpxtpx:TrackPointExtension>
	</extensions>
</trkpt>
<trkpt lat="-9.1336970" lon="148.3326328">
	<ele>589.54</ele>
	<time>2026-02-01T02:33:36.690Z</time>
	<hdop>3.79</hdop>
	<extensions>
		<gpxtpx:TrackPointExtension>
			<gpxtpx:course>239.87268</gpxtpx:course>
		</gpxtpx:TrackPointExtension>
	</extensions>
</trkpt>
<trkpt lat="-9.1337325" lon="148.3325423">
	<ele>589.62</ele>
	<time>2026-02-01T02:33:50.690Z</time>
	<hdop>3.79</hdop>
	<extensions>
		<gpxtpx:TrackPointExtension>
			<gpxtpx:course>241.25462</gpxtpx:course>
		</gpxtpx:TrackPointExtension>
	</extensions>
</trkpt>
<trkpt lat="-9.1337773" lon="148.3324613">
	<ele>587.77</ele>
	<time>2026-02-01T02:34:37.690Z</time>
	<hdop>3.80</hdop>
	<extensions>
		<gpxtpx:TrackPointExtension>
			<gpxtpx:course>208.49135</gpxtpx:course>
		</gpxtpx:TrackPointExtension>
	</extensions>
</trkpt>
<trkpt lat="-9.1338127" lon="148.3323734">
	<ele>591.41</ele>
	<time>2026-02-01T02:36:14.690Z</time>
	<hdop>3.79</hdop>
	<extensions>
		<gpxtpx:TrackPointExtension>
			<gpxtpx:course>259.36078</gpxtpx:course>
		</gpxtpx:TrackPointExtension>
	</extensions>
</trkpt>
<trkpt lat="-9.1338431" lon="148.3322854">
	<ele>596.25</ele>
	<time>2026-02-01T02:36:39.691Z</time>
	<hdop>3.79</hdop>
	<extensions>
		<gpxtpx:TrackPointExtension>
			<gpxtpx:course>268.98557</gpxtpx:course>
		</gpxtpx:TrackPointExtension>
	</extensions>
</trkpt>
<trkpt lat="-9.1338419" lon="148.3321924">
	<ele>599.01</ele>
	<time>2026-02-01T02:37:03.690Z</time>
	<hdop>3.79</hdop>
	<extensions>
		<gpxtpx:TrackPointExtension>
			<gpxtpx:course>238.46655</gpxtpx:course>
		</gpxtpx:TrackPointExtension>
	</extensions>
</trkpt>
<trkpt lat="-9.1338694" lon="148.3321054">
	<ele>598.25</ele>
	<time>2026-02-01T02:37:18.690Z</time>
	<hdop>3.79</hdop>
	<extensions>
		<gpxtpx:TrackPointExtension>
			<gpxtpx:course>289.28375</gpxtpx:course>
		</gpxtpx:TrackPointExtension>
	</extensions>
</trkpt>
<trkpt lat="-9.1338987" lon="148.3320163">
	<ele>601.11</ele>
	<time>2026-02-01T02:37:29.690Z</time>
	<hdop>3.79</hdop>
	<extensions>
		<gpxtpx:TrackPointExtension>
			<gpxtpx:course>261.6287</gpxtpx:course>
		</gpxtpx:TrackPointExtension>
	</extensions>
</trkpt>
<trkpt lat="-9.1339094" lon="148.3319243">
	<ele>603.53</ele>
	<time>2026-02-01T02:37:50.690Z</time>
	<hdop>3.79</hdop>
	<extensions>
		<gpxtpx:TrackPointExtension>
			<gpxtpx:course>265.01056</gpxtpx:course>
		</gpxtpx:TrackPointExtension>
	</extensions>
</trkpt>
<trkpt lat="-9.1339414" lon="148.3318267">
	<ele>606.56</ele>
	<time>2026-02-01T02:38:00.690Z</time>
	<hdop>3.79</hdop>
	<extensions>
		<gpxtpx:TrackPointExtension>
			<gpxtpx:course>249.7067</gpxtpx:course>
		</gpxtpx:TrackPointExtension>
	</extensions>
</trkpt>
<trkpt lat="-9.1339676" lon="148.3317396">
	<ele>608.72</ele>
	<time>2026-02-01T02:38:10.690Z</time>
	<hdop>3.79</hdop>
	<extensions>
		<gpxtpx:TrackPointExtension>
			<gpxtpx:course>248.0991</gpxtpx:course>
		</gpxtpx:TrackPointExtension>
	</extensions>
</trkpt>
<trkpt lat="-9.1339290" lon="148.3316552">
	<ele>609.30</ele>
	<time>2026-02-01T02:38:31.691Z</time>
	<hdop>3.79</hdop>
	<extensions>
		<gpxtpx:TrackPointExtension>
			<gpxtpx:course>302.05536</gpxtpx:course>
		</gpxtpx:TrackPointExtension>
	</extensions>
</trkpt>
<trkpt lat="-9.1338816" lon="148.3315749">
	<ele>610.78</ele>
	<time>2026-02-01T02:38:42.690Z</time>
	<hdop>3.79</hdop>
	<extensions>
		<gpxtpx:TrackPointExtension>
			<gpxtpx:course>283.53256</gpxtpx:course>
		</gpxtpx:TrackPointExtension>
	</extensions>
</trkpt>
<trkpt lat="-9.1338176" lon="148.3315100">
	<ele>610.26</ele>
	<time>2026-02-01T02:39:05.690Z</time>
	<hdop>3.79</hdop>
	<extensions>
		<gpxtpx:TrackPointExtension>
			<gpxtpx:course>289.21353</gpxtpx:course>
		</gpxtpx:TrackPointExtension>
	</extensions>
</trkpt>
<trkpt lat="-9.1337778" lon="148.3314278">
	<ele>610.04</ele>
	<time>2026-02-01T02:39:30.690Z</time>
	<hdop>3.79</hdop>
	<extensions>
		<gpxtpx:TrackPointExtension>
			<gpxtpx:course>254.72154</gpxtpx:course>
		</gpxtpx:TrackPointExtension>
	</extensions>
</trkpt>
<trkpt lat="-9.1337148" lon="148.3313594">
	<ele>613.73</ele>
	<time>2026-02-01T02:40:20.690Z</time>
	<hdop>9.97</hdop>
	<extensions>
		<gpxtpx:TrackPointExtension>
			<gpxtpx:course>292.45032</gpxtpx:course>
		</gpxtpx:TrackPointExtension>
	</extensions>
</trkpt>
<trkpt lat="-9.1336373" lon="148.3313110">
	<ele>613.92</ele>
	<time>2026-02-01T02:40:45.690Z</time>
	<hdop>9.94</hdop>
	<extensions>
		<gpxtpx:TrackPointExtension>
			<gpxtpx:course>338.22473</gpxtpx:course>
		</gpxtpx:TrackPointExtension>
	</extensions>
</trkpt>
<trkpt lat="-9.1335843" lon="148.3312309">
	<ele>611.60</ele>
	<time>2026-02-01T02:41:01.690Z</time>
	<hdop>9.94</hdop>
	<extensions>
		<gpxtpx:TrackPointExtension>
			<gpxtpx:course>290.35355</gpxtpx:course>
		</gpxtpx:TrackPointExtension>
	</extensions>
</trkpt>
<trkpt lat="-9.1335387" lon="148.3311458">
	<ele>613.42</ele>
	<time>2026-02-01T02:41:23.690Z</time>
	<hdop>9.94</hdop>
	<extensions>
		<gpxtpx:TrackPointExtension>
			<gpxtpx:course>288.58032</gpxtpx:course>
		</gpxtpx:TrackPointExtension>
	</extensions>
</trkpt>
<trkpt lat="-9.1334882" lon="148.3310600">
	<ele>613.96</ele>
	<time>2026-02-01T02:41:38.690Z</time>
	<hdop>9.94</hdop>
	<extensions>
		<gpxtpx:TrackPointExtension>
			<gpxtpx:course>297.78696</gpxtpx:course>
		</gpxtpx:TrackPointExtension>
	</extensions>
</trkpt>
<trkpt lat="-9.1334428" lon="148.3309744">
	<ele>616.67</ele>
	<time>2026-02-01T02:41:50.690Z</time>
	<hdop>9.94</hdop>
	<extensions>
		<gpxtpx:TrackPointExtension>
			<gpxtpx:course>291.52414</gpxtpx:course>
		</gpxtpx:TrackPointExtension>
	</extensions>
</trkpt>
<trkpt lat="-9.1333948" lon="148.3308946">
	<ele>616.34</ele>
	<time>2026-02-01T02:42:14.690Z</time>
	<hdop>9.94</hdop>
	<extensions>
		<gpxtpx:TrackPointExtension>
			<gpxtpx:course>294.63376</gpxtpx:course>
		</gpxtpx:TrackPointExtension>
	</extensions>
</trkpt>
<trkpt lat="-9.1333305" lon="148.3308294">
	<ele>617.24</ele>
	<time>2026-02-01T02:42:32.691Z</time>
	<hdop>9.94</hdop>
	<extensions>
		<gpxtpx:TrackPointExtension>
			<gpxtpx:course>296.12082</gpxtpx:course>
		</gpxtpx:TrackPointExtension>
	</extensions>
</trkpt>
<trkpt lat="-9.1332821" lon="148.3307310">
	<ele>617.74</ele>
	<time>2026-02-01T02:42:43.691Z</time>
	<hdop>9.94</hdop>
	<extensions>
		<gpxtpx:TrackPointExtension>
			<gpxtpx:course>273.7248</gpxtpx:course>
		</gpxtpx:TrackPointExtension>
	</extensions>
</trkpt>
<trkpt lat="-9.1332734" lon="148.3306361">
	<ele>614.93</ele>
	<time>2026-02-01T02:43:09.690Z</time>
	<hdop>9.94</hdop>
	<extensions>
		<gpxtpx:TrackPointExtension>
			<gpxtpx:course>264.76163</gpxtpx:course>
		</gpxtpx:TrackPointExtension>
	</extensions>
</trkpt>
<trkpt lat="-9.1333088" lon="148.3305420">
	<ele>611.66</ele>
	<time>2026-02-01T02:43:19.690Z</time>
	<hdop>9.94</hdop>
	<extensions>
		<gpxtpx:TrackPointExtension>
			<gpxtpx:course>251.1437</gpxtpx:course>
		</gpxtpx:TrackPointExtension>
	</extensions>
</trkpt>
<trkpt lat="-9.1333031" lon="148.3304473">
	<ele>611.08</ele>
	<time>2026-02-01T02:43:38.690Z</time>
	<hdop>9.94</hdop>
	<extensions>
		<gpxtpx:TrackPointExtension>
			<gpxtpx:course>261.96964</gpxtpx:course>
		</gpxtpx:TrackPointExtension>
	</extensions>
</trkpt>
<trkpt lat="-9.1333055" lon="148.3303444">
	<ele>612.32</ele>
	<time>2026-02-01T02:43:55.690Z</time>
	<hdop>9.94</hdop>
	<extensions>
		<gpxtpx:TrackPointExtension>
			<gpxtpx:course>252.28023</gpxtpx:course>
		</gpxtpx:TrackPointExtension>
	</extensions>
</trkpt>
<trkpt lat="-9.1333191" lon="148.3302501">
	<ele>610.76</ele>
	<time>2026-02-01T02:44:27.691Z</time>
	<hdop>9.94</hdop>
	<extensions>
		<gpxtpx:TrackPointExtension>
			<gpxtpx:course>138.75603</gpxtpx:course>
		</gpxtpx:TrackPointExtension>
	</extensions>
</trkpt>
<trkpt lat="-9.1333475" lon="148.3301504">
	<ele>614.00</ele>
	<time>2026-02-01T02:44:46.690Z</time>
	<hdop>9.94</hdop>
	<extensions>
		<gpxtpx:TrackPointExtension>
			<gpxtpx:course>220.56766</gpxtpx:course>
		</gpxtpx:TrackPointExtension>
	</extensions>
</trkpt>
<trkpt lat="-9.1333675" lon="148.3300599">
	<ele>615.76</ele>
	<time>2026-02-01T02:44:56.690Z</time>
	<hdop>9.94</hdop>
	<extensions>
		<gpxtpx:TrackPointExtension>
			<gpxtpx:course>225.3801</gpxtpx:course>
		</gpxtpx:TrackPointExtension>
	</extensions>
</trkpt>
<trkpt lat="-9.1333564" lon="148.3299455">
	<ele>619.13</ele>
	<time>2026-02-01T02:45:06.690Z</time>
	<hdop>9.94</hdop>
	<extensions>
		<gpxtpx:TrackPointExtension>
			<gpxtpx:course>273.02832</gpxtpx:course>
		</gpxtpx:TrackPointExtension>
	</extensions>
</trkpt>
<trkpt lat="-9.1333921" lon="148.3298484">
	<ele>621.70</ele>
	<time>2026-02-01T02:45:16.690Z</time>
	<hdop>9.94</hdop>
	<extensions>
		<gpxtpx:TrackPointExtension>
			<gpxtpx:course>207.66525</gpxtpx:course>
		</gpxtpx:TrackPointExtension>
	</extensions>
</trkpt>
<trkpt lat="-9.1334009" lon="148.3297559">
	<ele>623.92</ele>
	<time>2026-02-01T02:45:31.690Z</time>
	<hdop>9.94</hdop>
	<extensions>
		<gpxtpx:TrackPointExtension>
			<gpxtpx:course>299.57526</gpxtpx:course>
		</gpxtpx:TrackPointExtension>
	</extensions>
</trkpt>
<trkpt lat="-9.1334106" lon="148.3296510">
	<ele>623.23</ele>
	<time>2026-02-01T02:45:48.690Z</time>
	<hdop>9.94</hdop>
	<extensions>
		<gpxtpx:TrackPointExtension>
			<gpxtpx:course>276.65033</gpxtpx:course>
		</gpxtpx:TrackPointExtension>
	</extensions>
</trkpt>
<trkpt lat="-9.1334156" lon="148.3295546">
	<ele>620.05</ele>
	<time>2026-02-01T02:46:00.690Z</time>
	<hdop>9.94</hdop>
	<extensions>
		<gpxtpx:TrackPointExtension>
			<gpxtpx:course>248.05226</gpxtpx:course>
		</gpxtpx:TrackPointExtension>
	</extensions>
</trkpt>
<trkpt lat="-9.1334882" lon="148.3294996">
	<ele>622.06</ele>
	<time>2026-02-01T02:46:11.690Z</time>
	<hdop>9.94</hdop>
	<extensions>
		<gpxtpx:TrackPointExtension>
			<gpxtpx:course>247.91414</gpxtpx:course>
		</gpxtpx:TrackPointExtension>
	</extensions>
</trkpt>
<trkpt lat="-9.1335411" lon="148.3294227">
	<ele>622.71</ele>
	<time>2026-02-01T02:46:43.690Z</time>
	<hdop>9.94</hdop>
	<extensions>
		<gpxtpx:TrackPointExtension>
			<gpxtpx:course>229.46303</gpxtpx:course>
		</gpxtpx:TrackPointExtension>
	</extensions>
</trkpt>
<trkpt lat="-9.1335381" lon="148.3293187">
	<ele>627.96</ele>
	<time>2026-02-01T02:50:51.690Z</time>
	<hdop>9.94</hdop>
	<extensions>
		<gpxtpx:TrackPointExtension>
			<gpxtpx:course>261.91867</gpxtpx:course>
		</gpxtpx:TrackPointExtension>
	</extensions>
</trkpt>
<trkpt lat="-9.1335275" lon="148.3292194">
	<ele>626.16</ele>
	<time>2026-02-01T02:51:01.690Z</time>
	<hdop>9.94</hdop>
	<extensions>
		<gpxtpx:TrackPointExtension>
			<gpxtpx:course>276.6178</gpxtpx:course>
		</gpxtpx:TrackPointExtension>
	</extensions>
</trkpt>
<trkpt lat="-9.1334708" lon="148.3291311">
	<ele>627.67</ele>
	<time>2026-02-01T02:51:11.691Z</time>
	<hdop>9.94</hdop>
	<extensions>
		<gpxtpx:TrackPointExtension>
			<gpxtpx:course>280.93634</gpxtpx:course>
		</gpxtpx:TrackPointExtension>
	</extensions>
</trkpt>
<trkpt lat="-9.1334275" lon="148.3290470">
	<ele>627.72</ele>
	<time>2026-02-01T02:51:22.691Z</time>
	<hdop>9.94</hdop>
	<extensions>
		<gpxtpx:TrackPointExtension>
			<gpxtpx:course>247.00995</gpxtpx:course>
		</gpxtpx:TrackPointExtension>
	</extensions>
</trkpt>
<trkpt lat="-9.1333672" lon="148.3289417">
	<ele>628.47</ele>
	<time>2026-02-01T02:51:33.691Z</time>
	<hdop>9.94</hdop>
	<extensions>
		<gpxtpx:TrackPointExtension>
			<gpxtpx:course>302.0972</gpxtpx:course>
		</gpxtpx:TrackPointExtension>
	</extensions>
</trkpt>
<trkpt lat="-9.1333151" lon="148.3288397">
	<ele>629.06</ele>
	<time>2026-02-01T02:51:44.690Z</time>
	<hdop>9.94</hdop>
	<extensions>
		<gpxtpx:TrackPointExtension>
			<gpxtpx:course>300.72446</gpxtpx:course>
		</gpxtpx:TrackPointExtension>
	</extensions>
</trkpt>
<trkpt lat="-9.1332933" lon="148.3287406">
	<ele>628.27</ele>
	<time>2026-02-01T02:51:55.690Z</time>
	<hdop>9.94</hdop>
	<extensions>
		<gpxtpx:TrackPointExtension>
			<gpxtpx:course>260.94516</gpxtpx:course>
		</gpxtpx:TrackPointExtension>
	</extensions>
</trkpt>
<trkpt lat="-9.1332977" lon="148.3286479">
	<ele>620.11</ele>
	<time>2026-02-01T02:52:50.690Z</time>
	<hdop>3.79</hdop>
	<extensions>
		<gpxtpx:TrackPointExtension>
			<gpxtpx:course>308.4746</gpxtpx:course>
		</gpxtpx:TrackPointExtension>
	</extensions>
</trkpt>
<trkpt lat="-9.1333302" lon="148.3285598">
	<ele>621.33</ele>
	<time>2026-02-01T02:53:04.690Z</time>
	<hdop>7.98</hdop>
	<extensions>
		<gpxtpx:TrackPointExtension>
			<gpxtpx:course>145.37546</gpxtpx:course>
		</gpxtpx:TrackPointExtension>
	</extensions>
</trkpt>
<trkpt lat="-9.1333344" lon="148.3284635">
	<ele>616.91</ele>
	<time>2026-02-01T02:58:14.690Z</time>
	<hdop>10.18</hdop>
	<extensions>
		<gpxtpx:TrackPointExtension>
			<gpxtpx:course>297.243</gpxtpx:course>
		</gpxtpx:TrackPointExtension>
	</extensions>
</trkpt>
<trkpt lat="-9.1333267" lon="148.3283615">
	<ele>617.26</ele>
	<time>2026-02-01T02:58:52.690Z</time>
	<hdop>10.01</hdop>
	<extensions>
		<gpxtpx:TrackPointExtension>
			<gpxtpx:course>288.75458</gpxtpx:course>
		</gpxtpx:TrackPointExtension>
	</extensions>
</trkpt>
<trkpt lat="-9.1333005" lon="148.3282700">
	<ele>608.42</ele>
	<time>2026-02-01T02:59:05.690Z</time>
	<hdop>9.94</hdop>
	<extensions>
		<gpxtpx:TrackPointExtension>
			<gpxtpx:course>268.16885</gpxtpx:course>
		</gpxtpx:TrackPointExtension>
	</extensions>
</trkpt>
<trkpt lat="-9.1332523" lon="148.3281867">
	<ele>609.87</ele>
	<time>2026-02-01T03:00:45.691Z</time>
	<hdop>9.94</hdop>
	<extensions>
		<gpxtpx:TrackPointExtension>
			<gpxtpx:course>298.02713</gpxtpx:course>
		</gpxtpx:TrackPointExtension>
	</extensions>
</trkpt>
<trkpt lat="-9.1332166" lon="148.3280997">
	<ele>607.49</ele>
	<time>2026-02-01T03:05:34.690Z</time>
	<hdop>9.94</hdop>
	<extensions>
		<gpxtpx:TrackPointExtension>
			<gpxtpx:course>258.55084</gpxtpx:course>
		</gpxtpx:TrackPointExtension>
	</extensions>
</trkpt>
<trkpt lat="-9.1331574" lon="148.3280284">
	<ele>609.31</ele>
	<time>2026-02-01T03:05:59.690Z</time>
	<hdop>9.96</hdop>
	<extensions>
		<gpxtpx:TrackPointExtension>
			<gpxtpx:course>314.01483</gpxtpx:course>
		</gpxtpx:TrackPointExtension>
	</extensions>
</trkpt>
<trkpt lat="-9.1330799" lon="148.3279736">
	<ele>608.08</ele>
	<time>2026-02-01T03:06:16.690Z</time>
	<hdop>9.94</hdop>
	<extensions>
		<gpxtpx:TrackPointExtension>
			<gpxtpx:course>318.8984</gpxtpx:course>
		</gpxtpx:TrackPointExtension>
	</extensions>
</trkpt>
<trkpt lat="-9.1330230" lon="148.3279005">
	<ele>610.25</ele>
	<time>2026-02-01T03:06:38.690Z</time>
	<hdop>9.94</hdop>
	<extensions>
		<gpxtpx:TrackPointExtension>
			<gpxtpx:course>281.2615</gpxtpx:course>
		</gpxtpx:TrackPointExtension>
	</extensions>
</trkpt>
<trkpt lat="-9.1329691" lon="148.3278252">
	<ele>607.03</ele>
	<time>2026-02-01T03:06:54.690Z</time>
	<hdop>9.94</hdop>
	<extensions>
		<gpxtpx:TrackPointExtension>
			<gpxtpx:course>330.52643</gpxtpx:course>
		</gpxtpx:TrackPointExtension>
	</extensions>
</trkpt>
<trkpt lat="-9.1329122" lon="148.3277408">
	<ele>601.34</ele>
	<time>2026-02-01T03:07:10.690Z</time>
	<hdop>9.94</hdop>
	<extensions>
		<gpxtpx:TrackPointExtension>
			<gpxtpx:course>292.90063</gpxtpx:course>
		</gpxtpx:TrackPointExtension>
	</extensions>
</trkpt>
<trkpt lat="-9.1328963" lon="148.3276483">
	<ele>604.75</ele>
	<time>2026-02-01T03:07:25.691Z</time>
	<hdop>9.94</hdop>
	<extensions>
		<gpxtpx:TrackPointExtension>
			<gpxtpx:course>270.97208</gpxtpx:course>
		</gpxtpx:TrackPointExtension>
	</extensions>
</trkpt>
<trkpt lat="-9.1329709" lon="148.3275907">
	<ele>604.68</ele>
	<time>2026-02-01T03:08:42.690Z</time>
	<hdop>9.94</hdop>
	<extensions>
		<gpxtpx:TrackPointExtension>
			<gpxtpx:course>230.81409</gpxtpx:course>
		</gpxtpx:TrackPointExtension>
	</extensions>
</trkpt>
<trkpt lat="-9.1329773" lon="148.3274958">
	<ele>605.22</ele>
	<time>2026-02-01T03:08:52.691Z</time>
	<hdop>10.49</hdop>
	<extensions>
		<gpxtpx:TrackPointExtension>
			<gpxtpx:course>279.4176</gpxtpx:course>
		</gpxtpx:TrackPointExtension>
	</extensions>
</trkpt>
<trkpt lat="-9.1329752" lon="148.3273934">
	<ele>602.69</ele>
	<time>2026-02-01T03:09:03.691Z</time>
	<hdop>10.13</hdop>
	<extensions>
		<gpxtpx:TrackPointExtension>
			<gpxtpx:course>256.26877</gpxtpx:course>
		</gpxtpx:TrackPointExtension>
	</extensions>
</trkpt>
<trkpt lat="-9.1330117" lon="148.3273045">
	<ele>604.61</ele>
	<time>2026-02-01T03:09:18.690Z</time>
	<hdop>9.94</hdop>
	<extensions>
		<gpxtpx:TrackPointExtension>
			<gpxtpx:course>284.114</gpxtpx:course>
		</gpxtpx:TrackPointExtension>
	</extensions>
</trkpt>
<trkpt lat="-9.1330134" lon="148.3271893">
	<ele>603.97</ele>
	<time>2026-02-01T03:09:28.690Z</time>
	<hdop>9.94</hdop>
	<extensions>
		<gpxtpx:TrackPointExtension>
			<gpxtpx:course>271.9907</gpxtpx:course>
		</gpxtpx:TrackPointExtension>
	</extensions>
</trkpt>
<trkpt lat="-9.1330092" lon="148.3270743">
	<ele>602.87</ele>
	<time>2026-02-01T03:09:38.690Z</time>
	<hdop>9.94</hdop>
	<extensions>
		<gpxtpx:TrackPointExtension>
			<gpxtpx:course>246.67686</gpxtpx:course>
		</gpxtpx:TrackPointExtension>
	</extensions>
</trkpt>
<trkpt lat="-9.1330315" lon="148.3269807">
	<ele>596.57</ele>
	<time>2026-02-01T03:09:57.690Z</time>
	<hdop>3.79</hdop>
	<extensions>
		<gpxtpx:TrackPointExtension>
			<gpxtpx:course>261.03378</gpxtpx:course>
		</gpxtpx:TrackPointExtension>
	</extensions>
</trkpt>
<trkpt lat="-9.1330513" lon="148.3268919">
	<ele>590.01</ele>
	<time>2026-02-01T03:11:02.690Z</time>
	<hdop>3.79</hdop>
	<extensions>
		<gpxtpx:TrackPointExtension>
			<gpxtpx:course>332.8364</gpxtpx:course>
		</gpxtpx:TrackPointExtension>
	</extensions>
</trkpt>
<trkpt lat="-9.1330420" lon="148.3267975">
	<ele>589.77</ele>
	<time>2026-02-01T03:12:41.690Z</time>
	<hdop>9.94</hdop>
</trkpt>
<trkpt lat="-9.1330144" lon="148.3267107">
	<ele>591.71</ele>
	<time>2026-02-01T03:17:02.690Z</time>
	<hdop>3.79</hdop>
	<extensions>
		<gpxtpx:TrackPointExtension>
			<gpxtpx:course>231.0</gpxtpx:course>
		</gpxtpx:TrackPointExtension>
	</extensions>
</trkpt>
<trkpt lat="-9.1330405" lon="148.3266156">
	<ele>593.75</ele>
	<time>2026-02-01T03:17:15.690Z</time>
	<hdop>3.79</hdop>
	<extensions>
		<gpxtpx:TrackPointExtension>
			<gpxtpx:course>246.0</gpxtpx:course>
		</gpxtpx:TrackPointExtension>
	</extensions>
</trkpt>
<trkpt lat="-9.1330289" lon="148.3265225">
	<ele>595.57</ele>
	<time>2026-02-01T03:17:26.690Z</time>
	<hdop>3.79</hdop>
	<extensions>
		<gpxtpx:TrackPointExtension>
			<gpxtpx:course>273.07587</gpxtpx:course>
		</gpxtpx:TrackPointExtension>
	</extensions>
</trkpt>
<trkpt lat="-9.1330408" lon="148.3266188">
	<ele>590.11</ele>
	<time>2026-02-01T03:36:53.690Z</time>
	<hdop>3.79</hdop>
	<extensions>
		<gpxtpx:TrackPointExtension>
			<gpxtpx:course>95.00775</gpxtpx:course>
		</gpxtpx:TrackPointExtension>
	</extensions>
</trkpt>
<trkpt lat="-9.1330526" lon="148.3267116">
	<ele>591.49</ele>
	<time>2026-02-01T03:37:03.690Z</time>
	<hdop>3.79</hdop>
	<extensions>
		<gpxtpx:TrackPointExtension>
			<gpxtpx:course>103.977516</gpxtpx:course>
		</gpxtpx:TrackPointExtension>
	</extensions>
</trkpt>
<trkpt lat="-9.1330255" lon="148.3266217">
	<ele>590.19</ele>
	<time>2026-02-01T03:49:21.691Z</time>
	<hdop>3.79</hdop>
	<extensions>
		<gpxtpx:TrackPointExtension>
			<gpxtpx:course>270.91592</gpxtpx:course>
		</gpxtpx:TrackPointExtension>
	</extensions>
</trkpt>
<trkpt lat="-9.1330105" lon="148.3265280">
	<ele>590.16</ele>
	<time>2026-02-01T03:49:34.691Z</time>
	<hdop>3.79</hdop>
	<extensions>
		<gpxtpx:TrackPointExtension>
			<gpxtpx:course>290.1547</gpxtpx:course>
		</gpxtpx:TrackPointExtension>
	</extensions>
</trkpt>
<trkpt lat="-9.1330554" lon="148.3264443">
	<ele>589.43</ele>
	<time>2026-02-01T03:49:48.691Z</time>
	<hdop>3.79</hdop>
	<extensions>
		<gpxtpx:TrackPointExtension>
			<gpxtpx:course>193.32039</gpxtpx:course>
		</gpxtpx:TrackPointExtension>
	</extensions>
</trkpt>
<trkpt lat="-9.1331093" lon="148.3263660">
	<ele>589.28</ele>
	<time>2026-02-01T03:50:02.690Z</time>
	<hdop>3.79</hdop>
	<extensions>
		<gpxtpx:TrackPointExtension>
			<gpxtpx:course>245.81696</gpxtpx:course>
		</gpxtpx:TrackPointExtension>
	</extensions>
</trkpt>
<trkpt lat="-9.1331398" lon="148.3262764">
	<ele>592.21</ele>
	<time>2026-02-01T03:50:33.690Z</time>
	<hdop>3.79</hdop>
	<extensions>
		<gpxtpx:TrackPointExtension>
			<gpxtpx:course>234.81966</gpxtpx:course>
		</gpxtpx:TrackPointExtension>
	</extensions>
</trkpt>
<trkpt lat="-9.1331558" lon="148.3261807">
	<ele>594.78</ele>
	<time>2026-02-01T03:50:45.691Z</time>
	<hdop>3.79</hdop>
	<extensions>
		<gpxtpx:TrackPointExtension>
			<gpxtpx:course>283.99664</gpxtpx:course>
		</gpxtpx:TrackPointExtension>
	</extensions>
</trkpt>
<trkpt lat="-9.1331458" lon="148.3260856">
	<ele>591.96</ele>
	<time>2026-02-01T03:51:02.691Z</time>
	<hdop>3.83</hdop>
	<extensions>
		<gpxtpx:TrackPointExtension>
			<gpxtpx:course>300.76376</gpxtpx:course>
		</gpxtpx:TrackPointExtension>
	</extensions>
</trkpt>
<trkpt lat="-9.1330884" lon="148.3260110">
	<ele>591.86</ele>
	<time>2026-02-01T03:51:13.690Z</time>
	<hdop>3.83</hdop>
	<extensions>
		<gpxtpx:TrackPointExtension>
			<gpxtpx:course>301.1669</gpxtpx:course>
		</gpxtpx:TrackPointExtension>
	</extensions>
</trkpt>
<trkpt lat="-9.1330597" lon="148.3259136">
	<ele>595.81</ele>
	<time>2026-02-01T03:51:26.691Z</time>
	<hdop>3.79</hdop>
	<extensions>
		<gpxtpx:TrackPointExtension>
			<gpxtpx:course>277.0006</gpxtpx:course>
		</gpxtpx:TrackPointExtension>
	</extensions>
</trkpt>
<trkpt lat="-9.1330322" lon="148.3258213">
	<ele>600.22</ele>
	<time>2026-02-01T03:51:37.690Z</time>
	<hdop>3.79</hdop>
	<extensions>
		<gpxtpx:TrackPointExtension>
			<gpxtpx:course>282.42804</gpxtpx:course>
		</gpxtpx:TrackPointExtension>
	</extensions>
</trkpt>
<trkpt lat="-9.1330052" lon="148.3257306">
	<ele>605.15</ele>
	<time>2026-02-01T03:51:49.690Z</time>
	<hdop>3.79</hdop>
	<extensions>
		<gpxtpx:TrackPointExtension>
			<gpxtpx:course>281.0954</gpxtpx:course>
		</gpxtpx:TrackPointExtension>
	</extensions>
</trkpt>
<trkpt lat="-9.1329840" lon="148.3256383">
	<ele>604.79</ele>
	<time>2026-02-01T03:52:01.690Z</time>
	<hdop>3.79</hdop>
	<extensions>
		<gpxtpx:TrackPointExtension>
			<gpxtpx:course>282.2947</gpxtpx:course>
		</gpxtpx:TrackPointExtension>
	</extensions>
</trkpt>
<trkpt lat="-9.1329442" lon="148.3255553">
	<ele>611.20</ele>
	<time>2026-02-01T03:52:18.690Z</time>
	<hdop>3.79</hdop>
	<extensions>
		<gpxtpx:TrackPointExtension>
			<gpxtpx:course>290.7243</gpxtpx:course>
		</gpxtpx:TrackPointExtension>
	</extensions>
</trkpt>
<trkpt lat="-9.1329038" lon="148.3254667">
	<ele>610.33</ele>
	<time>2026-02-01T03:52:38.691Z</time>
	<hdop>4.81</hdop>
	<extensions>
		<gpxtpx:TrackPointExtension>
			<gpxtpx:course>322.7824</gpxtpx:course>
		</gpxtpx:TrackPointExtension>
	</extensions>
</trkpt>
<trkpt lat="-9.1328723" lon="148.3253717">
	<ele>609.45</ele>
	<time>2026-02-01T03:52:51.690Z</time>
	<hdop>3.79</hdop>
	<extensions>
		<gpxtpx:TrackPointExtension>
			<gpxtpx:course>322.8973</gpxtpx:course>
		</gpxtpx:TrackPointExtension>
	</extensions>
</trkpt>
<trkpt lat="-9.1328262" lon="148.3252801">
	<ele>608.65</ele>
	<time>2026-02-01T03:53:02.690Z</time>
	<hdop>3.79</hdop>
	<extensions>
		<gpxtpx:TrackPointExtension>
			<gpxtpx:course>283.79575</gpxtpx:course>
		</gpxtpx:TrackPointExtension>
	</extensions>
</trkpt>
<trkpt lat="-9.1327514" lon="148.3252132">
	<ele>609.67</ele>
	<time>2026-02-01T03:53:25.690Z</time>
	<hdop>3.93</hdop>
	<extensions>
		<gpxtpx:TrackPointExtension>
			<gpxtpx:course>288.10626</gpxtpx:course>
		</gpxtpx:TrackPointExtension>
	</extensions>
</trkpt>
<trkpt lat="-9.1326980" lon="148.3251204">
	<ele>608.45</ele>
	<time>2026-02-01T03:53:35.690Z</time>
	<hdop>4.46</hdop>
	<extensions>
		<gpxtpx:TrackPointExtension>
			<gpxtpx:course>287.3852</gpxtpx:course>
		</gpxtpx:TrackPointExtension>
	</extensions>
</trkpt>
<trkpt lat="-9.1326130" lon="148.3250855">
	<ele>618.55</ele>
	<time>2026-02-01T03:53:59.690Z</time>
	<hdop>3.79</hdop>
	<extensions>
		<gpxtpx:TrackPointExtension>
			<gpxtpx:course>326.3272</gpxtpx:course>
		</gpxtpx:TrackPointExtension>
	</extensions>
</trkpt>
<trkpt lat="-9.1325398" lon="148.3250249">
	<ele>617.67</ele>
	<time>2026-02-01T03:54:09.691Z</time>
	<hdop>3.79</hdop>
	<extensions>
		<gpxtpx:TrackPointExtension>
			<gpxtpx:course>338.06125</gpxtpx:course>
		</gpxtpx:TrackPointExtension>
	</extensions>
</trkpt>
<trkpt lat="-9.1324535" lon="148.3249830">
	<ele>620.10</ele>
	<time>2026-02-01T03:54:23.691Z</time>
	<hdop>3.79</hdop>
	<extensions>
		<gpxtpx:TrackPointExtension>
			<gpxtpx:course>311.21362</gpxtpx:course>
		</gpxtpx:TrackPointExtension>
	</extensions>
</trkpt>
<trkpt lat="-9.1323679" lon="148.3249385">
	<ele>621.07</ele>
	<time>2026-02-01T03:54:38.691Z</time>
	<hdop>3.79</hdop>
	<extensions>
		<gpxtpx:TrackPointExtension>
			<gpxtpx:course>25.801895</gpxtpx:course>
		</gpxtpx:TrackPointExtension>
	</extensions>
</trkpt>
<trkpt lat="-9.1322864" lon="148.3248766">
	<ele>621.04</ele>
	<time>2026-02-01T03:54:49.690Z</time>
	<hdop>3.79</hdop>
	<extensions>
		<gpxtpx:TrackPointExtension>
			<gpxtpx:course>322.04236</gpxtpx:course>
		</gpxtpx:TrackPointExtension>
	</extensions>
</trkpt>
<trkpt lat="-9.1322170" lon="148.3247981">
	<ele>617.56</ele>
	<time>2026-02-01T03:54:59.690Z</time>
	<hdop>3.82</hdop>
	<extensions>
		<gpxtpx:TrackPointExtension>
			<gpxtpx:course>295.04117</gpxtpx:course>
		</gpxtpx:TrackPointExtension>
	</extensions>
</trkpt>
<trkpt lat="-9.1321683" lon="148.3246963">
	<ele>617.72</ele>
	<time>2026-02-01T03:55:09.690Z</time>
	<hdop>3.81</hdop>
	<extensions>
		<gpxtpx:TrackPointExtension>
			<gpxtpx:course>271.9656</gpxtpx:course>
		</gpxtpx:TrackPointExtension>
	</extensions>
</trkpt>
<trkpt lat="-9.1321184" lon="148.3246150">
	<ele>616.39</ele>
	<time>2026-02-01T03:55:22.690Z</time>
	<hdop>3.79</hdop>
	<extensions>
		<gpxtpx:TrackPointExtension>
			<gpxtpx:course>272.01306</gpxtpx:course>
		</gpxtpx:TrackPointExtension>
	</extensions>
</trkpt>
<trkpt lat="-9.1320237" lon="148.3245999">
	<ele>618.83</ele>
	<time>2026-02-01T03:55:51.690Z</time>
	<hdop>3.79</hdop>
	<extensions>
		<gpxtpx:TrackPointExtension>
			<gpxtpx:course>324.81677</gpxtpx:course>
		</gpxtpx:TrackPointExtension>
	</extensions>
</trkpt>
<trkpt lat="-9.1319580" lon="148.3245298">
	<ele>617.54</ele>
	<time>2026-02-01T03:56:06.690Z</time>
	<hdop>3.79</hdop>
	<extensions>
		<gpxtpx:TrackPointExtension>
			<gpxtpx:course>311.95465</gpxtpx:course>
		</gpxtpx:TrackPointExtension>
	</extensions>
</trkpt>
<trkpt lat="-9.1318658" lon="148.3245035">
	<ele>622.25</ele>
	<time>2026-02-01T03:56:30.690Z</time>
	<hdop>3.79</hdop>
	<extensions>
		<gpxtpx:TrackPointExtension>
			<gpxtpx:course>312.03336</gpxtpx:course>
		</gpxtpx:TrackPointExtension>
	</extensions>
</trkpt>
<trkpt lat="-9.1317694" lon="148.3244771">
	<ele>623.87</ele>
	<time>2026-02-01T03:56:43.690Z</time>
	<hdop>3.79</hdop>
	<extensions>
		<gpxtpx:TrackPointExtension>
			<gpxtpx:course>312.2233</gpxtpx:course>
		</gpxtpx:TrackPointExtension>
	</extensions>
</trkpt>
<trkpt lat="-9.1316749" lon="148.3244222">
	<ele>623.30</ele>
	<time>2026-02-01T03:56:53.690Z</time>
	<hdop>3.79</hdop>
	<extensions>
		<gpxtpx:TrackPointExtension>
			<gpxtpx:course>335.65173</gpxtpx:course>
		</gpxtpx:TrackPointExtension>
	</extensions>
</trkpt>
<trkpt lat="-9.1316085" lon="148.3243604">
	<ele>624.41</ele>
	<time>2026-02-01T03:57:06.690Z</time>
	<hdop>3.79</hdop>
	<extensions>
		<gpxtpx:TrackPointExtension>
			<gpxtpx:course>335.24936</gpxtpx:course>
		</gpxtpx:TrackPointExtension>
	</extensions>
</trkpt>
<trkpt lat="-9.1315408" lon="148.3242957">
	<ele>631.18</ele>
	<time>2026-02-01T03:57:23.691Z</time>
	<hdop>3.79</hdop>
	<extensions>
		<gpxtpx:TrackPointExtension>
			<gpxtpx:course>289.61557</gpxtpx:course>
		</gpxtpx:TrackPointExtension>
	</extensions>
</trkpt>
<trkpt lat="-9.1314746" lon="148.3242280">
	<ele>631.74</ele>
	<time>2026-02-01T03:57:36.690Z</time>
	<hdop>3.79</hdop>
	<extensions>
		<gpxtpx:TrackPointExtension>
			<gpxtpx:course>297.64313</gpxtpx:course>
		</gpxtpx:TrackPointExtension>
	</extensions>
</trkpt>
<trkpt lat="-9.1313915" lon="148.3241893">
	<ele>629.67</ele>
	<time>2026-02-01T03:57:57.691Z</time>
	<hdop>9.94</hdop>
	<extensions>
		<gpxtpx:TrackPointExtension>
			<gpxtpx:course>343.46982</gpxtpx:course>
		</gpxtpx:TrackPointExtension>
	</extensions>
</trkpt>
<trkpt lat="-9.1313154" lon="148.3241230">
	<ele>625.07</ele>
	<time>2026-02-01T03:58:39.690Z</time>
	<hdop>3.79</hdop>
	<extensions>
		<gpxtpx:TrackPointExtension>
			<gpxtpx:course>281.5009</gpxtpx:course>
		</gpxtpx:TrackPointExtension>
	</extensions>
</trkpt>
<trkpt lat="-9.1312265" lon="148.3240621">
	<ele>621.80</ele>
	<time>2026-02-01T03:58:49.690Z</time>
	<hdop>3.79</hdop>
	<extensions>
		<gpxtpx:TrackPointExtension>
			<gpxtpx:course>304.29135</gpxtpx:course>
		</gpxtpx:TrackPointExtension>
	</extensions>
</trkpt>
<trkpt lat="-9.1311455" lon="148.3240159">
	<ele>627.03</ele>
	<time>2026-02-01T03:59:22.690Z</time>
	<hdop>9.94</hdop>
	<extensions>
		<gpxtpx:TrackPointExtension>
			<gpxtpx:course>349.84518</gpxtpx:course>
		</gpxtpx:TrackPointExtension>
	</extensions>
</trkpt>
<trkpt lat="-9.1310532" lon="148.3239793">
	<ele>625.53</ele>
	<time>2026-02-01T03:59:32.690Z</time>
	<hdop>9.94</hdop>
	<extensions>
		<gpxtpx:TrackPointExtension>
			<gpxtpx:course>348.66205</gpxtpx:course>
		</gpxtpx:TrackPointExtension>
	</extensions>
</trkpt>
<trkpt lat="-9.1310002" lon="148.3239037">
	<ele>625.07</ele>
	<time>2026-02-01T03:59:42.690Z</time>
	<hdop>9.94</hdop>
	<extensions>
		<gpxtpx:TrackPointExtension>
			<gpxtpx:course>280.25922</gpxtpx:course>
		</gpxtpx:TrackPointExtension>
	</extensions>
</trkpt>
<trkpt lat="-9.1309109" lon="148.3239246">
	<ele>629.01</ele>
	<time>2026-02-01T03:59:56.690Z</time>
	<hdop>9.94</hdop>
	<extensions>
		<gpxtpx:TrackPointExtension>
			<gpxtpx:course>305.14825</gpxtpx:course>
		</gpxtpx:TrackPointExtension>
	</extensions>
</trkpt>
<trkpt lat="-9.1308263" lon="148.3238862">
	<ele>634.42</ele>
	<time>2026-02-01T04:00:11.690Z</time>
	<hdop>9.94</hdop>
	<extensions>
		<gpxtpx:TrackPointExtension>
			<gpxtpx:course>358.10364</gpxtpx:course>
		</gpxtpx:TrackPointExtension>
	</extensions>
</trkpt>
<trkpt lat="-9.1307461" lon="148.3238393">
	<ele>636.88</ele>
	<time>2026-02-01T04:00:26.690Z</time>
	<hdop>9.94</hdop>
	<extensions>
		<gpxtpx:TrackPointExtension>
			<gpxtpx:course>321.26636</gpxtpx:course>
		</gpxtpx:TrackPointExtension>
	</extensions>
</trkpt>
<trkpt lat="-9.1306585" lon="148.3238131">
	<ele>634.70</ele>
	<time>2026-02-01T04:00:38.690Z</time>
	<hdop>9.94</hdop>
	<extensions>
		<gpxtpx:TrackPointExtension>
			<gpxtpx:course>325.84616</gpxtpx:course>
		</gpxtpx:TrackPointExtension>
	</extensions>
</trkpt>
<trkpt lat="-9.1305597" lon="148.3237796">
	<ele>630.82</ele>
	<time>2026-02-01T04:00:48.690Z</time>
	<hdop>9.94</hdop>
	<extensions>
		<gpxtpx:TrackPointExtension>
			<gpxtpx:course>325.02747</gpxtpx:course>
		</gpxtpx:TrackPointExtension>
	</extensions>
</trkpt>
<trkpt lat="-9.1305070" lon="148.3236973">
	<ele>628.83</ele>
	<time>2026-02-01T04:00:58.690Z</time>
	<hdop>3.79</hdop>
	<extensions>
		<gpxtpx:TrackPointExtension>
			<gpxtpx:course>249.50977</gpxtpx:course>
		</gpxtpx:TrackPointExtension>
	</extensions>
</trkpt>
<trkpt lat="-9.1304170" lon="148.3236875">
	<ele>627.96</ele>
	<time>2026-02-01T04:01:11.690Z</time>
	<hdop>3.79</hdop>
	<extensions>
		<gpxtpx:TrackPointExtension>
			<gpxtpx:course>314.36478</gpxtpx:course>
		</gpxtpx:TrackPointExtension>
	</extensions>
</trkpt>
<trkpt lat="-9.1303279" lon="148.3236420">
	<ele>626.21</ele>
	<time>2026-02-01T04:01:23.690Z</time>
	<hdop>3.79</hdop>
	<extensions>
		<gpxtpx:TrackPointExtension>
			<gpxtpx:course>15.42469</gpxtpx:course>
		</gpxtpx:TrackPointExtension>
	</extensions>
</trkpt>
<trkpt lat="-9.1302629" lon="148.3235729">
	<ele>628.60</ele>
	<time>2026-02-01T04:01:35.690Z</time>
	<hdop>3.79</hdop>
	<extensions>
		<gpxtpx:TrackPointExtension>
			<gpxtpx:course>313.0625</gpxtpx:course>
		</gpxtpx:TrackPointExtension>
	</extensions>
</trkpt>
<trkpt lat="-9.1301968" lon="148.3235082">
	<ele>626.26</ele>
	<time>2026-02-01T04:01:45.691Z</time>
	<hdop>3.79</hdop>
	<extensions>
		<gpxtpx:TrackPointExtension>
			<gpxtpx:course>336.23804</gpxtpx:course>
		</gpxtpx:TrackPointExtension>
	</extensions>
</trkpt>
<trkpt lat="-9.1301087" lon="148.3234678">
	<ele>625.41</ele>
	<time>2026-02-01T04:01:57.690Z</time>
	<hdop>3.91</hdop>
	<extensions>
		<gpxtpx:TrackPointExtension>
			<gpxtpx:course>323.30765</gpxtpx:course>
		</gpxtpx:TrackPointExtension>
	</extensions>
</trkpt>
<trkpt lat="-9.1300214" lon="148.3234155">
	<ele>626.94</ele>
	<time>2026-02-01T04:02:07.690Z</time>
	<hdop>3.79</hdop>
	<extensions>
		<gpxtpx:TrackPointExtension>
			<gpxtpx:course>322.03375</gpxtpx:course>
		</gpxtpx:TrackPointExtension>
	</extensions>
</trkpt>
<trkpt lat="-9.1299358" lon="148.3233854">
	<ele>629.60</ele>
	<time>2026-02-01T04:02:22.691Z</time>
	<hdop>3.79</hdop>
	<extensions>
		<gpxtpx:TrackPointExtension>
			<gpxtpx:course>309.71335</gpxtpx:course>
		</gpxtpx:TrackPointExtension>
	</extensions>
</trkpt>
<trkpt lat="-9.1298512" lon="148.3233430">
	<ele>630.13</ele>
	<time>2026-02-01T04:02:47.690Z</time>
	<hdop>3.79</hdop>
	<extensions>
		<gpxtpx:TrackPointExtension>
			<gpxtpx:course>331.94287</gpxtpx:course>
		</gpxtpx:TrackPointExtension>
	</extensions>
</trkpt>
<trkpt lat="-9.1297595" lon="148.3233099">
	<ele>629.94</ele>
	<time>2026-02-01T04:03:02.690Z</time>
	<hdop>3.79</hdop>
	<extensions>
		<gpxtpx:TrackPointExtension>
			<gpxtpx:course>311.05862</gpxtpx:course>
		</gpxtpx:TrackPointExtension>
	</extensions>
</trkpt>
<trkpt lat="-9.1296683" lon="148.3232774">
	<ele>629.17</ele>
	<time>2026-02-01T04:03:16.691Z</time>
	<hdop>3.79</hdop>
	<extensions>
		<gpxtpx:TrackPointExtension>
			<gpxtpx:course>301.32385</gpxtpx:course>
		</gpxtpx:TrackPointExtension>
	</extensions>
</trkpt>
<trkpt lat="-9.1295792" lon="148.3231992">
	<ele>625.83</ele>
	<time>2026-02-01T04:03:27.690Z</time>
	<hdop>3.79</hdop>
	<extensions>
		<gpxtpx:TrackPointExtension>
			<gpxtpx:course>316.53366</gpxtpx:course>
		</gpxtpx:TrackPointExtension>
	</extensions>
</trkpt>
<trkpt lat="-9.1294906" lon="148.3231760">
	<ele>620.53</ele>
	<time>2026-02-01T04:03:42.690Z</time>
	<hdop>9.94</hdop>
	<extensions>
		<gpxtpx:TrackPointExtension>
			<gpxtpx:course>352.3101</gpxtpx:course>
		</gpxtpx:TrackPointExtension>
	</extensions>
</trkpt>
<trkpt lat="-9.1294526" lon="148.3230905">
	<ele>625.92</ele>
	<time>2026-02-01T04:04:30.690Z</time>
	<hdop>9.94</hdop>
	<extensions>
		<gpxtpx:TrackPointExtension>
			<gpxtpx:course>186.44952</gpxtpx:course>
		</gpxtpx:TrackPointExtension>
	</extensions>
</trkpt>
<trkpt lat="-9.1293563" lon="148.3230824">
	<ele>628.10</ele>
	<time>2026-02-01T04:04:44.691Z</time>
	<hdop>9.94</hdop>
	<extensions>
		<gpxtpx:TrackPointExtension>
			<gpxtpx:course>43.89232</gpxtpx:course>
		</gpxtpx:TrackPointExtension>
	</extensions>
</trkpt>
<trkpt lat="-9.1292713" lon="148.3230297">
	<ele>624.90</ele>
	<time>2026-02-01T04:04:54.691Z</time>
	<hdop>3.79</hdop>
	<extensions>
		<gpxtpx:TrackPointExtension>
			<gpxtpx:course>300.9756</gpxtpx:course>
		</gpxtpx:TrackPointExtension>
	</extensions>
</trkpt>
<trkpt lat="-9.1291760" lon="148.3230212">
	<ele>625.66</ele>
	<time>2026-02-01T04:05:05.690Z</time>
	<hdop>3.79</hdop>
	<extensions>
		<gpxtpx:TrackPointExtension>
			<gpxtpx:course>0.16220134</gpxtpx:course>
		</gpxtpx:TrackPointExtension>
	</extensions>
</trkpt>
<trkpt lat="-9.1290840" lon="148.3229917">
	<ele>624.11</ele>
	<time>2026-02-01T04:05:19.690Z</time>
	<hdop>3.79</hdop>
	<extensions>
		<gpxtpx:TrackPointExtension>
			<gpxtpx:course>322.06277</gpxtpx:course>
		</gpxtpx:TrackPointExtension>
	</extensions>
</trkpt>
<trkpt lat="-9.1289802" lon="148.3229758">
	<ele>620.57</ele>
	<time>2026-02-01T04:05:29.691Z</time>
	<hdop>3.79</hdop>
	<extensions>
		<gpxtpx:TrackPointExtension>
			<gpxtpx:course>321.77966</gpxtpx:course>
		</gpxtpx:TrackPointExtension>
	</extensions>
</trkpt>
<trkpt lat="-9.1288696" lon="148.3229488">
	<ele>619.07</ele>
	<time>2026-02-01T04:05:40.691Z</time>
	<hdop>3.79</hdop>
	<extensions>
		<gpxtpx:TrackPointExtension>
			<gpxtpx:course>322.2127</gpxtpx:course>
		</gpxtpx:TrackPointExtension>
	</extensions>
</trkpt>
<trkpt lat="-9.1287594" lon="148.3228855">
	<ele>619.98</ele>
	<time>2026-02-01T04:05:50.691Z</time>
	<hdop>3.79</hdop>
	<extensions>
		<gpxtpx:TrackPointExtension>
			<gpxtpx:course>322.0669</gpxtpx:course>
		</gpxtpx:TrackPointExtension>
	</extensions>
</trkpt>
<trkpt lat="-9.1286450" lon="148.3228396">
	<ele>618.23</ele>
	<time>2026-02-01T04:06:01.691Z</time>
	<hdop>3.79</hdop>
	<extensions>
		<gpxtpx:TrackPointExtension>
			<gpxtpx:course>330.09546</gpxtpx:course>
		</gpxtpx:TrackPointExtension>
	</extensions>
</trkpt>
<trkpt lat="-9.1285514" lon="148.3228143">
	<ele>619.92</ele>
	<time>2026-02-01T04:06:12.690Z</time>
	<hdop>3.79</hdop>
	<extensions>
		<gpxtpx:TrackPointExtension>
			<gpxtpx:course>342.10364</gpxtpx:course>
		</gpxtpx:TrackPointExtension>
	</extensions>
</trkpt>
<trkpt lat="-9.1284523" lon="148.3227615">
	<ele>620.80</ele>
	<time>2026-02-01T04:06:22.691Z</time>
	<hdop>3.79</hdop>
	<extensions>
		<gpxtpx:TrackPointExtension>
			<gpxtpx:course>349.07907</gpxtpx:course>
		</gpxtpx:TrackPointExtension>
	</extensions>
</trkpt>
<trkpt lat="-9.1283652" lon="148.3226934">
	<ele>621.79</ele>
	<time>2026-02-01T04:06:32.691Z</time>
	<hdop>3.79</hdop>
	<extensions>
		<gpxtpx:TrackPointExtension>
			<gpxtpx:course>327.89426</gpxtpx:course>
		</gpxtpx:TrackPointExtension>
	</extensions>
</trkpt>
<trkpt lat="-9.1282643" lon="148.3226227">
	<ele>620.88</ele>
	<time>2026-02-01T04:06:43.690Z</time>
	<hdop>3.79</hdop>
	<extensions>
		<gpxtpx:TrackPointExtension>
			<gpxtpx:course>313.85788</gpxtpx:course>
		</gpxtpx:TrackPointExtension>
	</extensions>
</trkpt>
<trkpt lat="-9.1281781" lon="148.3225440">
	<ele>618.54</ele>
	<time>2026-02-01T04:06:53.690Z</time>
	<hdop>3.79</hdop>
	<extensions>
		<gpxtpx:TrackPointExtension>
			<gpxtpx:course>311.95633</gpxtpx:course>
		</gpxtpx:TrackPointExtension>
	</extensions>
</trkpt>
<trkpt lat="-9.1280952" lon="148.3224780">
	<ele>616.81</ele>
	<time>2026-02-01T04:07:03.690Z</time>
	<hdop>3.79</hdop>
	<extensions>
		<gpxtpx:TrackPointExtension>
			<gpxtpx:course>332.11166</gpxtpx:course>
		</gpxtpx:TrackPointExtension>
	</extensions>
</trkpt>
<trkpt lat="-9.1280379" lon="148.3223959">
	<ele>617.58</ele>
	<time>2026-02-01T04:07:13.691Z</time>
	<hdop>3.79</hdop>
	<extensions>
		<gpxtpx:TrackPointExtension>
			<gpxtpx:course>301.38452</gpxtpx:course>
		</gpxtpx:TrackPointExtension>
	</extensions>
</trkpt>
<trkpt lat="-9.1279732" lon="148.3223233">
	<ele>619.16</ele>
	<time>2026-02-01T04:07:24.691Z</time>
	<hdop>3.79</hdop>
	<extensions>
		<gpxtpx:TrackPointExtension>
			<gpxtpx:course>303.24084</gpxtpx:course>
		</gpxtpx:TrackPointExtension>
	</extensions>
</trkpt>
<trkpt lat="-9.1279015" lon="148.3222662">
	<ele>619.82</ele>
	<time>2026-02-01T04:07:38.690Z</time>
	<hdop>3.79</hdop>
	<extensions>
		<gpxtpx:TrackPointExtension>
			<gpxtpx:course>324.45258</gpxtpx:course>
		</gpxtpx:TrackPointExtension>
	</extensions>
</trkpt>
<trkpt lat="-9.1278410" lon="148.3221949">
	<ele>622.60</ele>
	<time>2026-02-01T04:07:48.691Z</time>
	<hdop>3.79</hdop>
	<extensions>
		<gpxtpx:TrackPointExtension>
			<gpxtpx:course>319.99026</gpxtpx:course>
		</gpxtpx:TrackPointExtension>
	</extensions>
</trkpt>
<trkpt lat="-9.1277638" lon="148.3221282">
	<ele>623.12</ele>
	<time>2026-02-01T04:07:59.690Z</time>
	<hdop>3.79</hdop>
	<extensions>
		<gpxtpx:TrackPointExtension>
			<gpxtpx:course>328.10968</gpxtpx:course>
		</gpxtpx:TrackPointExtension>
	</extensions>
</trkpt>
<trkpt lat="-9.1276868" lon="148.3220730">
	<ele>629.48</ele>
	<time>2026-02-01T04:08:13.690Z</time>
	<hdop>3.79</hdop>
	<extensions>
		<gpxtpx:TrackPointExtension>
			<gpxtpx:course>323.71912</gpxtpx:course>
		</gpxtpx:TrackPointExtension>
	</extensions>
</trkpt>
<trkpt lat="-9.1276038" lon="148.3219832">
	<ele>628.64</ele>
	<time>2026-02-01T04:08:23.690Z</time>
	<hdop>3.79</hdop>
	<extensions>
		<gpxtpx:TrackPointExtension>
			<gpxtpx:course>318.98755</gpxtpx:course>
		</gpxtpx:TrackPointExtension>
	</extensions>
</trkpt>
<trkpt lat="-9.1275390" lon="148.3218973">
	<ele>625.16</ele>
	<time>2026-02-01T04:08:33.690Z</time>
	<hdop>3.79</hdop>
	<extensions>
		<gpxtpx:TrackPointExtension>
			<gpxtpx:course>301.15115</gpxtpx:course>
		</gpxtpx:TrackPointExtension>
	</extensions>
</trkpt>
<trkpt lat="-9.1274711" lon="148.3218194">
	<ele>622.37</ele>
	<time>2026-02-01T04:08:43.690Z</time>
	<hdop>3.79</hdop>
	<extensions>
		<gpxtpx:TrackPointExtension>
			<gpxtpx:course>297.75735</gpxtpx:course>
		</gpxtpx:TrackPointExtension>
	</extensions>
</trkpt>
<trkpt lat="-9.1274134" lon="148.3217427">
	<ele>626.31</ele>
	<time>2026-02-01T04:08:56.690Z</time>
	<hdop>3.79</hdop>
	<extensions>
		<gpxtpx:TrackPointExtension>
			<gpxtpx:course>298.16373</gpxtpx:course>
		</gpxtpx:TrackPointExtension>
	</extensions>
</trkpt>
<trkpt lat="-9.1273570" lon="148.3216708">
	<ele>627.80</ele>
	<time>2026-02-01T04:09:07.690Z</time>
	<hdop>3.79</hdop>
	<extensions>
		<gpxtpx:TrackPointExtension>
			<gpxtpx:course>311.91238</gpxtpx:course>
		</gpxtpx:TrackPointExtension>
	</extensions>
</trkpt>
<trkpt lat="-9.1272907" lon="148.3216012">
	<ele>625.03</ele>
	<time>2026-02-01T04:09:19.690Z</time>
	<hdop>3.79</hdop>
	<extensions>
		<gpxtpx:TrackPointExtension>
			<gpxtpx:course>321.17926</gpxtpx:course>
		</gpxtpx:TrackPointExtension>
	</extensions>
</trkpt>
<trkpt lat="-9.1272233" lon="148.3215332">
	<ele>630.16</ele>
	<time>2026-02-01T04:09:34.690Z</time>
	<hdop>3.79</hdop>
	<extensions>
		<gpxtpx:TrackPointExtension>
			<gpxtpx:course>316.9758</gpxtpx:course>
		</gpxtpx:TrackPointExtension>
	</extensions>
</trkpt>
<trkpt lat="-9.1271342" lon="148.3214868">
	<ele>627.12</ele>
	<time>2026-02-01T04:09:44.690Z</time>
	<hdop>3.79</hdop>
	<extensions>
		<gpxtpx:TrackPointExtension>
			<gpxtpx:course>316.03937</gpxtpx:course>
		</gpxtpx:TrackPointExtension>
	</extensions>
</trkpt>
<trkpt lat="-9.1270740" lon="148.3214113">
	<ele>625.30</ele>
	<time>2026-02-01T04:09:54.690Z</time>
	<hdop>3.79</hdop>
	<extensions>
		<gpxtpx:TrackPointExtension>
			<gpxtpx:course>291.86288</gpxtpx:course>
		</gpxtpx:TrackPointExtension>
	</extensions>
</trkpt>
<trkpt lat="-9.1270357" lon="148.3213245">
	<ele>625.84</ele>
	<time>2026-02-01T04:10:05.691Z</time>
	<hdop>3.79</hdop>
	<extensions>
		<gpxtpx:TrackPointExtension>
			<gpxtpx:course>273.91025</gpxtpx:course>
		</gpxtpx:TrackPointExtension>
	</extensions>
</trkpt>
<trkpt lat="-9.1269810" lon="148.3212117">
	<ele>623.79</ele>
	<time>2026-02-01T04:10:16.690Z</time>
	<hdop>3.79</hdop>
	<extensions>
		<gpxtpx:TrackPointExtension>
			<gpxtpx:course>290.98065</gpxtpx:course>
		</gpxtpx:TrackPointExtension>
	</extensions>
</trkpt>
<trkpt lat="-9.1269049" lon="148.3211304">
	<ele>625.14</ele>
	<time>2026-02-01T04:10:26.690Z</time>
	<hdop>3.79</hdop>
	<extensions>
		<gpxtpx:TrackPointExtension>
			<gpxtpx:course>310.85004</gpxtpx:course>
		</gpxtpx:TrackPointExtension>
	</extensions>
</trkpt>
<trkpt lat="-9.1268486" lon="148.3210581">
	<ele>625.58</ele>
	<time>2026-02-01T04:10:40.690Z</time>
	<hdop>3.79</hdop>
	<extensions>
		<gpxtpx:TrackPointExtension>
			<gpxtpx:course>327.7291</gpxtpx:course>
		</gpxtpx:TrackPointExtension>
	</extensions>
</trkpt>
<trkpt lat="-9.1268084" lon="148.3209766">
	<ele>628.03</ele>
	<time>2026-02-01T04:10:55.690Z</time>
	<hdop>3.79</hdop>
	<extensions>
		<gpxtpx:TrackPointExtension>
			<gpxtpx:course>327.7544</gpxtpx:course>
		</gpxtpx:TrackPointExtension>
	</extensions>
</trkpt>
<trkpt lat="-9.1267710" lon="148.3208908">
	<ele>629.47</ele>
	<time>2026-02-01T04:11:19.690Z</time>
	<hdop>3.79</hdop>
	<extensions>
		<gpxtpx:TrackPointExtension>
			<gpxtpx:course>330.80536</gpxtpx:course>
		</gpxtpx:TrackPointExtension>
	</extensions>
</trkpt>
<trkpt lat="-9.1267149" lon="148.3207866">
	<ele>629.85</ele>
	<time>2026-02-01T04:11:29.691Z</time>
	<hdop>3.79</hdop>
	<extensions>
		<gpxtpx:TrackPointExtension>
			<gpxtpx:course>315.93454</gpxtpx:course>
		</gpxtpx:TrackPointExtension>
	</extensions>
</trkpt>
<trkpt lat="-9.1266416" lon="148.3207327">
	<ele>633.58</ele>
	<time>2026-02-01T04:11:39.691Z</time>
	<hdop>3.79</hdop>
	<extensions>
		<gpxtpx:TrackPointExtension>
			<gpxtpx:course>311.75858</gpxtpx:course>
		</gpxtpx:TrackPointExtension>
	</extensions>
</trkpt>
<trkpt lat="-9.1265649" lon="148.3206827">
	<ele>635.68</ele>
	<time>2026-02-01T04:11:49.691Z</time>
	<hdop>3.79</hdop>
	<extensions>
		<gpxtpx:TrackPointExtension>
			<gpxtpx:course>308.4755</gpxtpx:course>
		</gpxtpx:TrackPointExtension>
	</extensions>
</trkpt>
<trkpt lat="-9.1264924" lon="148.3206075">
	<ele>636.89</ele>
	<time>2026-02-01T04:12:00.691Z</time>
	<hdop>3.79</hdop>
	<extensions>
		<gpxtpx:TrackPointExtension>
			<gpxtpx:course>336.27502</gpxtpx:course>
		</gpxtpx:TrackPointExtension>
	</extensions>
</trkpt>
<trkpt lat="-9.1264161" lon="148.3205465">
	<ele>637.85</ele>
	<time>2026-02-01T04:12:12.690Z</time>
	<hdop>3.79</hdop>
	<extensions>
		<gpxtpx:TrackPointExtension>
			<gpxtpx:course>339.8431</gpxtpx:course>
		</gpxtpx:TrackPointExtension>
	</extensions>
</trkpt>
<trkpt lat="-9.1263491" lon="148.3204794">
	<ele>635.48</ele>
	<time>2026-02-01T04:12:30.691Z</time>
	<hdop>3.79</hdop>
	<extensions>
		<gpxtpx:TrackPointExtension>
			<gpxtpx:course>299.0235</gpxtpx:course>
		</gpxtpx:TrackPointExtension>
	</extensions>
</trkpt>
<trkpt lat="-9.1262917" lon="148.3203977">
	<ele>636.71</ele>
	<time>2026-02-01T04:12:42.691Z</time>
	<hdop>3.79</hdop>
	<extensions>
		<gpxtpx:TrackPointExtension>
			<gpxtpx:course>318.91122</gpxtpx:course>
		</gpxtpx:TrackPointExtension>
	</extensions>
</trkpt>
<trkpt lat="-9.1262442" lon="148.3203198">
	<ele>636.01</ele>
	<time>2026-02-01T04:12:55.690Z</time>
	<hdop>3.79</hdop>
	<extensions>
		<gpxtpx:TrackPointExtension>
			<gpxtpx:course>314.04337</gpxtpx:course>
		</gpxtpx:TrackPointExtension>
	</extensions>
</trkpt>
<trkpt lat="-9.1261737" lon="148.3202605">
	<ele>637.32</ele>
	<time>2026-02-01T04:14:09.691Z</time>
	<hdop>3.79</hdop>
	<extensions>
		<gpxtpx:TrackPointExtension>
			<gpxtpx:course>323.0325</gpxtpx:course>
		</gpxtpx:TrackPointExtension>
	</extensions>
</trkpt>
<trkpt lat="-9.1261163" lon="148.3201837">
	<ele>637.85</ele>
	<time>2026-02-01T04:14:21.690Z</time>
	<hdop>3.79</hdop>
	<extensions>
		<gpxtpx:TrackPointExtension>
			<gpxtpx:course>312.6753</gpxtpx:course>
		</gpxtpx:TrackPointExtension>
	</extensions>
</trkpt>
<trkpt lat="-9.1260494" lon="148.3201153">
	<ele>639.72</ele>
	<time>2026-02-01T04:14:33.690Z</time>
	<hdop>3.79</hdop>
	<extensions>
		<gpxtpx:TrackPointExtension>
			<gpxtpx:course>313.26016</gpxtpx:course>
		</gpxtpx:TrackPointExtension>
	</extensions>
</trkpt>
<trkpt lat="-9.1259581" lon="148.3200503">
	<ele>640.33</ele>
	<time>2026-02-01T04:14:43.690Z</time>
	<hdop>3.79</hdop>
	<extensions>
		<gpxtpx:TrackPointExtension>
			<gpxtpx:course>300.75342</gpxtpx:course>
		</gpxtpx:TrackPointExtension>
	</extensions>
</trkpt>
<trkpt lat="-9.1258873" lon="148.3199631">
	<ele>641.13</ele>
	<time>2026-02-01T04:14:53.690Z</time>
	<hdop>3.79</hdop>
	<extensions>
		<gpxtpx:TrackPointExtension>
			<gpxtpx:course>310.57245</gpxtpx:course>
		</gpxtpx:TrackPointExtension>
	</extensions>
</trkpt>
<trkpt lat="-9.1258344" lon="148.3198832">
	<ele>641.69</ele>
	<time>2026-02-01T04:15:05.690Z</time>
	<hdop>3.79</hdop>
	<extensions>
		<gpxtpx:TrackPointExtension>
			<gpxtpx:course>299.2785</gpxtpx:course>
		</gpxtpx:TrackPointExtension>
	</extensions>
</trkpt>
<trkpt lat="-9.1258038" lon="148.3197870">
	<ele>641.43</ele>
	<time>2026-02-01T04:15:15.690Z</time>
	<hdop>3.79</hdop>
	<extensions>
		<gpxtpx:TrackPointExtension>
			<gpxtpx:course>296.98804</gpxtpx:course>
		</gpxtpx:TrackPointExtension>
	</extensions>
</trkpt>
<trkpt lat="-9.1257675" lon="148.3196918">
	<ele>641.32</ele>
	<time>2026-02-01T04:15:25.690Z</time>
	<hdop>3.79</hdop>
	<extensions>
		<gpxtpx:TrackPointExtension>
			<gpxtpx:course>309.65927</gpxtpx:course>
		</gpxtpx:TrackPointExtension>
	</extensions>
</trkpt>
<trkpt lat="-9.1257128" lon="148.3196073">
	<ele>641.17</ele>
	<time>2026-02-01T04:15:35.691Z</time>
	<hdop>3.79</hdop>
	<extensions>
		<gpxtpx:TrackPointExtension>
			<gpxtpx:course>300.83603</gpxtpx:course>
		</gpxtpx:TrackPointExtension>
	</extensions>
</trkpt>
<trkpt lat="-9.1256355" lon="148.3195581">
	<ele>641.69</ele>
	<time>2026-02-01T04:15:46.690Z</time>
	<hdop>3.79</hdop>
	<extensions>
		<gpxtpx:TrackPointExtension>
			<gpxtpx:course>331.76187</gpxtpx:course>
		</gpxtpx:TrackPointExtension>
	</extensions>
</trkpt>
<trkpt lat="-9.1255775" lon="148.3194827">
	<ele>640.10</ele>
	<time>2026-02-01T04:16:01.691Z</time>
	<hdop>3.79</hdop>
	<extensions>
		<gpxtpx:TrackPointExtension>
			<gpxtpx:course>302.11728</gpxtpx:course>
		</gpxtpx:TrackPointExtension>
	</extensions>
</trkpt>
<trkpt lat="-9.1255537" lon="148.3193934">
	<ele>640.21</ele>
	<time>2026-02-01T04:16:13.690Z</time>
	<hdop>3.79</hdop>
	<extensions>
		<gpxtpx:TrackPointExtension>
			<gpxtpx:course>281.0785</gpxtpx:course>
		</gpxtpx:TrackPointExtension>
	</extensions>
</trkpt>
<trkpt lat="-9.1255471" lon="148.3192994">
	<ele>640.34</ele>
	<time>2026-02-01T04:16:23.690Z</time>
	<hdop>3.79</hdop>
	<extensions>
		<gpxtpx:TrackPointExtension>
			<gpxtpx:course>273.69244</gpxtpx:course>
		</gpxtpx:TrackPointExtension>
	</extensions>
</trkpt>
<trkpt lat="-9.1255144" lon="148.3192128">
	<ele>636.91</ele>
	<time>2026-02-01T04:16:34.690Z</time>
	<hdop>3.79</hdop>
	<extensions>
		<gpxtpx:TrackPointExtension>
			<gpxtpx:course>312.41373</gpxtpx:course>
		</gpxtpx:TrackPointExtension>
	</extensions>
</trkpt>
<trkpt lat="-9.1255166" lon="148.3191158">
	<ele>637.58</ele>
	<time>2026-02-01T04:16:45.690Z</time>
	<hdop>3.79</hdop>
	<extensions>
		<gpxtpx:TrackPointExtension>
			<gpxtpx:course>258.42383</gpxtpx:course>
		</gpxtpx:TrackPointExtension>
	</extensions>
</trkpt>
<trkpt lat="-9.1255210" lon="148.3190235">
	<ele>638.85</ele>
	<time>2026-02-01T04:16:55.690Z</time>
	<hdop>3.79</hdop>
	<extensions>
		<gpxtpx:TrackPointExtension>
			<gpxtpx:course>269.99988</gpxtpx:course>
		</gpxtpx:TrackPointExtension>
	</extensions>
</trkpt>
<trkpt lat="-9.1255436" lon="148.3189343">
	<ele>638.55</ele>
	<time>2026-02-01T04:17:10.691Z</time>
	<hdop>3.79</hdop>
	<extensions>
		<gpxtpx:TrackPointExtension>
			<gpxtpx:course>250.84679</gpxtpx:course>
		</gpxtpx:TrackPointExtension>
	</extensions>
</trkpt>
<trkpt lat="-9.1255672" lon="148.3188456">
	<ele>638.55</ele>
	<time>2026-02-01T04:17:48.690Z</time>
	<hdop>3.79</hdop>
	<extensions>
		<gpxtpx:TrackPointExtension>
			<gpxtpx:course>243.11887</gpxtpx:course>
		</gpxtpx:TrackPointExtension>
	</extensions>
</trkpt>
<trkpt lat="-9.1255964" lon="148.3187550">
	<ele>634.97</ele>
	<time>2026-02-01T04:18:43.691Z</time>
	<hdop>3.79</hdop>
	<extensions>
		<gpxtpx:TrackPointExtension>
			<gpxtpx:course>236.36134</gpxtpx:course>
		</gpxtpx:TrackPointExtension>
	</extensions>
</trkpt>
<trkpt lat="-9.1256207" lon="148.3186664">
	<ele>632.90</ele>
	<time>2026-02-01T04:18:59.690Z</time>
	<hdop>3.79</hdop>
	<extensions>
		<gpxtpx:TrackPointExtension>
			<gpxtpx:course>236.96136</gpxtpx:course>
		</gpxtpx:TrackPointExtension>
	</extensions>
</trkpt>
<trkpt lat="-9.1256480" lon="148.3185751">
	<ele>632.16</ele>
	<time>2026-02-01T04:19:14.690Z</time>
	<hdop>3.79</hdop>
	<extensions>
		<gpxtpx:TrackPointExtension>
			<gpxtpx:course>244.85518</gpxtpx:course>
		</gpxtpx:TrackPointExtension>
	</extensions>
</trkpt>
<trkpt lat="-9.1257015" lon="148.3184990">
	<ele>629.58</ele>
	<time>2026-02-01T04:19:29.690Z</time>
	<hdop>3.79</hdop>
	<extensions>
		<gpxtpx:TrackPointExtension>
			<gpxtpx:course>254.38531</gpxtpx:course>
		</gpxtpx:TrackPointExtension>
	</extensions>
</trkpt>
<trkpt lat="-9.1257346" lon="148.3184064">
	<ele>625.82</ele>
	<time>2026-02-01T04:19:43.690Z</time>
	<hdop>3.79</hdop>
	<extensions>
		<gpxtpx:TrackPointExtension>
			<gpxtpx:course>220.44418</gpxtpx:course>
		</gpxtpx:TrackPointExtension>
	</extensions>
</trkpt>
<trkpt lat="-9.1257567" lon="148.3183123">
	<ele>627.22</ele>
	<time>2026-02-01T04:19:55.690Z</time>
	<hdop>3.79</hdop>
	<extensions>
		<gpxtpx:TrackPointExtension>
			<gpxtpx:course>248.56595</gpxtpx:course>
		</gpxtpx:TrackPointExtension>
	</extensions>
</trkpt>
<trkpt lat="-9.1257942" lon="148.3182256">
	<ele>625.82</ele>
	<time>2026-02-01T04:20:06.690Z</time>
	<hdop>3.79</hdop>
	<extensions>
		<gpxtpx:TrackPointExtension>
			<gpxtpx:course>263.2773</gpxtpx:course>
		</gpxtpx:TrackPointExtension>
	</extensions>
</trkpt>
<trkpt lat="-9.1258301" lon="148.3181347">
	<ele>621.54</ele>
	<time>2026-02-01T04:20:20.690Z</time>
	<hdop>3.79</hdop>
	<extensions>
		<gpxtpx:TrackPointExtension>
			<gpxtpx:course>274.05826</gpxtpx:course>
		</gpxtpx:TrackPointExtension>
	</extensions>
</trkpt>
<trkpt lat="-9.1258516" lon="148.3180445">
	<ele>617.92</ele>
	<time>2026-02-01T04:20:33.691Z</time>
	<hdop>3.79</hdop>
	<extensions>
		<gpxtpx:TrackPointExtension>
			<gpxtpx:course>301.9334</gpxtpx:course>
		</gpxtpx:TrackPointExtension>
	</extensions>
</trkpt>
<trkpt lat="-9.1258181" lon="148.3179596">
	<ele>615.93</ele>
	<time>2026-02-01T04:20:46.690Z</time>
	<hdop>3.79</hdop>
	<extensions>
		<gpxtpx:TrackPointExtension>
			<gpxtpx:course>317.83768</gpxtpx:course>
		</gpxtpx:TrackPointExtension>
	</extensions>
</trkpt>
<trkpt lat="-9.1257555" lon="148.3178934">
	<ele>614.55</ele>
	<time>2026-02-01T04:21:11.690Z</time>
	<hdop>3.79</hdop>
	<extensions>
		<gpxtpx:TrackPointExtension>
			<gpxtpx:course>349.3744</gpxtpx:course>
		</gpxtpx:TrackPointExtension>
	</extensions>
</trkpt>
<trkpt lat="-9.1256979" lon="148.3178168">
	<ele>615.32</ele>
	<time>2026-02-01T04:21:40.691Z</time>
	<hdop>3.79</hdop>
	<extensions>
		<gpxtpx:TrackPointExtension>
			<gpxtpx:course>291.2258</gpxtpx:course>
		</gpxtpx:TrackPointExtension>
	</extensions>
</trkpt>
<trkpt lat="-9.1256559" lon="148.3177345">
	<ele>610.56</ele>
	<time>2026-02-01T04:22:12.690Z</time>
	<hdop>3.79</hdop>
	<extensions>
		<gpxtpx:TrackPointExtension>
			<gpxtpx:course>275.10226</gpxtpx:course>
		</gpxtpx:TrackPointExtension>
	</extensions>
</trkpt>
<trkpt lat="-9.1255763" lon="148.3176905">
	<ele>608.91</ele>
	<time>2026-02-01T04:22:33.691Z</time>
	<hdop>3.79</hdop>
	<extensions>
		<gpxtpx:TrackPointExtension>
			<gpxtpx:course>334.23026</gpxtpx:course>
		</gpxtpx:TrackPointExtension>
	</extensions>
</trkpt>
<trkpt lat="-9.1254892" lon="148.3176434">
	<ele>607.68</ele>
	<time>2026-02-01T04:23:00.690Z</time>
	<hdop>3.79</hdop>
	<extensions>
		<gpxtpx:TrackPointExtension>
			<gpxtpx:course>359.9412</gpxtpx:course>
		</gpxtpx:TrackPointExtension>
	</extensions>
</trkpt>
<trkpt lat="-9.1253982" lon="148.3176162">
	<ele>606.55</ele>
	<time>2026-02-01T04:23:20.690Z</time>
	<hdop>3.79</hdop>
	<extensions>
		<gpxtpx:TrackPointExtension>
			<gpxtpx:course>341.61945</gpxtpx:course>
		</gpxtpx:TrackPointExtension>
	</extensions>
</trkpt>
<trkpt lat="-9.1253430" lon="148.3175357">
	<ele>609.87</ele>
	<time>2026-02-01T04:23:34.690Z</time>
	<hdop>3.79</hdop>
	<extensions>
		<gpxtpx:TrackPointExtension>
			<gpxtpx:course>314.97803</gpxtpx:course>
		</gpxtpx:TrackPointExtension>
	</extensions>
</trkpt>
<trkpt lat="-9.1252789" lon="148.3174647">
	<ele>611.40</ele>
	<time>2026-02-01T04:23:49.690Z</time>
	<hdop>3.79</hdop>
	<extensions>
		<gpxtpx:TrackPointExtension>
			<gpxtpx:course>317.9563</gpxtpx:course>
		</gpxtpx:TrackPointExtension>
	</extensions>
</trkpt>
<trkpt lat="-9.1251954" lon="148.3174140">
	<ele>609.01</ele>
	<time>2026-02-01T04:24:02.690Z</time>
	<hdop>3.79</hdop>
	<extensions>
		<gpxtpx:TrackPointExtension>
			<gpxtpx:course>323.09952</gpxtpx:course>
		</gpxtpx:TrackPointExtension>
	</extensions>
</trkpt>
<trkpt lat="-9.1251349" lon="148.3173335">
	<ele>612.38</ele>
	<time>2026-02-01T04:24:14.691Z</time>
	<hdop>3.79</hdop>
	<extensions>
		<gpxtpx:TrackPointExtension>
			<gpxtpx:course>283.8093</gpxtpx:course>
		</gpxtpx:TrackPointExtension>
	</extensions>
</trkpt>
<trkpt lat="-9.1250757" lon="148.3172575">
	<ele>614.17</ele>
	<time>2026-02-01T04:24:25.690Z</time>
	<hdop>3.79</hdop>
	<extensions>
		<gpxtpx:TrackPointExtension>
			<gpxtpx:course>307.978</gpxtpx:course>
		</gpxtpx:TrackPointExtension>
	</extensions>
</trkpt>
<trkpt lat="-9.1249968" lon="148.3172076">
	<ele>611.98</ele>
	<time>2026-02-01T04:24:47.691Z</time>
	<hdop>3.79</hdop>
	<extensions>
		<gpxtpx:TrackPointExtension>
			<gpxtpx:course>356.36246</gpxtpx:course>
		</gpxtpx:TrackPointExtension>
	</extensions>
</trkpt>
<trkpt lat="-9.1249585" lon="148.3171242">
	<ele>608.47</ele>
	<time>2026-02-01T04:25:09.690Z</time>
	<hdop>3.79</hdop>
	<extensions>
		<gpxtpx:TrackPointExtension>
			<gpxtpx:course>257.0511</gpxtpx:course>
		</gpxtpx:TrackPointExtension>
	</extensions>
</trkpt>
<trkpt lat="-9.1249492" lon="148.3170286">
	<ele>607.90</ele>
	<time>2026-02-01T04:25:44.691Z</time>
	<hdop>3.79</hdop>
	<extensions>
		<gpxtpx:TrackPointExtension>
			<gpxtpx:course>299.3126</gpxtpx:course>
		</gpxtpx:TrackPointExtension>
	</extensions>
</trkpt>
<trkpt lat="-9.1249276" lon="148.3169368">
	<ele>608.92</ele>
	<time>2026-02-01T04:26:22.690Z</time>
	<hdop>3.79</hdop>
	<extensions>
		<gpxtpx:TrackPointExtension>
			<gpxtpx:course>267.92508</gpxtpx:course>
		</gpxtpx:TrackPointExtension>
	</extensions>
</trkpt>
<trkpt lat="-9.1248923" lon="148.3168518">
	<ele>615.49</ele>
	<time>2026-02-01T04:27:23.690Z</time>
	<hdop>3.79</hdop>
	<extensions>
		<gpxtpx:TrackPointExtension>
			<gpxtpx:course>327.91098</gpxtpx:course>
		</gpxtpx:TrackPointExtension>
	</extensions>
</trkpt>
<trkpt lat="-9.1248395" lon="148.3167754">
	<ele>615.81</ele>
	<time>2026-02-01T04:28:24.690Z</time>
	<hdop>3.79</hdop>
	<extensions>
		<gpxtpx:TrackPointExtension>
			<gpxtpx:course>283.37354</gpxtpx:course>
		</gpxtpx:TrackPointExtension>
	</extensions>
</trkpt>
<trkpt lat="-9.1248170" lon="148.3166824">
	<ele>618.14</ele>
	<time>2026-02-01T04:28:40.690Z</time>
	<hdop>3.79</hdop>
	<extensions>
		<gpxtpx:TrackPointExtension>
			<gpxtpx:course>251.23616</gpxtpx:course>
		</gpxtpx:TrackPointExtension>
	</extensions>
</trkpt>
<trkpt lat="-9.1248413" lon="148.3165888">
	<ele>619.87</ele>
	<time>2026-02-01T04:29:59.690Z</time>
	<hdop>3.79</hdop>
	<extensions>
		<gpxtpx:TrackPointExtension>
			<gpxtpx:course>245.87381</gpxtpx:course>
		</gpxtpx:TrackPointExtension>
	</extensions>
</trkpt>
<trkpt lat="-9.1248175" lon="148.3164986">
	<ele>620.51</ele>
	<time>2026-02-01T04:30:18.690Z</time>
	<hdop>3.79</hdop>
	<extensions>
		<gpxtpx:TrackPointExtension>
			<gpxtpx:course>264.94772</gpxtpx:course>
		</gpxtpx:TrackPointExtension>
	</extensions>
</trkpt>
<trkpt lat="-9.1247776" lon="148.3164149">
	<ele>620.48</ele>
	<time>2026-02-01T04:30:32.691Z</time>
	<hdop>3.79</hdop>
	<extensions>
		<gpxtpx:TrackPointExtension>
			<gpxtpx:course>265.02975</gpxtpx:course>
		</gpxtpx:TrackPointExtension>
	</extensions>
</trkpt>
<trkpt lat="-9.1247325" lon="148.3163360">
	<ele>621.54</ele>
	<time>2026-02-01T04:30:44.691Z</time>
	<hdop>3.79</hdop>
	<extensions>
		<gpxtpx:TrackPointExtension>
			<gpxtpx:course>299.00012</gpxtpx:course>
		</gpxtpx:TrackPointExtension>
	</extensions>
</trkpt>
<trkpt lat="-9.1246979" lon="148.3162440">
	<ele>625.59</ele>
	<time>2026-02-01T04:30:58.690Z</time>
	<hdop>3.79</hdop>
	<extensions>
		<gpxtpx:TrackPointExtension>
			<gpxtpx:course>256.72388</gpxtpx:course>
		</gpxtpx:TrackPointExtension>
	</extensions>
</trkpt>
<trkpt lat="-9.1246511" lon="148.3161587">
	<ele>627.15</ele>
	<time>2026-02-01T04:31:09.690Z</time>
	<hdop>3.79</hdop>
	<extensions>
		<gpxtpx:TrackPointExtension>
			<gpxtpx:course>309.94852</gpxtpx:course>
		</gpxtpx:TrackPointExtension>
	</extensions>
</trkpt>
<trkpt lat="-9.1246318" lon="148.3160695">
	<ele>623.37</ele>
	<time>2026-02-01T04:33:16.690Z</time>
	<hdop>3.79</hdop>
	<extensions>
		<gpxtpx:TrackPointExtension>
			<gpxtpx:course>291.09418</gpxtpx:course>
		</gpxtpx:TrackPointExtension>
	</extensions>
</trkpt>
<trkpt lat="-9.1245743" lon="148.3159893">
	<ele>627.94</ele>
	<time>2026-02-01T04:33:28.691Z</time>
	<hdop>3.79</hdop>
	<extensions>
		<gpxtpx:TrackPointExtension>
			<gpxtpx:course>309.97824</gpxtpx:course>
		</gpxtpx:TrackPointExtension>
	</extensions>
</trkpt>
<trkpt lat="-9.1245413" lon="148.3159007">
	<ele>632.28</ele>
	<time>2026-02-01T04:33:41.690Z</time>
	<hdop>3.79</hdop>
	<extensions>
		<gpxtpx:TrackPointExtension>
			<gpxtpx:course>285.36087</gpxtpx:course>
		</gpxtpx:TrackPointExtension>
	</extensions>
</trkpt>
<trkpt lat="-9.1245005" lon="148.3158190">
	<ele>638.33</ele>
	<time>2026-02-01T04:33:54.690Z</time>
	<hdop>3.79</hdop>
	<extensions>
		<gpxtpx:TrackPointExtension>
			<gpxtpx:course>311.9467</gpxtpx:course>
		</gpxtpx:TrackPointExtension>
	</extensions>
</trkpt>
<trkpt lat="-9.1244895" lon="148.3157197">
	<ele>637.68</ele>
	<time>2026-02-01T04:34:06.690Z</time>
	<hdop>3.79</hdop>
	<extensions>
		<gpxtpx:TrackPointExtension>
			<gpxtpx:course>272.95157</gpxtpx:course>
		</gpxtpx:TrackPointExtension>
	</extensions>
</trkpt>
<trkpt lat="-9.1244505" lon="148.3156358">
	<ele>637.35</ele>
	<time>2026-02-01T04:34:18.691Z</time>
	<hdop>3.79</hdop>
	<extensions>
		<gpxtpx:TrackPointExtension>
			<gpxtpx:course>305.11008</gpxtpx:course>
		</gpxtpx:TrackPointExtension>
	</extensions>
</trkpt>
<trkpt lat="-9.1244441" lon="148.3155398">
	<ele>633.43</ele>
	<time>2026-02-01T04:34:31.690Z</time>
	<hdop>3.79</hdop>
	<extensions>
		<gpxtpx:TrackPointExtension>
			<gpxtpx:course>292.3493</gpxtpx:course>
		</gpxtpx:TrackPointExtension>
	</extensions>
</trkpt>
<trkpt lat="-9.1244654" lon="148.3154459">
	<ele>634.57</ele>
	<time>2026-02-01T04:34:46.690Z</time>
	<hdop>3.79</hdop>
	<extensions>
		<gpxtpx:TrackPointExtension>
			<gpxtpx:course>265.97675</gpxtpx:course>
		</gpxtpx:TrackPointExtension>
	</extensions>
</trkpt>
<trkpt lat="-9.1244720" lon="148.3153481">
	<ele>635.67</ele>
	<time>2026-02-01T04:34:56.691Z</time>
	<hdop>3.79</hdop>
	<extensions>
		<gpxtpx:TrackPointExtension>
			<gpxtpx:course>306.12955</gpxtpx:course>
		</gpxtpx:TrackPointExtension>
	</extensions>
</trkpt>
<trkpt lat="-9.1244797" lon="148.3152543">
	<ele>637.25</ele>
	<time>2026-02-01T04:35:08.690Z</time>
	<hdop>3.79</hdop>
	<extensions>
		<gpxtpx:TrackPointExtension>
			<gpxtpx:course>277.29718</gpxtpx:course>
		</gpxtpx:TrackPointExtension>
	</extensions>
</trkpt>
<trkpt lat="-9.1244671" lon="148.3151638">
	<ele>638.38</ele>
	<time>2026-02-01T04:35:20.690Z</time>
	<hdop>3.79</hdop>
	<extensions>
		<gpxtpx:TrackPointExtension>
			<gpxtpx:course>293.0075</gpxtpx:course>
		</gpxtpx:TrackPointExtension>
	</extensions>
</trkpt>
<trkpt lat="-9.1244603" lon="148.3150701">
	<ele>641.45</ele>
	<time>2026-02-01T04:35:31.690Z</time>
	<hdop>3.79</hdop>
	<extensions>
		<gpxtpx:TrackPointExtension>
			<gpxtpx:course>265.29062</gpxtpx:course>
		</gpxtpx:TrackPointExtension>
	</extensions>
</trkpt>
<trkpt lat="-9.1244582" lon="148.3149790">
	<ele>642.45</ele>
	<time>2026-02-01T04:35:41.690Z</time>
	<hdop>3.79</hdop>
	<extensions>
		<gpxtpx:TrackPointExtension>
			<gpxtpx:course>271.0053</gpxtpx:course>
		</gpxtpx:TrackPointExtension>
	</extensions>
</trkpt>
<trkpt lat="-9.1245035" lon="148.3149002">
	<ele>640.70</ele>
	<time>2026-02-01T04:36:31.690Z</time>
	<hdop>3.79</hdop>
	<extensions>
		<gpxtpx:TrackPointExtension>
			<gpxtpx:course>180.3693</gpxtpx:course>
		</gpxtpx:TrackPointExtension>
	</extensions>
</trkpt>
<trkpt lat="-9.1245043" lon="148.3148085">
	<ele>641.89</ele>
	<time>2026-02-01T04:37:04.690Z</time>
	<hdop>3.79</hdop>
	<extensions>
		<gpxtpx:TrackPointExtension>
			<gpxtpx:course>272.02747</gpxtpx:course>
		</gpxtpx:TrackPointExtension>
	</extensions>
</trkpt>
<trkpt lat="-9.1245151" lon="148.3147151">
	<ele>645.41</ele>
	<time>2026-02-01T04:37:18.690Z</time>
	<hdop>3.79</hdop>
	<extensions>
		<gpxtpx:TrackPointExtension>
			<gpxtpx:course>267.90277</gpxtpx:course>
		</gpxtpx:TrackPointExtension>
	</extensions>
</trkpt>
<trkpt lat="-9.1245210" lon="148.3146181">
	<ele>647.57</ele>
	<time>2026-02-01T04:37:32.690Z</time>
	<hdop>3.79</hdop>
	<extensions>
		<gpxtpx:TrackPointExtension>
			<gpxtpx:course>255.31342</gpxtpx:course>
		</gpxtpx:TrackPointExtension>
	</extensions>
</trkpt>
<trkpt lat="-9.1245409" lon="148.3145180">
	<ele>645.98</ele>
	<time>2026-02-01T04:37:42.690Z</time>
	<hdop>3.79</hdop>
	<extensions>
		<gpxtpx:TrackPointExtension>
			<gpxtpx:course>261.92792</gpxtpx:course>
		</gpxtpx:TrackPointExtension>
	</extensions>
</trkpt>
<trkpt lat="-9.1245589" lon="148.3144184">
	<ele>645.99</ele>
	<time>2026-02-01T04:37:53.690Z</time>
	<hdop>3.79</hdop>
	<extensions>
		<gpxtpx:TrackPointExtension>
			<gpxtpx:course>246.80981</gpxtpx:course>
		</gpxtpx:TrackPointExtension>
	</extensions>
</trkpt>
<trkpt lat="-9.1246032" lon="148.3143307">
	<ele>647.46</ele>
	<time>2026-02-01T04:38:03.690Z</time>
	<hdop>3.79</hdop>
	<extensions>
		<gpxtpx:TrackPointExtension>
			<gpxtpx:course>244.20996</gpxtpx:course>
		</gpxtpx:TrackPointExtension>
	</extensions>
</trkpt>
<trkpt lat="-9.1246420" lon="148.3142446">
	<ele>647.26</ele>
	<time>2026-02-01T04:38:13.691Z</time>
	<hdop>3.79</hdop>
	<extensions>
		<gpxtpx:TrackPointExtension>
			<gpxtpx:course>248.00266</gpxtpx:course>
		</gpxtpx:TrackPointExtension>
	</extensions>
</trkpt>
<trkpt lat="-9.1246896" lon="148.3141564">
	<ele>646.72</ele>
	<time>2026-02-01T04:38:24.690Z</time>
	<hdop>3.79</hdop>
	<extensions>
		<gpxtpx:TrackPointExtension>
			<gpxtpx:course>261.63278</gpxtpx:course>
		</gpxtpx:TrackPointExtension>
	</extensions>
</trkpt>
<trkpt lat="-9.1247139" lon="148.3140599">
	<ele>644.72</ele>
	<time>2026-02-01T04:38:34.690Z</time>
	<hdop>3.79</hdop>
	<extensions>
		<gpxtpx:TrackPointExtension>
			<gpxtpx:course>260.96805</gpxtpx:course>
		</gpxtpx:TrackPointExtension>
	</extensions>
</trkpt>
<trkpt lat="-9.1246974" lon="148.3139663">
	<ele>645.58</ele>
	<time>2026-02-01T04:38:49.690Z</time>
	<hdop>3.79</hdop>
	<extensions>
		<gpxtpx:TrackPointExtension>
			<gpxtpx:course>265.13354</gpxtpx:course>
		</gpxtpx:TrackPointExtension>
	</extensions>
</trkpt>
<trkpt lat="-9.1246648" lon="148.3138763">
	<ele>644.42</ele>
	<time>2026-02-01T04:39:04.690Z</time>
	<hdop>3.79</hdop>
	<extensions>
		<gpxtpx:TrackPointExtension>
			<gpxtpx:course>291.11484</gpxtpx:course>
		</gpxtpx:TrackPointExtension>
	</extensions>
</trkpt>
<trkpt lat="-9.1246337" lon="148.3137884">
	<ele>644.01</ele>
	<time>2026-02-01T04:39:17.690Z</time>
	<hdop>3.79</hdop>
	<extensions>
		<gpxtpx:TrackPointExtension>
			<gpxtpx:course>286.04636</gpxtpx:course>
		</gpxtpx:TrackPointExtension>
	</extensions>
</trkpt>
<trkpt lat="-9.1245880" lon="148.3137041">
	<ele>644.76</ele>
	<time>2026-02-01T04:39:32.690Z</time>
	<hdop>3.79</hdop>
	<extensions>
		<gpxtpx:TrackPointExtension>
			<gpxtpx:course>292.73566</gpxtpx:course>
		</gpxtpx:TrackPointExtension>
	</extensions>
</trkpt>
<trkpt lat="-9.1245483" lon="148.3136179">
	<ele>641.83</ele>
	<time>2026-02-01T04:39:45.690Z</time>
	<hdop>3.79</hdop>
	<extensions>
		<gpxtpx:TrackPointExtension>
			<gpxtpx:course>310.0513</gpxtpx:course>
		</gpxtpx:TrackPointExtension>
	</extensions>
</trkpt>
<trkpt lat="-9.1244918" lon="148.3135422">
	<ele>641.83</ele>
	<time>2026-02-01T04:39:59.690Z</time>
	<hdop>3.79</hdop>
	<extensions>
		<gpxtpx:TrackPointExtension>
			<gpxtpx:course>303.97733</gpxtpx:course>
		</gpxtpx:TrackPointExtension>
	</extensions>
</trkpt>
<trkpt lat="-9.1244228" lon="148.3134816">
	<ele>641.16</ele>
	<time>2026-02-01T04:40:12.690Z</time>
	<hdop>3.79</hdop>
	<extensions>
		<gpxtpx:TrackPointExtension>
			<gpxtpx:course>287.14667</gpxtpx:course>
		</gpxtpx:TrackPointExtension>
	</extensions>
</trkpt>
<trkpt lat="-9.1243648" lon="148.3133999">
	<ele>644.04</ele>
	<time>2026-02-01T04:40:23.690Z</time>
	<hdop>3.79</hdop>
	<extensions>
		<gpxtpx:TrackPointExtension>
			<gpxtpx:course>316.8024</gpxtpx:course>
		</gpxtpx:TrackPointExtension>
	</extensions>
</trkpt>
<trkpt lat="-9.1242854" lon="148.3133266">
	<ele>641.86</ele>
	<time>2026-02-01T04:40:33.690Z</time>
	<hdop>3.79</hdop>
	<extensions>
		<gpxtpx:TrackPointExtension>
			<gpxtpx:course>306.6414</gpxtpx:course>
		</gpxtpx:TrackPointExtension>
	</extensions>
</trkpt>
<trkpt lat="-9.1242388" lon="148.3132475">
	<ele>643.35</ele>
	<time>2026-02-01T04:40:44.690Z</time>
	<hdop>3.79</hdop>
	<extensions>
		<gpxtpx:TrackPointExtension>
			<gpxtpx:course>321.55762</gpxtpx:course>
		</gpxtpx:TrackPointExtension>
	</extensions>
</trkpt>
<trkpt lat="-9.1241720" lon="148.3131811">
	<ele>646.31</ele>
	<time>2026-02-01T04:40:59.691Z</time>
	<hdop>3.79</hdop>
	<extensions>
		<gpxtpx:TrackPointExtension>
			<gpxtpx:course>324.96045</gpxtpx:course>
		</gpxtpx:TrackPointExtension>
	</extensions>
</trkpt>
<trkpt lat="-9.1240892" lon="148.3131431">
	<ele>652.12</ele>
	<time>2026-02-01T04:42:29.690Z</time>
	<hdop>3.79</hdop>
	<extensions>
		<gpxtpx:TrackPointExtension>
			<gpxtpx:course>320.0025</gpxtpx:course>
		</gpxtpx:TrackPointExtension>
	</extensions>
</trkpt>
<trkpt lat="-9.1240257" lon="148.3130759">
	<ele>655.61</ele>
	<time>2026-02-01T04:42:50.690Z</time>
	<hdop>3.79</hdop>
	<extensions>
		<gpxtpx:TrackPointExtension>
			<gpxtpx:course>303.01746</gpxtpx:course>
		</gpxtpx:TrackPointExtension>
	</extensions>
</trkpt>
<trkpt lat="-9.1239580" lon="148.3130119">
	<ele>653.37</ele>
	<time>2026-02-01T04:43:05.690Z</time>
	<hdop>3.79</hdop>
	<extensions>
		<gpxtpx:TrackPointExtension>
			<gpxtpx:course>319.70065</gpxtpx:course>
		</gpxtpx:TrackPointExtension>
	</extensions>
</trkpt>
<trkpt lat="-9.1238855" lon="148.3129504">
	<ele>654.16</ele>
	<time>2026-02-01T04:43:21.690Z</time>
	<hdop>3.79</hdop>
	<extensions>
		<gpxtpx:TrackPointExtension>
			<gpxtpx:course>314.06012</gpxtpx:course>
		</gpxtpx:TrackPointExtension>
	</extensions>
</trkpt>
<trkpt lat="-9.1237908" lon="148.3129286">
	<ele>656.40</ele>
	<time>2026-02-01T04:43:39.691Z</time>
	<hdop>3.79</hdop>
	<extensions>
		<gpxtpx:TrackPointExtension>
			<gpxtpx:course>347.2459</gpxtpx:course>
		</gpxtpx:TrackPointExtension>
	</extensions>
</trkpt>
<trkpt lat="-9.1237022" lon="148.3129004">
	<ele>657.16</ele>
	<time>2026-02-01T04:43:50.691Z</time>
	<hdop>3.79</hdop>
	<extensions>
		<gpxtpx:TrackPointExtension>
			<gpxtpx:course>345.8838</gpxtpx:course>
		</gpxtpx:TrackPointExtension>
	</extensions>
</trkpt>
<trkpt lat="-9.1236120" lon="148.3128745">
	<ele>656.19</ele>
	<time>2026-02-01T04:44:02.690Z</time>
	<hdop>3.79</hdop>
	<extensions>
		<gpxtpx:TrackPointExtension>
			<gpxtpx:course>311.33466</gpxtpx:course>
		</gpxtpx:TrackPointExtension>
	</extensions>
</trkpt>
<trkpt lat="-9.1235248" lon="148.3128394">
	<ele>652.33</ele>
	<time>2026-02-01T04:44:20.691Z</time>
	<hdop>3.79</hdop>
	<extensions>
		<gpxtpx:TrackPointExtension>
			<gpxtpx:course>342.3119</gpxtpx:course>
		</gpxtpx:TrackPointExtension>
	</extensions>
</trkpt>
<trkpt lat="-9.1234267" lon="148.3128202">
	<ele>652.45</ele>
	<time>2026-02-01T04:44:34.690Z</time>
	<hdop>3.79</hdop>
	<extensions>
		<gpxtpx:TrackPointExtension>
			<gpxtpx:course>355.89755</gpxtpx:course>
		</gpxtpx:TrackPointExtension>
	</extensions>
</trkpt>
<trkpt lat="-9.1233325" lon="148.3128026">
	<ele>653.76</ele>
	<time>2026-02-01T04:44:46.691Z</time>
	<hdop>3.79</hdop>
	<extensions>
		<gpxtpx:TrackPointExtension>
			<gpxtpx:course>345.35083</gpxtpx:course>
		</gpxtpx:TrackPointExtension>
	</extensions>
</trkpt>
<trkpt lat="-9.1232576" lon="148.3127381">
	<ele>654.00</ele>
	<time>2026-02-01T04:44:57.690Z</time>
	<hdop>3.79</hdop>
	<extensions>
		<gpxtpx:TrackPointExtension>
			<gpxtpx:course>321.026</gpxtpx:course>
		</gpxtpx:TrackPointExtension>
	</extensions>
</trkpt>
<trkpt lat="-9.1231680" lon="148.3127109">
	<ele>652.60</ele>
	<time>2026-02-01T04:45:10.690Z</time>
	<hdop>3.79</hdop>
	<extensions>
		<gpxtpx:TrackPointExtension>
			<gpxtpx:course>333.9334</gpxtpx:course>
		</gpxtpx:TrackPointExtension>
	</extensions>
</trkpt>
<trkpt lat="-9.1230754" lon="148.3126903">
	<ele>650.69</ele>
	<time>2026-02-01T04:45:24.690Z</time>
	<hdop>3.79</hdop>
	<extensions>
		<gpxtpx:TrackPointExtension>
			<gpxtpx:course>352.74222</gpxtpx:course>
		</gpxtpx:TrackPointExtension>
	</extensions>
</trkpt>
<trkpt lat="-9.1229881" lon="148.3126568">
	<ele>649.61</ele>
	<time>2026-02-01T04:45:54.691Z</time>
	<hdop>3.79</hdop>
	<extensions>
		<gpxtpx:TrackPointExtension>
			<gpxtpx:course>333.26913</gpxtpx:course>
		</gpxtpx:TrackPointExtension>
	</extensions>
</trkpt>
<trkpt lat="-9.1228979" lon="148.3126212">
	<ele>651.40</ele>
	<time>2026-02-01T04:46:12.690Z</time>
	<hdop>3.79</hdop>
	<extensions>
		<gpxtpx:TrackPointExtension>
			<gpxtpx:course>317.23584</gpxtpx:course>
		</gpxtpx:TrackPointExtension>
	</extensions>
</trkpt>
<trkpt lat="-9.1228009" lon="148.3126088">
	<ele>651.59</ele>
	<time>2026-02-01T04:46:27.690Z</time>
	<hdop>3.79</hdop>
	<extensions>
		<gpxtpx:TrackPointExtension>
			<gpxtpx:course>16.318558</gpxtpx:course>
		</gpxtpx:TrackPointExtension>
	</extensions>
</trkpt>
<trkpt lat="-9.1227094" lon="148.3125831">
	<ele>654.06</ele>
	<time>2026-02-01T04:46:45.690Z</time>
	<hdop>3.79</hdop>
	<extensions>
		<gpxtpx:TrackPointExtension>
			<gpxtpx:course>303.11636</gpxtpx:course>
		</gpxtpx:TrackPointExtension>
	</extensions>
</trkpt>
<trkpt lat="-9.1226191" lon="148.3125682">
	<ele>657.24</ele>
	<time>2026-02-01T04:47:01.690Z</time>
	<hdop>3.79</hdop>
	<extensions>
		<gpxtpx:TrackPointExtension>
			<gpxtpx:course>337.95306</gpxtpx:course>
		</gpxtpx:TrackPointExtension>
	</extensions>
</trkpt>
<trkpt lat="-9.1225469" lon="148.3125128">
	<ele>658.99</ele>
	<time>2026-02-01T04:47:25.690Z</time>
	<hdop>3.79</hdop>
	<extensions>
		<gpxtpx:TrackPointExtension>
			<gpxtpx:course>348.0667</gpxtpx:course>
		</gpxtpx:TrackPointExtension>
	</extensions>
</trkpt>
<trkpt lat="-9.1224640" lon="148.3124715">
	<ele>659.94</ele>
	<time>2026-02-01T04:47:42.690Z</time>
	<hdop>3.79</hdop>
	<extensions>
		<gpxtpx:TrackPointExtension>
			<gpxtpx:course>342.7965</gpxtpx:course>
		</gpxtpx:TrackPointExtension>
	</extensions>
</trkpt>
<trkpt lat="-9.1223847" lon="148.3124204">
	<ele>657.82</ele>
	<time>2026-02-01T04:47:56.690Z</time>
	<hdop>3.79</hdop>
	<extensions>
		<gpxtpx:TrackPointExtension>
			<gpxtpx:course>317.94705</gpxtpx:course>
		</gpxtpx:TrackPointExtension>
	</extensions>
</trkpt>
<trkpt lat="-9.1223168" lon="148.3123487">
	<ele>658.17</ele>
	<time>2026-02-01T04:48:09.690Z</time>
	<hdop>3.79</hdop>
	<extensions>
		<gpxtpx:TrackPointExtension>
			<gpxtpx:course>306.1082</gpxtpx:course>
		</gpxtpx:TrackPointExtension>
	</extensions>
</trkpt>
<trkpt lat="-9.1222410" lon="148.3122838">
	<ele>660.60</ele>
	<time>2026-02-01T04:48:21.690Z</time>
	<hdop>3.79</hdop>
	<extensions>
		<gpxtpx:TrackPointExtension>
			<gpxtpx:course>304.97754</gpxtpx:course>
		</gpxtpx:TrackPointExtension>
	</extensions>
</trkpt>
<trkpt lat="-9.1221890" lon="148.3121971">
	<ele>661.96</ele>
	<time>2026-02-01T04:48:32.690Z</time>
	<hdop>3.79</hdop>
	<extensions>
		<gpxtpx:TrackPointExtension>
			<gpxtpx:course>293.70804</gpxtpx:course>
		</gpxtpx:TrackPointExtension>
	</extensions>
</trkpt>
<trkpt lat="-9.1221335" lon="148.3121182">
	<ele>662.18</ele>
	<time>2026-02-01T04:48:42.690Z</time>
	<hdop>3.79</hdop>
	<extensions>
		<gpxtpx:TrackPointExtension>
			<gpxtpx:course>322.85986</gpxtpx:course>
		</gpxtpx:TrackPointExtension>
	</extensions>
</trkpt>
<trkpt lat="-9.1220723" lon="148.3120502">
	<ele>660.57</ele>
	<time>2026-02-01T04:48:52.690Z</time>
	<hdop>3.79</hdop>
	<extensions>
		<gpxtpx:TrackPointExtension>
			<gpxtpx:course>310.85056</gpxtpx:course>
		</gpxtpx:TrackPointExtension>
	</extensions>
</trkpt>
<trkpt lat="-9.1220265" lon="148.3119639">
	<ele>660.63</ele>
	<time>2026-02-01T04:49:03.690Z</time>
	<hdop>3.79</hdop>
	<extensions>
		<gpxtpx:TrackPointExtension>
			<gpxtpx:course>300.92166</gpxtpx:course>
		</gpxtpx:TrackPointExtension>
	</extensions>
</trkpt>
<trkpt lat="-9.1219978" lon="148.3118709">
	<ele>663.40</ele>
	<time>2026-02-01T04:49:15.690Z</time>
	<hdop>3.79</hdop>
	<extensions>
		<gpxtpx:TrackPointExtension>
			<gpxtpx:course>278.97186</gpxtpx:course>
		</gpxtpx:TrackPointExtension>
	</extensions>
</trkpt>
<trkpt lat="-9.1219965" lon="148.3117738">
	<ele>663.56</ele>
	<time>2026-02-01T04:49:26.690Z</time>
	<hdop>3.79</hdop>
	<extensions>
		<gpxtpx:TrackPointExtension>
			<gpxtpx:course>289.53476</gpxtpx:course>
		</gpxtpx:TrackPointExtension>
	</extensions>
</trkpt>
<trkpt lat="-9.1219706" lon="148.3116783">
	<ele>663.94</ele>
	<time>2026-02-01T04:49:38.690Z</time>
	<hdop>3.79</hdop>
	<extensions>
		<gpxtpx:TrackPointExtension>
			<gpxtpx:course>293.93652</gpxtpx:course>
		</gpxtpx:TrackPointExtension>
	</extensions>
</trkpt>
<trkpt lat="-9.1219329" lon="148.3115934">
	<ele>664.04</ele>
	<time>2026-02-01T04:49:50.691Z</time>
	<hdop>3.79</hdop>
	<extensions>
		<gpxtpx:TrackPointExtension>
			<gpxtpx:course>282.1064</gpxtpx:course>
		</gpxtpx:TrackPointExtension>
	</extensions>
</trkpt>
<trkpt lat="-9.1219513" lon="148.3115043">
	<ele>665.35</ele>
	<time>2026-02-01T04:50:05.690Z</time>
	<hdop>3.79</hdop>
	<extensions>
		<gpxtpx:TrackPointExtension>
			<gpxtpx:course>255.02583</gpxtpx:course>
		</gpxtpx:TrackPointExtension>
	</extensions>
</trkpt>
<trkpt lat="-9.1219435" lon="148.3114080">
	<ele>665.19</ele>
	<time>2026-02-01T04:51:43.690Z</time>
	<hdop>3.79</hdop>
	<extensions>
		<gpxtpx:TrackPointExtension>
			<gpxtpx:course>262.9976</gpxtpx:course>
		</gpxtpx:TrackPointExtension>
	</extensions>
</trkpt>
<trkpt lat="-9.1219096" lon="148.3113206">
	<ele>668.06</ele>
	<time>2026-02-01T04:51:58.690Z</time>
	<hdop>3.79</hdop>
	<extensions>
		<gpxtpx:TrackPointExtension>
			<gpxtpx:course>270.0</gpxtpx:course>
		</gpxtpx:TrackPointExtension>
	</extensions>
</trkpt>
<trkpt lat="-9.1218848" lon="148.3112324">
	<ele>668.10</ele>
	<time>2026-02-01T04:52:16.690Z</time>
	<hdop>3.79</hdop>
	<extensions>
		<gpxtpx:TrackPointExtension>
			<gpxtpx:course>339.6282</gpxtpx:course>
		</gpxtpx:TrackPointExtension>
	</extensions>
</trkpt>
<trkpt lat="-9.1218346" lon="148.3111548">
	<ele>667.83</ele>
	<time>2026-02-01T04:52:32.690Z</time>
	<hdop>3.79</hdop>
	<extensions>
		<gpxtpx:TrackPointExtension>
			<gpxtpx:course>304.85162</gpxtpx:course>
		</gpxtpx:TrackPointExtension>
	</extensions>
</trkpt>
<trkpt lat="-9.1217717" lon="148.3110836">
	<ele>665.92</ele>
	<time>2026-02-01T04:52:51.691Z</time>
	<hdop>3.79</hdop>
	<extensions>
		<gpxtpx:TrackPointExtension>
			<gpxtpx:course>291.8062</gpxtpx:course>
		</gpxtpx:TrackPointExtension>
	</extensions>
</trkpt>
<trkpt lat="-9.1217227" lon="148.3110045">
	<ele>667.50</ele>
	<time>2026-02-01T04:53:12.690Z</time>
	<hdop>3.79</hdop>
	<extensions>
		<gpxtpx:TrackPointExtension>
			<gpxtpx:course>314.85318</gpxtpx:course>
		</gpxtpx:TrackPointExtension>
	</extensions>
</trkpt>
<trkpt lat="-9.1216591" lon="148.3109347">
	<ele>667.58</ele>
	<time>2026-02-01T04:53:29.691Z</time>
	<hdop>3.79</hdop>
	<extensions>
		<gpxtpx:TrackPointExtension>
			<gpxtpx:course>309.8144</gpxtpx:course>
		</gpxtpx:TrackPointExtension>
	</extensions>
</trkpt>
<trkpt lat="-9.1215779" lon="148.3108834">
	<ele>667.30</ele>
	<time>2026-02-01T04:53:44.690Z</time>
	<hdop>3.79</hdop>
	<extensions>
		<gpxtpx:TrackPointExtension>
			<gpxtpx:course>336.86865</gpxtpx:course>
		</gpxtpx:TrackPointExtension>
	</extensions>
</trkpt>
<trkpt lat="-9.1215192" lon="148.3108105">
	<ele>664.76</ele>
	<time>2026-02-01T04:53:59.690Z</time>
	<hdop>3.79</hdop>
	<extensions>
		<gpxtpx:TrackPointExtension>
			<gpxtpx:course>338.83582</gpxtpx:course>
		</gpxtpx:TrackPointExtension>
	</extensions>
</trkpt>
<trkpt lat="-9.1214670" lon="148.3107311">
	<ele>663.63</ele>
	<time>2026-02-01T04:54:13.690Z</time>
	<hdop>3.79</hdop>
	<extensions>
		<gpxtpx:TrackPointExtension>
			<gpxtpx:course>289.80768</gpxtpx:course>
		</gpxtpx:TrackPointExtension>
	</extensions>
</trkpt>
<trkpt lat="-9.1214126" lon="148.3106573">
	<ele>662.87</ele>
	<time>2026-02-01T04:54:27.690Z</time>
	<hdop>3.79</hdop>
	<extensions>
		<gpxtpx:TrackPointExtension>
			<gpxtpx:course>291.3774</gpxtpx:course>
		</gpxtpx:TrackPointExtension>
	</extensions>
</trkpt>
<trkpt lat="-9.1213652" lon="148.3105734">
	<ele>662.66</ele>
	<time>2026-02-01T04:54:40.690Z</time>
	<hdop>3.79</hdop>
	<extensions>
		<gpxtpx:TrackPointExtension>
			<gpxtpx:course>321.76398</gpxtpx:course>
		</gpxtpx:TrackPointExtension>
	</extensions>
</trkpt>
<trkpt lat="-9.1212902" lon="148.3105139">
	<ele>663.31</ele>
	<time>2026-02-01T04:54:53.690Z</time>
	<hdop>3.79</hdop>
	<extensions>
		<gpxtpx:TrackPointExtension>
			<gpxtpx:course>319.0912</gpxtpx:course>
		</gpxtpx:TrackPointExtension>
	</extensions>
</trkpt>
<trkpt lat="-9.1212287" lon="148.3104434">
	<ele>664.10</ele>
	<time>2026-02-01T04:55:04.690Z</time>
	<hdop>3.79</hdop>
	<extensions>
		<gpxtpx:TrackPointExtension>
			<gpxtpx:course>314.98764</gpxtpx:course>
		</gpxtpx:TrackPointExtension>
	</extensions>
</trkpt>
<trkpt lat="-9.1211631" lon="148.3103736">
	<ele>665.79</ele>
	<time>2026-02-01T04:55:15.690Z</time>
	<hdop>3.79</hdop>
	<extensions>
		<gpxtpx:TrackPointExtension>
			<gpxtpx:course>334.61472</gpxtpx:course>
		</gpxtpx:TrackPointExtension>
	</extensions>
</trkpt>
<trkpt lat="-9.1210980" lon="148.3103087">
	<ele>665.47</ele>
	<time>2026-02-01T04:55:26.690Z</time>
	<hdop>3.79</hdop>
	<extensions>
		<gpxtpx:TrackPointExtension>
			<gpxtpx:course>291.09814</gpxtpx:course>
		</gpxtpx:TrackPointExtension>
	</extensions>
</trkpt>
<trkpt lat="-9.1210504" lon="148.3102259">
	<ele>665.10</ele>
	<time>2026-02-01T04:55:39.690Z</time>
	<hdop>3.79</hdop>
	<extensions>
		<gpxtpx:TrackPointExtension>
			<gpxtpx:course>299.94308</gpxtpx:course>
		</gpxtpx:TrackPointExtension>
	</extensions>
</trkpt>
<trkpt lat="-9.1210067" lon="148.3101442">
	<ele>665.03</ele>
	<time>2026-02-01T04:55:51.690Z</time>
	<hdop>3.79</hdop>
	<extensions>
		<gpxtpx:TrackPointExtension>
			<gpxtpx:course>288.56274</gpxtpx:course>
		</gpxtpx:TrackPointExtension>
	</extensions>
</trkpt>
<trkpt lat="-9.1209733" lon="148.3100587">
	<ele>664.66</ele>
	<time>2026-02-01T04:56:02.691Z</time>
	<hdop>3.79</hdop>
	<extensions>
		<gpxtpx:TrackPointExtension>
			<gpxtpx:course>316.61307</gpxtpx:course>
		</gpxtpx:TrackPointExtension>
	</extensions>
</trkpt>
<trkpt lat="-9.1209159" lon="148.3099865">
	<ele>665.51</ele>
	<time>2026-02-01T04:56:15.690Z</time>
	<hdop>3.79</hdop>
	<extensions>
		<gpxtpx:TrackPointExtension>
			<gpxtpx:course>318.96225</gpxtpx:course>
		</gpxtpx:TrackPointExtension>
	</extensions>
</trkpt>
<trkpt lat="-9.1208581" lon="148.3099122">
	<ele>664.07</ele>
	<time>2026-02-01T04:56:28.691Z</time>
	<hdop>3.79</hdop>
	<extensions>
		<gpxtpx:TrackPointExtension>
			<gpxtpx:course>302.8531</gpxtpx:course>
		</gpxtpx:TrackPointExtension>
	</extensions>
</trkpt>
<trkpt lat="-9.1208121" lon="148.3098274">
	<ele>661.17</ele>
	<time>2026-02-01T04:59:43.690Z</time>
	<hdop>3.79</hdop>
	<extensions>
		<gpxtpx:TrackPointExtension>
			<gpxtpx:course>267.99997</gpxtpx:course>
		</gpxtpx:TrackPointExtension>
	</extensions>
</trkpt>
<trkpt lat="-9.1207757" lon="148.3097366">
	<ele>659.86</ele>
	<time>2026-02-01T04:59:54.691Z</time>
	<hdop>3.79</hdop>
	<extensions>
		<gpxtpx:TrackPointExtension>
			<gpxtpx:course>295.98688</gpxtpx:course>
		</gpxtpx:TrackPointExtension>
	</extensions>
</trkpt>
<trkpt lat="-9.1207576" lon="148.3096421">
	<ele>659.49</ele>
	<time>2026-02-01T05:00:06.690Z</time>
	<hdop>3.79</hdop>
	<extensions>
		<gpxtpx:TrackPointExtension>
			<gpxtpx:course>268.02823</gpxtpx:course>
		</gpxtpx:TrackPointExtension>
	</extensions>
</trkpt>
<trkpt lat="-9.1207723" lon="148.3095519">
	<ele>659.18</ele>
	<time>2026-02-01T05:00:37.690Z</time>
	<hdop>3.79</hdop>
	<extensions>
		<gpxtpx:TrackPointExtension>
			<gpxtpx:course>287.0678</gpxtpx:course>
		</gpxtpx:TrackPointExtension>
	</extensions>
</trkpt>
<trkpt lat="-9.1207914" lon="148.3094626">
	<ele>660.13</ele>
	<time>2026-02-01T05:00:56.691Z</time>
	<hdop>3.79</hdop>
	<extensions>
		<gpxtpx:TrackPointExtension>
			<gpxtpx:course>242.46477</gpxtpx:course>
		</gpxtpx:TrackPointExtension>
	</extensions>
</trkpt>
<trkpt lat="-9.1208102" lon="148.3093655">
	<ele>657.88</ele>
	<time>2026-02-01T05:01:16.690Z</time>
	<hdop>3.79</hdop>
	<extensions>
		<gpxtpx:TrackPointExtension>
			<gpxtpx:course>275.99878</gpxtpx:course>
		</gpxtpx:TrackPointExtension>
	</extensions>
</trkpt>
<trkpt lat="-9.1208765" lon="148.3093016">
	<ele>658.87</ele>
	<time>2026-02-01T05:02:01.690Z</time>
	<hdop>3.79</hdop>
	<extensions>
		<gpxtpx:TrackPointExtension>
			<gpxtpx:course>226.60464</gpxtpx:course>
		</gpxtpx:TrackPointExtension>
	</extensions>
</trkpt>
<trkpt lat="-9.1209047" lon="148.3092038">
	<ele>656.23</ele>
	<time>2026-02-01T05:02:11.690Z</time>
	<hdop>3.79</hdop>
	<extensions>
		<gpxtpx:TrackPointExtension>
			<gpxtpx:course>251.16158</gpxtpx:course>
		</gpxtpx:TrackPointExtension>
	</extensions>
</trkpt>
<trkpt lat="-9.1209568" lon="148.3091292">
	<ele>655.78</ele>
	<time>2026-02-01T05:02:21.690Z</time>
	<hdop>3.79</hdop>
	<extensions>
		<gpxtpx:TrackPointExtension>
			<gpxtpx:course>210.06963</gpxtpx:course>
		</gpxtpx:TrackPointExtension>
	</extensions>
</trkpt>
<trkpt lat="-9.1210328" lon="148.3090782">
	<ele>653.80</ele>
	<time>2026-02-01T05:02:33.690Z</time>
	<hdop>3.79</hdop>
	<extensions>
		<gpxtpx:TrackPointExtension>
			<gpxtpx:course>199.24438</gpxtpx:course>
		</gpxtpx:TrackPointExtension>
	</extensions>
</trkpt>
<trkpt lat="-9.1211122" lon="148.3091253">
	<ele>650.13</ele>
	<time>2026-02-01T05:02:49.690Z</time>
	<hdop>3.79</hdop>
	<extensions>
		<gpxtpx:TrackPointExtension>
			<gpxtpx:course>133.89638</gpxtpx:course>
		</gpxtpx:TrackPointExtension>
	</extensions>
</trkpt>
<trkpt lat="-9.1211520" lon="148.3092125">
	<ele>646.49</ele>
	<time>2026-02-01T05:03:24.690Z</time>
	<hdop>3.79</hdop>
	<extensions>
		<gpxtpx:TrackPointExtension>
			<gpxtpx:course>252.46289</gpxtpx:course>
		</gpxtpx:TrackPointExtension>
	</extensions>
</trkpt>
<trkpt lat="-9.1211810" lon="148.3093029">
	<ele>647.60</ele>
	<time>2026-02-01T05:03:35.691Z</time>
	<hdop>3.79</hdop>
	<extensions>
		<gpxtpx:TrackPointExtension>
			<gpxtpx:course>92.307915</gpxtpx:course>
		</gpxtpx:TrackPointExtension>
	</extensions>
</trkpt>
<trkpt lat="-9.1211522" lon="148.3092131">
	<ele>648.76</ele>
	<time>2026-02-01T05:05:45.690Z</time>
	<hdop>3.79</hdop>
	<extensions>
		<gpxtpx:TrackPointExtension>
			<gpxtpx:course>226.5723</gpxtpx:course>
		</gpxtpx:TrackPointExtension>
	</extensions>
</trkpt>
<trkpt lat="-9.1211896" lon="148.3091282">
	<ele>648.32</ele>
	<time>2026-02-01T05:05:55.690Z</time>
	<hdop>3.79</hdop>
	<extensions>
		<gpxtpx:TrackPointExtension>
			<gpxtpx:course>228.7473</gpxtpx:course>
		</gpxtpx:TrackPointExtension>
	</extensions>
</trkpt>
<trkpt lat="-9.1212236" lon="148.3090344">
	<ele>650.05</ele>
	<time>2026-02-01T05:06:05.690Z</time>
	<hdop>3.79</hdop>
	<extensions>
		<gpxtpx:TrackPointExtension>
			<gpxtpx:course>245.63782</gpxtpx:course>
		</gpxtpx:TrackPointExtension>
	</extensions>
</trkpt>
<trkpt lat="-9.1212910" lon="148.3089611">
	<ele>646.97</ele>
	<time>2026-02-01T05:06:15.690Z</time>
	<hdop>3.79</hdop>
	<extensions>
		<gpxtpx:TrackPointExtension>
			<gpxtpx:course>196.0177</gpxtpx:course>
		</gpxtpx:TrackPointExtension>
	</extensions>
</trkpt>
<trkpt lat="-9.1213932" lon="148.3089199">
	<ele>645.05</ele>
	<time>2026-02-01T05:06:25.691Z</time>
	<hdop>3.79</hdop>
	<extensions>
		<gpxtpx:TrackPointExtension>
			<gpxtpx:course>193.96243</gpxtpx:course>
		</gpxtpx:TrackPointExtension>
	</extensions>
</trkpt>
<trkpt lat="-9.1214742" lon="148.3088741">
	<ele>643.52</ele>
	<time>2026-02-01T05:06:35.691Z</time>
	<hdop>3.79</hdop>
	<extensions>
		<gpxtpx:TrackPointExtension>
			<gpxtpx:course>193.67366</gpxtpx:course>
		</gpxtpx:TrackPointExtension>
	</extensions>
</trkpt>
<trkpt lat="-9.1215508" lon="148.3088184">
	<ele>643.62</ele>
	<time>2026-02-01T05:07:19.690Z</time>
	<hdop>3.79</hdop>
	<extensions>
		<gpxtpx:TrackPointExtension>
			<gpxtpx:course>255.09935</gpxtpx:course>
		</gpxtpx:TrackPointExtension>
	</extensions>
</trkpt>
<trkpt lat="-9.1216221" lon="148.3087561">
	<ele>647.73</ele>
	<time>2026-02-01T05:07:35.690Z</time>
	<hdop>3.79</hdop>
	<extensions>
		<gpxtpx:TrackPointExtension>
			<gpxtpx:course>241.64017</gpxtpx:course>
		</gpxtpx:TrackPointExtension>
	</extensions>
</trkpt>
<trkpt lat="-9.1216157" lon="148.3086606">
	<ele>652.21</ele>
	<time>2026-02-01T05:08:03.690Z</time>
	<hdop>3.79</hdop>
	<extensions>
		<gpxtpx:TrackPointExtension>
			<gpxtpx:course>269.1166</gpxtpx:course>
		</gpxtpx:TrackPointExtension>
	</extensions>
</trkpt>
<trkpt lat="-9.1216449" lon="148.3085702">
	<ele>652.09</ele>
	<time>2026-02-01T05:08:41.690Z</time>
	<hdop>3.79</hdop>
	<extensions>
		<gpxtpx:TrackPointExtension>
			<gpxtpx:course>237.28662</gpxtpx:course>
		</gpxtpx:TrackPointExtension>
	</extensions>
</trkpt>
<trkpt lat="-9.1216340" lon="148.3084784">
	<ele>654.71</ele>
	<time>2026-02-01T05:09:20.691Z</time>
	<hdop>3.79</hdop>
	<extensions>
		<gpxtpx:TrackPointExtension>
			<gpxtpx:course>280.70355</gpxtpx:course>
		</gpxtpx:TrackPointExtension>
	</extensions>
</trkpt>
<trkpt lat="-9.1215863" lon="148.3083992">
	<ele>657.44</ele>
	<time>2026-02-01T05:09:46.690Z</time>
	<hdop>3.79</hdop>
	<extensions>
		<gpxtpx:TrackPointExtension>
			<gpxtpx:course>339.09738</gpxtpx:course>
		</gpxtpx:TrackPointExtension>
	</extensions>
</trkpt>
<trkpt lat="-9.1215096" lon="148.3083444">
	<ele>657.98</ele>
	<time>2026-02-01T05:11:05.690Z</time>
	<hdop>3.79</hdop>
	<extensions>
		<gpxtpx:TrackPointExtension>
			<gpxtpx:course>307.38144</gpxtpx:course>
		</gpxtpx:TrackPointExtension>
	</extensions>
</trkpt>
<trkpt lat="-9.1214735" lon="148.3082576">
	<ele>659.94</ele>
	<time>2026-02-01T05:11:20.690Z</time>
	<hdop>3.79</hdop>
	<extensions>
		<gpxtpx:TrackPointExtension>
			<gpxtpx:course>281.64883</gpxtpx:course>
		</gpxtpx:TrackPointExtension>
	</extensions>
</trkpt>
<trkpt lat="-9.1214639" lon="148.3081636">
	<ele>660.83</ele>
	<time>2026-02-01T05:11:35.691Z</time>
	<hdop>3.79</hdop>
	<extensions>
		<gpxtpx:TrackPointExtension>
			<gpxtpx:course>257.04266</gpxtpx:course>
		</gpxtpx:TrackPointExtension>
	</extensions>
</trkpt>
<trkpt lat="-9.1214457" lon="148.3080686">
	<ele>662.18</ele>
	<time>2026-02-01T05:11:53.690Z</time>
	<hdop>3.79</hdop>
	<extensions>
		<gpxtpx:TrackPointExtension>
			<gpxtpx:course>337.0534</gpxtpx:course>
		</gpxtpx:TrackPointExtension>
	</extensions>
</trkpt>
<trkpt lat="-9.1214994" lon="148.3079745">
	<ele>659.50</ele>
	<time>2026-02-01T05:15:15.690Z</time>
	<hdop>3.79</hdop>
	<extensions>
		<gpxtpx:TrackPointExtension>
			<gpxtpx:course>224.3511</gpxtpx:course>
		</gpxtpx:TrackPointExtension>
	</extensions>
</trkpt>
<trkpt lat="-9.1215302" lon="148.3078185">
	<ele>660.30</ele>
	<time>2026-02-01T05:15:25.690Z</time>
	<hdop>3.79</hdop>
	<extensions>
		<gpxtpx:TrackPointExtension>
			<gpxtpx:course>258.56506</gpxtpx:course>
		</gpxtpx:TrackPointExtension>
	</extensions>
</trkpt>
<trkpt lat="-9.1215599" lon="148.3076841">
	<ele>660.30</ele>
	<time>2026-02-01T05:15:35.691Z</time>
	<hdop>3.79</hdop>
	<extensions>
		<gpxtpx:TrackPointExtension>
			<gpxtpx:course>248.01866</gpxtpx:course>
		</gpxtpx:TrackPointExtension>
	</extensions>
</trkpt>
<trkpt lat="-9.1215635" lon="148.3075355">
	<ele>662.72</ele>
	<time>2026-02-01T05:15:46.690Z</time>
	<hdop>3.79</hdop>
	<extensions>
		<gpxtpx:TrackPointExtension>
			<gpxtpx:course>278.57922</gpxtpx:course>
		</gpxtpx:TrackPointExtension>
	</extensions>
</trkpt>
<trkpt lat="-9.1215410" lon="148.3073956">
	<ele>661.79</ele>
	<time>2026-02-01T05:15:56.691Z</time>
	<hdop>3.79</hdop>
	<extensions>
		<gpxtpx:TrackPointExtension>
			<gpxtpx:course>271.0105</gpxtpx:course>
		</gpxtpx:TrackPointExtension>
	</extensions>
</trkpt>
<trkpt lat="-9.1214879" lon="148.3072791">
	<ele>661.30</ele>
	<time>2026-02-01T05:16:07.691Z</time>
	<hdop>3.79</hdop>
	<extensions>
		<gpxtpx:TrackPointExtension>
			<gpxtpx:course>292.88663</gpxtpx:course>
		</gpxtpx:TrackPointExtension>
	</extensions>
</trkpt>
<trkpt lat="-9.1214110" lon="148.3071804">
	<ele>663.76</ele>
	<time>2026-02-01T05:16:18.690Z</time>
	<hdop>3.79</hdop>
	<extensions>
		<gpxtpx:TrackPointExtension>
			<gpxtpx:course>358.10593</gpxtpx:course>
		</gpxtpx:TrackPointExtension>
	</extensions>
</trkpt>
<trkpt lat="-9.1212968" lon="148.3072476">
	<ele>664.17</ele>
	<time>2026-02-01T05:16:28.690Z</time>
	<hdop>3.79</hdop>
	<extensions>
		<gpxtpx:TrackPointExtension>
			<gpxtpx:course>23.00024</gpxtpx:course>
		</gpxtpx:TrackPointExtension>
	</extensions>
</trkpt>
<trkpt lat="-9.1211806" lon="148.3072939">
	<ele>664.67</ele>
	<time>2026-02-01T05:16:38.690Z</time>
	<hdop>3.79</hdop>
	<extensions>
		<gpxtpx:TrackPointExtension>
			<gpxtpx:course>18.04153</gpxtpx:course>
		</gpxtpx:TrackPointExtension>
	</extensions>
</trkpt>
<trkpt lat="-9.1210591" lon="148.3073374">
	<ele>665.39</ele>
	<time>2026-02-01T05:16:48.690Z</time>
	<hdop>3.79</hdop>
	<extensions>
		<gpxtpx:TrackPointExtension>
			<gpxtpx:course>24.02768</gpxtpx:course>
		</gpxtpx:TrackPointExtension>
	</extensions>
</trkpt>
<trkpt lat="-9.1209355" lon="148.3073789">
	<ele>665.47</ele>
	<time>2026-02-01T05:16:58.690Z</time>
	<hdop>3.79</hdop>
	<extensions>
		<gpxtpx:TrackPointExtension>
			<gpxtpx:course>20.006014</gpxtpx:course>
		</gpxtpx:TrackPointExtension>
	</extensions>
</trkpt>
<trkpt lat="-9.1208236" lon="148.3074404">
	<ele>665.76</ele>
	<time>2026-02-01T05:17:08.690Z</time>
	<hdop>3.79</hdop>
	<extensions>
		<gpxtpx:TrackPointExtension>
			<gpxtpx:course>33.99128</gpxtpx:course>
		</gpxtpx:TrackPointExtension>
	</extensions>
</trkpt>
<trkpt lat="-9.1207194" lon="148.3075062">
	<ele>665.06</ele>
	<time>2026-02-01T05:17:18.690Z</time>
	<hdop>3.79</hdop>
	<extensions>
		<gpxtpx:TrackPointExtension>
			<gpxtpx:course>38.832306</gpxtpx:course>
		</gpxtpx:TrackPointExtension>
	</extensions>
</trkpt>
<trkpt lat="-9.1206266" lon="148.3075782">
	<ele>663.62</ele>
	<time>2026-02-01T05:17:28.690Z</time>
	<hdop>3.79</hdop>
	<extensions>
		<gpxtpx:TrackPointExtension>
			<gpxtpx:course>46.928856</gpxtpx:course>
		</gpxtpx:TrackPointExtension>
	</extensions>
</trkpt>
<trkpt lat="-9.1205727" lon="148.3076572">
	<ele>661.68</ele>
	<time>2026-02-01T05:17:38.690Z</time>
	<hdop>3.79</hdop>
	<extensions>
		<gpxtpx:TrackPointExtension>
			<gpxtpx:course>71.34294</gpxtpx:course>
		</gpxtpx:TrackPointExtension>
	</extensions>
</trkpt>
<trkpt lat="-9.1205124" lon="148.3077273">
	<ele>662.22</ele>
	<time>2026-02-01T05:20:13.690Z</time>
	<hdop>3.79</hdop>
	<extensions>
		<gpxtpx:TrackPointExtension>
			<gpxtpx:course>23.437721</gpxtpx:course>
		</gpxtpx:TrackPointExtension>
	</extensions>
</trkpt>
<trkpt lat="-9.1205981" lon="148.3076963">
	<ele>660.62</ele>
	<time>2026-02-01T05:21:49.691Z</time>
	<hdop>3.79</hdop>
	<extensions>
		<gpxtpx:TrackPointExtension>
			<gpxtpx:course>196.00461</gpxtpx:course>
		</gpxtpx:TrackPointExtension>
	</extensions>
</trkpt>
<trkpt lat="-9.1206227" lon="148.3076074">
	<ele>661.65</ele>
	<time>2026-02-01T05:36:48.690Z</time>
	<hdop>3.79</hdop>
	<extensions>
		<gpxtpx:TrackPointExtension>
			<gpxtpx:course>230.91432</gpxtpx:course>
		</gpxtpx:TrackPointExtension>
	</extensions>
</trkpt>
<trkpt lat="-9.1206885" lon="148.3075411">
	<ele>661.80</ele>
	<time>2026-02-01T05:43:18.690Z</time>
	<hdop>3.79</hdop>
	<extensions>
		<gpxtpx:TrackPointExtension>
			<gpxtpx:course>217.84245</gpxtpx:course>
		</gpxtpx:TrackPointExtension>
	</extensions>
</trkpt>
<trkpt lat="-9.1207608" lon="148.3074860">
	<ele>664.17</ele>
	<time>2026-02-01T05:43:28.690Z</time>
	<hdop>3.79</hdop>
	<extensions>
		<gpxtpx:TrackPointExtension>
			<gpxtpx:course>221.00822</gpxtpx:course>
		</gpxtpx:TrackPointExtension>
	</extensions>
</trkpt>
<trkpt lat="-9.1208375" lon="148.3074251">
	<ele>663.61</ele>
	<time>2026-02-01T05:43:40.691Z</time>
	<hdop>3.79</hdop>
	<extensions>
		<gpxtpx:TrackPointExtension>
			<gpxtpx:course>201.10486</gpxtpx:course>
		</gpxtpx:TrackPointExtension>
	</extensions>
</trkpt>
<trkpt lat="-9.1209183" lon="148.3073761">
	<ele>662.64</ele>
	<time>2026-02-01T05:43:50.691Z</time>
	<hdop>3.79</hdop>
	<extensions>
		<gpxtpx:TrackPointExtension>
			<gpxtpx:course>203.97119</gpxtpx:course>
		</gpxtpx:TrackPointExtension>
	</extensions>
</trkpt>
<trkpt lat="-9.1210091" lon="148.3073462">
	<ele>663.18</ele>
	<time>2026-02-01T05:44:02.691Z</time>
	<hdop>3.79</hdop>
	<extensions>
		<gpxtpx:TrackPointExtension>
			<gpxtpx:course>203.22066</gpxtpx:course>
		</gpxtpx:TrackPointExtension>
	</extensions>
</trkpt>
<trkpt lat="-9.1211019" lon="148.3073056">
	<ele>662.97</ele>
	<time>2026-02-01T05:44:13.690Z</time>
	<hdop>3.79</hdop>
	<extensions>
		<gpxtpx:TrackPointExtension>
			<gpxtpx:course>199.15076</gpxtpx:course>
		</gpxtpx:TrackPointExtension>
	</extensions>
</trkpt>
<trkpt lat="-9.1211998" lon="148.3072843">
	<ele>662.64</ele>
	<time>2026-02-01T05:44:23.690Z</time>
	<hdop>3.79</hdop>
	<extensions>
		<gpxtpx:TrackPointExtension>
			<gpxtpx:course>193.45236</gpxtpx:course>
		</gpxtpx:TrackPointExtension>
	</extensions>
</trkpt>
<trkpt lat="-9.1212892" lon="148.3072449">
	<ele>662.91</ele>
	<time>2026-02-01T05:44:34.690Z</time>
	<hdop>3.79</hdop>
	<extensions>
		<gpxtpx:TrackPointExtension>
			<gpxtpx:course>212.28632</gpxtpx:course>
		</gpxtpx:TrackPointExtension>
	</extensions>
</trkpt>
<trkpt lat="-9.1213549" lon="148.3071756">
	<ele>662.31</ele>
	<time>2026-02-01T05:44:45.690Z</time>
	<hdop>3.79</hdop>
	<extensions>
		<gpxtpx:TrackPointExtension>
			<gpxtpx:course>228.1903</gpxtpx:course>
		</gpxtpx:TrackPointExtension>
	</extensions>
</trkpt>
<trkpt lat="-9.1214386" lon="148.3071291">
	<ele>665.79</ele>
	<time>2026-02-01T05:44:55.690Z</time>
	<hdop>7.89</hdop>
	<extensions>
		<gpxtpx:TrackPointExtension>
			<gpxtpx:course>195.20267</gpxtpx:course>
		</gpxtpx:TrackPointExtension>
	</extensions>
</trkpt>
<trkpt lat="-9.1215208" lon="148.3070869">
	<ele>664.58</ele>
	<time>2026-02-01T05:45:05.690Z</time>
	<hdop>3.79</hdop>
	<extensions>
		<gpxtpx:TrackPointExtension>
			<gpxtpx:course>202.93764</gpxtpx:course>
		</gpxtpx:TrackPointExtension>
	</extensions>
</trkpt>
<trkpt lat="-9.1216126" lon="148.3070561">
	<ele>664.62</ele>
	<time>2026-02-01T05:45:15.691Z</time>
	<hdop>3.79</hdop>
	<extensions>
		<gpxtpx:TrackPointExtension>
			<gpxtpx:course>197.0622</gpxtpx:course>
		</gpxtpx:TrackPointExtension>
	</extensions>
</trkpt>
<trkpt lat="-9.1216994" lon="148.3071026">
	<ele>665.65</ele>
	<time>2026-02-01T05:45:27.690Z</time>
	<hdop>3.79</hdop>
	<extensions>
		<gpxtpx:TrackPointExtension>
			<gpxtpx:course>161.50204</gpxtpx:course>
		</gpxtpx:TrackPointExtension>
	</extensions>
</trkpt>
<trkpt lat="-9.1217891" lon="148.3071506">
	<ele>664.00</ele>
	<time>2026-02-01T05:45:37.691Z</time>
	<hdop>3.79</hdop>
	<extensions>
		<gpxtpx:TrackPointExtension>
			<gpxtpx:course>124.16585</gpxtpx:course>
		</gpxtpx:TrackPointExtension>
	</extensions>
</trkpt>
<trkpt lat="-9.1218143" lon="148.3072522">
	<ele>664.51</ele>
	<time>2026-02-01T05:45:47.691Z</time>
	<hdop>3.79</hdop>
	<extensions>
		<gpxtpx:TrackPointExtension>
			<gpxtpx:course>99.97057</gpxtpx:course>
		</gpxtpx:TrackPointExtension>
	</extensions>
</trkpt>
<trkpt lat="-9.1218454" lon="148.3073573">
	<ele>663.43</ele>
	<time>2026-02-01T05:45:58.690Z</time>
	<hdop>3.79</hdop>
	<extensions>
		<gpxtpx:TrackPointExtension>
			<gpxtpx:course>130.97388</gpxtpx:course>
		</gpxtpx:TrackPointExtension>
	</extensions>
</trkpt>
<trkpt lat="-9.1219180" lon="148.3074212">
	<ele>663.20</ele>
	<time>2026-02-01T05:46:08.691Z</time>
	<hdop>3.79</hdop>
	<extensions>
		<gpxtpx:TrackPointExtension>
			<gpxtpx:course>147.84846</gpxtpx:course>
		</gpxtpx:TrackPointExtension>
	</extensions>
</trkpt>
<trkpt lat="-9.1220047" lon="148.3074643">
	<ele>662.66</ele>
	<time>2026-02-01T05:46:21.690Z</time>
	<hdop>3.79</hdop>
	<extensions>
		<gpxtpx:TrackPointExtension>
			<gpxtpx:course>161.09198</gpxtpx:course>
		</gpxtpx:TrackPointExtension>
	</extensions>
</trkpt>
<trkpt lat="-9.1220877" lon="148.3075101">
	<ele>662.67</ele>
	<time>2026-02-01T05:46:34.690Z</time>
	<hdop>3.79</hdop>
	<extensions>
		<gpxtpx:TrackPointExtension>
			<gpxtpx:course>157.817</gpxtpx:course>
		</gpxtpx:TrackPointExtension>
	</extensions>
</trkpt>
<trkpt lat="-9.1221786" lon="148.3075012">
	<ele>662.17</ele>
	<time>2026-02-01T05:46:46.691Z</time>
	<hdop>3.79</hdop>
	<extensions>
		<gpxtpx:TrackPointExtension>
			<gpxtpx:course>190.25291</gpxtpx:course>
		</gpxtpx:TrackPointExtension>
	</extensions>
</trkpt>
<trkpt lat="-9.1222197" lon="148.3075841">
	<ele>661.37</ele>
	<time>2026-02-01T05:46:57.691Z</time>
	<hdop>3.79</hdop>
	<extensions>
		<gpxtpx:TrackPointExtension>
			<gpxtpx:course>117.96394</gpxtpx:course>
		</gpxtpx:TrackPointExtension>
	</extensions>
</trkpt>
<trkpt lat="-9.1222855" lon="148.3076553">
	<ele>660.75</ele>
	<time>2026-02-01T05:47:09.690Z</time>
	<hdop>3.79</hdop>
	<extensions>
		<gpxtpx:TrackPointExtension>
			<gpxtpx:course>131.63322</gpxtpx:course>
		</gpxtpx:TrackPointExtension>
	</extensions>
</trkpt>
</trkseg>
</trk>
</gpx>
