<?xml version="1.0" encoding="utf-8" standalone="yes"?>
<gpx version="1.1" creator="Locus Map, Android"
 xmlns="http://www.topografix.com/GPX/1/1"
 xmlns:xsi="http://www.w3.org/2001/XMLSchema-instance"
 xsi:schemaLocation="http://www.topografix.com/GPX/1/1 http://www.topografix.com/GPX/1/1/gpx.xsd"
 xmlns:gpxx="http://www.garmin.com/xmlschemas/GpxExtensions/v3"
 xmlns:gpxtrkx="http://www.garmin.com/xmlschemas/TrackStatsExtension/v1"
 xmlns:gpxtpx="http://www.garmin.com/xmlschemas/TrackPointExtension/v2"
 xmlns:locus="https://www.locusmap.app">
	<metadata>
		<desc>File with points/tracks from Locus Map/4.31.3</desc>
		<time>2026-03-10T06:50:44.192Z</time>
	</metadata>
<trk>
	<name>Cropping Calendar Survey Track to Kuhara 2025-12-12 06:12</name>
	<extensions>
		<line xmlns="http://www.topografix.com/GPX/gpx_style/0/2">
			<color>0000FF</color>
			<opacity>0.70</opacity>
			<width>6.0</width>
			<extensions>
				<locus:lsColorBase>#B30000FF</locus:lsColorBase>
				<locus:lsWidth>6.0</locus:lsWidth>
				<locus:lsUnits>PIXELS</locus:lsUnits>
			</extensions>
		</line>
		<locus:activity>walking</locus:activity>
	</extensions>
<trkseg>
<trkpt lat="-9.0626038" lon="148.3784954">
	<ele>734.25</ele>
	<time>2025-12-11T20:12:04.000Z</time>
	<hdop>3.79</hdop>
	<extensions>
		<gpxtpx:TrackPointExtension>
			<gpxtpx:course>291.8</gpxtpx:course>
		</gpxtpx:TrackPointExtension>
	</extensions>
</trkpt>
<trkpt lat="-9.0625513" lon="148.3783861">
	<ele>737.80</ele>
	<time>2025-12-11T20:12:14.000Z</time>
	<hdop>3.79</hdop>
	<extensions>
		<gpxtpx:TrackPointExtension>
			<gpxtpx:course>297.2</gpxtpx:course>
		</gpxtpx:TrackPointExtension>
	</extensions>
</trkpt>
<trkpt lat="-9.0625206" lon="148.3782751">
	<ele>739.21</ele>
	<time>2025-12-11T20:12:24.000Z</time>
	<hdop>3.79</hdop>
	<extensions>
		<gpxtpx:TrackPointExtension>
			<gpxtpx:course>279.5</gpxtpx:course>
		</gpxtpx:TrackPointExtension>
	</extensions>
</trkpt>
<trkpt lat="-9.0625251" lon="148.3781319">
	<ele>739.76</ele>
	<time>2025-12-11T20:12:34.000Z</time>
	<hdop>3.79</hdop>
	<extensions>
		<gpxtpx:TrackPointExtension>
			<gpxtpx:course>259.0</gpxtpx:course>
		</gpxtpx:TrackPointExtension>
	</extensions>
</trkpt>
<trkpt lat="-9.0625456" lon="148.3780182">
	<ele>742.61</ele>
	<time>2025-12-11T20:12:44.000Z</time>
	<hdop>3.79</hdop>
	<extensions>
		<gpxtpx:TrackPointExtension>
			<gpxtpx:course>276.2</gpxtpx:course>
		</gpxtpx:TrackPointExtension>
	</extensions>
</trkpt>
<trkpt lat="-9.0625774" lon="148.3778894">
	<ele>740.32</ele>
	<time>2025-12-11T20:12:54.000Z</time>
	<hdop>3.79</hdop>
	<extensions>
		<gpxtpx:TrackPointExtension>
			<gpxtpx:course>263.1</gpxtpx:course>
		</gpxtpx:TrackPointExtension>
	</extensions>
</trkpt>
<trkpt lat="-9.0625972" lon="148.3777707">
	<ele>740.06</ele>
	<time>2025-12-11T20:13:04.000Z</time>
	<hdop>3.79</hdop>
	<extensions>
		<gpxtpx:TrackPointExtension>
			<gpxtpx:course>265.6</gpxtpx:course>
		</gpxtpx:TrackPointExtension>
	</extensions>
</trkpt>
<trkpt lat="-9.0626129" lon="148.3776394">
	<ele>739.81</ele>
	<time>2025-12-11T20:13:14.000Z</time>
	<hdop>3.79</hdop>
	<extensions>
		<gpxtpx:TrackPointExtension>
			<gpxtpx:course>278.3</gpxtpx:course>
		</gpxtpx:TrackPointExtension>
	</extensions>
</trkpt>
<trkpt lat="-9.0626319" lon="148.3775024">
	<ele>741.74</ele>
	<time>2025-12-11T20:13:24.000Z</time>
	<hdop>3.79</hdop>
	<extensions>
		<gpxtpx:TrackPointExtension>
			<gpxtpx:course>257.5</gpxtpx:course>
		</gpxtpx:TrackPointExtension>
	</extensions>
</trkpt>
<trkpt lat="-9.0626404" lon="148.3773616">
	<ele>741.76</ele>
	<time>2025-12-11T20:13:34.000Z</time>
	<hdop>3.79</hdop>
	<extensions>
		<gpxtpx:TrackPointExtension>
			<gpxtpx:course>266.6</gpxtpx:course>
		</gpxtpx:TrackPointExtension>
	</extensions>
</trkpt>
<trkpt lat="-9.0626023" lon="148.3772407">
	<ele>741.45</ele>
	<time>2025-12-11T20:13:44.000Z</time>
	<hdop>3.79</hdop>
	<extensions>
		<gpxtpx:TrackPointExtension>
			<gpxtpx:course>301.4</gpxtpx:course>
		</gpxtpx:TrackPointExtension>
	</extensions>
</trkpt>
<trkpt lat="-9.0625295" lon="148.3771388">
	<ele>737.94</ele>
	<time>2025-12-11T20:13:54.000Z</time>
	<hdop>3.79</hdop>
	<extensions>
		<gpxtpx:TrackPointExtension>
			<gpxtpx:course>323.5</gpxtpx:course>
		</gpxtpx:TrackPointExtension>
	</extensions>
</trkpt>
<trkpt lat="-9.0624303" lon="148.3770651">
	<ele>737.39</ele>
	<time>2025-12-11T20:14:04.000Z</time>
	<hdop>3.79</hdop>
	<extensions>
		<gpxtpx:TrackPointExtension>
			<gpxtpx:course>327.1</gpxtpx:course>
		</gpxtpx:TrackPointExtension>
	</extensions>
</trkpt>
<trkpt lat="-9.0623570" lon="148.3769987">
	<ele>736.71</ele>
	<time>2025-12-11T20:14:16.000Z</time>
	<hdop>3.79</hdop>
	<extensions>
		<gpxtpx:TrackPointExtension>
			<gpxtpx:course>331.9</gpxtpx:course>
		</gpxtpx:TrackPointExtension>
	</extensions>
</trkpt>
<trkpt lat="-9.0623101" lon="148.3769144">
	<ele>736.59</ele>
	<time>2025-12-11T20:14:37.000Z</time>
	<hdop>3.79</hdop>
	<extensions>
		<gpxtpx:TrackPointExtension>
			<gpxtpx:course>302.9</gpxtpx:course>
		</gpxtpx:TrackPointExtension>
	</extensions>
</trkpt>
<trkpt lat="-9.0622038" lon="148.3768538">
	<ele>737.26</ele>
	<time>2025-12-11T20:14:47.000Z</time>
	<hdop>3.79</hdop>
	<extensions>
		<gpxtpx:TrackPointExtension>
			<gpxtpx:course>354.5</gpxtpx:course>
		</gpxtpx:TrackPointExtension>
	</extensions>
</trkpt>
<trkpt lat="-9.0621130" lon="148.3768570">
	<ele>736.80</ele>
	<time>2025-12-11T20:15:06.000Z</time>
	<hdop>3.79</hdop>
	<extensions>
		<gpxtpx:TrackPointExtension>
			<gpxtpx:course>340.8</gpxtpx:course>
		</gpxtpx:TrackPointExtension>
	</extensions>
</trkpt>
<trkpt lat="-9.0619971" lon="148.3768045">
	<ele>736.52</ele>
	<time>2025-12-11T20:15:16.000Z</time>
	<hdop>3.79</hdop>
	<extensions>
		<gpxtpx:TrackPointExtension>
			<gpxtpx:course>331.5</gpxtpx:course>
		</gpxtpx:TrackPointExtension>
	</extensions>
</trkpt>
<trkpt lat="-9.0619050" lon="148.3767438">
	<ele>735.59</ele>
	<time>2025-12-11T20:15:26.000Z</time>
	<hdop>3.79</hdop>
	<extensions>
		<gpxtpx:TrackPointExtension>
			<gpxtpx:course>342.7</gpxtpx:course>
		</gpxtpx:TrackPointExtension>
	</extensions>
</trkpt>
<trkpt lat="-9.0618155" lon="148.3766998">
	<ele>735.79</ele>
	<time>2025-12-11T20:15:36.000Z</time>
	<hdop>3.79</hdop>
	<extensions>
		<gpxtpx:TrackPointExtension>
			<gpxtpx:course>340.9</gpxtpx:course>
		</gpxtpx:TrackPointExtension>
	</extensions>
</trkpt>
<trkpt lat="-9.0617358" lon="148.3766536">
	<ele>735.68</ele>
	<time>2025-12-11T20:16:00.000Z</time>
	<hdop>3.79</hdop>
	<extensions>
		<gpxtpx:TrackPointExtension>
			<gpxtpx:course>319.2</gpxtpx:course>
		</gpxtpx:TrackPointExtension>
	</extensions>
</trkpt>
<trkpt lat="-9.0616514" lon="148.3765689">
	<ele>735.89</ele>
	<time>2025-12-11T20:16:10.000Z</time>
	<hdop>3.79</hdop>
	<extensions>
		<gpxtpx:TrackPointExtension>
			<gpxtpx:course>319.0</gpxtpx:course>
		</gpxtpx:TrackPointExtension>
	</extensions>
</trkpt>
<trkpt lat="-9.0615603" lon="148.3764962">
	<ele>736.10</ele>
	<time>2025-12-11T20:16:20.000Z</time>
	<hdop>3.79</hdop>
	<extensions>
		<gpxtpx:TrackPointExtension>
			<gpxtpx:course>318.0</gpxtpx:course>
		</gpxtpx:TrackPointExtension>
	</extensions>
</trkpt>
<trkpt lat="-9.0614858" lon="148.3764054">
	<ele>736.00</ele>
	<time>2025-12-11T20:16:30.000Z</time>
	<hdop>3.79</hdop>
	<extensions>
		<gpxtpx:TrackPointExtension>
			<gpxtpx:course>299.0</gpxtpx:course>
		</gpxtpx:TrackPointExtension>
	</extensions>
</trkpt>
<trkpt lat="-9.0613955" lon="148.3763227">
	<ele>735.85</ele>
	<time>2025-12-11T20:16:40.000Z</time>
	<hdop>3.79</hdop>
	<extensions>
		<gpxtpx:TrackPointExtension>
			<gpxtpx:course>310.9</gpxtpx:course>
		</gpxtpx:TrackPointExtension>
	</extensions>
</trkpt>
<trkpt lat="-9.0613077" lon="148.3762465">
	<ele>736.47</ele>
	<time>2025-12-11T20:16:50.000Z</time>
	<hdop>3.79</hdop>
	<extensions>
		<gpxtpx:TrackPointExtension>
			<gpxtpx:course>315.4</gpxtpx:course>
		</gpxtpx:TrackPointExtension>
	</extensions>
</trkpt>
<trkpt lat="-9.0612164" lon="148.3761708">
	<ele>739.59</ele>
	<time>2025-12-11T20:17:00.000Z</time>
	<hdop>3.79</hdop>
	<extensions>
		<gpxtpx:TrackPointExtension>
			<gpxtpx:course>312.0</gpxtpx:course>
		</gpxtpx:TrackPointExtension>
	</extensions>
</trkpt>
<trkpt lat="-9.0611357" lon="148.3760661">
	<ele>740.52</ele>
	<time>2025-12-11T20:17:10.000Z</time>
	<hdop>3.79</hdop>
	<extensions>
		<gpxtpx:TrackPointExtension>
			<gpxtpx:course>309.5</gpxtpx:course>
		</gpxtpx:TrackPointExtension>
	</extensions>
</trkpt>
<trkpt lat="-9.0610629" lon="148.3759668">
	<ele>740.31</ele>
	<time>2025-12-11T20:17:20.000Z</time>
	<hdop>3.79</hdop>
	<extensions>
		<gpxtpx:TrackPointExtension>
			<gpxtpx:course>310.0</gpxtpx:course>
		</gpxtpx:TrackPointExtension>
	</extensions>
</trkpt>
<trkpt lat="-9.0609783" lon="148.3758716">
	<ele>743.66</ele>
	<time>2025-12-11T20:17:30.000Z</time>
	<hdop>3.79</hdop>
	<extensions>
		<gpxtpx:TrackPointExtension>
			<gpxtpx:course>316.3</gpxtpx:course>
		</gpxtpx:TrackPointExtension>
	</extensions>
</trkpt>
<trkpt lat="-9.0609244" lon="148.3757972">
	<ele>742.54</ele>
	<time>2025-12-11T20:17:46.000Z</time>
	<hdop>3.79</hdop>
	<extensions>
		<gpxtpx:TrackPointExtension>
			<gpxtpx:course>312.3</gpxtpx:course>
		</gpxtpx:TrackPointExtension>
	</extensions>
</trkpt>
<trkpt lat="-9.0608656" lon="148.3757040">
	<ele>742.67</ele>
	<time>2025-12-11T20:17:56.000Z</time>
	<hdop>3.79</hdop>
	<extensions>
		<gpxtpx:TrackPointExtension>
			<gpxtpx:course>300.5</gpxtpx:course>
		</gpxtpx:TrackPointExtension>
	</extensions>
</trkpt>
<trkpt lat="-9.0608371" lon="148.3755834">
	<ele>743.47</ele>
	<time>2025-12-11T20:18:06.000Z</time>
	<hdop>3.79</hdop>
	<extensions>
		<gpxtpx:TrackPointExtension>
			<gpxtpx:course>274.1</gpxtpx:course>
		</gpxtpx:TrackPointExtension>
	</extensions>
</trkpt>
<trkpt lat="-9.0608897" lon="148.3755068">
	<ele>741.37</ele>
	<time>2025-12-11T20:18:16.000Z</time>
	<hdop>3.79</hdop>
	<extensions>
		<gpxtpx:TrackPointExtension>
			<gpxtpx:course>228.4</gpxtpx:course>
		</gpxtpx:TrackPointExtension>
	</extensions>
</trkpt>
<trkpt lat="-9.0608930" lon="148.3754119">
	<ele>741.54</ele>
	<time>2025-12-11T20:24:02.000Z</time>
	<hdop>3.79</hdop>
	<extensions>
		<gpxtpx:TrackPointExtension>
			<gpxtpx:course>289.0</gpxtpx:course>
		</gpxtpx:TrackPointExtension>
	</extensions>
</trkpt>
<trkpt lat="-9.0608589" lon="148.3753174">
	<ele>742.83</ele>
	<time>2025-12-11T20:24:12.000Z</time>
	<hdop>3.79</hdop>
	<extensions>
		<gpxtpx:TrackPointExtension>
			<gpxtpx:course>261.5</gpxtpx:course>
		</gpxtpx:TrackPointExtension>
	</extensions>
</trkpt>
<trkpt lat="-9.0608234" lon="148.3752048">
	<ele>743.92</ele>
	<time>2025-12-11T20:24:22.000Z</time>
	<hdop>3.79</hdop>
	<extensions>
		<gpxtpx:TrackPointExtension>
			<gpxtpx:course>296.5</gpxtpx:course>
		</gpxtpx:TrackPointExtension>
	</extensions>
</trkpt>
<trkpt lat="-9.0607723" lon="148.3751098">
	<ele>745.13</ele>
	<time>2025-12-11T20:24:32.000Z</time>
	<hdop>3.79</hdop>
	<extensions>
		<gpxtpx:TrackPointExtension>
			<gpxtpx:course>299.7</gpxtpx:course>
		</gpxtpx:TrackPointExtension>
	</extensions>
</trkpt>
<trkpt lat="-9.0607234" lon="148.3750016">
	<ele>745.76</ele>
	<time>2025-12-11T20:24:42.000Z</time>
	<hdop>3.79</hdop>
	<extensions>
		<gpxtpx:TrackPointExtension>
			<gpxtpx:course>301.9</gpxtpx:course>
		</gpxtpx:TrackPointExtension>
	</extensions>
</trkpt>
<trkpt lat="-9.0606547" lon="148.3749044">
	<ele>746.91</ele>
	<time>2025-12-11T20:24:52.000Z</time>
	<hdop>3.79</hdop>
	<extensions>
		<gpxtpx:TrackPointExtension>
			<gpxtpx:course>317.4</gpxtpx:course>
		</gpxtpx:TrackPointExtension>
	</extensions>
</trkpt>
<trkpt lat="-9.0605838" lon="148.3748037">
	<ele>747.91</ele>
	<time>2025-12-11T20:25:02.000Z</time>
	<hdop>3.79</hdop>
	<extensions>
		<gpxtpx:TrackPointExtension>
			<gpxtpx:course>310.9</gpxtpx:course>
		</gpxtpx:TrackPointExtension>
	</extensions>
</trkpt>
<trkpt lat="-9.0605057" lon="148.3747163">
	<ele>750.08</ele>
	<time>2025-12-11T20:25:12.000Z</time>
	<hdop>3.79</hdop>
	<extensions>
		<gpxtpx:TrackPointExtension>
			<gpxtpx:course>304.2</gpxtpx:course>
		</gpxtpx:TrackPointExtension>
	</extensions>
</trkpt>
<trkpt lat="-9.0604421" lon="148.3746299">
	<ele>751.15</ele>
	<time>2025-12-11T20:25:22.000Z</time>
	<hdop>3.79</hdop>
	<extensions>
		<gpxtpx:TrackPointExtension>
			<gpxtpx:course>307.7</gpxtpx:course>
		</gpxtpx:TrackPointExtension>
	</extensions>
</trkpt>
<trkpt lat="-9.0604006" lon="148.3745466">
	<ele>750.23</ele>
	<time>2025-12-11T20:25:37.000Z</time>
	<hdop>3.79</hdop>
	<extensions>
		<gpxtpx:TrackPointExtension>
			<gpxtpx:course>310.4</gpxtpx:course>
		</gpxtpx:TrackPointExtension>
	</extensions>
</trkpt>
<trkpt lat="-9.0603255" lon="148.3744428">
	<ele>750.57</ele>
	<time>2025-12-11T20:25:47.000Z</time>
	<hdop>3.79</hdop>
	<extensions>
		<gpxtpx:TrackPointExtension>
			<gpxtpx:course>301.9</gpxtpx:course>
		</gpxtpx:TrackPointExtension>
	</extensions>
</trkpt>
<trkpt lat="-9.0602511" lon="148.3743456">
	<ele>750.86</ele>
	<time>2025-12-11T20:25:57.000Z</time>
	<hdop>3.79</hdop>
	<extensions>
		<gpxtpx:TrackPointExtension>
			<gpxtpx:course>301.3</gpxtpx:course>
		</gpxtpx:TrackPointExtension>
	</extensions>
</trkpt>
<trkpt lat="-9.0601915" lon="148.3742708">
	<ele>750.87</ele>
	<time>2025-12-11T20:26:07.000Z</time>
	<hdop>3.79</hdop>
	<extensions>
		<gpxtpx:TrackPointExtension>
			<gpxtpx:course>301.7</gpxtpx:course>
		</gpxtpx:TrackPointExtension>
	</extensions>
</trkpt>
<trkpt lat="-9.0601087" lon="148.3741755">
	<ele>751.14</ele>
	<time>2025-12-11T20:26:17.000Z</time>
	<hdop>3.79</hdop>
	<extensions>
		<gpxtpx:TrackPointExtension>
			<gpxtpx:course>316.6</gpxtpx:course>
		</gpxtpx:TrackPointExtension>
	</extensions>
</trkpt>
<trkpt lat="-9.0600257" lon="148.3740845">
	<ele>752.40</ele>
	<time>2025-12-11T20:26:27.000Z</time>
	<hdop>3.79</hdop>
	<extensions>
		<gpxtpx:TrackPointExtension>
			<gpxtpx:course>305.1</gpxtpx:course>
		</gpxtpx:TrackPointExtension>
	</extensions>
</trkpt>
<trkpt lat="-9.0599385" lon="148.3739856">
	<ele>753.88</ele>
	<time>2025-12-11T20:26:37.000Z</time>
	<hdop>3.79</hdop>
	<extensions>
		<gpxtpx:TrackPointExtension>
			<gpxtpx:course>328.6</gpxtpx:course>
		</gpxtpx:TrackPointExtension>
	</extensions>
</trkpt>
<trkpt lat="-9.0598856" lon="148.3738815">
	<ele>755.26</ele>
	<time>2025-12-11T20:26:47.000Z</time>
	<hdop>3.79</hdop>
	<extensions>
		<gpxtpx:TrackPointExtension>
			<gpxtpx:course>314.6</gpxtpx:course>
		</gpxtpx:TrackPointExtension>
	</extensions>
</trkpt>
<trkpt lat="-9.0597917" lon="148.3737806">
	<ele>756.12</ele>
	<time>2025-12-11T20:26:57.000Z</time>
	<hdop>3.79</hdop>
	<extensions>
		<gpxtpx:TrackPointExtension>
			<gpxtpx:course>312.7</gpxtpx:course>
		</gpxtpx:TrackPointExtension>
	</extensions>
</trkpt>
<trkpt lat="-9.0597364" lon="148.3736602">
	<ele>756.13</ele>
	<time>2025-12-11T20:27:07.000Z</time>
	<hdop>3.79</hdop>
	<extensions>
		<gpxtpx:TrackPointExtension>
			<gpxtpx:course>292.3</gpxtpx:course>
		</gpxtpx:TrackPointExtension>
	</extensions>
</trkpt>
<trkpt lat="-9.0597271" lon="148.3735441">
	<ele>754.78</ele>
	<time>2025-12-11T20:27:17.000Z</time>
	<hdop>3.79</hdop>
	<extensions>
		<gpxtpx:TrackPointExtension>
			<gpxtpx:course>284.8</gpxtpx:course>
		</gpxtpx:TrackPointExtension>
	</extensions>
</trkpt>
<trkpt lat="-9.0597145" lon="148.3734228">
	<ele>758.19</ele>
	<time>2025-12-11T20:27:27.000Z</time>
	<hdop>3.79</hdop>
	<extensions>
		<gpxtpx:TrackPointExtension>
			<gpxtpx:course>277.4</gpxtpx:course>
		</gpxtpx:TrackPointExtension>
	</extensions>
</trkpt>
<trkpt lat="-9.0597036" lon="148.3732998">
	<ele>757.75</ele>
	<time>2025-12-11T20:27:37.000Z</time>
	<hdop>3.79</hdop>
	<extensions>
		<gpxtpx:TrackPointExtension>
			<gpxtpx:course>282.1</gpxtpx:course>
		</gpxtpx:TrackPointExtension>
	</extensions>
</trkpt>
<trkpt lat="-9.0596860" lon="148.3731896">
	<ele>759.71</ele>
	<time>2025-12-11T20:27:47.000Z</time>
	<hdop>3.79</hdop>
	<extensions>
		<gpxtpx:TrackPointExtension>
			<gpxtpx:course>280.5</gpxtpx:course>
		</gpxtpx:TrackPointExtension>
	</extensions>
</trkpt>
<trkpt lat="-9.0596580" lon="148.3730864">
	<ele>762.01</ele>
	<time>2025-12-11T20:27:57.000Z</time>
	<hdop>3.79</hdop>
	<extensions>
		<gpxtpx:TrackPointExtension>
			<gpxtpx:course>300.7</gpxtpx:course>
		</gpxtpx:TrackPointExtension>
	</extensions>
</trkpt>
<trkpt lat="-9.0596562" lon="148.3729950">
	<ele>762.50</ele>
	<time>2025-12-11T20:28:07.000Z</time>
	<hdop>3.79</hdop>
	<extensions>
		<gpxtpx:TrackPointExtension>
			<gpxtpx:course>265.2</gpxtpx:course>
		</gpxtpx:TrackPointExtension>
	</extensions>
</trkpt>
<trkpt lat="-9.0597030" lon="148.3728990">
	<ele>760.76</ele>
	<time>2025-12-11T20:28:17.000Z</time>
	<hdop>3.79</hdop>
	<extensions>
		<gpxtpx:TrackPointExtension>
			<gpxtpx:course>256.2</gpxtpx:course>
		</gpxtpx:TrackPointExtension>
	</extensions>
</trkpt>
<trkpt lat="-9.0597623" lon="148.3728097">
	<ele>759.81</ele>
	<time>2025-12-11T20:28:27.000Z</time>
	<hdop>3.79</hdop>
	<extensions>
		<gpxtpx:TrackPointExtension>
			<gpxtpx:course>222.7</gpxtpx:course>
		</gpxtpx:TrackPointExtension>
	</extensions>
</trkpt>
<trkpt lat="-9.0598207" lon="148.3727109">
	<ele>761.24</ele>
	<time>2025-12-11T20:28:37.000Z</time>
	<hdop>3.79</hdop>
	<extensions>
		<gpxtpx:TrackPointExtension>
			<gpxtpx:course>237.5</gpxtpx:course>
		</gpxtpx:TrackPointExtension>
	</extensions>
</trkpt>
<trkpt lat="-9.0598439" lon="148.3726060">
	<ele>765.19</ele>
	<time>2025-12-11T20:28:47.000Z</time>
	<hdop>3.79</hdop>
	<extensions>
		<gpxtpx:TrackPointExtension>
			<gpxtpx:course>253.4</gpxtpx:course>
		</gpxtpx:TrackPointExtension>
	</extensions>
</trkpt>
<trkpt lat="-9.0598872" lon="148.3724956">
	<ele>764.79</ele>
	<time>2025-12-11T20:28:57.000Z</time>
	<hdop>3.79</hdop>
	<extensions>
		<gpxtpx:TrackPointExtension>
			<gpxtpx:course>258.8</gpxtpx:course>
		</gpxtpx:TrackPointExtension>
	</extensions>
</trkpt>
<trkpt lat="-9.0598343" lon="148.3724161">
	<ele>765.13</ele>
	<time>2025-12-11T20:29:07.000Z</time>
	<hdop>3.79</hdop>
	<extensions>
		<gpxtpx:TrackPointExtension>
			<gpxtpx:course>304.7</gpxtpx:course>
		</gpxtpx:TrackPointExtension>
	</extensions>
</trkpt>
<trkpt lat="-9.0597450" lon="148.3723622">
	<ele>767.21</ele>
	<time>2025-12-11T20:29:17.000Z</time>
	<hdop>3.79</hdop>
	<extensions>
		<gpxtpx:TrackPointExtension>
			<gpxtpx:course>330.9</gpxtpx:course>
		</gpxtpx:TrackPointExtension>
	</extensions>
</trkpt>
<trkpt lat="-9.0596501" lon="148.3723244">
	<ele>768.83</ele>
	<time>2025-12-11T20:29:27.000Z</time>
	<hdop>3.79</hdop>
	<extensions>
		<gpxtpx:TrackPointExtension>
			<gpxtpx:course>332.6</gpxtpx:course>
		</gpxtpx:TrackPointExtension>
	</extensions>
</trkpt>
<trkpt lat="-9.0595533" lon="148.3722483">
	<ele>769.94</ele>
	<time>2025-12-11T20:29:37.000Z</time>
	<hdop>3.79</hdop>
	<extensions>
		<gpxtpx:TrackPointExtension>
			<gpxtpx:course>306.1</gpxtpx:course>
		</gpxtpx:TrackPointExtension>
	</extensions>
</trkpt>
<trkpt lat="-9.0594599" lon="148.3721620">
	<ele>767.77</ele>
	<time>2025-12-11T20:29:47.000Z</time>
	<hdop>3.79</hdop>
	<extensions>
		<gpxtpx:TrackPointExtension>
			<gpxtpx:course>324.2</gpxtpx:course>
		</gpxtpx:TrackPointExtension>
	</extensions>
</trkpt>
<trkpt lat="-9.0594204" lon="148.3720528">
	<ele>768.04</ele>
	<time>2025-12-11T20:29:57.000Z</time>
	<hdop>3.79</hdop>
	<extensions>
		<gpxtpx:TrackPointExtension>
			<gpxtpx:course>279.3</gpxtpx:course>
		</gpxtpx:TrackPointExtension>
	</extensions>
</trkpt>
<trkpt lat="-9.0594055" lon="148.3719472">
	<ele>770.04</ele>
	<time>2025-12-11T20:30:07.000Z</time>
	<hdop>9.94</hdop>
	<extensions>
		<gpxtpx:TrackPointExtension>
			<gpxtpx:course>288.1</gpxtpx:course>
		</gpxtpx:TrackPointExtension>
	</extensions>
</trkpt>
<trkpt lat="-9.0593466" lon="148.3718686">
	<ele>770.04</ele>
	<time>2025-12-11T20:30:43.000Z</time>
	<hdop>3.79</hdop>
	<extensions>
		<gpxtpx:TrackPointExtension>
			<gpxtpx:course>336.7</gpxtpx:course>
		</gpxtpx:TrackPointExtension>
	</extensions>
</trkpt>
<trkpt lat="-9.0592428" lon="148.3718358">
	<ele>770.31</ele>
	<time>2025-12-11T20:30:53.000Z</time>
	<hdop>3.79</hdop>
	<extensions>
		<gpxtpx:TrackPointExtension>
			<gpxtpx:course>347.7</gpxtpx:course>
		</gpxtpx:TrackPointExtension>
	</extensions>
</trkpt>
<trkpt lat="-9.0591482" lon="148.3718012">
	<ele>770.82</ele>
	<time>2025-12-11T20:31:03.000Z</time>
	<hdop>3.79</hdop>
	<extensions>
		<gpxtpx:TrackPointExtension>
			<gpxtpx:course>341.8</gpxtpx:course>
		</gpxtpx:TrackPointExtension>
	</extensions>
</trkpt>
<trkpt lat="-9.0590574" lon="148.3717742">
	<ele>771.83</ele>
	<time>2025-12-11T20:31:13.000Z</time>
	<hdop>3.79</hdop>
	<extensions>
		<gpxtpx:TrackPointExtension>
			<gpxtpx:course>337.1</gpxtpx:course>
		</gpxtpx:TrackPointExtension>
	</extensions>
</trkpt>
<trkpt lat="-9.0589630" lon="148.3717426">
	<ele>772.83</ele>
	<time>2025-12-11T20:31:23.000Z</time>
	<hdop>3.79</hdop>
	<extensions>
		<gpxtpx:TrackPointExtension>
			<gpxtpx:course>355.9</gpxtpx:course>
		</gpxtpx:TrackPointExtension>
	</extensions>
</trkpt>
<trkpt lat="-9.0588744" lon="148.3717222">
	<ele>775.32</ele>
	<time>2025-12-11T20:31:33.000Z</time>
	<hdop>3.79</hdop>
	<extensions>
		<gpxtpx:TrackPointExtension>
			<gpxtpx:course>3.1</gpxtpx:course>
		</gpxtpx:TrackPointExtension>
	</extensions>
</trkpt>
<trkpt lat="-9.0587683" lon="148.3717050">
	<ele>775.98</ele>
	<time>2025-12-11T20:31:43.000Z</time>
	<hdop>3.79</hdop>
	<extensions>
		<gpxtpx:TrackPointExtension>
			<gpxtpx:course>357.9</gpxtpx:course>
		</gpxtpx:TrackPointExtension>
	</extensions>
</trkpt>
<trkpt lat="-9.0586445" lon="148.3716973">
	<ele>779.14</ele>
	<time>2025-12-11T20:31:53.000Z</time>
	<hdop>3.79</hdop>
	<extensions>
		<gpxtpx:TrackPointExtension>
			<gpxtpx:course>349.7</gpxtpx:course>
		</gpxtpx:TrackPointExtension>
	</extensions>
</trkpt>
<trkpt lat="-9.0585208" lon="148.3717080">
	<ele>781.72</ele>
	<time>2025-12-11T20:32:03.000Z</time>
	<hdop>3.79</hdop>
	<extensions>
		<gpxtpx:TrackPointExtension>
			<gpxtpx:course>352.8</gpxtpx:course>
		</gpxtpx:TrackPointExtension>
	</extensions>
</trkpt>
<trkpt lat="-9.0583995" lon="148.3717133">
	<ele>783.54</ele>
	<time>2025-12-11T20:32:13.000Z</time>
	<hdop>3.79</hdop>
	<extensions>
		<gpxtpx:TrackPointExtension>
			<gpxtpx:course>5.1</gpxtpx:course>
		</gpxtpx:TrackPointExtension>
	</extensions>
</trkpt>
<trkpt lat="-9.0582850" lon="148.3716937">
	<ele>783.58</ele>
	<time>2025-12-11T20:32:23.000Z</time>
	<hdop>3.79</hdop>
	<extensions>
		<gpxtpx:TrackPointExtension>
			<gpxtpx:course>353.8</gpxtpx:course>
		</gpxtpx:TrackPointExtension>
	</extensions>
</trkpt>
<trkpt lat="-9.0581578" lon="148.3716762">
	<ele>782.37</ele>
	<time>2025-12-11T20:32:33.000Z</time>
	<hdop>3.79</hdop>
	<extensions>
		<gpxtpx:TrackPointExtension>
			<gpxtpx:course>354.9</gpxtpx:course>
		</gpxtpx:TrackPointExtension>
	</extensions>
</trkpt>
<trkpt lat="-9.0580319" lon="148.3716883">
	<ele>783.70</ele>
	<time>2025-12-11T20:32:43.000Z</time>
	<hdop>3.79</hdop>
	<extensions>
		<gpxtpx:TrackPointExtension>
			<gpxtpx:course>18.8</gpxtpx:course>
		</gpxtpx:TrackPointExtension>
	</extensions>
</trkpt>
<trkpt lat="-9.0579288" lon="148.3716736">
	<ele>785.02</ele>
	<time>2025-12-11T20:33:18.000Z</time>
	<hdop>3.79</hdop>
	<extensions>
		<gpxtpx:TrackPointExtension>
			<gpxtpx:course>354.6</gpxtpx:course>
		</gpxtpx:TrackPointExtension>
	</extensions>
</trkpt>
<trkpt lat="-9.0578072" lon="148.3716672">
	<ele>784.06</ele>
	<time>2025-12-11T20:33:28.000Z</time>
	<hdop>3.79</hdop>
	<extensions>
		<gpxtpx:TrackPointExtension>
			<gpxtpx:course>2.2</gpxtpx:course>
		</gpxtpx:TrackPointExtension>
	</extensions>
</trkpt>
<trkpt lat="-9.0577030" lon="148.3716690">
	<ele>784.12</ele>
	<time>2025-12-11T20:33:38.000Z</time>
	<hdop>3.79</hdop>
	<extensions>
		<gpxtpx:TrackPointExtension>
			<gpxtpx:course>358.0</gpxtpx:course>
		</gpxtpx:TrackPointExtension>
	</extensions>
</trkpt>
<trkpt lat="-9.0576004" lon="148.3716651">
	<ele>783.56</ele>
	<time>2025-12-11T20:33:48.000Z</time>
	<hdop>3.79</hdop>
	<extensions>
		<gpxtpx:TrackPointExtension>
			<gpxtpx:course>0.5</gpxtpx:course>
		</gpxtpx:TrackPointExtension>
	</extensions>
</trkpt>
<trkpt lat="-9.0574845" lon="148.3716585">
	<ele>783.88</ele>
	<time>2025-12-11T20:33:58.000Z</time>
	<hdop>3.79</hdop>
	<extensions>
		<gpxtpx:TrackPointExtension>
			<gpxtpx:course>354.6</gpxtpx:course>
		</gpxtpx:TrackPointExtension>
	</extensions>
</trkpt>
<trkpt lat="-9.0573502" lon="148.3716279">
	<ele>785.26</ele>
	<time>2025-12-11T20:34:08.000Z</time>
	<hdop>3.79</hdop>
	<extensions>
		<gpxtpx:TrackPointExtension>
			<gpxtpx:course>342.0</gpxtpx:course>
		</gpxtpx:TrackPointExtension>
	</extensions>
</trkpt>
<trkpt lat="-9.0572491" lon="148.3715959">
	<ele>785.45</ele>
	<time>2025-12-11T20:34:18.000Z</time>
	<hdop>3.79</hdop>
	<extensions>
		<gpxtpx:TrackPointExtension>
			<gpxtpx:course>332.6</gpxtpx:course>
		</gpxtpx:TrackPointExtension>
	</extensions>
</trkpt>
<trkpt lat="-9.0571404" lon="148.3715629">
	<ele>786.21</ele>
	<time>2025-12-11T20:34:28.000Z</time>
	<hdop>3.79</hdop>
	<extensions>
		<gpxtpx:TrackPointExtension>
			<gpxtpx:course>352.5</gpxtpx:course>
		</gpxtpx:TrackPointExtension>
	</extensions>
</trkpt>
<trkpt lat="-9.0570148" lon="148.3715125">
	<ele>788.31</ele>
	<time>2025-12-11T20:34:38.000Z</time>
	<hdop>3.79</hdop>
	<extensions>
		<gpxtpx:TrackPointExtension>
			<gpxtpx:course>341.0</gpxtpx:course>
		</gpxtpx:TrackPointExtension>
	</extensions>
</trkpt>
<trkpt lat="-9.0568908" lon="148.3714659">
	<ele>789.72</ele>
	<time>2025-12-11T20:34:48.000Z</time>
	<hdop>3.79</hdop>
	<extensions>
		<gpxtpx:TrackPointExtension>
			<gpxtpx:course>334.0</gpxtpx:course>
		</gpxtpx:TrackPointExtension>
	</extensions>
</trkpt>
<trkpt lat="-9.0567684" lon="148.3714375">
	<ele>791.40</ele>
	<time>2025-12-11T20:34:58.000Z</time>
	<hdop>3.79</hdop>
	<extensions>
		<gpxtpx:TrackPointExtension>
			<gpxtpx:course>349.9</gpxtpx:course>
		</gpxtpx:TrackPointExtension>
	</extensions>
</trkpt>
<trkpt lat="-9.0566556" lon="148.3714066">
	<ele>792.13</ele>
	<time>2025-12-11T20:35:08.000Z</time>
	<hdop>3.79</hdop>
	<extensions>
		<gpxtpx:TrackPointExtension>
			<gpxtpx:course>344.7</gpxtpx:course>
		</gpxtpx:TrackPointExtension>
	</extensions>
</trkpt>
<trkpt lat="-9.0565446" lon="148.3713668">
	<ele>792.79</ele>
	<time>2025-12-11T20:35:18.000Z</time>
	<hdop>3.79</hdop>
	<extensions>
		<gpxtpx:TrackPointExtension>
			<gpxtpx:course>346.8</gpxtpx:course>
		</gpxtpx:TrackPointExtension>
	</extensions>
</trkpt>
<trkpt lat="-9.0564276" lon="148.3713264">
	<ele>793.61</ele>
	<time>2025-12-11T20:35:28.000Z</time>
	<hdop>3.79</hdop>
	<extensions>
		<gpxtpx:TrackPointExtension>
			<gpxtpx:course>340.7</gpxtpx:course>
		</gpxtpx:TrackPointExtension>
	</extensions>
</trkpt>
<trkpt lat="-9.0563048" lon="148.3712973">
	<ele>793.65</ele>
	<time>2025-12-11T20:35:38.000Z</time>
	<hdop>3.79</hdop>
	<extensions>
		<gpxtpx:TrackPointExtension>
			<gpxtpx:course>347.8</gpxtpx:course>
		</gpxtpx:TrackPointExtension>
	</extensions>
</trkpt>
<trkpt lat="-9.0561881" lon="148.3712561">
	<ele>794.29</ele>
	<time>2025-12-11T20:35:48.000Z</time>
	<hdop>3.79</hdop>
	<extensions>
		<gpxtpx:TrackPointExtension>
			<gpxtpx:course>323.9</gpxtpx:course>
		</gpxtpx:TrackPointExtension>
	</extensions>
</trkpt>
<trkpt lat="-9.0560727" lon="148.3711944">
	<ele>796.25</ele>
	<time>2025-12-11T20:35:58.000Z</time>
	<hdop>3.79</hdop>
	<extensions>
		<gpxtpx:TrackPointExtension>
			<gpxtpx:course>338.0</gpxtpx:course>
		</gpxtpx:TrackPointExtension>
	</extensions>
</trkpt>
<trkpt lat="-9.0559520" lon="148.3711419">
	<ele>796.72</ele>
	<time>2025-12-11T20:36:08.000Z</time>
	<hdop>3.79</hdop>
	<extensions>
		<gpxtpx:TrackPointExtension>
			<gpxtpx:course>336.0</gpxtpx:course>
		</gpxtpx:TrackPointExtension>
	</extensions>
</trkpt>
<trkpt lat="-9.0558424" lon="148.3710843">
	<ele>796.74</ele>
	<time>2025-12-11T20:36:18.000Z</time>
	<hdop>3.79</hdop>
	<extensions>
		<gpxtpx:TrackPointExtension>
			<gpxtpx:course>327.0</gpxtpx:course>
		</gpxtpx:TrackPointExtension>
	</extensions>
</trkpt>
<trkpt lat="-9.0557279" lon="148.3710247">
	<ele>795.13</ele>
	<time>2025-12-11T20:36:28.000Z</time>
	<hdop>3.79</hdop>
	<extensions>
		<gpxtpx:TrackPointExtension>
			<gpxtpx:course>320.1</gpxtpx:course>
		</gpxtpx:TrackPointExtension>
	</extensions>
</trkpt>
<trkpt lat="-9.0556188" lon="148.3709575">
	<ele>794.43</ele>
	<time>2025-12-11T20:36:38.000Z</time>
	<hdop>3.79</hdop>
	<extensions>
		<gpxtpx:TrackPointExtension>
			<gpxtpx:course>334.5</gpxtpx:course>
		</gpxtpx:TrackPointExtension>
	</extensions>
</trkpt>
<trkpt lat="-9.0555203" lon="148.3708824">
	<ele>794.87</ele>
	<time>2025-12-11T20:36:48.000Z</time>
	<hdop>3.79</hdop>
	<extensions>
		<gpxtpx:TrackPointExtension>
			<gpxtpx:course>313.1</gpxtpx:course>
		</gpxtpx:TrackPointExtension>
	</extensions>
</trkpt>
<trkpt lat="-9.0554177" lon="148.3708044">
	<ele>796.58</ele>
	<time>2025-12-11T20:36:58.000Z</time>
	<hdop>3.79</hdop>
	<extensions>
		<gpxtpx:TrackPointExtension>
			<gpxtpx:course>329.3</gpxtpx:course>
		</gpxtpx:TrackPointExtension>
	</extensions>
</trkpt>
<trkpt lat="-9.0553401" lon="148.3707252">
	<ele>796.55</ele>
	<time>2025-12-11T20:37:08.000Z</time>
	<hdop>3.79</hdop>
	<extensions>
		<gpxtpx:TrackPointExtension>
			<gpxtpx:course>323.5</gpxtpx:course>
		</gpxtpx:TrackPointExtension>
	</extensions>
</trkpt>
<trkpt lat="-9.0552512" lon="148.3706391">
	<ele>796.91</ele>
	<time>2025-12-11T20:37:18.000Z</time>
	<hdop>3.79</hdop>
	<extensions>
		<gpxtpx:TrackPointExtension>
			<gpxtpx:course>318.7</gpxtpx:course>
		</gpxtpx:TrackPointExtension>
	</extensions>
</trkpt>
<trkpt lat="-9.0551609" lon="148.3705474">
	<ele>796.86</ele>
	<time>2025-12-11T20:37:28.000Z</time>
	<hdop>3.79</hdop>
	<extensions>
		<gpxtpx:TrackPointExtension>
			<gpxtpx:course>317.5</gpxtpx:course>
		</gpxtpx:TrackPointExtension>
	</extensions>
</trkpt>
<trkpt lat="-9.0550664" lon="148.3704634">
	<ele>797.30</ele>
	<time>2025-12-11T20:37:38.000Z</time>
	<hdop>3.79</hdop>
	<extensions>
		<gpxtpx:TrackPointExtension>
			<gpxtpx:course>313.0</gpxtpx:course>
		</gpxtpx:TrackPointExtension>
	</extensions>
</trkpt>
<trkpt lat="-9.0549744" lon="148.3703778">
	<ele>798.29</ele>
	<time>2025-12-11T20:37:48.000Z</time>
	<hdop>3.79</hdop>
	<extensions>
		<gpxtpx:TrackPointExtension>
			<gpxtpx:course>320.1</gpxtpx:course>
		</gpxtpx:TrackPointExtension>
	</extensions>
</trkpt>
<trkpt lat="-9.0548912" lon="148.3703032">
	<ele>799.87</ele>
	<time>2025-12-11T20:37:58.000Z</time>
	<hdop>3.79</hdop>
	<extensions>
		<gpxtpx:TrackPointExtension>
			<gpxtpx:course>323.7</gpxtpx:course>
		</gpxtpx:TrackPointExtension>
	</extensions>
</trkpt>
<trkpt lat="-9.0548377" lon="148.3702295">
	<ele>800.89</ele>
	<time>2025-12-11T20:38:18.000Z</time>
	<hdop>3.79</hdop>
	<extensions>
		<gpxtpx:TrackPointExtension>
			<gpxtpx:course>307.5</gpxtpx:course>
		</gpxtpx:TrackPointExtension>
	</extensions>
</trkpt>
<trkpt lat="-9.0547638" lon="148.3701620">
	<ele>801.43</ele>
	<time>2025-12-11T20:38:28.000Z</time>
	<hdop>3.79</hdop>
	<extensions>
		<gpxtpx:TrackPointExtension>
			<gpxtpx:course>327.8</gpxtpx:course>
		</gpxtpx:TrackPointExtension>
	</extensions>
</trkpt>
<trkpt lat="-9.0547004" lon="148.3700699">
	<ele>800.90</ele>
	<time>2025-12-11T20:38:38.000Z</time>
	<hdop>3.79</hdop>
	<extensions>
		<gpxtpx:TrackPointExtension>
			<gpxtpx:course>313.3</gpxtpx:course>
		</gpxtpx:TrackPointExtension>
	</extensions>
</trkpt>
<trkpt lat="-9.0546240" lon="148.3699913">
	<ele>801.43</ele>
	<time>2025-12-11T20:38:48.000Z</time>
	<hdop>3.79</hdop>
	<extensions>
		<gpxtpx:TrackPointExtension>
			<gpxtpx:course>319.8</gpxtpx:course>
		</gpxtpx:TrackPointExtension>
	</extensions>
</trkpt>
<trkpt lat="-9.0545411" lon="148.3699256">
	<ele>800.82</ele>
	<time>2025-12-11T20:38:58.000Z</time>
	<hdop>3.79</hdop>
	<extensions>
		<gpxtpx:TrackPointExtension>
			<gpxtpx:course>327.2</gpxtpx:course>
		</gpxtpx:TrackPointExtension>
	</extensions>
</trkpt>
<trkpt lat="-9.0544535" lon="148.3698725">
	<ele>800.39</ele>
	<time>2025-12-11T20:39:08.000Z</time>
	<hdop>3.79</hdop>
	<extensions>
		<gpxtpx:TrackPointExtension>
			<gpxtpx:course>330.4</gpxtpx:course>
		</gpxtpx:TrackPointExtension>
	</extensions>
</trkpt>
<trkpt lat="-9.0543392" lon="148.3698437">
	<ele>801.28</ele>
	<time>2025-12-11T20:39:18.000Z</time>
	<hdop>3.79</hdop>
	<extensions>
		<gpxtpx:TrackPointExtension>
			<gpxtpx:course>343.6</gpxtpx:course>
		</gpxtpx:TrackPointExtension>
	</extensions>
</trkpt>
<trkpt lat="-9.0542235" lon="148.3697963">
	<ele>802.45</ele>
	<time>2025-12-11T20:39:28.000Z</time>
	<hdop>3.79</hdop>
	<extensions>
		<gpxtpx:TrackPointExtension>
			<gpxtpx:course>322.1</gpxtpx:course>
		</gpxtpx:TrackPointExtension>
	</extensions>
</trkpt>
<trkpt lat="-9.0541250" lon="148.3697262">
	<ele>802.95</ele>
	<time>2025-12-11T20:39:38.000Z</time>
	<hdop>3.79</hdop>
	<extensions>
		<gpxtpx:TrackPointExtension>
			<gpxtpx:course>334.8</gpxtpx:course>
		</gpxtpx:TrackPointExtension>
	</extensions>
</trkpt>
<trkpt lat="-9.0540210" lon="148.3696650">
	<ele>804.34</ele>
	<time>2025-12-11T20:39:48.000Z</time>
	<hdop>3.79</hdop>
	<extensions>
		<gpxtpx:TrackPointExtension>
			<gpxtpx:course>324.9</gpxtpx:course>
		</gpxtpx:TrackPointExtension>
	</extensions>
</trkpt>
<trkpt lat="-9.0539469" lon="148.3696007">
	<ele>805.03</ele>
	<time>2025-12-11T20:39:58.000Z</time>
	<hdop>3.79</hdop>
</trkpt>
<trkpt lat="-9.0538795" lon="148.3695215">
	<ele>807.92</ele>
	<time>2025-12-11T20:40:08.000Z</time>
	<hdop>3.79</hdop>
	<extensions>
		<gpxtpx:TrackPointExtension>
			<gpxtpx:course>310.2</gpxtpx:course>
		</gpxtpx:TrackPointExtension>
	</extensions>
</trkpt>
<trkpt lat="-9.0538008" lon="148.3694480">
	<ele>809.17</ele>
	<time>2025-12-11T20:40:18.000Z</time>
	<hdop>3.79</hdop>
	<extensions>
		<gpxtpx:TrackPointExtension>
			<gpxtpx:course>316.6</gpxtpx:course>
		</gpxtpx:TrackPointExtension>
	</extensions>
</trkpt>
<trkpt lat="-9.0537252" lon="148.3693808">
	<ele>811.84</ele>
	<time>2025-12-11T20:40:28.000Z</time>
	<hdop>3.79</hdop>
	<extensions>
		<gpxtpx:TrackPointExtension>
			<gpxtpx:course>335.9</gpxtpx:course>
		</gpxtpx:TrackPointExtension>
	</extensions>
</trkpt>
<trkpt lat="-9.0536427" lon="148.3693290">
	<ele>815.74</ele>
	<time>2025-12-11T20:40:39.000Z</time>
	<hdop>3.79</hdop>
	<extensions>
		<gpxtpx:TrackPointExtension>
			<gpxtpx:course>310.5</gpxtpx:course>
		</gpxtpx:TrackPointExtension>
	</extensions>
</trkpt>
<trkpt lat="-9.0535700" lon="148.3692739">
	<ele>816.71</ele>
	<time>2025-12-11T20:41:05.000Z</time>
	<hdop>3.79</hdop>
	<extensions>
		<gpxtpx:TrackPointExtension>
			<gpxtpx:course>328.2</gpxtpx:course>
		</gpxtpx:TrackPointExtension>
	</extensions>
</trkpt>
<trkpt lat="-9.0534773" lon="148.3692191">
	<ele>814.86</ele>
	<time>2025-12-11T20:41:15.000Z</time>
	<hdop>3.79</hdop>
	<extensions>
		<gpxtpx:TrackPointExtension>
			<gpxtpx:course>331.0</gpxtpx:course>
		</gpxtpx:TrackPointExtension>
	</extensions>
</trkpt>
<trkpt lat="-9.0534068" lon="148.3691617">
	<ele>816.08</ele>
	<time>2025-12-11T20:41:25.000Z</time>
	<hdop>3.79</hdop>
	<extensions>
		<gpxtpx:TrackPointExtension>
			<gpxtpx:course>311.1</gpxtpx:course>
		</gpxtpx:TrackPointExtension>
	</extensions>
</trkpt>
<trkpt lat="-9.0533370" lon="148.3690944">
	<ele>822.40</ele>
	<time>2025-12-11T20:41:36.000Z</time>
	<hdop>3.79</hdop>
	<extensions>
		<gpxtpx:TrackPointExtension>
			<gpxtpx:course>309.9</gpxtpx:course>
		</gpxtpx:TrackPointExtension>
	</extensions>
</trkpt>
<trkpt lat="-9.0532708" lon="148.3690194">
	<ele>823.46</ele>
	<time>2025-12-11T20:41:46.000Z</time>
	<hdop>3.79</hdop>
	<extensions>
		<gpxtpx:TrackPointExtension>
			<gpxtpx:course>307.2</gpxtpx:course>
		</gpxtpx:TrackPointExtension>
	</extensions>
</trkpt>
<trkpt lat="-9.0532160" lon="148.3689237">
	<ele>823.82</ele>
	<time>2025-12-11T20:41:56.000Z</time>
	<hdop>3.79</hdop>
	<extensions>
		<gpxtpx:TrackPointExtension>
			<gpxtpx:course>301.9</gpxtpx:course>
		</gpxtpx:TrackPointExtension>
	</extensions>
</trkpt>
<trkpt lat="-9.0531640" lon="148.3688288">
	<ele>822.14</ele>
	<time>2025-12-11T20:42:06.000Z</time>
	<hdop>3.79</hdop>
	<extensions>
		<gpxtpx:TrackPointExtension>
			<gpxtpx:course>304.3</gpxtpx:course>
		</gpxtpx:TrackPointExtension>
	</extensions>
</trkpt>
<trkpt lat="-9.0531249" lon="148.3687435">
	<ele>823.07</ele>
	<time>2025-12-11T20:42:16.000Z</time>
	<hdop>3.79</hdop>
	<extensions>
		<gpxtpx:TrackPointExtension>
			<gpxtpx:course>295.9</gpxtpx:course>
		</gpxtpx:TrackPointExtension>
	</extensions>
</trkpt>
<trkpt lat="-9.0530823" lon="148.3686611">
	<ele>825.54</ele>
	<time>2025-12-11T20:42:54.000Z</time>
	<hdop>3.79</hdop>
	<extensions>
		<gpxtpx:TrackPointExtension>
			<gpxtpx:course>298.4</gpxtpx:course>
		</gpxtpx:TrackPointExtension>
	</extensions>
</trkpt>
<trkpt lat="-9.0530214" lon="148.3685854">
	<ele>825.20</ele>
	<time>2025-12-11T20:43:04.000Z</time>
	<hdop>3.79</hdop>
	<extensions>
		<gpxtpx:TrackPointExtension>
			<gpxtpx:course>309.8</gpxtpx:course>
		</gpxtpx:TrackPointExtension>
	</extensions>
</trkpt>
<trkpt lat="-9.0529675" lon="148.3684857">
	<ele>825.69</ele>
	<time>2025-12-11T20:43:14.000Z</time>
	<hdop>3.79</hdop>
	<extensions>
		<gpxtpx:TrackPointExtension>
			<gpxtpx:course>291.2</gpxtpx:course>
		</gpxtpx:TrackPointExtension>
	</extensions>
</trkpt>
<trkpt lat="-9.0529050" lon="148.3684030">
	<ele>828.00</ele>
	<time>2025-12-11T20:43:24.000Z</time>
	<hdop>3.79</hdop>
	<extensions>
		<gpxtpx:TrackPointExtension>
			<gpxtpx:course>301.2</gpxtpx:course>
		</gpxtpx:TrackPointExtension>
	</extensions>
</trkpt>
<trkpt lat="-9.0528496" lon="148.3683028">
	<ele>829.30</ele>
	<time>2025-12-11T20:43:34.000Z</time>
	<hdop>3.79</hdop>
	<extensions>
		<gpxtpx:TrackPointExtension>
			<gpxtpx:course>309.3</gpxtpx:course>
		</gpxtpx:TrackPointExtension>
	</extensions>
</trkpt>
<trkpt lat="-9.0528060" lon="148.3682170">
	<ele>830.61</ele>
	<time>2025-12-11T20:43:48.000Z</time>
	<hdop>3.79</hdop>
	<extensions>
		<gpxtpx:TrackPointExtension>
			<gpxtpx:course>306.6</gpxtpx:course>
		</gpxtpx:TrackPointExtension>
	</extensions>
</trkpt>
<trkpt lat="-9.0527666" lon="148.3681135">
	<ele>831.44</ele>
	<time>2025-12-11T20:43:58.000Z</time>
	<hdop>3.79</hdop>
	<extensions>
		<gpxtpx:TrackPointExtension>
			<gpxtpx:course>292.7</gpxtpx:course>
		</gpxtpx:TrackPointExtension>
	</extensions>
</trkpt>
<trkpt lat="-9.0527044" lon="148.3680108">
	<ele>831.09</ele>
	<time>2025-12-11T20:44:08.000Z</time>
	<hdop>3.79</hdop>
	<extensions>
		<gpxtpx:TrackPointExtension>
			<gpxtpx:course>313.0</gpxtpx:course>
		</gpxtpx:TrackPointExtension>
	</extensions>
</trkpt>
<trkpt lat="-9.0526438" lon="148.3679195">
	<ele>831.76</ele>
	<time>2025-12-11T20:44:18.000Z</time>
	<hdop>3.79</hdop>
	<extensions>
		<gpxtpx:TrackPointExtension>
			<gpxtpx:course>298.0</gpxtpx:course>
		</gpxtpx:TrackPointExtension>
	</extensions>
</trkpt>
<trkpt lat="-9.0525831" lon="148.3678157">
	<ele>832.46</ele>
	<time>2025-12-11T20:44:28.000Z</time>
	<hdop>3.79</hdop>
	<extensions>
		<gpxtpx:TrackPointExtension>
			<gpxtpx:course>295.3</gpxtpx:course>
		</gpxtpx:TrackPointExtension>
	</extensions>
</trkpt>
<trkpt lat="-9.0525165" lon="148.3677206">
	<ele>834.91</ele>
	<time>2025-12-11T20:44:38.000Z</time>
	<hdop>3.79</hdop>
	<extensions>
		<gpxtpx:TrackPointExtension>
			<gpxtpx:course>295.8</gpxtpx:course>
		</gpxtpx:TrackPointExtension>
	</extensions>
</trkpt>
<trkpt lat="-9.0524541" lon="148.3676253">
	<ele>835.85</ele>
	<time>2025-12-11T20:44:48.000Z</time>
	<hdop>3.79</hdop>
	<extensions>
		<gpxtpx:TrackPointExtension>
			<gpxtpx:course>284.5</gpxtpx:course>
		</gpxtpx:TrackPointExtension>
	</extensions>
</trkpt>
<trkpt lat="-9.0524110" lon="148.3675363">
	<ele>838.23</ele>
	<time>2025-12-11T20:44:58.000Z</time>
	<hdop>3.79</hdop>
	<extensions>
		<gpxtpx:TrackPointExtension>
			<gpxtpx:course>325.4</gpxtpx:course>
		</gpxtpx:TrackPointExtension>
	</extensions>
</trkpt>
<trkpt lat="-9.0523498" lon="148.3674579">
	<ele>834.06</ele>
	<time>2025-12-11T20:45:31.000Z</time>
	<hdop>3.79</hdop>
	<extensions>
		<gpxtpx:TrackPointExtension>
			<gpxtpx:course>316.0</gpxtpx:course>
		</gpxtpx:TrackPointExtension>
	</extensions>
</trkpt>
<trkpt lat="-9.0522840" lon="148.3673548">
	<ele>837.03</ele>
	<time>2025-12-11T20:45:41.000Z</time>
	<hdop>3.79</hdop>
	<extensions>
		<gpxtpx:TrackPointExtension>
			<gpxtpx:course>306.3</gpxtpx:course>
		</gpxtpx:TrackPointExtension>
	</extensions>
</trkpt>
<trkpt lat="-9.0522345" lon="148.3672734">
	<ele>837.76</ele>
	<time>2025-12-11T20:45:51.000Z</time>
	<hdop>3.79</hdop>
	<extensions>
		<gpxtpx:TrackPointExtension>
			<gpxtpx:course>283.1</gpxtpx:course>
		</gpxtpx:TrackPointExtension>
	</extensions>
</trkpt>
<trkpt lat="-9.0521909" lon="148.3671914">
	<ele>839.01</ele>
	<time>2025-12-11T20:46:02.000Z</time>
	<hdop>3.79</hdop>
	<extensions>
		<gpxtpx:TrackPointExtension>
			<gpxtpx:course>298.9</gpxtpx:course>
		</gpxtpx:TrackPointExtension>
	</extensions>
</trkpt>
<trkpt lat="-9.0521570" lon="148.3670663">
	<ele>840.15</ele>
	<time>2025-12-11T20:46:12.000Z</time>
	<hdop>3.79</hdop>
	<extensions>
		<gpxtpx:TrackPointExtension>
			<gpxtpx:course>280.0</gpxtpx:course>
		</gpxtpx:TrackPointExtension>
	</extensions>
</trkpt>
<trkpt lat="-9.0521370" lon="148.3669487">
	<ele>839.06</ele>
	<time>2025-12-11T20:46:22.000Z</time>
	<hdop>3.79</hdop>
	<extensions>
		<gpxtpx:TrackPointExtension>
			<gpxtpx:course>298.6</gpxtpx:course>
		</gpxtpx:TrackPointExtension>
	</extensions>
</trkpt>
<trkpt lat="-9.0521223" lon="148.3668533">
	<ele>840.01</ele>
	<time>2025-12-11T20:46:32.000Z</time>
	<hdop>3.79</hdop>
	<extensions>
		<gpxtpx:TrackPointExtension>
			<gpxtpx:course>257.8</gpxtpx:course>
		</gpxtpx:TrackPointExtension>
	</extensions>
</trkpt>
<trkpt lat="-9.0521130" lon="148.3667524">
	<ele>842.93</ele>
	<time>2025-12-11T20:46:44.000Z</time>
	<hdop>3.79</hdop>
	<extensions>
		<gpxtpx:TrackPointExtension>
			<gpxtpx:course>284.0</gpxtpx:course>
		</gpxtpx:TrackPointExtension>
	</extensions>
</trkpt>
<trkpt lat="-9.0520758" lon="148.3666284">
	<ele>843.53</ele>
	<time>2025-12-11T20:46:54.000Z</time>
	<hdop>3.79</hdop>
	<extensions>
		<gpxtpx:TrackPointExtension>
			<gpxtpx:course>297.1</gpxtpx:course>
		</gpxtpx:TrackPointExtension>
	</extensions>
</trkpt>
<trkpt lat="-9.0520286" lon="148.3665108">
	<ele>843.98</ele>
	<time>2025-12-11T20:47:04.000Z</time>
	<hdop>3.79</hdop>
	<extensions>
		<gpxtpx:TrackPointExtension>
			<gpxtpx:course>278.5</gpxtpx:course>
		</gpxtpx:TrackPointExtension>
	</extensions>
</trkpt>
<trkpt lat="-9.0520036" lon="148.3664137">
	<ele>845.56</ele>
	<time>2025-12-11T20:47:14.000Z</time>
	<hdop>3.79</hdop>
	<extensions>
		<gpxtpx:TrackPointExtension>
			<gpxtpx:course>296.7</gpxtpx:course>
		</gpxtpx:TrackPointExtension>
	</extensions>
</trkpt>
<trkpt lat="-9.0519502" lon="148.3663365">
	<ele>846.73</ele>
	<time>2025-12-11T20:47:49.000Z</time>
	<hdop>3.79</hdop>
	<extensions>
		<gpxtpx:TrackPointExtension>
			<gpxtpx:course>304.8</gpxtpx:course>
		</gpxtpx:TrackPointExtension>
	</extensions>
</trkpt>
<trkpt lat="-9.0518901" lon="148.3662405">
	<ele>846.93</ele>
	<time>2025-12-11T20:47:59.000Z</time>
	<hdop>3.79</hdop>
	<extensions>
		<gpxtpx:TrackPointExtension>
			<gpxtpx:course>299.6</gpxtpx:course>
		</gpxtpx:TrackPointExtension>
	</extensions>
</trkpt>
<trkpt lat="-9.0518186" lon="148.3661429">
	<ele>845.38</ele>
	<time>2025-12-11T20:48:09.000Z</time>
	<hdop>3.79</hdop>
	<extensions>
		<gpxtpx:TrackPointExtension>
			<gpxtpx:course>318.5</gpxtpx:course>
		</gpxtpx:TrackPointExtension>
	</extensions>
</trkpt>
<trkpt lat="-9.0517445" lon="148.3660461">
	<ele>845.35</ele>
	<time>2025-12-11T20:48:19.000Z</time>
	<hdop>3.79</hdop>
	<extensions>
		<gpxtpx:TrackPointExtension>
			<gpxtpx:course>312.6</gpxtpx:course>
		</gpxtpx:TrackPointExtension>
	</extensions>
</trkpt>
<trkpt lat="-9.0516634" lon="148.3659658">
	<ele>848.15</ele>
	<time>2025-12-11T20:48:29.000Z</time>
	<hdop>3.79</hdop>
	<extensions>
		<gpxtpx:TrackPointExtension>
			<gpxtpx:course>310.7</gpxtpx:course>
		</gpxtpx:TrackPointExtension>
	</extensions>
</trkpt>
<trkpt lat="-9.0515898" lon="148.3658764">
	<ele>850.46</ele>
	<time>2025-12-11T20:48:39.000Z</time>
	<hdop>3.79</hdop>
	<extensions>
		<gpxtpx:TrackPointExtension>
			<gpxtpx:course>323.7</gpxtpx:course>
		</gpxtpx:TrackPointExtension>
	</extensions>
</trkpt>
<trkpt lat="-9.0515060" lon="148.3657947">
	<ele>851.38</ele>
	<time>2025-12-11T20:48:49.000Z</time>
	<hdop>3.79</hdop>
	<extensions>
		<gpxtpx:TrackPointExtension>
			<gpxtpx:course>320.4</gpxtpx:course>
		</gpxtpx:TrackPointExtension>
	</extensions>
</trkpt>
<trkpt lat="-9.0514139" lon="148.3657245">
	<ele>851.84</ele>
	<time>2025-12-11T20:48:59.000Z</time>
	<hdop>3.79</hdop>
	<extensions>
		<gpxtpx:TrackPointExtension>
			<gpxtpx:course>319.2</gpxtpx:course>
		</gpxtpx:TrackPointExtension>
	</extensions>
</trkpt>
<trkpt lat="-9.0513185" lon="148.3656714">
	<ele>852.96</ele>
	<time>2025-12-11T20:49:09.000Z</time>
	<hdop>3.79</hdop>
	<extensions>
		<gpxtpx:TrackPointExtension>
			<gpxtpx:course>349.5</gpxtpx:course>
		</gpxtpx:TrackPointExtension>
	</extensions>
</trkpt>
<trkpt lat="-9.0512246" lon="148.3656631">
	<ele>853.72</ele>
	<time>2025-12-11T20:49:19.000Z</time>
	<hdop>3.79</hdop>
	<extensions>
		<gpxtpx:TrackPointExtension>
			<gpxtpx:course>15.6</gpxtpx:course>
		</gpxtpx:TrackPointExtension>
	</extensions>
</trkpt>
<trkpt lat="-9.0511134" lon="148.3656895">
	<ele>856.18</ele>
	<time>2025-12-11T20:49:29.000Z</time>
	<hdop>3.79</hdop>
	<extensions>
		<gpxtpx:TrackPointExtension>
			<gpxtpx:course>11.8</gpxtpx:course>
		</gpxtpx:TrackPointExtension>
	</extensions>
</trkpt>
<trkpt lat="-9.0510015" lon="148.3657363">
	<ele>857.33</ele>
	<time>2025-12-11T20:49:39.000Z</time>
	<hdop>3.79</hdop>
	<extensions>
		<gpxtpx:TrackPointExtension>
			<gpxtpx:course>26.9</gpxtpx:course>
		</gpxtpx:TrackPointExtension>
	</extensions>
</trkpt>
<trkpt lat="-9.0508872" lon="148.3657262">
	<ele>858.85</ele>
	<time>2025-12-11T20:49:49.000Z</time>
	<hdop>3.79</hdop>
	<extensions>
		<gpxtpx:TrackPointExtension>
			<gpxtpx:course>347.1</gpxtpx:course>
		</gpxtpx:TrackPointExtension>
	</extensions>
</trkpt>
<trkpt lat="-9.0507901" lon="148.3657063">
	<ele>861.91</ele>
	<time>2025-12-11T20:49:59.000Z</time>
	<hdop>3.79</hdop>
	<extensions>
		<gpxtpx:TrackPointExtension>
			<gpxtpx:course>349.7</gpxtpx:course>
		</gpxtpx:TrackPointExtension>
	</extensions>
</trkpt>
<trkpt lat="-9.0507000" lon="148.3656668">
	<ele>862.07</ele>
	<time>2025-12-11T20:50:09.000Z</time>
	<hdop>3.79</hdop>
	<extensions>
		<gpxtpx:TrackPointExtension>
			<gpxtpx:course>332.5</gpxtpx:course>
		</gpxtpx:TrackPointExtension>
	</extensions>
</trkpt>
<trkpt lat="-9.0505968" lon="148.3656175">
	<ele>861.75</ele>
	<time>2025-12-11T20:50:19.000Z</time>
	<hdop>3.79</hdop>
	<extensions>
		<gpxtpx:TrackPointExtension>
			<gpxtpx:course>344.2</gpxtpx:course>
		</gpxtpx:TrackPointExtension>
	</extensions>
</trkpt>
<trkpt lat="-9.0504939" lon="148.3655860">
	<ele>862.92</ele>
	<time>2025-12-11T20:50:29.000Z</time>
	<hdop>3.79</hdop>
	<extensions>
		<gpxtpx:TrackPointExtension>
			<gpxtpx:course>343.2</gpxtpx:course>
		</gpxtpx:TrackPointExtension>
	</extensions>
</trkpt>
<trkpt lat="-9.0504038" lon="148.3655516">
	<ele>865.42</ele>
	<time>2025-12-11T20:51:20.000Z</time>
	<hdop>3.79</hdop>
	<extensions>
		<gpxtpx:TrackPointExtension>
			<gpxtpx:course>340.1</gpxtpx:course>
		</gpxtpx:TrackPointExtension>
	</extensions>
</trkpt>
<trkpt lat="-9.0502958" lon="148.3655128">
	<ele>864.53</ele>
	<time>2025-12-11T20:51:30.000Z</time>
	<hdop>3.79</hdop>
	<extensions>
		<gpxtpx:TrackPointExtension>
			<gpxtpx:course>346.6</gpxtpx:course>
		</gpxtpx:TrackPointExtension>
	</extensions>
</trkpt>
<trkpt lat="-9.0502001" lon="148.3654896">
	<ele>865.42</ele>
	<time>2025-12-11T20:52:30.000Z</time>
	<hdop>3.79</hdop>
	<extensions>
		<gpxtpx:TrackPointExtension>
			<gpxtpx:course>354.2</gpxtpx:course>
		</gpxtpx:TrackPointExtension>
	</extensions>
</trkpt>
<trkpt lat="-9.0501052" lon="148.3654271">
	<ele>864.59</ele>
	<time>2025-12-11T20:52:40.000Z</time>
	<hdop>3.79</hdop>
	<extensions>
		<gpxtpx:TrackPointExtension>
			<gpxtpx:course>318.9</gpxtpx:course>
		</gpxtpx:TrackPointExtension>
	</extensions>
</trkpt>
<trkpt lat="-9.0500317" lon="148.3653465">
	<ele>864.44</ele>
	<time>2025-12-11T20:52:50.000Z</time>
	<hdop>3.79</hdop>
	<extensions>
		<gpxtpx:TrackPointExtension>
			<gpxtpx:course>317.7</gpxtpx:course>
		</gpxtpx:TrackPointExtension>
	</extensions>
</trkpt>
<trkpt lat="-9.0499412" lon="148.3653225">
	<ele>865.06</ele>
	<time>2025-12-11T20:53:07.000Z</time>
	<hdop>3.79</hdop>
	<extensions>
		<gpxtpx:TrackPointExtension>
			<gpxtpx:course>33.9</gpxtpx:course>
		</gpxtpx:TrackPointExtension>
	</extensions>
</trkpt>
<trkpt lat="-9.0498406" lon="148.3653814">
	<ele>864.17</ele>
	<time>2025-12-11T20:53:17.000Z</time>
	<hdop>3.79</hdop>
	<extensions>
		<gpxtpx:TrackPointExtension>
			<gpxtpx:course>23.3</gpxtpx:course>
		</gpxtpx:TrackPointExtension>
	</extensions>
</trkpt>
<trkpt lat="-9.0497450" lon="148.3654356">
	<ele>862.93</ele>
	<time>2025-12-11T20:53:27.000Z</time>
	<hdop>3.79</hdop>
	<extensions>
		<gpxtpx:TrackPointExtension>
			<gpxtpx:course>357.1</gpxtpx:course>
		</gpxtpx:TrackPointExtension>
	</extensions>
</trkpt>
<trkpt lat="-9.0496637" lon="148.3653661">
	<ele>861.33</ele>
	<time>2025-12-11T20:53:37.000Z</time>
	<hdop>3.79</hdop>
	<extensions>
		<gpxtpx:TrackPointExtension>
			<gpxtpx:course>301.0</gpxtpx:course>
		</gpxtpx:TrackPointExtension>
	</extensions>
</trkpt>
<trkpt lat="-9.0495866" lon="148.3653097">
	<ele>859.18</ele>
	<time>2025-12-11T20:54:06.000Z</time>
	<hdop>3.79</hdop>
	<extensions>
		<gpxtpx:TrackPointExtension>
			<gpxtpx:course>332.3</gpxtpx:course>
		</gpxtpx:TrackPointExtension>
	</extensions>
</trkpt>
<trkpt lat="-9.0494970" lon="148.3653384">
	<ele>856.50</ele>
	<time>2025-12-11T20:54:16.000Z</time>
	<hdop>3.79</hdop>
	<extensions>
		<gpxtpx:TrackPointExtension>
			<gpxtpx:course>23.8</gpxtpx:course>
		</gpxtpx:TrackPointExtension>
	</extensions>
</trkpt>
<trkpt lat="-9.0494138" lon="148.3653973">
	<ele>855.10</ele>
	<time>2025-12-11T20:54:26.000Z</time>
	<hdop>3.79</hdop>
	<extensions>
		<gpxtpx:TrackPointExtension>
			<gpxtpx:course>21.3</gpxtpx:course>
		</gpxtpx:TrackPointExtension>
	</extensions>
</trkpt>
<trkpt lat="-9.0493328" lon="148.3654480">
	<ele>850.79</ele>
	<time>2025-12-11T20:54:36.000Z</time>
	<hdop>3.79</hdop>
	<extensions>
		<gpxtpx:TrackPointExtension>
			<gpxtpx:course>11.7</gpxtpx:course>
		</gpxtpx:TrackPointExtension>
	</extensions>
</trkpt>
<trkpt lat="-9.0492574" lon="148.3655029">
	<ele>846.71</ele>
	<time>2025-12-11T20:54:48.000Z</time>
	<hdop>3.79</hdop>
	<extensions>
		<gpxtpx:TrackPointExtension>
			<gpxtpx:course>49.4</gpxtpx:course>
		</gpxtpx:TrackPointExtension>
	</extensions>
</trkpt>
<trkpt lat="-9.0491754" lon="148.3655419">
	<ele>842.49</ele>
	<time>2025-12-11T20:54:59.000Z</time>
	<hdop>3.79</hdop>
	<extensions>
		<gpxtpx:TrackPointExtension>
			<gpxtpx:course>40.0</gpxtpx:course>
		</gpxtpx:TrackPointExtension>
	</extensions>
</trkpt>
<trkpt lat="-9.0491010" lon="148.3655947">
	<ele>839.34</ele>
	<time>2025-12-11T20:55:09.000Z</time>
	<hdop>3.79</hdop>
	<extensions>
		<gpxtpx:TrackPointExtension>
			<gpxtpx:course>30.8</gpxtpx:course>
		</gpxtpx:TrackPointExtension>
	</extensions>
</trkpt>
<trkpt lat="-9.0490293" lon="148.3656530">
	<ele>835.68</ele>
	<time>2025-12-11T20:55:19.000Z</time>
	<hdop>3.79</hdop>
	<extensions>
		<gpxtpx:TrackPointExtension>
			<gpxtpx:course>38.9</gpxtpx:course>
		</gpxtpx:TrackPointExtension>
	</extensions>
</trkpt>
<trkpt lat="-9.0489400" lon="148.3656924">
	<ele>831.77</ele>
	<time>2025-12-11T20:55:31.000Z</time>
	<hdop>3.79</hdop>
	<extensions>
		<gpxtpx:TrackPointExtension>
			<gpxtpx:course>66.7</gpxtpx:course>
		</gpxtpx:TrackPointExtension>
	</extensions>
</trkpt>
<trkpt lat="-9.0488567" lon="148.3657294">
	<ele>826.65</ele>
	<time>2025-12-11T20:55:45.000Z</time>
	<hdop>3.79</hdop>
	<extensions>
		<gpxtpx:TrackPointExtension>
			<gpxtpx:course>17.3</gpxtpx:course>
		</gpxtpx:TrackPointExtension>
	</extensions>
</trkpt>
<trkpt lat="-9.0487670" lon="148.3657607">
	<ele>823.13</ele>
	<time>2025-12-11T20:55:56.000Z</time>
	<hdop>3.79</hdop>
	<extensions>
		<gpxtpx:TrackPointExtension>
			<gpxtpx:course>353.7</gpxtpx:course>
		</gpxtpx:TrackPointExtension>
	</extensions>
</trkpt>
<trkpt lat="-9.0486736" lon="148.3657614">
	<ele>819.22</ele>
	<time>2025-12-11T20:56:06.000Z</time>
	<hdop>3.79</hdop>
	<extensions>
		<gpxtpx:TrackPointExtension>
			<gpxtpx:course>359.1</gpxtpx:course>
		</gpxtpx:TrackPointExtension>
	</extensions>
</trkpt>
<trkpt lat="-9.0485824" lon="148.3657790">
	<ele>813.94</ele>
	<time>2025-12-11T20:56:16.000Z</time>
	<hdop>3.79</hdop>
	<extensions>
		<gpxtpx:TrackPointExtension>
			<gpxtpx:course>29.9</gpxtpx:course>
		</gpxtpx:TrackPointExtension>
	</extensions>
</trkpt>
<trkpt lat="-9.0484823" lon="148.3657796">
	<ele>809.57</ele>
	<time>2025-12-11T20:56:27.000Z</time>
	<hdop>3.79</hdop>
	<extensions>
		<gpxtpx:TrackPointExtension>
			<gpxtpx:course>353.3</gpxtpx:course>
		</gpxtpx:TrackPointExtension>
	</extensions>
</trkpt>
<trkpt lat="-9.0483793" lon="148.3657750">
	<ele>807.26</ele>
	<time>2025-12-11T20:56:37.000Z</time>
	<hdop>3.79</hdop>
	<extensions>
		<gpxtpx:TrackPointExtension>
			<gpxtpx:course>350.1</gpxtpx:course>
		</gpxtpx:TrackPointExtension>
	</extensions>
</trkpt>
<trkpt lat="-9.0482834" lon="148.3657900">
	<ele>804.84</ele>
	<time>2025-12-11T20:56:47.000Z</time>
	<hdop>3.79</hdop>
	<extensions>
		<gpxtpx:TrackPointExtension>
			<gpxtpx:course>14.1</gpxtpx:course>
		</gpxtpx:TrackPointExtension>
	</extensions>
</trkpt>
<trkpt lat="-9.0481877" lon="148.3657879">
	<ele>799.90</ele>
	<time>2025-12-11T20:57:07.000Z</time>
	<hdop>3.79</hdop>
	<extensions>
		<gpxtpx:TrackPointExtension>
			<gpxtpx:course>328.1</gpxtpx:course>
		</gpxtpx:TrackPointExtension>
	</extensions>
</trkpt>
<trkpt lat="-9.0480978" lon="148.3658012">
	<ele>792.42</ele>
	<time>2025-12-11T20:57:25.000Z</time>
	<hdop>3.79</hdop>
	<extensions>
		<gpxtpx:TrackPointExtension>
			<gpxtpx:course>328.9</gpxtpx:course>
		</gpxtpx:TrackPointExtension>
	</extensions>
</trkpt>
<trkpt lat="-9.0480101" lon="148.3658392">
	<ele>786.79</ele>
	<time>2025-12-11T20:57:42.000Z</time>
	<hdop>3.79</hdop>
	<extensions>
		<gpxtpx:TrackPointExtension>
			<gpxtpx:course>72.2</gpxtpx:course>
		</gpxtpx:TrackPointExtension>
	</extensions>
</trkpt>
<trkpt lat="-9.0479394" lon="148.3659011">
	<ele>785.12</ele>
	<time>2025-12-11T20:57:52.000Z</time>
	<hdop>3.79</hdop>
	<extensions>
		<gpxtpx:TrackPointExtension>
			<gpxtpx:course>70.6</gpxtpx:course>
		</gpxtpx:TrackPointExtension>
	</extensions>
</trkpt>
<trkpt lat="-9.0478511" lon="148.3659280">
	<ele>780.96</ele>
	<time>2025-12-11T20:58:09.000Z</time>
	<hdop>3.79</hdop>
	<extensions>
		<gpxtpx:TrackPointExtension>
			<gpxtpx:course>3.3</gpxtpx:course>
		</gpxtpx:TrackPointExtension>
	</extensions>
</trkpt>
<trkpt lat="-9.0477544" lon="148.3659018">
	<ele>778.92</ele>
	<time>2025-12-11T20:58:23.000Z</time>
	<hdop>3.97</hdop>
	<extensions>
		<gpxtpx:TrackPointExtension>
			<gpxtpx:course>4.3</gpxtpx:course>
		</gpxtpx:TrackPointExtension>
	</extensions>
</trkpt>
<trkpt lat="-9.0476554" lon="148.3659175">
	<ele>778.03</ele>
	<time>2025-12-11T20:58:34.000Z</time>
	<hdop>5.02</hdop>
	<extensions>
		<gpxtpx:TrackPointExtension>
			<gpxtpx:course>17.1</gpxtpx:course>
		</gpxtpx:TrackPointExtension>
	</extensions>
</trkpt>
<trkpt lat="-9.0475605" lon="148.3659010">
	<ele>772.72</ele>
	<time>2025-12-11T20:58:49.000Z</time>
	<hdop>3.79</hdop>
	<extensions>
		<gpxtpx:TrackPointExtension>
			<gpxtpx:course>17.2</gpxtpx:course>
		</gpxtpx:TrackPointExtension>
	</extensions>
</trkpt>
<trkpt lat="-9.0474890" lon="148.3659574">
	<ele>767.44</ele>
	<time>2025-12-11T20:59:14.000Z</time>
	<hdop>3.79</hdop>
	<extensions>
		<gpxtpx:TrackPointExtension>
			<gpxtpx:course>8.4</gpxtpx:course>
		</gpxtpx:TrackPointExtension>
	</extensions>
</trkpt>
<trkpt lat="-9.0474561" lon="148.3660556">
	<ele>761.70</ele>
	<time>2025-12-11T20:59:38.000Z</time>
	<hdop>3.79</hdop>
	<extensions>
		<gpxtpx:TrackPointExtension>
			<gpxtpx:course>46.4</gpxtpx:course>
		</gpxtpx:TrackPointExtension>
	</extensions>
</trkpt>
<trkpt lat="-9.0473664" lon="148.3660928">
	<ele>761.34</ele>
	<time>2025-12-11T20:59:49.000Z</time>
	<hdop>3.79</hdop>
	<extensions>
		<gpxtpx:TrackPointExtension>
			<gpxtpx:course>41.0</gpxtpx:course>
		</gpxtpx:TrackPointExtension>
	</extensions>
</trkpt>
<trkpt lat="-9.0472832" lon="148.3661356">
	<ele>760.29</ele>
	<time>2025-12-11T21:00:00.000Z</time>
	<hdop>3.79</hdop>
	<extensions>
		<gpxtpx:TrackPointExtension>
			<gpxtpx:course>348.5</gpxtpx:course>
		</gpxtpx:TrackPointExtension>
	</extensions>
</trkpt>
<trkpt lat="-9.0471832" lon="148.3660894">
	<ele>761.16</ele>
	<time>2025-12-11T21:00:10.000Z</time>
	<hdop>3.79</hdop>
	<extensions>
		<gpxtpx:TrackPointExtension>
			<gpxtpx:course>334.4</gpxtpx:course>
		</gpxtpx:TrackPointExtension>
	</extensions>
</trkpt>
<trkpt lat="-9.0470990" lon="148.3661225">
	<ele>760.03</ele>
	<time>2025-12-11T21:00:21.000Z</time>
	<hdop>3.79</hdop>
	<extensions>
		<gpxtpx:TrackPointExtension>
			<gpxtpx:course>37.3</gpxtpx:course>
		</gpxtpx:TrackPointExtension>
	</extensions>
</trkpt>
<trkpt lat="-9.0470121" lon="148.3660884">
	<ele>760.31</ele>
	<time>2025-12-11T21:00:31.000Z</time>
	<hdop>3.79</hdop>
	<extensions>
		<gpxtpx:TrackPointExtension>
			<gpxtpx:course>318.8</gpxtpx:course>
		</gpxtpx:TrackPointExtension>
	</extensions>
</trkpt>
<trkpt lat="-9.0469235" lon="148.3660531">
	<ele>759.54</ele>
	<time>2025-12-11T21:00:41.000Z</time>
	<hdop>3.79</hdop>
	<extensions>
		<gpxtpx:TrackPointExtension>
			<gpxtpx:course>343.0</gpxtpx:course>
		</gpxtpx:TrackPointExtension>
	</extensions>
</trkpt>
<trkpt lat="-9.0468282" lon="148.3660142">
	<ele>758.85</ele>
	<time>2025-12-11T21:00:51.000Z</time>
	<hdop>3.79</hdop>
	<extensions>
		<gpxtpx:TrackPointExtension>
			<gpxtpx:course>319.3</gpxtpx:course>
		</gpxtpx:TrackPointExtension>
	</extensions>
</trkpt>
<trkpt lat="-9.0467496" lon="148.3659569">
	<ele>759.77</ele>
	<time>2025-12-11T21:01:01.000Z</time>
	<hdop>3.79</hdop>
	<extensions>
		<gpxtpx:TrackPointExtension>
			<gpxtpx:course>355.4</gpxtpx:course>
		</gpxtpx:TrackPointExtension>
	</extensions>
</trkpt>
<trkpt lat="-9.0466589" lon="148.3659390">
	<ele>759.30</ele>
	<time>2025-12-11T21:01:12.000Z</time>
	<hdop>3.79</hdop>
	<extensions>
		<gpxtpx:TrackPointExtension>
			<gpxtpx:course>12.5</gpxtpx:course>
		</gpxtpx:TrackPointExtension>
	</extensions>
</trkpt>
<trkpt lat="-9.0465676" lon="148.3659080">
	<ele>759.01</ele>
	<time>2025-12-11T21:01:23.000Z</time>
	<hdop>3.79</hdop>
	<extensions>
		<gpxtpx:TrackPointExtension>
			<gpxtpx:course>359.2</gpxtpx:course>
		</gpxtpx:TrackPointExtension>
	</extensions>
</trkpt>
<trkpt lat="-9.0464761" lon="148.3659225">
	<ele>763.13</ele>
	<time>2025-12-11T21:01:35.000Z</time>
	<hdop>3.79</hdop>
	<extensions>
		<gpxtpx:TrackPointExtension>
			<gpxtpx:course>63.3</gpxtpx:course>
		</gpxtpx:TrackPointExtension>
	</extensions>
</trkpt>
<trkpt lat="-9.0463834" lon="148.3659275">
	<ele>764.74</ele>
	<time>2025-12-11T21:01:45.000Z</time>
	<hdop>3.79</hdop>
	<extensions>
		<gpxtpx:TrackPointExtension>
			<gpxtpx:course>334.8</gpxtpx:course>
		</gpxtpx:TrackPointExtension>
	</extensions>
</trkpt>
<trkpt lat="-9.0462963" lon="148.3659016">
	<ele>764.34</ele>
	<time>2025-12-11T21:01:55.000Z</time>
	<hdop>3.79</hdop>
	<extensions>
		<gpxtpx:TrackPointExtension>
			<gpxtpx:course>353.4</gpxtpx:course>
		</gpxtpx:TrackPointExtension>
	</extensions>
</trkpt>
<trkpt lat="-9.0462016" lon="148.3659055">
	<ele>763.94</ele>
	<time>2025-12-11T21:02:08.000Z</time>
	<hdop>3.79</hdop>
	<extensions>
		<gpxtpx:TrackPointExtension>
			<gpxtpx:course>13.8</gpxtpx:course>
		</gpxtpx:TrackPointExtension>
	</extensions>
</trkpt>
<trkpt lat="-9.0461250" lon="148.3658556">
	<ele>762.28</ele>
	<time>2025-12-11T21:02:30.000Z</time>
	<hdop>3.79</hdop>
	<extensions>
		<gpxtpx:TrackPointExtension>
			<gpxtpx:course>259.4</gpxtpx:course>
		</gpxtpx:TrackPointExtension>
	</extensions>
</trkpt>
<trkpt lat="-9.0460493" lon="148.3658034">
	<ele>761.99</ele>
	<time>2025-12-11T21:02:52.000Z</time>
	<hdop>3.79</hdop>
	<extensions>
		<gpxtpx:TrackPointExtension>
			<gpxtpx:course>15.8</gpxtpx:course>
		</gpxtpx:TrackPointExtension>
	</extensions>
</trkpt>
<trkpt lat="-9.0459542" lon="148.3658098">
	<ele>767.49</ele>
	<time>2025-12-11T21:03:08.000Z</time>
	<hdop>3.79</hdop>
	<extensions>
		<gpxtpx:TrackPointExtension>
			<gpxtpx:course>19.1</gpxtpx:course>
		</gpxtpx:TrackPointExtension>
	</extensions>
</trkpt>
<trkpt lat="-9.0458649" lon="148.3658319">
	<ele>765.89</ele>
	<time>2025-12-11T21:03:23.000Z</time>
	<hdop>3.79</hdop>
	<extensions>
		<gpxtpx:TrackPointExtension>
			<gpxtpx:course>352.7</gpxtpx:course>
		</gpxtpx:TrackPointExtension>
	</extensions>
</trkpt>
<trkpt lat="-9.0457673" lon="148.3658544">
	<ele>764.10</ele>
	<time>2025-12-11T21:03:33.000Z</time>
	<hdop>3.79</hdop>
	<extensions>
		<gpxtpx:TrackPointExtension>
			<gpxtpx:course>11.8</gpxtpx:course>
		</gpxtpx:TrackPointExtension>
	</extensions>
</trkpt>
<trkpt lat="-9.0456699" lon="148.3658173">
	<ele>764.43</ele>
	<time>2025-12-11T21:03:43.000Z</time>
	<hdop>3.79</hdop>
	<extensions>
		<gpxtpx:TrackPointExtension>
			<gpxtpx:course>346.9</gpxtpx:course>
		</gpxtpx:TrackPointExtension>
	</extensions>
</trkpt>
<trkpt lat="-9.0455762" lon="148.3658539">
	<ele>764.57</ele>
	<time>2025-12-11T21:03:55.000Z</time>
	<hdop>3.79</hdop>
	<extensions>
		<gpxtpx:TrackPointExtension>
			<gpxtpx:course>18.9</gpxtpx:course>
		</gpxtpx:TrackPointExtension>
	</extensions>
</trkpt>
<trkpt lat="-9.0454853" lon="148.3658782">
	<ele>766.43</ele>
	<time>2025-12-11T21:04:07.000Z</time>
	<hdop>3.79</hdop>
	<extensions>
		<gpxtpx:TrackPointExtension>
			<gpxtpx:course>35.5</gpxtpx:course>
		</gpxtpx:TrackPointExtension>
	</extensions>
</trkpt>
<trkpt lat="-9.0453921" lon="148.3659166">
	<ele>767.08</ele>
	<time>2025-12-11T21:04:19.000Z</time>
	<hdop>3.79</hdop>
	<extensions>
		<gpxtpx:TrackPointExtension>
			<gpxtpx:course>8.3</gpxtpx:course>
		</gpxtpx:TrackPointExtension>
	</extensions>
</trkpt>
<trkpt lat="-9.0453006" lon="148.3659216">
	<ele>766.08</ele>
	<time>2025-12-11T21:04:29.000Z</time>
	<hdop>3.79</hdop>
	<extensions>
		<gpxtpx:TrackPointExtension>
			<gpxtpx:course>27.8</gpxtpx:course>
		</gpxtpx:TrackPointExtension>
	</extensions>
</trkpt>
<trkpt lat="-9.0452105" lon="148.3659587">
	<ele>766.51</ele>
	<time>2025-12-11T21:04:42.000Z</time>
	<hdop>3.79</hdop>
	<extensions>
		<gpxtpx:TrackPointExtension>
			<gpxtpx:course>25.6</gpxtpx:course>
		</gpxtpx:TrackPointExtension>
	</extensions>
</trkpt>
<trkpt lat="-9.0451275" lon="148.3660102">
	<ele>767.24</ele>
	<time>2025-12-11T21:04:52.000Z</time>
	<hdop>3.79</hdop>
	<extensions>
		<gpxtpx:TrackPointExtension>
			<gpxtpx:course>346.7</gpxtpx:course>
		</gpxtpx:TrackPointExtension>
	</extensions>
</trkpt>
<trkpt lat="-9.0450295" lon="148.3660273">
	<ele>767.98</ele>
	<time>2025-12-11T21:05:03.000Z</time>
	<hdop>3.79</hdop>
	<extensions>
		<gpxtpx:TrackPointExtension>
			<gpxtpx:course>21.0</gpxtpx:course>
		</gpxtpx:TrackPointExtension>
	</extensions>
</trkpt>
<trkpt lat="-9.0449313" lon="148.3660608">
	<ele>768.57</ele>
	<time>2025-12-11T21:05:13.000Z</time>
	<hdop>3.79</hdop>
	<extensions>
		<gpxtpx:TrackPointExtension>
			<gpxtpx:course>44.7</gpxtpx:course>
		</gpxtpx:TrackPointExtension>
	</extensions>
</trkpt>
<trkpt lat="-9.0448597" lon="148.3661254">
	<ele>768.56</ele>
	<time>2025-12-11T21:05:23.000Z</time>
	<hdop>3.79</hdop>
	<extensions>
		<gpxtpx:TrackPointExtension>
			<gpxtpx:course>83.0</gpxtpx:course>
		</gpxtpx:TrackPointExtension>
	</extensions>
</trkpt>
<trkpt lat="-9.0447636" lon="148.3661575">
	<ele>768.51</ele>
	<time>2025-12-11T21:05:33.000Z</time>
	<hdop>3.79</hdop>
	<extensions>
		<gpxtpx:TrackPointExtension>
			<gpxtpx:course>15.2</gpxtpx:course>
		</gpxtpx:TrackPointExtension>
	</extensions>
</trkpt>
<trkpt lat="-9.0446686" lon="148.3662196">
	<ele>768.02</ele>
	<time>2025-12-11T21:05:43.000Z</time>
	<hdop>3.79</hdop>
	<extensions>
		<gpxtpx:TrackPointExtension>
			<gpxtpx:course>43.2</gpxtpx:course>
		</gpxtpx:TrackPointExtension>
	</extensions>
</trkpt>
<trkpt lat="-9.0446110" lon="148.3662976">
	<ele>767.79</ele>
	<time>2025-12-11T21:05:53.000Z</time>
	<hdop>3.79</hdop>
	<extensions>
		<gpxtpx:TrackPointExtension>
			<gpxtpx:course>39.6</gpxtpx:course>
		</gpxtpx:TrackPointExtension>
	</extensions>
</trkpt>
<trkpt lat="-9.0445236" lon="148.3663358">
	<ele>768.67</ele>
	<time>2025-12-11T21:06:20.000Z</time>
	<hdop>3.79</hdop>
	<extensions>
		<gpxtpx:TrackPointExtension>
			<gpxtpx:course>40.3</gpxtpx:course>
		</gpxtpx:TrackPointExtension>
	</extensions>
</trkpt>
<trkpt lat="-9.0444437" lon="148.3663949">
	<ele>770.32</ele>
	<time>2025-12-11T21:06:31.000Z</time>
	<hdop>3.79</hdop>
	<extensions>
		<gpxtpx:TrackPointExtension>
			<gpxtpx:course>42.1</gpxtpx:course>
		</gpxtpx:TrackPointExtension>
	</extensions>
</trkpt>
<trkpt lat="-9.0443798" lon="148.3664642">
	<ele>770.41</ele>
	<time>2025-12-11T21:06:41.000Z</time>
	<hdop>3.79</hdop>
	<extensions>
		<gpxtpx:TrackPointExtension>
			<gpxtpx:course>44.8</gpxtpx:course>
		</gpxtpx:TrackPointExtension>
	</extensions>
</trkpt>
<trkpt lat="-9.0443150" lon="148.3665480">
	<ele>769.43</ele>
	<time>2025-12-11T21:06:51.000Z</time>
	<hdop>3.79</hdop>
	<extensions>
		<gpxtpx:TrackPointExtension>
			<gpxtpx:course>55.3</gpxtpx:course>
		</gpxtpx:TrackPointExtension>
	</extensions>
</trkpt>
<trkpt lat="-9.0442442" lon="148.3666209">
	<ele>771.58</ele>
	<time>2025-12-11T21:07:01.000Z</time>
	<hdop>3.79</hdop>
	<extensions>
		<gpxtpx:TrackPointExtension>
			<gpxtpx:course>34.0</gpxtpx:course>
		</gpxtpx:TrackPointExtension>
	</extensions>
</trkpt>
<trkpt lat="-9.0441688" lon="148.3666936">
	<ele>774.52</ele>
	<time>2025-12-11T21:07:11.000Z</time>
	<hdop>3.79</hdop>
	<extensions>
		<gpxtpx:TrackPointExtension>
			<gpxtpx:course>59.5</gpxtpx:course>
		</gpxtpx:TrackPointExtension>
	</extensions>
</trkpt>
<trkpt lat="-9.0440878" lon="148.3667615">
	<ele>776.66</ele>
	<time>2025-12-11T21:07:21.000Z</time>
	<hdop>3.79</hdop>
	<extensions>
		<gpxtpx:TrackPointExtension>
			<gpxtpx:course>38.3</gpxtpx:course>
		</gpxtpx:TrackPointExtension>
	</extensions>
</trkpt>
<trkpt lat="-9.0440449" lon="148.3668601">
	<ele>776.54</ele>
	<time>2025-12-11T21:07:31.000Z</time>
	<hdop>3.79</hdop>
	<extensions>
		<gpxtpx:TrackPointExtension>
			<gpxtpx:course>88.0</gpxtpx:course>
		</gpxtpx:TrackPointExtension>
	</extensions>
</trkpt>
<trkpt lat="-9.0439743" lon="148.3669200">
	<ele>775.62</ele>
	<time>2025-12-11T21:07:42.000Z</time>
	<hdop>3.79</hdop>
	<extensions>
		<gpxtpx:TrackPointExtension>
			<gpxtpx:course>22.5</gpxtpx:course>
		</gpxtpx:TrackPointExtension>
	</extensions>
</trkpt>
<trkpt lat="-9.0438832" lon="148.3669456">
	<ele>776.55</ele>
	<time>2025-12-11T21:07:55.000Z</time>
	<hdop>3.79</hdop>
	<extensions>
		<gpxtpx:TrackPointExtension>
			<gpxtpx:course>0.2</gpxtpx:course>
		</gpxtpx:TrackPointExtension>
	</extensions>
</trkpt>
<trkpt lat="-9.0437844" lon="148.3669706">
	<ele>775.54</ele>
	<time>2025-12-11T21:08:07.000Z</time>
	<hdop>3.79</hdop>
	<extensions>
		<gpxtpx:TrackPointExtension>
			<gpxtpx:course>27.8</gpxtpx:course>
		</gpxtpx:TrackPointExtension>
	</extensions>
</trkpt>
<trkpt lat="-9.0437018" lon="148.3670371">
	<ele>774.58</ele>
	<time>2025-12-11T21:08:17.000Z</time>
	<hdop>3.79</hdop>
	<extensions>
		<gpxtpx:TrackPointExtension>
			<gpxtpx:course>35.9</gpxtpx:course>
		</gpxtpx:TrackPointExtension>
	</extensions>
</trkpt>
<trkpt lat="-9.0436133" lon="148.3670954">
	<ele>777.19</ele>
	<time>2025-12-11T21:08:28.000Z</time>
	<hdop>3.79</hdop>
	<extensions>
		<gpxtpx:TrackPointExtension>
			<gpxtpx:course>27.4</gpxtpx:course>
		</gpxtpx:TrackPointExtension>
	</extensions>
</trkpt>
<trkpt lat="-9.0435298" lon="148.3671517">
	<ele>774.92</ele>
	<time>2025-12-11T21:08:38.000Z</time>
	<hdop>3.79</hdop>
</trkpt>
<trkpt lat="-9.0434178" lon="148.3672207">
	<ele>772.64</ele>
	<time>2025-12-11T21:08:48.000Z</time>
	<hdop>3.79</hdop>
	<extensions>
		<gpxtpx:TrackPointExtension>
			<gpxtpx:course>33.6</gpxtpx:course>
		</gpxtpx:TrackPointExtension>
	</extensions>
</trkpt>
<trkpt lat="-9.0433481" lon="148.3672964">
	<ele>775.87</ele>
	<time>2025-12-11T21:09:00.000Z</time>
	<hdop>3.79</hdop>
	<extensions>
		<gpxtpx:TrackPointExtension>
			<gpxtpx:course>45.5</gpxtpx:course>
		</gpxtpx:TrackPointExtension>
	</extensions>
</trkpt>
<trkpt lat="-9.0432535" lon="148.3673565">
	<ele>780.16</ele>
	<time>2025-12-11T21:09:10.000Z</time>
	<hdop>3.79</hdop>
	<extensions>
		<gpxtpx:TrackPointExtension>
			<gpxtpx:course>27.1</gpxtpx:course>
		</gpxtpx:TrackPointExtension>
	</extensions>
</trkpt>
<trkpt lat="-9.0431661" lon="148.3674300">
	<ele>782.24</ele>
	<time>2025-12-11T21:09:20.000Z</time>
	<hdop>3.79</hdop>
	<extensions>
		<gpxtpx:TrackPointExtension>
			<gpxtpx:course>38.9</gpxtpx:course>
		</gpxtpx:TrackPointExtension>
	</extensions>
</trkpt>
<trkpt lat="-9.0430693" lon="148.3675103">
	<ele>787.11</ele>
	<time>2025-12-11T21:09:30.000Z</time>
	<hdop>3.79</hdop>
	<extensions>
		<gpxtpx:TrackPointExtension>
			<gpxtpx:course>33.9</gpxtpx:course>
		</gpxtpx:TrackPointExtension>
	</extensions>
</trkpt>
<trkpt lat="-9.0429703" lon="148.3675749">
	<ele>785.67</ele>
	<time>2025-12-11T21:09:40.000Z</time>
	<hdop>3.79</hdop>
	<extensions>
		<gpxtpx:TrackPointExtension>
			<gpxtpx:course>27.3</gpxtpx:course>
		</gpxtpx:TrackPointExtension>
	</extensions>
</trkpt>
<trkpt lat="-9.0428713" lon="148.3676117">
	<ele>788.72</ele>
	<time>2025-12-11T21:09:50.000Z</time>
	<hdop>3.79</hdop>
	<extensions>
		<gpxtpx:TrackPointExtension>
			<gpxtpx:course>23.1</gpxtpx:course>
		</gpxtpx:TrackPointExtension>
	</extensions>
</trkpt>
<trkpt lat="-9.0427779" lon="148.3676293">
	<ele>789.31</ele>
	<time>2025-12-11T21:10:00.000Z</time>
	<hdop>3.79</hdop>
	<extensions>
		<gpxtpx:TrackPointExtension>
			<gpxtpx:course>17.0</gpxtpx:course>
		</gpxtpx:TrackPointExtension>
	</extensions>
</trkpt>
<trkpt lat="-9.0426743" lon="148.3676465">
	<ele>788.83</ele>
	<time>2025-12-11T21:10:10.000Z</time>
	<hdop>3.79</hdop>
	<extensions>
		<gpxtpx:TrackPointExtension>
			<gpxtpx:course>4.7</gpxtpx:course>
		</gpxtpx:TrackPointExtension>
	</extensions>
</trkpt>
<trkpt lat="-9.0425630" lon="148.3676882">
	<ele>789.63</ele>
	<time>2025-12-11T21:10:20.000Z</time>
	<hdop>3.79</hdop>
	<extensions>
		<gpxtpx:TrackPointExtension>
			<gpxtpx:course>351.5</gpxtpx:course>
		</gpxtpx:TrackPointExtension>
	</extensions>
</trkpt>
<trkpt lat="-9.0424743" lon="148.3677274">
	<ele>789.34</ele>
	<time>2025-12-11T21:10:30.000Z</time>
	<hdop>3.79</hdop>
	<extensions>
		<gpxtpx:TrackPointExtension>
			<gpxtpx:course>20.7</gpxtpx:course>
		</gpxtpx:TrackPointExtension>
	</extensions>
</trkpt>
<trkpt lat="-9.0423517" lon="148.3677248">
	<ele>782.99</ele>
	<time>2025-12-11T21:10:40.000Z</time>
	<hdop>3.79</hdop>
	<extensions>
		<gpxtpx:TrackPointExtension>
			<gpxtpx:course>19.3</gpxtpx:course>
		</gpxtpx:TrackPointExtension>
	</extensions>
</trkpt>
<trkpt lat="-9.0422310" lon="148.3677395">
	<ele>785.34</ele>
	<time>2025-12-11T21:10:50.000Z</time>
	<hdop>3.79</hdop>
	<extensions>
		<gpxtpx:TrackPointExtension>
			<gpxtpx:course>24.7</gpxtpx:course>
		</gpxtpx:TrackPointExtension>
	</extensions>
</trkpt>
<trkpt lat="-9.0421153" lon="148.3677143">
	<ele>782.43</ele>
	<time>2025-12-11T21:11:00.000Z</time>
	<hdop>3.79</hdop>
	<extensions>
		<gpxtpx:TrackPointExtension>
			<gpxtpx:course>313.9</gpxtpx:course>
		</gpxtpx:TrackPointExtension>
	</extensions>
</trkpt>
<trkpt lat="-9.0420084" lon="148.3676938">
	<ele>783.66</ele>
	<time>2025-12-11T21:11:10.000Z</time>
	<hdop>3.79</hdop>
	<extensions>
		<gpxtpx:TrackPointExtension>
			<gpxtpx:course>314.1</gpxtpx:course>
		</gpxtpx:TrackPointExtension>
	</extensions>
</trkpt>
<trkpt lat="-9.0419113" lon="148.3676662">
	<ele>786.27</ele>
	<time>2025-12-11T21:11:20.000Z</time>
	<hdop>3.79</hdop>
	<extensions>
		<gpxtpx:TrackPointExtension>
			<gpxtpx:course>351.0</gpxtpx:course>
		</gpxtpx:TrackPointExtension>
	</extensions>
</trkpt>
<trkpt lat="-9.0417954" lon="148.3676296">
	<ele>783.94</ele>
	<time>2025-12-11T21:11:30.000Z</time>
	<hdop>3.79</hdop>
	<extensions>
		<gpxtpx:TrackPointExtension>
			<gpxtpx:course>339.0</gpxtpx:course>
		</gpxtpx:TrackPointExtension>
	</extensions>
</trkpt>
<trkpt lat="-9.0416743" lon="148.3676073">
	<ele>783.22</ele>
	<time>2025-12-11T21:11:40.000Z</time>
	<hdop>3.79</hdop>
	<extensions>
		<gpxtpx:TrackPointExtension>
			<gpxtpx:course>350.7</gpxtpx:course>
		</gpxtpx:TrackPointExtension>
	</extensions>
</trkpt>
<trkpt lat="-9.0415589" lon="148.3675745">
	<ele>786.13</ele>
	<time>2025-12-11T21:11:50.000Z</time>
	<hdop>3.79</hdop>
	<extensions>
		<gpxtpx:TrackPointExtension>
			<gpxtpx:course>354.8</gpxtpx:course>
		</gpxtpx:TrackPointExtension>
	</extensions>
</trkpt>
<trkpt lat="-9.0414609" lon="148.3675642">
	<ele>786.87</ele>
	<time>2025-12-11T21:12:00.000Z</time>
	<hdop>3.79</hdop>
	<extensions>
		<gpxtpx:TrackPointExtension>
			<gpxtpx:course>337.9</gpxtpx:course>
		</gpxtpx:TrackPointExtension>
	</extensions>
</trkpt>
<trkpt lat="-9.0413645" lon="148.3675305">
	<ele>788.59</ele>
	<time>2025-12-11T21:12:10.000Z</time>
	<hdop>3.79</hdop>
	<extensions>
		<gpxtpx:TrackPointExtension>
			<gpxtpx:course>335.2</gpxtpx:course>
		</gpxtpx:TrackPointExtension>
	</extensions>
</trkpt>
<trkpt lat="-9.0412668" lon="148.3675393">
	<ele>790.53</ele>
	<time>2025-12-11T21:12:20.000Z</time>
	<hdop>3.79</hdop>
	<extensions>
		<gpxtpx:TrackPointExtension>
			<gpxtpx:course>32.1</gpxtpx:course>
		</gpxtpx:TrackPointExtension>
	</extensions>
</trkpt>
<trkpt lat="-9.0411667" lon="148.3675337">
	<ele>791.20</ele>
	<time>2025-12-11T21:12:32.000Z</time>
	<hdop>3.79</hdop>
	<extensions>
		<gpxtpx:TrackPointExtension>
			<gpxtpx:course>328.5</gpxtpx:course>
		</gpxtpx:TrackPointExtension>
	</extensions>
</trkpt>
<trkpt lat="-9.0410588" lon="148.3675070">
	<ele>790.98</ele>
	<time>2025-12-11T21:12:42.000Z</time>
	<hdop>3.79</hdop>
	<extensions>
		<gpxtpx:TrackPointExtension>
			<gpxtpx:course>319.3</gpxtpx:course>
		</gpxtpx:TrackPointExtension>
	</extensions>
</trkpt>
<trkpt lat="-9.0409487" lon="148.3674840">
	<ele>790.53</ele>
	<time>2025-12-11T21:12:52.000Z</time>
	<hdop>3.79</hdop>
	<extensions>
		<gpxtpx:TrackPointExtension>
			<gpxtpx:course>4.5</gpxtpx:course>
		</gpxtpx:TrackPointExtension>
	</extensions>
</trkpt>
<trkpt lat="-9.0408318" lon="148.3674787">
	<ele>789.13</ele>
	<time>2025-12-11T21:13:02.000Z</time>
	<hdop>3.79</hdop>
	<extensions>
		<gpxtpx:TrackPointExtension>
			<gpxtpx:course>343.5</gpxtpx:course>
		</gpxtpx:TrackPointExtension>
	</extensions>
</trkpt>
<trkpt lat="-9.0407360" lon="148.3674325">
	<ele>789.53</ele>
	<time>2025-12-11T21:13:12.000Z</time>
	<hdop>3.79</hdop>
	<extensions>
		<gpxtpx:TrackPointExtension>
			<gpxtpx:course>342.6</gpxtpx:course>
		</gpxtpx:TrackPointExtension>
	</extensions>
</trkpt>
<trkpt lat="-9.0406184" lon="148.3673666">
	<ele>787.07</ele>
	<time>2025-12-11T21:13:22.000Z</time>
	<hdop>3.79</hdop>
	<extensions>
		<gpxtpx:TrackPointExtension>
			<gpxtpx:course>335.0</gpxtpx:course>
		</gpxtpx:TrackPointExtension>
	</extensions>
</trkpt>
<trkpt lat="-9.0405232" lon="148.3672991">
	<ele>782.65</ele>
	<time>2025-12-11T21:13:32.000Z</time>
	<hdop>3.79</hdop>
	<extensions>
		<gpxtpx:TrackPointExtension>
			<gpxtpx:course>336.0</gpxtpx:course>
		</gpxtpx:TrackPointExtension>
	</extensions>
</trkpt>
<trkpt lat="-9.0404450" lon="148.3672214">
	<ele>784.91</ele>
	<time>2025-12-11T21:13:42.000Z</time>
	<hdop>3.79</hdop>
	<extensions>
		<gpxtpx:TrackPointExtension>
			<gpxtpx:course>303.6</gpxtpx:course>
		</gpxtpx:TrackPointExtension>
	</extensions>
</trkpt>
<trkpt lat="-9.0403589" lon="148.3671824">
	<ele>788.27</ele>
	<time>2025-12-11T21:13:52.000Z</time>
	<hdop>3.79</hdop>
	<extensions>
		<gpxtpx:TrackPointExtension>
			<gpxtpx:course>343.9</gpxtpx:course>
		</gpxtpx:TrackPointExtension>
	</extensions>
</trkpt>
<trkpt lat="-9.0402600" lon="148.3671226">
	<ele>790.18</ele>
	<time>2025-12-11T21:14:02.000Z</time>
	<hdop>3.79</hdop>
	<extensions>
		<gpxtpx:TrackPointExtension>
			<gpxtpx:course>314.6</gpxtpx:course>
		</gpxtpx:TrackPointExtension>
	</extensions>
</trkpt>
<trkpt lat="-9.0401547" lon="148.3670729">
	<ele>794.86</ele>
	<time>2025-12-11T21:14:12.000Z</time>
	<hdop>3.79</hdop>
	<extensions>
		<gpxtpx:TrackPointExtension>
			<gpxtpx:course>342.4</gpxtpx:course>
		</gpxtpx:TrackPointExtension>
	</extensions>
</trkpt>
<trkpt lat="-9.0400776" lon="148.3669893">
	<ele>793.52</ele>
	<time>2025-12-11T21:14:22.000Z</time>
	<hdop>3.79</hdop>
	<extensions>
		<gpxtpx:TrackPointExtension>
			<gpxtpx:course>291.3</gpxtpx:course>
		</gpxtpx:TrackPointExtension>
	</extensions>
</trkpt>
<trkpt lat="-9.0399878" lon="148.3669207">
	<ele>792.39</ele>
	<time>2025-12-11T21:14:32.000Z</time>
	<hdop>3.79</hdop>
	<extensions>
		<gpxtpx:TrackPointExtension>
			<gpxtpx:course>332.0</gpxtpx:course>
		</gpxtpx:TrackPointExtension>
	</extensions>
</trkpt>
<trkpt lat="-9.0399108" lon="148.3668396">
	<ele>790.38</ele>
	<time>2025-12-11T21:14:42.000Z</time>
	<hdop>3.79</hdop>
	<extensions>
		<gpxtpx:TrackPointExtension>
			<gpxtpx:course>302.8</gpxtpx:course>
		</gpxtpx:TrackPointExtension>
	</extensions>
</trkpt>
<trkpt lat="-9.0398353" lon="148.3667496">
	<ele>792.07</ele>
	<time>2025-12-11T21:14:52.000Z</time>
	<hdop>3.79</hdop>
	<extensions>
		<gpxtpx:TrackPointExtension>
			<gpxtpx:course>328.1</gpxtpx:course>
		</gpxtpx:TrackPointExtension>
	</extensions>
</trkpt>
<trkpt lat="-9.0397496" lon="148.3667158">
	<ele>793.55</ele>
	<time>2025-12-11T21:15:22.000Z</time>
	<hdop>3.79</hdop>
	<extensions>
		<gpxtpx:TrackPointExtension>
			<gpxtpx:course>32.4</gpxtpx:course>
		</gpxtpx:TrackPointExtension>
	</extensions>
</trkpt>
<trkpt lat="-9.0396476" lon="148.3667374">
	<ele>796.91</ele>
	<time>2025-12-11T21:15:32.000Z</time>
	<hdop>3.79</hdop>
	<extensions>
		<gpxtpx:TrackPointExtension>
			<gpxtpx:course>11.6</gpxtpx:course>
		</gpxtpx:TrackPointExtension>
	</extensions>
</trkpt>
<trkpt lat="-9.0395741" lon="148.3667933">
	<ele>797.20</ele>
	<time>2025-12-11T21:15:59.000Z</time>
	<hdop>3.79</hdop>
	<extensions>
		<gpxtpx:TrackPointExtension>
			<gpxtpx:course>43.3</gpxtpx:course>
		</gpxtpx:TrackPointExtension>
	</extensions>
</trkpt>
<trkpt lat="-9.0395379" lon="148.3668773">
	<ele>796.23</ele>
	<time>2025-12-11T21:16:25.000Z</time>
	<hdop>3.79</hdop>
	<extensions>
		<gpxtpx:TrackPointExtension>
			<gpxtpx:course>52.0</gpxtpx:course>
		</gpxtpx:TrackPointExtension>
	</extensions>
</trkpt>
<trkpt lat="-9.0395086" lon="148.3669698">
	<ele>795.77</ele>
	<time>2025-12-11T21:29:53.000Z</time>
	<hdop>3.79</hdop>
	<extensions>
		<gpxtpx:TrackPointExtension>
			<gpxtpx:course>84.9</gpxtpx:course>
		</gpxtpx:TrackPointExtension>
	</extensions>
</trkpt>
<trkpt lat="-9.0394306" lon="148.3670202">
	<ele>798.20</ele>
	<time>2025-12-11T21:30:23.000Z</time>
	<hdop>3.79</hdop>
	<extensions>
		<gpxtpx:TrackPointExtension>
			<gpxtpx:course>32.4</gpxtpx:course>
		</gpxtpx:TrackPointExtension>
	</extensions>
</trkpt>
<trkpt lat="-9.0393040" lon="148.3670864">
	<ele>803.89</ele>
	<time>2025-12-11T21:30:33.000Z</time>
	<hdop>3.79</hdop>
	<extensions>
		<gpxtpx:TrackPointExtension>
			<gpxtpx:course>29.2</gpxtpx:course>
		</gpxtpx:TrackPointExtension>
	</extensions>
</trkpt>
<trkpt lat="-9.0391748" lon="148.3671408">
	<ele>804.81</ele>
	<time>2025-12-11T21:30:43.000Z</time>
	<hdop>3.79</hdop>
	<extensions>
		<gpxtpx:TrackPointExtension>
			<gpxtpx:course>27.5</gpxtpx:course>
		</gpxtpx:TrackPointExtension>
	</extensions>
</trkpt>
<trkpt lat="-9.0390776" lon="148.3671452">
	<ele>806.32</ele>
	<time>2025-12-11T21:30:53.000Z</time>
	<hdop>3.79</hdop>
</trkpt>
<trkpt lat="-9.0390222" lon="148.3672193">
	<ele>808.09</ele>
	<time>2025-12-11T21:31:10.000Z</time>
	<hdop>3.79</hdop>
	<extensions>
		<gpxtpx:TrackPointExtension>
			<gpxtpx:course>78.4</gpxtpx:course>
		</gpxtpx:TrackPointExtension>
	</extensions>
</trkpt>
<trkpt lat="-9.0389499" lon="148.3672741">
	<ele>811.69</ele>
	<time>2025-12-11T21:31:48.000Z</time>
	<hdop>3.79</hdop>
</trkpt>
<trkpt lat="-9.0388676" lon="148.3673157">
	<ele>813.28</ele>
	<time>2025-12-11T21:32:29.000Z</time>
	<hdop>3.79</hdop>
	<extensions>
		<gpxtpx:TrackPointExtension>
			<gpxtpx:course>43.6</gpxtpx:course>
		</gpxtpx:TrackPointExtension>
	</extensions>
</trkpt>
<trkpt lat="-9.0387772" lon="148.3673458">
	<ele>816.23</ele>
	<time>2025-12-11T21:32:59.000Z</time>
	<hdop>3.79</hdop>
	<extensions>
		<gpxtpx:TrackPointExtension>
			<gpxtpx:course>32.4</gpxtpx:course>
		</gpxtpx:TrackPointExtension>
	</extensions>
</trkpt>
<trkpt lat="-9.0386881" lon="148.3673212">
	<ele>827.08</ele>
	<time>2025-12-11T21:33:40.000Z</time>
	<hdop>3.79</hdop>
	<extensions>
		<gpxtpx:TrackPointExtension>
			<gpxtpx:course>10.2</gpxtpx:course>
		</gpxtpx:TrackPointExtension>
	</extensions>
</trkpt>
<trkpt lat="-9.0386030" lon="148.3673521">
	<ele>830.19</ele>
	<time>2025-12-11T21:34:20.000Z</time>
	<hdop>3.79</hdop>
</trkpt>
<trkpt lat="-9.0385216" lon="148.3673974">
	<ele>835.85</ele>
	<time>2025-12-11T21:34:52.000Z</time>
	<hdop>9.94</hdop>
	<extensions>
		<gpxtpx:TrackPointExtension>
			<gpxtpx:course>45.7</gpxtpx:course>
		</gpxtpx:TrackPointExtension>
	</extensions>
</trkpt>
<trkpt lat="-9.0384305" lon="148.3673841">
	<ele>840.23</ele>
	<time>2025-12-11T21:35:24.000Z</time>
	<hdop>3.79</hdop>
	<extensions>
		<gpxtpx:TrackPointExtension>
			<gpxtpx:course>15.3</gpxtpx:course>
		</gpxtpx:TrackPointExtension>
	</extensions>
</trkpt>
<trkpt lat="-9.0383384" lon="148.3674048">
	<ele>847.21</ele>
	<time>2025-12-11T21:36:11.000Z</time>
	<hdop>3.79</hdop>
</trkpt>
<trkpt lat="-9.0382510" lon="148.3674294">
	<ele>848.99</ele>
	<time>2025-12-11T21:36:31.000Z</time>
	<hdop>3.79</hdop>
	<extensions>
		<gpxtpx:TrackPointExtension>
			<gpxtpx:course>23.2</gpxtpx:course>
		</gpxtpx:TrackPointExtension>
	</extensions>
</trkpt>
<trkpt lat="-9.0381747" lon="148.3674784">
	<ele>854.00</ele>
	<time>2025-12-11T21:36:53.000Z</time>
	<hdop>3.79</hdop>
	<extensions>
		<gpxtpx:TrackPointExtension>
			<gpxtpx:course>20.9</gpxtpx:course>
		</gpxtpx:TrackPointExtension>
	</extensions>
</trkpt>
<trkpt lat="-9.0380908" lon="148.3675214">
	<ele>859.93</ele>
	<time>2025-12-11T21:37:11.000Z</time>
	<hdop>3.79</hdop>
	<extensions>
		<gpxtpx:TrackPointExtension>
			<gpxtpx:course>47.8</gpxtpx:course>
		</gpxtpx:TrackPointExtension>
	</extensions>
</trkpt>
<trkpt lat="-9.0380034" lon="148.3675467">
	<ele>864.58</ele>
	<time>2025-12-11T21:37:51.000Z</time>
	<hdop>3.79</hdop>
	<extensions>
		<gpxtpx:TrackPointExtension>
			<gpxtpx:course>39.9</gpxtpx:course>
		</gpxtpx:TrackPointExtension>
	</extensions>
</trkpt>
<trkpt lat="-9.0379284" lon="148.3676045">
	<ele>870.58</ele>
	<time>2025-12-11T21:39:16.000Z</time>
	<hdop>3.79</hdop>
	<extensions>
		<gpxtpx:TrackPointExtension>
			<gpxtpx:course>37.4</gpxtpx:course>
		</gpxtpx:TrackPointExtension>
	</extensions>
</trkpt>
<trkpt lat="-9.0378376" lon="148.3676130">
	<ele>871.98</ele>
	<time>2025-12-11T21:39:31.000Z</time>
	<hdop>3.79</hdop>
	<extensions>
		<gpxtpx:TrackPointExtension>
			<gpxtpx:course>23.1</gpxtpx:course>
		</gpxtpx:TrackPointExtension>
	</extensions>
</trkpt>
<trkpt lat="-9.0377669" lon="148.3676782">
	<ele>872.93</ele>
	<time>2025-12-11T21:39:52.000Z</time>
	<hdop>3.79</hdop>
	<extensions>
		<gpxtpx:TrackPointExtension>
			<gpxtpx:course>78.9</gpxtpx:course>
		</gpxtpx:TrackPointExtension>
	</extensions>
</trkpt>
<trkpt lat="-9.0376793" lon="148.3677014">
	<ele>878.43</ele>
	<time>2025-12-11T21:40:23.000Z</time>
	<hdop>3.79</hdop>
	<extensions>
		<gpxtpx:TrackPointExtension>
			<gpxtpx:course>341.3</gpxtpx:course>
		</gpxtpx:TrackPointExtension>
	</extensions>
</trkpt>
<trkpt lat="-9.0375995" lon="148.3677526">
	<ele>886.27</ele>
	<time>2025-12-11T21:40:41.000Z</time>
	<hdop>3.79</hdop>
	<extensions>
		<gpxtpx:TrackPointExtension>
			<gpxtpx:course>13.8</gpxtpx:course>
		</gpxtpx:TrackPointExtension>
	</extensions>
</trkpt>
<trkpt lat="-9.0375058" lon="148.3677755">
	<ele>888.44</ele>
	<time>2025-12-11T21:40:59.000Z</time>
	<hdop>3.79</hdop>
	<extensions>
		<gpxtpx:TrackPointExtension>
			<gpxtpx:course>34.8</gpxtpx:course>
		</gpxtpx:TrackPointExtension>
	</extensions>
</trkpt>
<trkpt lat="-9.0374164" lon="148.3678139">
	<ele>892.61</ele>
	<time>2025-12-11T21:41:11.000Z</time>
	<hdop>3.79</hdop>
	<extensions>
		<gpxtpx:TrackPointExtension>
			<gpxtpx:course>25.1</gpxtpx:course>
		</gpxtpx:TrackPointExtension>
	</extensions>
</trkpt>
<trkpt lat="-9.0373282" lon="148.3677790">
	<ele>895.63</ele>
	<time>2025-12-11T21:41:24.000Z</time>
	<hdop>3.79</hdop>
	<extensions>
		<gpxtpx:TrackPointExtension>
			<gpxtpx:course>333.7</gpxtpx:course>
		</gpxtpx:TrackPointExtension>
	</extensions>
</trkpt>
<trkpt lat="-9.0372334" lon="148.3677788">
	<ele>897.51</ele>
	<time>2025-12-11T21:41:38.000Z</time>
	<hdop>3.79</hdop>
	<extensions>
		<gpxtpx:TrackPointExtension>
			<gpxtpx:course>8.5</gpxtpx:course>
		</gpxtpx:TrackPointExtension>
	</extensions>
</trkpt>
<trkpt lat="-9.0371405" lon="148.3677853">
	<ele>897.34</ele>
	<time>2025-12-11T21:41:48.000Z</time>
	<hdop>3.79</hdop>
	<extensions>
		<gpxtpx:TrackPointExtension>
			<gpxtpx:course>3.9</gpxtpx:course>
		</gpxtpx:TrackPointExtension>
	</extensions>
</trkpt>
<trkpt lat="-9.0370404" lon="148.3677796">
	<ele>897.50</ele>
	<time>2025-12-11T21:41:58.000Z</time>
	<hdop>3.79</hdop>
	<extensions>
		<gpxtpx:TrackPointExtension>
			<gpxtpx:course>1.4</gpxtpx:course>
		</gpxtpx:TrackPointExtension>
	</extensions>
</trkpt>
<trkpt lat="-9.0369405" lon="148.3677954">
	<ele>897.51</ele>
	<time>2025-12-11T21:42:08.000Z</time>
	<hdop>3.79</hdop>
	<extensions>
		<gpxtpx:TrackPointExtension>
			<gpxtpx:course>16.2</gpxtpx:course>
		</gpxtpx:TrackPointExtension>
	</extensions>
</trkpt>
<trkpt lat="-9.0368434" lon="148.3678093">
	<ele>897.90</ele>
	<time>2025-12-11T21:42:18.000Z</time>
	<hdop>3.79</hdop>
	<extensions>
		<gpxtpx:TrackPointExtension>
			<gpxtpx:course>348.6</gpxtpx:course>
		</gpxtpx:TrackPointExtension>
	</extensions>
</trkpt>
<trkpt lat="-9.0367584" lon="148.3678568">
	<ele>898.31</ele>
	<time>2025-12-11T21:42:29.000Z</time>
	<hdop>3.79</hdop>
	<extensions>
		<gpxtpx:TrackPointExtension>
			<gpxtpx:course>39.7</gpxtpx:course>
		</gpxtpx:TrackPointExtension>
	</extensions>
</trkpt>
<trkpt lat="-9.0366572" lon="148.3678738">
	<ele>895.61</ele>
	<time>2025-12-11T21:42:39.000Z</time>
	<hdop>3.79</hdop>
	<extensions>
		<gpxtpx:TrackPointExtension>
			<gpxtpx:course>9.1</gpxtpx:course>
		</gpxtpx:TrackPointExtension>
	</extensions>
</trkpt>
<trkpt lat="-9.0365461" lon="148.3678941">
	<ele>896.16</ele>
	<time>2025-12-11T21:42:49.000Z</time>
	<hdop>3.79</hdop>
	<extensions>
		<gpxtpx:TrackPointExtension>
			<gpxtpx:course>28.0</gpxtpx:course>
		</gpxtpx:TrackPointExtension>
	</extensions>
</trkpt>
<trkpt lat="-9.0364476" lon="148.3679008">
	<ele>897.79</ele>
	<time>2025-12-11T21:42:59.000Z</time>
	<hdop>3.79</hdop>
	<extensions>
		<gpxtpx:TrackPointExtension>
			<gpxtpx:course>19.2</gpxtpx:course>
		</gpxtpx:TrackPointExtension>
	</extensions>
</trkpt>
<trkpt lat="-9.0363398" lon="148.3678783">
	<ele>898.40</ele>
	<time>2025-12-11T21:43:09.000Z</time>
	<hdop>3.79</hdop>
	<extensions>
		<gpxtpx:TrackPointExtension>
			<gpxtpx:course>346.5</gpxtpx:course>
		</gpxtpx:TrackPointExtension>
	</extensions>
</trkpt>
<trkpt lat="-9.0362519" lon="148.3679115">
	<ele>898.61</ele>
	<time>2025-12-11T21:43:21.000Z</time>
	<hdop>3.79</hdop>
	<extensions>
		<gpxtpx:TrackPointExtension>
			<gpxtpx:course>30.0</gpxtpx:course>
		</gpxtpx:TrackPointExtension>
	</extensions>
</trkpt>
<trkpt lat="-9.0361427" lon="148.3679602">
	<ele>897.43</ele>
	<time>2025-12-11T21:43:31.000Z</time>
	<hdop>3.79</hdop>
	<extensions>
		<gpxtpx:TrackPointExtension>
			<gpxtpx:course>54.8</gpxtpx:course>
		</gpxtpx:TrackPointExtension>
	</extensions>
</trkpt>
<trkpt lat="-9.0360750" lon="148.3680338">
	<ele>899.06</ele>
	<time>2025-12-11T21:43:41.000Z</time>
	<hdop>3.79</hdop>
	<extensions>
		<gpxtpx:TrackPointExtension>
			<gpxtpx:course>42.3</gpxtpx:course>
		</gpxtpx:TrackPointExtension>
	</extensions>
</trkpt>
<trkpt lat="-9.0359950" lon="148.3681242">
	<ele>900.11</ele>
	<time>2025-12-11T21:43:51.000Z</time>
	<hdop>3.79</hdop>
	<extensions>
		<gpxtpx:TrackPointExtension>
			<gpxtpx:course>48.7</gpxtpx:course>
		</gpxtpx:TrackPointExtension>
	</extensions>
</trkpt>
<trkpt lat="-9.0359287" lon="148.3681960">
	<ele>898.37</ele>
	<time>2025-12-11T21:44:01.000Z</time>
	<hdop>3.79</hdop>
	<extensions>
		<gpxtpx:TrackPointExtension>
			<gpxtpx:course>71.8</gpxtpx:course>
		</gpxtpx:TrackPointExtension>
	</extensions>
</trkpt>
<trkpt lat="-9.0358232" lon="148.3682300">
	<ele>901.71</ele>
	<time>2025-12-11T21:44:11.000Z</time>
	<hdop>3.79</hdop>
	<extensions>
		<gpxtpx:TrackPointExtension>
			<gpxtpx:course>0.9</gpxtpx:course>
		</gpxtpx:TrackPointExtension>
	</extensions>
</trkpt>
<trkpt lat="-9.0357259" lon="148.3682803">
	<ele>902.45</ele>
	<time>2025-12-11T21:44:21.000Z</time>
	<hdop>3.79</hdop>
	<extensions>
		<gpxtpx:TrackPointExtension>
			<gpxtpx:course>27.9</gpxtpx:course>
		</gpxtpx:TrackPointExtension>
	</extensions>
</trkpt>
<trkpt lat="-9.0356160" lon="148.3683164">
	<ele>902.52</ele>
	<time>2025-12-11T21:44:31.000Z</time>
	<hdop>3.79</hdop>
	<extensions>
		<gpxtpx:TrackPointExtension>
			<gpxtpx:course>3.0</gpxtpx:course>
		</gpxtpx:TrackPointExtension>
	</extensions>
</trkpt>
<trkpt lat="-9.0355056" lon="148.3683400">
	<ele>903.31</ele>
	<time>2025-12-11T21:44:41.000Z</time>
	<hdop>3.79</hdop>
	<extensions>
		<gpxtpx:TrackPointExtension>
			<gpxtpx:course>9.6</gpxtpx:course>
		</gpxtpx:TrackPointExtension>
	</extensions>
</trkpt>
<trkpt lat="-9.0354222" lon="148.3683944">
	<ele>902.67</ele>
	<time>2025-12-11T21:44:51.000Z</time>
	<hdop>3.79</hdop>
	<extensions>
		<gpxtpx:TrackPointExtension>
			<gpxtpx:course>39.4</gpxtpx:course>
		</gpxtpx:TrackPointExtension>
	</extensions>
</trkpt>
<trkpt lat="-9.0353439" lon="148.3684599">
	<ele>902.29</ele>
	<time>2025-12-11T21:45:01.000Z</time>
	<hdop>3.79</hdop>
	<extensions>
		<gpxtpx:TrackPointExtension>
			<gpxtpx:course>32.2</gpxtpx:course>
		</gpxtpx:TrackPointExtension>
	</extensions>
</trkpt>
<trkpt lat="-9.0352442" lon="148.3685041">
	<ele>904.37</ele>
	<time>2025-12-11T21:45:11.000Z</time>
	<hdop>3.79</hdop>
	<extensions>
		<gpxtpx:TrackPointExtension>
			<gpxtpx:course>32.4</gpxtpx:course>
		</gpxtpx:TrackPointExtension>
	</extensions>
</trkpt>
<trkpt lat="-9.0351480" lon="148.3685534">
	<ele>904.54</ele>
	<time>2025-12-11T21:45:21.000Z</time>
	<hdop>3.79</hdop>
	<extensions>
		<gpxtpx:TrackPointExtension>
			<gpxtpx:course>18.5</gpxtpx:course>
		</gpxtpx:TrackPointExtension>
	</extensions>
</trkpt>
<trkpt lat="-9.0350430" lon="148.3685859">
	<ele>904.94</ele>
	<time>2025-12-11T21:45:31.000Z</time>
	<hdop>3.79</hdop>
	<extensions>
		<gpxtpx:TrackPointExtension>
			<gpxtpx:course>35.5</gpxtpx:course>
		</gpxtpx:TrackPointExtension>
	</extensions>
</trkpt>
<trkpt lat="-9.0349398" lon="148.3686390">
	<ele>905.19</ele>
	<time>2025-12-11T21:45:41.000Z</time>
	<hdop>3.79</hdop>
	<extensions>
		<gpxtpx:TrackPointExtension>
			<gpxtpx:course>27.7</gpxtpx:course>
		</gpxtpx:TrackPointExtension>
	</extensions>
</trkpt>
<trkpt lat="-9.0348477" lon="148.3686906">
	<ele>902.97</ele>
	<time>2025-12-11T21:45:51.000Z</time>
	<hdop>3.79</hdop>
	<extensions>
		<gpxtpx:TrackPointExtension>
			<gpxtpx:course>34.7</gpxtpx:course>
		</gpxtpx:TrackPointExtension>
	</extensions>
</trkpt>
<trkpt lat="-9.0347575" lon="148.3687644">
	<ele>901.57</ele>
	<time>2025-12-11T21:46:01.000Z</time>
	<hdop>3.79</hdop>
	<extensions>
		<gpxtpx:TrackPointExtension>
			<gpxtpx:course>36.3</gpxtpx:course>
		</gpxtpx:TrackPointExtension>
	</extensions>
</trkpt>
<trkpt lat="-9.0346856" lon="148.3688204">
	<ele>902.75</ele>
	<time>2025-12-11T21:47:36.000Z</time>
	<hdop>3.79</hdop>
</trkpt>
<trkpt lat="-9.0346353" lon="148.3689037">
	<ele>903.52</ele>
	<time>2025-12-11T21:48:04.000Z</time>
	<hdop>3.79</hdop>
	<extensions>
		<gpxtpx:TrackPointExtension>
			<gpxtpx:course>60.1</gpxtpx:course>
		</gpxtpx:TrackPointExtension>
	</extensions>
</trkpt>
<trkpt lat="-9.0345711" lon="148.3689880">
	<ele>906.05</ele>
	<time>2025-12-11T21:48:14.000Z</time>
	<hdop>3.79</hdop>
	<extensions>
		<gpxtpx:TrackPointExtension>
			<gpxtpx:course>66.6</gpxtpx:course>
		</gpxtpx:TrackPointExtension>
	</extensions>
</trkpt>
<trkpt lat="-9.0345256" lon="148.3690715">
	<ele>904.56</ele>
	<time>2025-12-11T21:48:24.000Z</time>
	<hdop>3.79</hdop>
	<extensions>
		<gpxtpx:TrackPointExtension>
			<gpxtpx:course>51.8</gpxtpx:course>
		</gpxtpx:TrackPointExtension>
	</extensions>
</trkpt>
<trkpt lat="-9.0344747" lon="148.3691599">
	<ele>907.82</ele>
	<time>2025-12-11T21:48:34.000Z</time>
	<hdop>3.79</hdop>
	<extensions>
		<gpxtpx:TrackPointExtension>
			<gpxtpx:course>43.6</gpxtpx:course>
		</gpxtpx:TrackPointExtension>
	</extensions>
</trkpt>
<trkpt lat="-9.0344119" lon="148.3692361">
	<ele>906.77</ele>
	<time>2025-12-11T21:48:44.000Z</time>
	<hdop>3.79</hdop>
	<extensions>
		<gpxtpx:TrackPointExtension>
			<gpxtpx:course>50.4</gpxtpx:course>
		</gpxtpx:TrackPointExtension>
	</extensions>
</trkpt>
<trkpt lat="-9.0343800" lon="148.3693316">
	<ele>908.84</ele>
	<time>2025-12-11T21:48:54.000Z</time>
	<hdop>3.79</hdop>
	<extensions>
		<gpxtpx:TrackPointExtension>
			<gpxtpx:course>78.5</gpxtpx:course>
		</gpxtpx:TrackPointExtension>
	</extensions>
</trkpt>
<trkpt lat="-9.0343403" lon="148.3694228">
	<ele>909.19</ele>
	<time>2025-12-11T21:49:04.000Z</time>
	<hdop>3.79</hdop>
	<extensions>
		<gpxtpx:TrackPointExtension>
			<gpxtpx:course>41.8</gpxtpx:course>
		</gpxtpx:TrackPointExtension>
	</extensions>
</trkpt>
<trkpt lat="-9.0342813" lon="148.3695073">
	<ele>909.65</ele>
	<time>2025-12-11T21:49:14.000Z</time>
	<hdop>3.79</hdop>
	<extensions>
		<gpxtpx:TrackPointExtension>
			<gpxtpx:course>51.4</gpxtpx:course>
		</gpxtpx:TrackPointExtension>
	</extensions>
</trkpt>
<trkpt lat="-9.0342587" lon="148.3696106">
	<ele>912.22</ele>
	<time>2025-12-11T21:49:24.000Z</time>
	<hdop>3.79</hdop>
	<extensions>
		<gpxtpx:TrackPointExtension>
			<gpxtpx:course>65.4</gpxtpx:course>
		</gpxtpx:TrackPointExtension>
	</extensions>
</trkpt>
<trkpt lat="-9.0342231" lon="148.3696990">
	<ele>914.77</ele>
	<time>2025-12-11T21:49:35.000Z</time>
	<hdop>3.79</hdop>
	<extensions>
		<gpxtpx:TrackPointExtension>
			<gpxtpx:course>71.7</gpxtpx:course>
		</gpxtpx:TrackPointExtension>
	</extensions>
</trkpt>
<trkpt lat="-9.0341866" lon="148.3697886">
	<ele>915.86</ele>
	<time>2025-12-11T21:49:56.000Z</time>
	<hdop>3.79</hdop>
	<extensions>
		<gpxtpx:TrackPointExtension>
			<gpxtpx:course>76.9</gpxtpx:course>
		</gpxtpx:TrackPointExtension>
	</extensions>
</trkpt>
<trkpt lat="-9.0341474" lon="148.3698750">
	<ele>918.60</ele>
	<time>2025-12-11T21:50:11.000Z</time>
	<hdop>3.79</hdop>
	<extensions>
		<gpxtpx:TrackPointExtension>
			<gpxtpx:course>63.0</gpxtpx:course>
		</gpxtpx:TrackPointExtension>
	</extensions>
</trkpt>
<trkpt lat="-9.0341142" lon="148.3699600">
	<ele>922.24</ele>
	<time>2025-12-11T21:50:21.000Z</time>
	<hdop>3.79</hdop>
	<extensions>
		<gpxtpx:TrackPointExtension>
			<gpxtpx:course>100.1</gpxtpx:course>
		</gpxtpx:TrackPointExtension>
	</extensions>
</trkpt>
<trkpt lat="-9.0340885" lon="148.3700524">
	<ele>923.53</ele>
	<time>2025-12-11T21:50:34.000Z</time>
	<hdop>3.79</hdop>
	<extensions>
		<gpxtpx:TrackPointExtension>
			<gpxtpx:course>78.3</gpxtpx:course>
		</gpxtpx:TrackPointExtension>
	</extensions>
</trkpt>
<trkpt lat="-9.0340576" lon="148.3701418">
	<ele>926.21</ele>
	<time>2025-12-11T21:50:55.000Z</time>
	<hdop>9.94</hdop>
	<extensions>
		<gpxtpx:TrackPointExtension>
			<gpxtpx:course>84.4</gpxtpx:course>
		</gpxtpx:TrackPointExtension>
	</extensions>
</trkpt>
<trkpt lat="-9.0340500" lon="148.3702326">
	<ele>930.50</ele>
	<time>2025-12-11T21:51:12.000Z</time>
	<hdop>9.94</hdop>
</trkpt>
<trkpt lat="-9.0339633" lon="148.3702718">
	<ele>933.85</ele>
	<time>2025-12-11T21:51:28.000Z</time>
	<hdop>9.94</hdop>
	<extensions>
		<gpxtpx:TrackPointExtension>
			<gpxtpx:course>92.7</gpxtpx:course>
		</gpxtpx:TrackPointExtension>
	</extensions>
</trkpt>
<trkpt lat="-9.0338881" lon="148.3703538">
	<ele>937.48</ele>
	<time>2025-12-11T21:51:38.000Z</time>
	<hdop>9.94</hdop>
	<extensions>
		<gpxtpx:TrackPointExtension>
			<gpxtpx:course>54.1</gpxtpx:course>
		</gpxtpx:TrackPointExtension>
	</extensions>
</trkpt>
<trkpt lat="-9.0338262" lon="148.3704205">
	<ele>937.60</ele>
	<time>2025-12-11T21:51:48.000Z</time>
	<hdop>9.94</hdop>
	<extensions>
		<gpxtpx:TrackPointExtension>
			<gpxtpx:course>49.4</gpxtpx:course>
		</gpxtpx:TrackPointExtension>
	</extensions>
</trkpt>
<trkpt lat="-9.0337477" lon="148.3704744">
	<ele>936.68</ele>
	<time>2025-12-11T21:52:05.000Z</time>
	<hdop>3.79</hdop>
	<extensions>
		<gpxtpx:TrackPointExtension>
			<gpxtpx:course>38.1</gpxtpx:course>
		</gpxtpx:TrackPointExtension>
	</extensions>
</trkpt>
<trkpt lat="-9.0336786" lon="148.3705339">
	<ele>936.98</ele>
	<time>2025-12-11T21:52:55.000Z</time>
	<hdop>3.79</hdop>
</trkpt>
<trkpt lat="-9.0336107" lon="148.3705963">
	<ele>940.31</ele>
	<time>2025-12-11T21:55:42.000Z</time>
	<hdop>3.79</hdop>
	<extensions>
		<gpxtpx:TrackPointExtension>
			<gpxtpx:course>53.6</gpxtpx:course>
		</gpxtpx:TrackPointExtension>
	</extensions>
</trkpt>
<trkpt lat="-9.0335655" lon="148.3706795">
	<ele>939.11</ele>
	<time>2025-12-11T21:55:57.000Z</time>
	<hdop>3.79</hdop>
	<extensions>
		<gpxtpx:TrackPointExtension>
			<gpxtpx:course>40.9</gpxtpx:course>
		</gpxtpx:TrackPointExtension>
	</extensions>
</trkpt>
<trkpt lat="-9.0335025" lon="148.3707509">
	<ele>938.80</ele>
	<time>2025-12-11T21:56:07.000Z</time>
	<hdop>3.79</hdop>
	<extensions>
		<gpxtpx:TrackPointExtension>
			<gpxtpx:course>60.9</gpxtpx:course>
		</gpxtpx:TrackPointExtension>
	</extensions>
</trkpt>
<trkpt lat="-9.0334273" lon="148.3708118">
	<ele>937.75</ele>
	<time>2025-12-11T21:56:17.000Z</time>
	<hdop>3.79</hdop>
	<extensions>
		<gpxtpx:TrackPointExtension>
			<gpxtpx:course>43.7</gpxtpx:course>
		</gpxtpx:TrackPointExtension>
	</extensions>
</trkpt>
<trkpt lat="-9.0333424" lon="148.3708878">
	<ele>936.81</ele>
	<time>2025-12-11T21:56:27.000Z</time>
	<hdop>3.79</hdop>
	<extensions>
		<gpxtpx:TrackPointExtension>
			<gpxtpx:course>25.9</gpxtpx:course>
		</gpxtpx:TrackPointExtension>
	</extensions>
</trkpt>
<trkpt lat="-9.0332368" lon="148.3709450">
	<ele>935.17</ele>
	<time>2025-12-11T21:56:37.000Z</time>
	<hdop>3.79</hdop>
	<extensions>
		<gpxtpx:TrackPointExtension>
			<gpxtpx:course>47.7</gpxtpx:course>
		</gpxtpx:TrackPointExtension>
	</extensions>
</trkpt>
<trkpt lat="-9.0331802" lon="148.3710319">
	<ele>935.78</ele>
	<time>2025-12-11T21:56:47.000Z</time>
	<hdop>3.79</hdop>
	<extensions>
		<gpxtpx:TrackPointExtension>
			<gpxtpx:course>58.8</gpxtpx:course>
		</gpxtpx:TrackPointExtension>
	</extensions>
</trkpt>
<trkpt lat="-9.0331310" lon="148.3711255">
	<ele>935.79</ele>
	<time>2025-12-11T21:56:57.000Z</time>
	<hdop>3.79</hdop>
	<extensions>
		<gpxtpx:TrackPointExtension>
			<gpxtpx:course>62.2</gpxtpx:course>
		</gpxtpx:TrackPointExtension>
	</extensions>
</trkpt>
<trkpt lat="-9.0330608" lon="148.3712280">
	<ele>935.02</ele>
	<time>2025-12-11T21:57:07.000Z</time>
	<hdop>3.79</hdop>
	<extensions>
		<gpxtpx:TrackPointExtension>
			<gpxtpx:course>47.1</gpxtpx:course>
		</gpxtpx:TrackPointExtension>
	</extensions>
</trkpt>
<trkpt lat="-9.0330158" lon="148.3713358">
	<ele>935.02</ele>
	<time>2025-12-11T21:57:17.000Z</time>
	<hdop>3.79</hdop>
	<extensions>
		<gpxtpx:TrackPointExtension>
			<gpxtpx:course>70.7</gpxtpx:course>
		</gpxtpx:TrackPointExtension>
	</extensions>
</trkpt>
<trkpt lat="-9.0329599" lon="148.3714185">
	<ele>934.87</ele>
	<time>2025-12-11T21:57:27.000Z</time>
	<hdop>3.79</hdop>
	<extensions>
		<gpxtpx:TrackPointExtension>
			<gpxtpx:course>51.4</gpxtpx:course>
		</gpxtpx:TrackPointExtension>
	</extensions>
</trkpt>
<trkpt lat="-9.0329068" lon="148.3714988">
	<ele>939.59</ele>
	<time>2025-12-11T21:57:37.000Z</time>
	<hdop>3.79</hdop>
	<extensions>
		<gpxtpx:TrackPointExtension>
			<gpxtpx:course>54.1</gpxtpx:course>
		</gpxtpx:TrackPointExtension>
	</extensions>
</trkpt>
<trkpt lat="-9.0328490" lon="148.3715705">
	<ele>940.97</ele>
	<time>2025-12-11T21:57:49.000Z</time>
	<hdop>3.79</hdop>
	<extensions>
		<gpxtpx:TrackPointExtension>
			<gpxtpx:course>34.7</gpxtpx:course>
		</gpxtpx:TrackPointExtension>
	</extensions>
</trkpt>
<trkpt lat="-9.0327793" lon="148.3716296">
	<ele>941.72</ele>
	<time>2025-12-11T21:58:45.000Z</time>
	<hdop>3.79</hdop>
	<extensions>
		<gpxtpx:TrackPointExtension>
			<gpxtpx:course>54.7</gpxtpx:course>
		</gpxtpx:TrackPointExtension>
	</extensions>
</trkpt>
<trkpt lat="-9.0327179" lon="148.3716991">
	<ele>944.43</ele>
	<time>2025-12-11T21:59:13.000Z</time>
	<hdop>3.79</hdop>
	<extensions>
		<gpxtpx:TrackPointExtension>
			<gpxtpx:course>50.7</gpxtpx:course>
		</gpxtpx:TrackPointExtension>
	</extensions>
</trkpt>
<trkpt lat="-9.0326320" lon="148.3717366">
	<ele>949.10</ele>
	<time>2025-12-11T22:00:04.000Z</time>
	<hdop>3.79</hdop>
	<extensions>
		<gpxtpx:TrackPointExtension>
			<gpxtpx:course>22.0</gpxtpx:course>
		</gpxtpx:TrackPointExtension>
	</extensions>
</trkpt>
<trkpt lat="-9.0325423" lon="148.3717791">
	<ele>951.25</ele>
	<time>2025-12-11T22:00:34.000Z</time>
	<hdop>3.79</hdop>
	<extensions>
		<gpxtpx:TrackPointExtension>
			<gpxtpx:course>19.0</gpxtpx:course>
		</gpxtpx:TrackPointExtension>
	</extensions>
</trkpt>
<trkpt lat="-9.0324630" lon="148.3718357">
	<ele>953.22</ele>
	<time>2025-12-11T22:00:45.000Z</time>
	<hdop>3.79</hdop>
	<extensions>
		<gpxtpx:TrackPointExtension>
			<gpxtpx:course>58.3</gpxtpx:course>
		</gpxtpx:TrackPointExtension>
	</extensions>
</trkpt>
<trkpt lat="-9.0324036" lon="148.3719123">
	<ele>956.04</ele>
	<time>2025-12-11T22:00:55.000Z</time>
	<hdop>3.79</hdop>
	<extensions>
		<gpxtpx:TrackPointExtension>
			<gpxtpx:course>48.9</gpxtpx:course>
		</gpxtpx:TrackPointExtension>
	</extensions>
</trkpt>
<trkpt lat="-9.0323482" lon="148.3719878">
	<ele>957.85</ele>
	<time>2025-12-11T22:01:06.000Z</time>
	<hdop>3.79</hdop>
	<extensions>
		<gpxtpx:TrackPointExtension>
			<gpxtpx:course>59.8</gpxtpx:course>
		</gpxtpx:TrackPointExtension>
	</extensions>
</trkpt>
<trkpt lat="-9.0322890" lon="148.3720661">
	<ele>957.47</ele>
	<time>2025-12-11T22:01:17.000Z</time>
	<hdop>3.79</hdop>
	<extensions>
		<gpxtpx:TrackPointExtension>
			<gpxtpx:course>70.3</gpxtpx:course>
		</gpxtpx:TrackPointExtension>
	</extensions>
</trkpt>
<trkpt lat="-9.0322499" lon="148.3721523">
	<ele>960.63</ele>
	<time>2025-12-11T22:01:53.000Z</time>
	<hdop>3.79</hdop>
	<extensions>
		<gpxtpx:TrackPointExtension>
			<gpxtpx:course>55.7</gpxtpx:course>
		</gpxtpx:TrackPointExtension>
	</extensions>
</trkpt>
<trkpt lat="-9.0322039" lon="148.3722327">
	<ele>963.16</ele>
	<time>2025-12-11T22:02:07.000Z</time>
	<hdop>3.79</hdop>
</trkpt>
<trkpt lat="-9.0321577" lon="148.3723137">
	<ele>964.74</ele>
	<time>2025-12-11T22:02:42.000Z</time>
	<hdop>3.79</hdop>
	<extensions>
		<gpxtpx:TrackPointExtension>
			<gpxtpx:course>63.7</gpxtpx:course>
		</gpxtpx:TrackPointExtension>
	</extensions>
</trkpt>
<trkpt lat="-9.0321156" lon="148.3724017">
	<ele>968.28</ele>
	<time>2025-12-11T22:02:57.000Z</time>
	<hdop>3.79</hdop>
	<extensions>
		<gpxtpx:TrackPointExtension>
			<gpxtpx:course>70.9</gpxtpx:course>
		</gpxtpx:TrackPointExtension>
	</extensions>
</trkpt>
<trkpt lat="-9.0320816" lon="148.3724894">
	<ele>972.82</ele>
	<time>2025-12-11T22:03:29.000Z</time>
	<hdop>3.79</hdop>
	<extensions>
		<gpxtpx:TrackPointExtension>
			<gpxtpx:course>50.0</gpxtpx:course>
		</gpxtpx:TrackPointExtension>
	</extensions>
</trkpt>
<trkpt lat="-9.0320423" lon="148.3725756">
	<ele>978.74</ele>
	<time>2025-12-11T22:04:22.000Z</time>
	<hdop>3.79</hdop>
	<extensions>
		<gpxtpx:TrackPointExtension>
			<gpxtpx:course>68.9</gpxtpx:course>
		</gpxtpx:TrackPointExtension>
	</extensions>
</trkpt>
<trkpt lat="-9.0319711" lon="148.3726467">
	<ele>980.96</ele>
	<time>2025-12-11T22:04:35.000Z</time>
	<hdop>3.79</hdop>
	<extensions>
		<gpxtpx:TrackPointExtension>
			<gpxtpx:course>40.7</gpxtpx:course>
		</gpxtpx:TrackPointExtension>
	</extensions>
</trkpt>
<trkpt lat="-9.0319035" lon="148.3727086">
	<ele>983.85</ele>
	<time>2025-12-11T22:04:45.000Z</time>
	<hdop>3.79</hdop>
	<extensions>
		<gpxtpx:TrackPointExtension>
			<gpxtpx:course>58.5</gpxtpx:course>
		</gpxtpx:TrackPointExtension>
	</extensions>
</trkpt>
<trkpt lat="-9.0318248" lon="148.3727662">
	<ele>984.95</ele>
	<time>2025-12-11T22:04:55.000Z</time>
	<hdop>3.79</hdop>
	<extensions>
		<gpxtpx:TrackPointExtension>
			<gpxtpx:course>42.8</gpxtpx:course>
		</gpxtpx:TrackPointExtension>
	</extensions>
</trkpt>
<trkpt lat="-9.0317478" lon="148.3728163">
	<ele>988.17</ele>
	<time>2025-12-11T22:05:10.000Z</time>
	<hdop>3.79</hdop>
	<extensions>
		<gpxtpx:TrackPointExtension>
			<gpxtpx:course>349.2</gpxtpx:course>
		</gpxtpx:TrackPointExtension>
	</extensions>
</trkpt>
<trkpt lat="-9.0316807" lon="148.3728794">
	<ele>990.77</ele>
	<time>2025-12-11T22:05:20.000Z</time>
	<hdop>3.79</hdop>
	<extensions>
		<gpxtpx:TrackPointExtension>
			<gpxtpx:course>43.1</gpxtpx:course>
		</gpxtpx:TrackPointExtension>
	</extensions>
</trkpt>
<trkpt lat="-9.0316172" lon="148.3729623">
	<ele>991.73</ele>
	<time>2025-12-11T22:05:30.000Z</time>
	<hdop>3.79</hdop>
	<extensions>
		<gpxtpx:TrackPointExtension>
			<gpxtpx:course>45.0</gpxtpx:course>
		</gpxtpx:TrackPointExtension>
	</extensions>
</trkpt>
<trkpt lat="-9.0315647" lon="148.3730456">
	<ele>994.74</ele>
	<time>2025-12-11T22:05:40.000Z</time>
	<hdop>3.79</hdop>
	<extensions>
		<gpxtpx:TrackPointExtension>
			<gpxtpx:course>49.9</gpxtpx:course>
		</gpxtpx:TrackPointExtension>
	</extensions>
</trkpt>
<trkpt lat="-9.0314780" lon="148.3730997">
	<ele>993.17</ele>
	<time>2025-12-11T22:05:50.000Z</time>
	<hdop>3.79</hdop>
	<extensions>
		<gpxtpx:TrackPointExtension>
			<gpxtpx:course>44.3</gpxtpx:course>
		</gpxtpx:TrackPointExtension>
	</extensions>
</trkpt>
<trkpt lat="-9.0314113" lon="148.3731752">
	<ele>991.79</ele>
	<time>2025-12-11T22:06:00.000Z</time>
	<hdop>3.79</hdop>
	<extensions>
		<gpxtpx:TrackPointExtension>
			<gpxtpx:course>54.0</gpxtpx:course>
		</gpxtpx:TrackPointExtension>
	</extensions>
</trkpt>
<trkpt lat="-9.0313536" lon="148.3732459">
	<ele>994.26</ele>
	<time>2025-12-11T22:06:13.000Z</time>
	<hdop>3.79</hdop>
</trkpt>
<trkpt lat="-9.0313002" lon="148.3733228">
	<ele>997.42</ele>
	<time>2025-12-11T22:06:29.000Z</time>
	<hdop>3.79</hdop>
	<extensions>
		<gpxtpx:TrackPointExtension>
			<gpxtpx:course>29.5</gpxtpx:course>
		</gpxtpx:TrackPointExtension>
	</extensions>
</trkpt>
<trkpt lat="-9.0312571" lon="148.3734028">
	<ele>999.25</ele>
	<time>2025-12-11T22:06:40.000Z</time>
	<hdop>3.79</hdop>
	<extensions>
		<gpxtpx:TrackPointExtension>
			<gpxtpx:course>68.6</gpxtpx:course>
		</gpxtpx:TrackPointExtension>
	</extensions>
</trkpt>
<trkpt lat="-9.0311751" lon="148.3734494">
	<ele>1002.62</ele>
	<time>2025-12-11T22:06:55.000Z</time>
	<hdop>3.79</hdop>
	<extensions>
		<gpxtpx:TrackPointExtension>
			<gpxtpx:course>7.8</gpxtpx:course>
		</gpxtpx:TrackPointExtension>
	</extensions>
</trkpt>
<trkpt lat="-9.0311560" lon="148.3735400">
	<ele>1002.85</ele>
	<time>2025-12-11T22:07:07.000Z</time>
	<hdop>3.79</hdop>
	<extensions>
		<gpxtpx:TrackPointExtension>
			<gpxtpx:course>57.0</gpxtpx:course>
		</gpxtpx:TrackPointExtension>
	</extensions>
</trkpt>
<trkpt lat="-9.0310830" lon="148.3736020">
	<ele>1004.09</ele>
	<time>2025-12-11T22:07:20.000Z</time>
	<hdop>3.79</hdop>
	<extensions>
		<gpxtpx:TrackPointExtension>
			<gpxtpx:course>75.0</gpxtpx:course>
		</gpxtpx:TrackPointExtension>
	</extensions>
</trkpt>
<trkpt lat="-9.0310224" lon="148.3736747">
	<ele>1004.47</ele>
	<time>2025-12-11T22:07:31.000Z</time>
	<hdop>3.79</hdop>
	<extensions>
		<gpxtpx:TrackPointExtension>
			<gpxtpx:course>21.8</gpxtpx:course>
		</gpxtpx:TrackPointExtension>
	</extensions>
</trkpt>
<trkpt lat="-9.0309420" lon="148.3737433">
	<ele>1005.98</ele>
	<time>2025-12-11T22:07:41.000Z</time>
	<hdop>3.79</hdop>
	<extensions>
		<gpxtpx:TrackPointExtension>
			<gpxtpx:course>43.5</gpxtpx:course>
		</gpxtpx:TrackPointExtension>
	</extensions>
</trkpt>
<trkpt lat="-9.0308510" lon="148.3738166">
	<ele>1006.44</ele>
	<time>2025-12-11T22:07:51.000Z</time>
	<hdop>3.79</hdop>
	<extensions>
		<gpxtpx:TrackPointExtension>
			<gpxtpx:course>36.6</gpxtpx:course>
		</gpxtpx:TrackPointExtension>
	</extensions>
</trkpt>
<trkpt lat="-9.0307917" lon="148.3739066">
	<ele>1006.40</ele>
	<time>2025-12-11T22:08:01.000Z</time>
	<hdop>3.79</hdop>
	<extensions>
		<gpxtpx:TrackPointExtension>
			<gpxtpx:course>65.4</gpxtpx:course>
		</gpxtpx:TrackPointExtension>
	</extensions>
</trkpt>
<trkpt lat="-9.0307049" lon="148.3739724">
	<ele>1005.98</ele>
	<time>2025-12-11T22:08:11.000Z</time>
	<hdop>3.79</hdop>
	<extensions>
		<gpxtpx:TrackPointExtension>
			<gpxtpx:course>27.3</gpxtpx:course>
		</gpxtpx:TrackPointExtension>
	</extensions>
</trkpt>
<trkpt lat="-9.0305929" lon="148.3740058">
	<ele>1006.58</ele>
	<time>2025-12-11T22:08:21.000Z</time>
	<hdop>3.79</hdop>
	<extensions>
		<gpxtpx:TrackPointExtension>
			<gpxtpx:course>3.7</gpxtpx:course>
		</gpxtpx:TrackPointExtension>
	</extensions>
</trkpt>
<trkpt lat="-9.0304946" lon="148.3740600">
	<ele>1005.78</ele>
	<time>2025-12-11T22:08:31.000Z</time>
	<hdop>3.79</hdop>
	<extensions>
		<gpxtpx:TrackPointExtension>
			<gpxtpx:course>19.5</gpxtpx:course>
		</gpxtpx:TrackPointExtension>
	</extensions>
</trkpt>
<trkpt lat="-9.0303960" lon="148.3740724">
	<ele>1008.15</ele>
	<time>2025-12-11T22:08:41.000Z</time>
	<hdop>3.79</hdop>
	<extensions>
		<gpxtpx:TrackPointExtension>
			<gpxtpx:course>355.3</gpxtpx:course>
		</gpxtpx:TrackPointExtension>
	</extensions>
</trkpt>
<trkpt lat="-9.0302990" lon="148.3740848">
	<ele>1008.64</ele>
	<time>2025-12-11T22:08:53.000Z</time>
	<hdop>3.79</hdop>
	<extensions>
		<gpxtpx:TrackPointExtension>
			<gpxtpx:course>358.9</gpxtpx:course>
		</gpxtpx:TrackPointExtension>
	</extensions>
</trkpt>
<trkpt lat="-9.0302061" lon="148.3740973">
	<ele>1008.28</ele>
	<time>2025-12-11T22:09:03.000Z</time>
	<hdop>3.79</hdop>
	<extensions>
		<gpxtpx:TrackPointExtension>
			<gpxtpx:course>330.2</gpxtpx:course>
		</gpxtpx:TrackPointExtension>
	</extensions>
</trkpt>
<trkpt lat="-9.0301174" lon="148.3741157">
	<ele>1008.57</ele>
	<time>2025-12-11T22:09:14.000Z</time>
	<hdop>3.79</hdop>
	<extensions>
		<gpxtpx:TrackPointExtension>
			<gpxtpx:course>341.1</gpxtpx:course>
		</gpxtpx:TrackPointExtension>
	</extensions>
</trkpt>
<trkpt lat="-9.0300484" lon="148.3741779">
	<ele>1010.92</ele>
	<time>2025-12-11T22:09:26.000Z</time>
	<hdop>3.79</hdop>
	<extensions>
		<gpxtpx:TrackPointExtension>
			<gpxtpx:course>27.5</gpxtpx:course>
		</gpxtpx:TrackPointExtension>
	</extensions>
</trkpt>
<trkpt lat="-9.0299607" lon="148.3742129">
	<ele>1011.85</ele>
	<time>2025-12-11T22:09:38.000Z</time>
	<hdop>3.79</hdop>
	<extensions>
		<gpxtpx:TrackPointExtension>
			<gpxtpx:course>348.6</gpxtpx:course>
		</gpxtpx:TrackPointExtension>
	</extensions>
</trkpt>
<trkpt lat="-9.0298725" lon="148.3742511">
	<ele>1014.74</ele>
	<time>2025-12-11T22:09:48.000Z</time>
	<hdop>3.79</hdop>
	<extensions>
		<gpxtpx:TrackPointExtension>
			<gpxtpx:course>2.9</gpxtpx:course>
		</gpxtpx:TrackPointExtension>
	</extensions>
</trkpt>
<trkpt lat="-9.0297876" lon="148.3743258">
	<ele>1016.37</ele>
	<time>2025-12-11T22:09:58.000Z</time>
	<hdop>3.79</hdop>
	<extensions>
		<gpxtpx:TrackPointExtension>
			<gpxtpx:course>51.7</gpxtpx:course>
		</gpxtpx:TrackPointExtension>
	</extensions>
</trkpt>
<trkpt lat="-9.0297147" lon="148.3743849">
	<ele>1015.78</ele>
	<time>2025-12-11T22:10:12.000Z</time>
	<hdop>3.79</hdop>
</trkpt>
<trkpt lat="-9.0296252" lon="148.3744021">
	<ele>1020.66</ele>
	<time>2025-12-11T22:10:22.000Z</time>
	<hdop>3.79</hdop>
	<extensions>
		<gpxtpx:TrackPointExtension>
			<gpxtpx:course>352.9</gpxtpx:course>
		</gpxtpx:TrackPointExtension>
	</extensions>
</trkpt>
<trkpt lat="-9.0295321" lon="148.3744128">
	<ele>1021.73</ele>
	<time>2025-12-11T22:10:50.000Z</time>
	<hdop>3.79</hdop>
	<extensions>
		<gpxtpx:TrackPointExtension>
			<gpxtpx:course>29.6</gpxtpx:course>
		</gpxtpx:TrackPointExtension>
	</extensions>
</trkpt>
<trkpt lat="-9.0294577" lon="148.3744755">
	<ele>1020.61</ele>
	<time>2025-12-11T22:11:03.000Z</time>
	<hdop>3.79</hdop>
	<extensions>
		<gpxtpx:TrackPointExtension>
			<gpxtpx:course>30.9</gpxtpx:course>
		</gpxtpx:TrackPointExtension>
	</extensions>
</trkpt>
<trkpt lat="-9.0293802" lon="148.3745230">
	<ele>1021.64</ele>
	<time>2025-12-11T22:11:13.000Z</time>
	<hdop>3.79</hdop>
	<extensions>
		<gpxtpx:TrackPointExtension>
			<gpxtpx:course>28.1</gpxtpx:course>
		</gpxtpx:TrackPointExtension>
	</extensions>
</trkpt>
<trkpt lat="-9.0292785" lon="148.3745842">
	<ele>1022.43</ele>
	<time>2025-12-11T22:11:23.000Z</time>
	<hdop>3.79</hdop>
	<extensions>
		<gpxtpx:TrackPointExtension>
			<gpxtpx:course>32.7</gpxtpx:course>
		</gpxtpx:TrackPointExtension>
	</extensions>
</trkpt>
<trkpt lat="-9.0291774" lon="148.3746486">
	<ele>1022.94</ele>
	<time>2025-12-11T22:11:33.000Z</time>
	<hdop>3.79</hdop>
	<extensions>
		<gpxtpx:TrackPointExtension>
			<gpxtpx:course>31.7</gpxtpx:course>
		</gpxtpx:TrackPointExtension>
	</extensions>
</trkpt>
<trkpt lat="-9.0290886" lon="148.3746894">
	<ele>1023.45</ele>
	<time>2025-12-11T22:11:43.000Z</time>
	<hdop>3.79</hdop>
	<extensions>
		<gpxtpx:TrackPointExtension>
			<gpxtpx:course>32.0</gpxtpx:course>
		</gpxtpx:TrackPointExtension>
	</extensions>
</trkpt>
<trkpt lat="-9.0290041" lon="148.3747608">
	<ele>1026.00</ele>
	<time>2025-12-11T22:11:53.000Z</time>
	<hdop>3.79</hdop>
	<extensions>
		<gpxtpx:TrackPointExtension>
			<gpxtpx:course>48.1</gpxtpx:course>
		</gpxtpx:TrackPointExtension>
	</extensions>
</trkpt>
<trkpt lat="-9.0289324" lon="148.3748231">
	<ele>1027.29</ele>
	<time>2025-12-11T22:12:03.000Z</time>
	<hdop>3.79</hdop>
	<extensions>
		<gpxtpx:TrackPointExtension>
			<gpxtpx:course>36.7</gpxtpx:course>
		</gpxtpx:TrackPointExtension>
	</extensions>
</trkpt>
<trkpt lat="-9.0288742" lon="148.3748946">
	<ele>1030.61</ele>
	<time>2025-12-11T22:12:19.000Z</time>
	<hdop>3.79</hdop>
</trkpt>
<trkpt lat="-9.0288175" lon="148.3749656">
	<ele>1029.94</ele>
	<time>2025-12-11T22:12:49.000Z</time>
	<hdop>3.79</hdop>
</trkpt>
<trkpt lat="-9.0287535" lon="148.3750360">
	<ele>1031.01</ele>
	<time>2025-12-11T22:13:12.000Z</time>
	<hdop>3.79</hdop>
</trkpt>
<trkpt lat="-9.0286852" lon="148.3751048">
	<ele>1033.80</ele>
	<time>2025-12-11T22:13:25.000Z</time>
	<hdop>3.79</hdop>
	<extensions>
		<gpxtpx:TrackPointExtension>
			<gpxtpx:course>55.5</gpxtpx:course>
		</gpxtpx:TrackPointExtension>
	</extensions>
</trkpt>
<trkpt lat="-9.0286255" lon="148.3752040">
	<ele>1037.71</ele>
	<time>2025-12-11T22:13:35.000Z</time>
	<hdop>3.79</hdop>
	<extensions>
		<gpxtpx:TrackPointExtension>
			<gpxtpx:course>40.5</gpxtpx:course>
		</gpxtpx:TrackPointExtension>
	</extensions>
</trkpt>
<trkpt lat="-9.0286134" lon="148.3753167">
	<ele>1037.96</ele>
	<time>2025-12-11T22:13:45.000Z</time>
	<hdop>3.79</hdop>
	<extensions>
		<gpxtpx:TrackPointExtension>
			<gpxtpx:course>71.3</gpxtpx:course>
		</gpxtpx:TrackPointExtension>
	</extensions>
</trkpt>
<trkpt lat="-9.0285230" lon="148.3753547">
	<ele>1038.69</ele>
	<time>2025-12-11T22:13:55.000Z</time>
	<hdop>3.79</hdop>
	<extensions>
		<gpxtpx:TrackPointExtension>
			<gpxtpx:course>18.5</gpxtpx:course>
		</gpxtpx:TrackPointExtension>
	</extensions>
</trkpt>
<trkpt lat="-9.0284328" lon="148.3753611">
	<ele>1039.62</ele>
	<time>2025-12-11T22:14:28.000Z</time>
	<hdop>3.79</hdop>
	<extensions>
		<gpxtpx:TrackPointExtension>
			<gpxtpx:course>15.3</gpxtpx:course>
		</gpxtpx:TrackPointExtension>
	</extensions>
</trkpt>
<trkpt lat="-9.0283382" lon="148.3753750">
	<ele>1042.64</ele>
	<time>2025-12-11T22:14:44.000Z</time>
	<hdop>3.79</hdop>
	<extensions>
		<gpxtpx:TrackPointExtension>
			<gpxtpx:course>340.9</gpxtpx:course>
		</gpxtpx:TrackPointExtension>
	</extensions>
</trkpt>
<trkpt lat="-9.0282411" lon="148.3754064">
	<ele>1046.05</ele>
	<time>2025-12-11T22:14:58.000Z</time>
	<hdop>3.79</hdop>
	<extensions>
		<gpxtpx:TrackPointExtension>
			<gpxtpx:course>35.5</gpxtpx:course>
		</gpxtpx:TrackPointExtension>
	</extensions>
</trkpt>
<trkpt lat="-9.0281495" lon="148.3754095">
	<ele>1044.38</ele>
	<time>2025-12-11T22:15:10.000Z</time>
	<hdop>3.79</hdop>
	<extensions>
		<gpxtpx:TrackPointExtension>
			<gpxtpx:course>339.3</gpxtpx:course>
		</gpxtpx:TrackPointExtension>
	</extensions>
</trkpt>
<trkpt lat="-9.0280535" lon="148.3754041">
	<ele>1046.47</ele>
	<time>2025-12-11T22:15:20.000Z</time>
	<hdop>3.79</hdop>
	<extensions>
		<gpxtpx:TrackPointExtension>
			<gpxtpx:course>12.9</gpxtpx:course>
		</gpxtpx:TrackPointExtension>
	</extensions>
</trkpt>
<trkpt lat="-9.0279574" lon="148.3754202">
	<ele>1051.17</ele>
	<time>2025-12-11T22:15:30.000Z</time>
	<hdop>3.79</hdop>
	<extensions>
		<gpxtpx:TrackPointExtension>
			<gpxtpx:course>13.5</gpxtpx:course>
		</gpxtpx:TrackPointExtension>
	</extensions>
</trkpt>
<trkpt lat="-9.0278571" lon="148.3754138">
	<ele>1053.44</ele>
	<time>2025-12-11T22:15:40.000Z</time>
	<hdop>3.79</hdop>
	<extensions>
		<gpxtpx:TrackPointExtension>
			<gpxtpx:course>11.8</gpxtpx:course>
		</gpxtpx:TrackPointExtension>
	</extensions>
</trkpt>
<trkpt lat="-9.0277554" lon="148.3754410">
	<ele>1054.60</ele>
	<time>2025-12-11T22:15:50.000Z</time>
	<hdop>3.79</hdop>
	<extensions>
		<gpxtpx:TrackPointExtension>
			<gpxtpx:course>4.6</gpxtpx:course>
		</gpxtpx:TrackPointExtension>
	</extensions>
</trkpt>
<trkpt lat="-9.0276773" lon="148.3755005">
	<ele>1054.17</ele>
	<time>2025-12-11T22:16:00.000Z</time>
	<hdop>3.79</hdop>
	<extensions>
		<gpxtpx:TrackPointExtension>
			<gpxtpx:course>37.4</gpxtpx:course>
		</gpxtpx:TrackPointExtension>
	</extensions>
</trkpt>
<trkpt lat="-9.0276243" lon="148.3755770">
	<ele>1050.45</ele>
	<time>2025-12-11T22:16:14.000Z</time>
	<hdop>3.79</hdop>
	<extensions>
		<gpxtpx:TrackPointExtension>
			<gpxtpx:course>62.3</gpxtpx:course>
		</gpxtpx:TrackPointExtension>
	</extensions>
</trkpt>
<trkpt lat="-9.0275963" lon="148.3756651">
	<ele>1051.17</ele>
	<time>2025-12-11T22:16:26.000Z</time>
	<hdop>3.79</hdop>
	<extensions>
		<gpxtpx:TrackPointExtension>
			<gpxtpx:course>61.0</gpxtpx:course>
		</gpxtpx:TrackPointExtension>
	</extensions>
</trkpt>
<trkpt lat="-9.0275417" lon="148.3757464">
	<ele>1051.18</ele>
	<time>2025-12-11T22:16:36.000Z</time>
	<hdop>3.79</hdop>
</trkpt>
<trkpt lat="-9.0275072" lon="148.3758349">
	<ele>1052.25</ele>
	<time>2025-12-11T22:16:49.000Z</time>
	<hdop>3.79</hdop>
	<extensions>
		<gpxtpx:TrackPointExtension>
			<gpxtpx:course>69.6</gpxtpx:course>
		</gpxtpx:TrackPointExtension>
	</extensions>
</trkpt>
<trkpt lat="-9.0274930" lon="148.3759280">
	<ele>1052.75</ele>
	<time>2025-12-11T22:16:59.000Z</time>
	<hdop>3.79</hdop>
	<extensions>
		<gpxtpx:TrackPointExtension>
			<gpxtpx:course>47.9</gpxtpx:course>
		</gpxtpx:TrackPointExtension>
	</extensions>
</trkpt>
<trkpt lat="-9.0274848" lon="148.3760474">
	<ele>1052.84</ele>
	<time>2025-12-11T22:17:09.000Z</time>
	<hdop>3.79</hdop>
	<extensions>
		<gpxtpx:TrackPointExtension>
			<gpxtpx:course>85.8</gpxtpx:course>
		</gpxtpx:TrackPointExtension>
	</extensions>
</trkpt>
<trkpt lat="-9.0274914" lon="148.3761556">
	<ele>1057.23</ele>
	<time>2025-12-11T22:17:19.000Z</time>
	<hdop>3.79</hdop>
	<extensions>
		<gpxtpx:TrackPointExtension>
			<gpxtpx:course>81.9</gpxtpx:course>
		</gpxtpx:TrackPointExtension>
	</extensions>
</trkpt>
<trkpt lat="-9.0274559" lon="148.3762458">
	<ele>1062.74</ele>
	<time>2025-12-11T22:21:13.000Z</time>
	<hdop>3.79</hdop>
	<extensions>
		<gpxtpx:TrackPointExtension>
			<gpxtpx:course>325.5</gpxtpx:course>
		</gpxtpx:TrackPointExtension>
	</extensions>
</trkpt>
<trkpt lat="-9.0273847" lon="148.3763030">
	<ele>1065.21</ele>
	<time>2025-12-11T22:21:28.000Z</time>
	<hdop>3.79</hdop>
</trkpt>
<trkpt lat="-9.0273050" lon="148.3763639">
	<ele>1068.93</ele>
	<time>2025-12-11T22:21:46.000Z</time>
	<hdop>3.79</hdop>
</trkpt>
<trkpt lat="-9.0272184" lon="148.3764101">
	<ele>1068.60</ele>
	<time>2025-12-11T22:21:57.000Z</time>
	<hdop>3.79</hdop>
	<extensions>
		<gpxtpx:TrackPointExtension>
			<gpxtpx:course>16.0</gpxtpx:course>
		</gpxtpx:TrackPointExtension>
	</extensions>
</trkpt>
<trkpt lat="-9.0271567" lon="148.3764827">
	<ele>1067.79</ele>
	<time>2025-12-11T22:22:08.000Z</time>
	<hdop>3.79</hdop>
	<extensions>
		<gpxtpx:TrackPointExtension>
			<gpxtpx:course>16.1</gpxtpx:course>
		</gpxtpx:TrackPointExtension>
	</extensions>
</trkpt>
<trkpt lat="-9.0270643" lon="148.3765103">
	<ele>1069.83</ele>
	<time>2025-12-11T22:22:18.000Z</time>
	<hdop>3.79</hdop>
</trkpt>
<trkpt lat="-9.0269959" lon="148.3765763">
	<ele>1074.04</ele>
	<time>2025-12-11T22:22:28.000Z</time>
	<hdop>3.79</hdop>
</trkpt>
<trkpt lat="-9.0269498" lon="148.3766552">
	<ele>1077.53</ele>
	<time>2025-12-11T22:22:42.000Z</time>
	<hdop>3.79</hdop>
	<extensions>
		<gpxtpx:TrackPointExtension>
			<gpxtpx:course>79.7</gpxtpx:course>
		</gpxtpx:TrackPointExtension>
	</extensions>
</trkpt>
<trkpt lat="-9.0268903" lon="148.3767438">
	<ele>1077.31</ele>
	<time>2025-12-11T22:22:57.000Z</time>
	<hdop>3.79</hdop>
</trkpt>
<trkpt lat="-9.0267992" lon="148.3768121">
	<ele>1079.08</ele>
	<time>2025-12-11T22:23:07.000Z</time>
	<hdop>3.79</hdop>
</trkpt>
<trkpt lat="-9.0267401" lon="148.3768944">
	<ele>1082.45</ele>
	<time>2025-12-11T22:23:25.000Z</time>
	<hdop>3.79</hdop>
</trkpt>
<trkpt lat="-9.0266764" lon="148.3769607">
	<ele>1082.56</ele>
	<time>2025-12-11T22:23:39.000Z</time>
	<hdop>3.79</hdop>
	<extensions>
		<gpxtpx:TrackPointExtension>
			<gpxtpx:course>327.1</gpxtpx:course>
		</gpxtpx:TrackPointExtension>
	</extensions>
</trkpt>
<trkpt lat="-9.0265655" lon="148.3770129">
	<ele>1084.58</ele>
	<time>2025-12-11T22:23:49.000Z</time>
	<hdop>3.79</hdop>
	<extensions>
		<gpxtpx:TrackPointExtension>
			<gpxtpx:course>5.9</gpxtpx:course>
		</gpxtpx:TrackPointExtension>
	</extensions>
</trkpt>
<trkpt lat="-9.0264591" lon="148.3770754">
	<ele>1086.85</ele>
	<time>2025-12-11T22:23:59.000Z</time>
	<hdop>3.79</hdop>
	<extensions>
		<gpxtpx:TrackPointExtension>
			<gpxtpx:course>6.4</gpxtpx:course>
		</gpxtpx:TrackPointExtension>
	</extensions>
</trkpt>
<trkpt lat="-9.0263808" lon="148.3771317">
	<ele>1086.07</ele>
	<time>2025-12-11T22:24:10.000Z</time>
	<hdop>3.79</hdop>
	<extensions>
		<gpxtpx:TrackPointExtension>
			<gpxtpx:course>6.4</gpxtpx:course>
		</gpxtpx:TrackPointExtension>
	</extensions>
</trkpt>
<trkpt lat="-9.0262947" lon="148.3771621">
	<ele>1089.05</ele>
	<time>2025-12-11T22:24:20.000Z</time>
	<hdop>3.79</hdop>
	<extensions>
		<gpxtpx:TrackPointExtension>
			<gpxtpx:course>29.7</gpxtpx:course>
		</gpxtpx:TrackPointExtension>
	</extensions>
</trkpt>
<trkpt lat="-9.0262053" lon="148.3771938">
	<ele>1085.51</ele>
	<time>2025-12-11T22:24:31.000Z</time>
	<hdop>3.79</hdop>
</trkpt>
<trkpt lat="-9.0261153" lon="148.3772152">
	<ele>1088.27</ele>
	<time>2025-12-11T22:24:43.000Z</time>
	<hdop>3.79</hdop>
	<extensions>
		<gpxtpx:TrackPointExtension>
			<gpxtpx:course>349.1</gpxtpx:course>
		</gpxtpx:TrackPointExtension>
	</extensions>
</trkpt>
<trkpt lat="-9.0260132" lon="148.3772140">
	<ele>1090.77</ele>
	<time>2025-12-11T22:24:54.000Z</time>
	<hdop>3.79</hdop>
	<extensions>
		<gpxtpx:TrackPointExtension>
			<gpxtpx:course>349.1</gpxtpx:course>
		</gpxtpx:TrackPointExtension>
	</extensions>
</trkpt>
<trkpt lat="-9.0259203" lon="148.3772358">
	<ele>1091.49</ele>
	<time>2025-12-11T22:25:05.000Z</time>
	<hdop>3.79</hdop>
	<extensions>
		<gpxtpx:TrackPointExtension>
			<gpxtpx:course>349.1</gpxtpx:course>
		</gpxtpx:TrackPointExtension>
	</extensions>
</trkpt>
<trkpt lat="-9.0258344" lon="148.3772672">
	<ele>1094.28</ele>
	<time>2025-12-11T22:25:16.000Z</time>
	<hdop>3.79</hdop>
</trkpt>
<trkpt lat="-9.0257416" lon="148.3773008">
	<ele>1092.24</ele>
	<time>2025-12-11T22:25:32.000Z</time>
	<hdop>9.94</hdop>
	<extensions>
		<gpxtpx:TrackPointExtension>
			<gpxtpx:course>316.0</gpxtpx:course>
		</gpxtpx:TrackPointExtension>
	</extensions>
</trkpt>
<trkpt lat="-9.0256653" lon="148.3773584">
	<ele>1092.47</ele>
	<time>2025-12-11T22:25:43.000Z</time>
	<hdop>9.94</hdop>
	<extensions>
		<gpxtpx:TrackPointExtension>
			<gpxtpx:course>19.5</gpxtpx:course>
		</gpxtpx:TrackPointExtension>
	</extensions>
</trkpt>
<trkpt lat="-9.0255934" lon="148.3774265">
	<ele>1093.59</ele>
	<time>2025-12-11T22:25:54.000Z</time>
	<hdop>9.94</hdop>
	<extensions>
		<gpxtpx:TrackPointExtension>
			<gpxtpx:course>19.5</gpxtpx:course>
		</gpxtpx:TrackPointExtension>
	</extensions>
</trkpt>
<trkpt lat="-9.0255160" lon="148.3774741">
	<ele>1095.14</ele>
	<time>2025-12-11T22:26:04.000Z</time>
	<hdop>9.94</hdop>
</trkpt>
<trkpt lat="-9.0254326" lon="148.3775275">
	<ele>1097.28</ele>
	<time>2025-12-11T22:26:19.000Z</time>
	<hdop>3.79</hdop>
	<extensions>
		<gpxtpx:TrackPointExtension>
			<gpxtpx:course>19.5</gpxtpx:course>
		</gpxtpx:TrackPointExtension>
	</extensions>
</trkpt>
<trkpt lat="-9.0253622" lon="148.3776166">
	<ele>1100.44</ele>
	<time>2025-12-11T22:26:29.000Z</time>
	<hdop>3.98</hdop>
	<extensions>
		<gpxtpx:TrackPointExtension>
			<gpxtpx:course>23.9</gpxtpx:course>
		</gpxtpx:TrackPointExtension>
	</extensions>
</trkpt>
<trkpt lat="-9.0252557" lon="148.3776304">
	<ele>1097.30</ele>
	<time>2025-12-11T22:26:39.000Z</time>
	<hdop>3.79</hdop>
</trkpt>
<trkpt lat="-9.0251765" lon="148.3776744">
	<ele>1097.81</ele>
	<time>2025-12-11T22:27:06.000Z</time>
	<hdop>3.79</hdop>
</trkpt>
<trkpt lat="-9.0250964" lon="148.3777304">
	<ele>1097.88</ele>
	<time>2025-12-11T22:28:03.000Z</time>
	<hdop>3.79</hdop>
	<extensions>
		<gpxtpx:TrackPointExtension>
			<gpxtpx:course>318.2</gpxtpx:course>
		</gpxtpx:TrackPointExtension>
	</extensions>
</trkpt>
<trkpt lat="-9.0250044" lon="148.3777606">
	<ele>1097.53</ele>
	<time>2025-12-11T22:28:14.000Z</time>
	<hdop>3.79</hdop>
	<extensions>
		<gpxtpx:TrackPointExtension>
			<gpxtpx:course>325.5</gpxtpx:course>
		</gpxtpx:TrackPointExtension>
	</extensions>
</trkpt>
<trkpt lat="-9.0249287" lon="148.3778133">
	<ele>1102.15</ele>
	<time>2025-12-11T22:28:26.000Z</time>
	<hdop>3.79</hdop>
	<extensions>
		<gpxtpx:TrackPointExtension>
			<gpxtpx:course>16.6</gpxtpx:course>
		</gpxtpx:TrackPointExtension>
	</extensions>
</trkpt>
<trkpt lat="-9.0248678" lon="148.3778906">
	<ele>1104.98</ele>
	<time>2025-12-11T22:28:39.000Z</time>
	<hdop>3.79</hdop>
</trkpt>
<trkpt lat="-9.0248018" lon="148.3779531">
	<ele>1108.14</ele>
	<time>2025-12-11T22:29:13.000Z</time>
	<hdop>9.94</hdop>
</trkpt>
<trkpt lat="-9.0247105" lon="148.3779249">
	<ele>1107.82</ele>
	<time>2025-12-11T22:29:49.000Z</time>
	<hdop>9.94</hdop>
	<extensions>
		<gpxtpx:TrackPointExtension>
			<gpxtpx:course>316.9</gpxtpx:course>
		</gpxtpx:TrackPointExtension>
	</extensions>
</trkpt>
<trkpt lat="-9.0246197" lon="148.3779415">
	<ele>1109.67</ele>
	<time>2025-12-11T22:30:05.000Z</time>
	<hdop>9.94</hdop>
	<extensions>
		<gpxtpx:TrackPointExtension>
			<gpxtpx:course>318.3</gpxtpx:course>
		</gpxtpx:TrackPointExtension>
	</extensions>
</trkpt>
<trkpt lat="-9.0245243" lon="148.3779674">
	<ele>1111.30</ele>
	<time>2025-12-11T22:30:18.000Z</time>
	<hdop>9.94</hdop>
	<extensions>
		<gpxtpx:TrackPointExtension>
			<gpxtpx:course>318.3</gpxtpx:course>
		</gpxtpx:TrackPointExtension>
	</extensions>
</trkpt>
<trkpt lat="-9.0244340" lon="148.3779758">
	<ele>1108.98</ele>
	<time>2025-12-11T22:30:32.000Z</time>
	<hdop>9.94</hdop>
</trkpt>
<trkpt lat="-9.0243444" lon="148.3780029">
	<ele>1110.21</ele>
	<time>2025-12-11T22:30:55.000Z</time>
	<hdop>9.94</hdop>
	<extensions>
		<gpxtpx:TrackPointExtension>
			<gpxtpx:course>16.9</gpxtpx:course>
		</gpxtpx:TrackPointExtension>
	</extensions>
</trkpt>
<trkpt lat="-9.0242581" lon="148.3780378">
	<ele>1109.43</ele>
	<time>2025-12-11T22:31:05.000Z</time>
	<hdop>9.94</hdop>
	<extensions>
		<gpxtpx:TrackPointExtension>
			<gpxtpx:course>353.3</gpxtpx:course>
		</gpxtpx:TrackPointExtension>
	</extensions>
</trkpt>
<trkpt lat="-9.0241610" lon="148.3780646">
	<ele>1108.43</ele>
	<time>2025-12-11T22:31:17.000Z</time>
	<hdop>9.94</hdop>
	<extensions>
		<gpxtpx:TrackPointExtension>
			<gpxtpx:course>340.5</gpxtpx:course>
		</gpxtpx:TrackPointExtension>
	</extensions>
</trkpt>
<trkpt lat="-9.0240843" lon="148.3781144">
	<ele>1107.27</ele>
	<time>2025-12-11T22:31:27.000Z</time>
	<hdop>9.94</hdop>
	<extensions>
		<gpxtpx:TrackPointExtension>
			<gpxtpx:course>350.2</gpxtpx:course>
		</gpxtpx:TrackPointExtension>
	</extensions>
</trkpt>
<trkpt lat="-9.0239915" lon="148.3781372">
	<ele>1109.45</ele>
	<time>2025-12-11T22:31:37.000Z</time>
	<hdop>9.94</hdop>
</trkpt>
<trkpt lat="-9.0239168" lon="148.3782001">
	<ele>1112.48</ele>
	<time>2025-12-11T22:31:50.000Z</time>
	<hdop>9.94</hdop>
	<extensions>
		<gpxtpx:TrackPointExtension>
			<gpxtpx:course>351.5</gpxtpx:course>
		</gpxtpx:TrackPointExtension>
	</extensions>
</trkpt>
<trkpt lat="-9.0238330" lon="148.3782506">
	<ele>1110.35</ele>
	<time>2025-12-11T22:32:00.000Z</time>
	<hdop>9.94</hdop>
	<extensions>
		<gpxtpx:TrackPointExtension>
			<gpxtpx:course>37.8</gpxtpx:course>
		</gpxtpx:TrackPointExtension>
	</extensions>
</trkpt>
<trkpt lat="-9.0237450" lon="148.3782920">
	<ele>1110.88</ele>
	<time>2025-12-11T22:32:11.000Z</time>
	<hdop>9.94</hdop>
	<extensions>
		<gpxtpx:TrackPointExtension>
			<gpxtpx:course>38.7</gpxtpx:course>
		</gpxtpx:TrackPointExtension>
	</extensions>
</trkpt>
<trkpt lat="-9.0236487" lon="148.3783064">
	<ele>1110.87</ele>
	<time>2025-12-11T22:32:21.000Z</time>
	<hdop>9.94</hdop>
	<extensions>
		<gpxtpx:TrackPointExtension>
			<gpxtpx:course>38.7</gpxtpx:course>
		</gpxtpx:TrackPointExtension>
	</extensions>
</trkpt>
<trkpt lat="-9.0235652" lon="148.3783434">
	<ele>1109.62</ele>
	<time>2025-12-11T22:32:31.000Z</time>
	<hdop>9.94</hdop>
	<extensions>
		<gpxtpx:TrackPointExtension>
			<gpxtpx:course>42.2</gpxtpx:course>
		</gpxtpx:TrackPointExtension>
	</extensions>
</trkpt>
<trkpt lat="-9.0234772" lon="148.3783936">
	<ele>1112.38</ele>
	<time>2025-12-11T22:32:48.000Z</time>
	<hdop>9.94</hdop>
	<extensions>
		<gpxtpx:TrackPointExtension>
			<gpxtpx:course>9.5</gpxtpx:course>
		</gpxtpx:TrackPointExtension>
	</extensions>
</trkpt>
<trkpt lat="-9.0233669" lon="148.3784155">
	<ele>1115.99</ele>
	<time>2025-12-11T22:32:58.000Z</time>
	<hdop>9.94</hdop>
	<extensions>
		<gpxtpx:TrackPointExtension>
			<gpxtpx:course>356.7</gpxtpx:course>
		</gpxtpx:TrackPointExtension>
	</extensions>
</trkpt>
<trkpt lat="-9.0232884" lon="148.3784652">
	<ele>1115.71</ele>
	<time>2025-12-11T22:33:10.000Z</time>
	<hdop>9.94</hdop>
	<extensions>
		<gpxtpx:TrackPointExtension>
			<gpxtpx:course>1.0</gpxtpx:course>
		</gpxtpx:TrackPointExtension>
	</extensions>
</trkpt>
<trkpt lat="-9.0232226" lon="148.3785341">
	<ele>1113.16</ele>
	<time>2025-12-11T22:33:21.000Z</time>
	<hdop>9.94</hdop>
</trkpt>
<trkpt lat="-9.0231681" lon="148.3786143">
	<ele>1113.61</ele>
	<time>2025-12-11T22:33:41.000Z</time>
	<hdop>9.94</hdop>
	<extensions>
		<gpxtpx:TrackPointExtension>
			<gpxtpx:course>48.3</gpxtpx:course>
		</gpxtpx:TrackPointExtension>
	</extensions>
</trkpt>
<trkpt lat="-9.0230766" lon="148.3786843">
	<ele>1114.90</ele>
	<time>2025-12-11T22:33:51.000Z</time>
	<hdop>9.94</hdop>
</trkpt>
<trkpt lat="-9.0229897" lon="148.3787203">
	<ele>1120.80</ele>
	<time>2025-12-11T22:34:06.000Z</time>
	<hdop>9.94</hdop>
</trkpt>
<trkpt lat="-9.0228992" lon="148.3787284">
	<ele>1120.11</ele>
	<time>2025-12-11T22:34:23.000Z</time>
	<hdop>9.94</hdop>
</trkpt>
<trkpt lat="-9.0228041" lon="148.3787195">
	<ele>1123.28</ele>
	<time>2025-12-11T22:35:14.000Z</time>
	<hdop>9.94</hdop>
</trkpt>
<trkpt lat="-9.0227172" lon="148.3786756">
	<ele>1126.99</ele>
	<time>2025-12-11T22:35:45.000Z</time>
	<hdop>9.94</hdop>
	<extensions>
		<gpxtpx:TrackPointExtension>
			<gpxtpx:course>317.1</gpxtpx:course>
		</gpxtpx:TrackPointExtension>
	</extensions>
</trkpt>
<trkpt lat="-9.0226361" lon="148.3786201">
	<ele>1131.97</ele>
	<time>2025-12-11T22:35:59.000Z</time>
	<hdop>9.94</hdop>
</trkpt>
<trkpt lat="-9.0225441" lon="148.3786184">
	<ele>1130.79</ele>
	<time>2025-12-11T22:36:09.000Z</time>
	<hdop>9.94</hdop>
	<extensions>
		<gpxtpx:TrackPointExtension>
			<gpxtpx:course>334.3</gpxtpx:course>
		</gpxtpx:TrackPointExtension>
	</extensions>
</trkpt>
<trkpt lat="-9.0224532" lon="148.3786174">
	<ele>1137.25</ele>
	<time>2025-12-11T22:36:22.000Z</time>
	<hdop>9.94</hdop>
</trkpt>
<trkpt lat="-9.0223647" lon="148.3786446">
	<ele>1144.50</ele>
	<time>2025-12-11T22:37:06.000Z</time>
	<hdop>9.94</hdop>
</trkpt>
<trkpt lat="-9.0222734" lon="148.3786640">
	<ele>1143.94</ele>
	<time>2025-12-11T22:37:20.000Z</time>
	<hdop>9.94</hdop>
</trkpt>
<trkpt lat="-9.0221820" lon="148.3786823">
	<ele>1145.53</ele>
	<time>2025-12-11T22:37:56.000Z</time>
	<hdop>3.79</hdop>
	<extensions>
		<gpxtpx:TrackPointExtension>
			<gpxtpx:course>7.8</gpxtpx:course>
		</gpxtpx:TrackPointExtension>
	</extensions>
</trkpt>
<trkpt lat="-9.0220958" lon="148.3787155">
	<ele>1145.68</ele>
	<time>2025-12-11T22:38:11.000Z</time>
	<hdop>3.79</hdop>
	<extensions>
		<gpxtpx:TrackPointExtension>
			<gpxtpx:course>99.0</gpxtpx:course>
		</gpxtpx:TrackPointExtension>
	</extensions>
</trkpt>
<trkpt lat="-9.0220025" lon="148.3787057">
	<ele>1146.32</ele>
	<time>2025-12-11T22:39:04.000Z</time>
	<hdop>3.79</hdop>
	<extensions>
		<gpxtpx:TrackPointExtension>
			<gpxtpx:course>339.6</gpxtpx:course>
		</gpxtpx:TrackPointExtension>
	</extensions>
</trkpt>
<trkpt lat="-9.0219244" lon="148.3787593">
	<ele>1152.16</ele>
	<time>2025-12-11T22:39:39.000Z</time>
	<hdop>3.79</hdop>
	<extensions>
		<gpxtpx:TrackPointExtension>
			<gpxtpx:course>339.8</gpxtpx:course>
		</gpxtpx:TrackPointExtension>
	</extensions>
</trkpt>
<trkpt lat="-9.0218335" lon="148.3787616">
	<ele>1157.54</ele>
	<time>2025-12-11T22:40:15.000Z</time>
	<hdop>3.79</hdop>
</trkpt>
<trkpt lat="-9.0217512" lon="148.3788087">
	<ele>1158.98</ele>
	<time>2025-12-11T22:40:46.000Z</time>
	<hdop>3.79</hdop>
	<extensions>
		<gpxtpx:TrackPointExtension>
			<gpxtpx:course>29.2</gpxtpx:course>
		</gpxtpx:TrackPointExtension>
	</extensions>
</trkpt>
<trkpt lat="-9.0216588" lon="148.3788235">
	<ele>1165.37</ele>
	<time>2025-12-11T22:41:17.000Z</time>
	<hdop>3.79</hdop>
	<extensions>
		<gpxtpx:TrackPointExtension>
			<gpxtpx:course>4.4</gpxtpx:course>
		</gpxtpx:TrackPointExtension>
	</extensions>
</trkpt>
<trkpt lat="-9.0215814" lon="148.3788776">
	<ele>1168.28</ele>
	<time>2025-12-11T22:41:59.000Z</time>
	<hdop>3.79</hdop>
	<extensions>
		<gpxtpx:TrackPointExtension>
			<gpxtpx:course>4.6</gpxtpx:course>
		</gpxtpx:TrackPointExtension>
	</extensions>
</trkpt>
<trkpt lat="-9.0215177" lon="148.3789489">
	<ele>1171.56</ele>
	<time>2025-12-11T22:42:11.000Z</time>
	<hdop>3.79</hdop>
</trkpt>
<trkpt lat="-9.0214608" lon="148.3790201">
	<ele>1170.96</ele>
	<time>2025-12-11T22:42:28.000Z</time>
	<hdop>3.79</hdop>
	<extensions>
		<gpxtpx:TrackPointExtension>
			<gpxtpx:course>45.9</gpxtpx:course>
		</gpxtpx:TrackPointExtension>
	</extensions>
</trkpt>
<trkpt lat="-9.0214156" lon="148.3791035">
	<ele>1175.02</ele>
	<time>2025-12-11T22:42:40.000Z</time>
	<hdop>3.79</hdop>
</trkpt>
<trkpt lat="-9.0213795" lon="148.3791954">
	<ele>1177.60</ele>
	<time>2025-12-11T22:42:54.000Z</time>
	<hdop>3.79</hdop>
	<extensions>
		<gpxtpx:TrackPointExtension>
			<gpxtpx:course>70.8</gpxtpx:course>
		</gpxtpx:TrackPointExtension>
	</extensions>
</trkpt>
<trkpt lat="-9.0213355" lon="148.3792779">
	<ele>1181.83</ele>
	<time>2025-12-11T22:43:04.000Z</time>
	<hdop>3.79</hdop>
	<extensions>
		<gpxtpx:TrackPointExtension>
			<gpxtpx:course>70.8</gpxtpx:course>
		</gpxtpx:TrackPointExtension>
	</extensions>
</trkpt>
<trkpt lat="-9.0212784" lon="148.3793571">
	<ele>1183.96</ele>
	<time>2025-12-11T22:43:18.000Z</time>
	<hdop>3.79</hdop>
</trkpt>
<trkpt lat="-9.0212152" lon="148.3794294">
	<ele>1184.69</ele>
	<time>2025-12-11T22:43:29.000Z</time>
	<hdop>3.79</hdop>
	<extensions>
		<gpxtpx:TrackPointExtension>
			<gpxtpx:course>19.3</gpxtpx:course>
		</gpxtpx:TrackPointExtension>
	</extensions>
</trkpt>
<trkpt lat="-9.0211629" lon="148.3795095">
	<ele>1189.82</ele>
	<time>2025-12-11T22:44:24.000Z</time>
	<hdop>9.94</hdop>
	<extensions>
		<gpxtpx:TrackPointExtension>
			<gpxtpx:course>19.3</gpxtpx:course>
		</gpxtpx:TrackPointExtension>
	</extensions>
</trkpt>
<trkpt lat="-9.0210744" lon="148.3795299">
	<ele>1187.01</ele>
	<time>2025-12-11T22:44:44.000Z</time>
	<hdop>9.94</hdop>
	<extensions>
		<gpxtpx:TrackPointExtension>
			<gpxtpx:course>16.0</gpxtpx:course>
		</gpxtpx:TrackPointExtension>
	</extensions>
</trkpt>
<trkpt lat="-9.0209749" lon="148.3795388">
	<ele>1187.64</ele>
	<time>2025-12-11T22:44:56.000Z</time>
	<hdop>9.94</hdop>
</trkpt>
<trkpt lat="-9.0208820" lon="148.3795484">
	<ele>1184.66</ele>
	<time>2025-12-11T22:45:10.000Z</time>
	<hdop>10.09</hdop>
	<extensions>
		<gpxtpx:TrackPointExtension>
			<gpxtpx:course>345.7</gpxtpx:course>
		</gpxtpx:TrackPointExtension>
	</extensions>
</trkpt>
<trkpt lat="-9.0207922" lon="148.3795766">
	<ele>1185.14</ele>
	<time>2025-12-11T22:45:23.000Z</time>
	<hdop>9.94</hdop>
	<extensions>
		<gpxtpx:TrackPointExtension>
			<gpxtpx:course>297.9</gpxtpx:course>
		</gpxtpx:TrackPointExtension>
	</extensions>
</trkpt>
<trkpt lat="-9.0207107" lon="148.3796360">
	<ele>1185.61</ele>
	<time>2025-12-11T22:45:33.000Z</time>
	<hdop>9.99</hdop>
	<extensions>
		<gpxtpx:TrackPointExtension>
			<gpxtpx:course>298.2</gpxtpx:course>
		</gpxtpx:TrackPointExtension>
	</extensions>
</trkpt>
<trkpt lat="-9.0206207" lon="148.3796043">
	<ele>1183.35</ele>
	<time>2025-12-11T22:45:45.000Z</time>
	<hdop>10.00</hdop>
	<extensions>
		<gpxtpx:TrackPointExtension>
			<gpxtpx:course>319.8</gpxtpx:course>
		</gpxtpx:TrackPointExtension>
	</extensions>
</trkpt>
<trkpt lat="-9.0205414" lon="148.3796552">
	<ele>1185.05</ele>
	<time>2025-12-11T22:46:04.000Z</time>
	<hdop>9.94</hdop>
	<extensions>
		<gpxtpx:TrackPointExtension>
			<gpxtpx:course>26.0</gpxtpx:course>
		</gpxtpx:TrackPointExtension>
	</extensions>
</trkpt>
<trkpt lat="-9.0204489" lon="148.3796895">
	<ele>1187.83</ele>
	<time>2025-12-11T22:46:14.000Z</time>
	<hdop>9.94</hdop>
</trkpt>
<trkpt lat="-9.0203742" lon="148.3797412">
	<ele>1189.85</ele>
	<time>2025-12-11T22:46:25.000Z</time>
	<hdop>9.94</hdop>
</trkpt>
<trkpt lat="-9.0202978" lon="148.3798017">
	<ele>1193.93</ele>
	<time>2025-12-11T22:46:44.000Z</time>
	<hdop>9.94</hdop>
</trkpt>
<trkpt lat="-9.0202027" lon="148.3798290">
	<ele>1194.52</ele>
	<time>2025-12-11T22:47:00.000Z</time>
	<hdop>9.94</hdop>
</trkpt>
<trkpt lat="-9.0201170" lon="148.3798600">
	<ele>1195.61</ele>
	<time>2025-12-11T22:47:15.000Z</time>
	<hdop>9.94</hdop>
	<extensions>
		<gpxtpx:TrackPointExtension>
			<gpxtpx:course>12.0</gpxtpx:course>
		</gpxtpx:TrackPointExtension>
	</extensions>
</trkpt>
<trkpt lat="-9.0200222" lon="148.3798689">
	<ele>1195.76</ele>
	<time>2025-12-11T22:48:23.000Z</time>
	<hdop>3.79</hdop>
</trkpt>
<trkpt lat="-9.0199636" lon="148.3799426">
	<ele>1202.69</ele>
	<time>2025-12-11T22:49:50.000Z</time>
	<hdop>9.94</hdop>
</trkpt>
<trkpt lat="-9.0198994" lon="148.3800113">
	<ele>1207.00</ele>
	<time>2025-12-11T22:50:20.000Z</time>
	<hdop>3.79</hdop>
	<extensions>
		<gpxtpx:TrackPointExtension>
			<gpxtpx:course>79.7</gpxtpx:course>
		</gpxtpx:TrackPointExtension>
	</extensions>
</trkpt>
<trkpt lat="-9.0198285" lon="148.3800714">
	<ele>1213.95</ele>
	<time>2025-12-11T22:50:43.000Z</time>
	<hdop>3.79</hdop>
	<extensions>
		<gpxtpx:TrackPointExtension>
			<gpxtpx:course>79.7</gpxtpx:course>
		</gpxtpx:TrackPointExtension>
	</extensions>
</trkpt>
<trkpt lat="-9.0197664" lon="148.3801479">
	<ele>1223.04</ele>
	<time>2025-12-11T22:51:38.000Z</time>
	<hdop>3.79</hdop>
	<extensions>
		<gpxtpx:TrackPointExtension>
			<gpxtpx:course>18.0</gpxtpx:course>
		</gpxtpx:TrackPointExtension>
	</extensions>
</trkpt>
<trkpt lat="-9.0197014" lon="148.3802156">
	<ele>1231.47</ele>
	<time>2025-12-11T22:53:51.000Z</time>
	<hdop>3.79</hdop>
	<extensions>
		<gpxtpx:TrackPointExtension>
			<gpxtpx:course>147.8</gpxtpx:course>
		</gpxtpx:TrackPointExtension>
	</extensions>
</trkpt>
<trkpt lat="-9.0196086" lon="148.3802004">
	<ele>1229.99</ele>
	<time>2025-12-11T22:55:20.000Z</time>
	<hdop>3.79</hdop>
	<extensions>
		<gpxtpx:TrackPointExtension>
			<gpxtpx:course>8.0</gpxtpx:course>
		</gpxtpx:TrackPointExtension>
	</extensions>
</trkpt>
<trkpt lat="-9.0195244" lon="148.3802420">
	<ele>1230.17</ele>
	<time>2025-12-11T22:55:40.000Z</time>
	<hdop>3.79</hdop>
</trkpt>
<trkpt lat="-9.0194365" lon="148.3802797">
	<ele>1228.47</ele>
	<time>2025-12-11T22:56:00.000Z</time>
	<hdop>3.79</hdop>
	<extensions>
		<gpxtpx:TrackPointExtension>
			<gpxtpx:course>8.0</gpxtpx:course>
		</gpxtpx:TrackPointExtension>
	</extensions>
</trkpt>
<trkpt lat="-9.0193559" lon="148.3803440">
	<ele>1229.55</ele>
	<time>2025-12-11T22:56:12.000Z</time>
	<hdop>3.79</hdop>
</trkpt>
<trkpt lat="-9.0192670" lon="148.3803713">
	<ele>1229.34</ele>
	<time>2025-12-11T22:56:23.000Z</time>
	<hdop>3.79</hdop>
	<extensions>
		<gpxtpx:TrackPointExtension>
			<gpxtpx:course>8.0</gpxtpx:course>
		</gpxtpx:TrackPointExtension>
	</extensions>
</trkpt>
<trkpt lat="-9.0191993" lon="148.3804370">
	<ele>1231.18</ele>
	<time>2025-12-11T22:56:40.000Z</time>
	<hdop>3.79</hdop>
</trkpt>
<trkpt lat="-9.0191243" lon="148.3804948">
	<ele>1230.67</ele>
	<time>2025-12-11T22:56:51.000Z</time>
	<hdop>3.79</hdop>
</trkpt>
<trkpt lat="-9.0190554" lon="148.3805621">
	<ele>1234.25</ele>
	<time>2025-12-11T22:57:08.000Z</time>
	<hdop>3.79</hdop>
</trkpt>
<trkpt lat="-9.0189872" lon="148.3806237">
	<ele>1236.33</ele>
	<time>2025-12-11T22:57:23.000Z</time>
	<hdop>3.79</hdop>
</trkpt>
<trkpt lat="-9.0189190" lon="148.3806916">
	<ele>1237.06</ele>
	<time>2025-12-11T22:57:43.000Z</time>
	<hdop>3.79</hdop>
</trkpt>
<trkpt lat="-9.0188242" lon="148.3806977">
	<ele>1242.89</ele>
	<time>2025-12-11T22:57:58.000Z</time>
	<hdop>3.79</hdop>
	<extensions>
		<gpxtpx:TrackPointExtension>
			<gpxtpx:course>32.9</gpxtpx:course>
		</gpxtpx:TrackPointExtension>
	</extensions>
</trkpt>
<trkpt lat="-9.0187270" lon="148.3807077">
	<ele>1249.41</ele>
	<time>2025-12-11T22:58:22.000Z</time>
	<hdop>3.79</hdop>
</trkpt>
<trkpt lat="-9.0186417" lon="148.3807490">
	<ele>1252.31</ele>
	<time>2025-12-11T22:58:36.000Z</time>
	<hdop>3.79</hdop>
	<extensions>
		<gpxtpx:TrackPointExtension>
			<gpxtpx:course>22.9</gpxtpx:course>
		</gpxtpx:TrackPointExtension>
	</extensions>
</trkpt>
<trkpt lat="-9.0185512" lon="148.3807813">
	<ele>1256.34</ele>
	<time>2025-12-11T22:58:52.000Z</time>
	<hdop>3.79</hdop>
	<extensions>
		<gpxtpx:TrackPointExtension>
			<gpxtpx:course>11.4</gpxtpx:course>
		</gpxtpx:TrackPointExtension>
	</extensions>
</trkpt>
<trkpt lat="-9.0185088" lon="148.3808635">
	<ele>1257.77</ele>
	<time>2025-12-11T22:59:06.000Z</time>
	<hdop>3.79</hdop>
	<extensions>
		<gpxtpx:TrackPointExtension>
			<gpxtpx:course>54.2</gpxtpx:course>
		</gpxtpx:TrackPointExtension>
	</extensions>
</trkpt>
<trkpt lat="-9.0184282" lon="148.3809102">
	<ele>1258.41</ele>
	<time>2025-12-11T22:59:35.000Z</time>
	<hdop>3.79</hdop>
	<extensions>
		<gpxtpx:TrackPointExtension>
			<gpxtpx:course>54.0</gpxtpx:course>
		</gpxtpx:TrackPointExtension>
	</extensions>
</trkpt>
<trkpt lat="-9.0183572" lon="148.3809721">
	<ele>1260.74</ele>
	<time>2025-12-11T23:00:16.000Z</time>
	<hdop>3.79</hdop>
	<extensions>
		<gpxtpx:TrackPointExtension>
			<gpxtpx:course>45.9</gpxtpx:course>
		</gpxtpx:TrackPointExtension>
	</extensions>
</trkpt>
<trkpt lat="-9.0182852" lon="148.3810290">
	<ele>1260.85</ele>
	<time>2025-12-11T23:00:34.000Z</time>
	<hdop>3.79</hdop>
	<extensions>
		<gpxtpx:TrackPointExtension>
			<gpxtpx:course>45.9</gpxtpx:course>
		</gpxtpx:TrackPointExtension>
	</extensions>
</trkpt>
<trkpt lat="-9.0182150" lon="148.3810869">
	<ele>1264.40</ele>
	<time>2025-12-11T23:01:00.000Z</time>
	<hdop>3.79</hdop>
	<extensions>
		<gpxtpx:TrackPointExtension>
			<gpxtpx:course>45.9</gpxtpx:course>
		</gpxtpx:TrackPointExtension>
	</extensions>
</trkpt>
<trkpt lat="-9.0181645" lon="148.3811695">
	<ele>1266.52</ele>
	<time>2025-12-11T23:01:34.000Z</time>
	<hdop>3.79</hdop>
	<extensions>
		<gpxtpx:TrackPointExtension>
			<gpxtpx:course>62.6</gpxtpx:course>
		</gpxtpx:TrackPointExtension>
	</extensions>
</trkpt>
<trkpt lat="-9.0181400" lon="148.3812602">
	<ele>1270.22</ele>
	<time>2025-12-11T23:01:48.000Z</time>
	<hdop>3.79</hdop>
</trkpt>
<trkpt lat="-9.0181296" lon="148.3813552">
	<ele>1272.27</ele>
	<time>2025-12-11T23:02:12.000Z</time>
	<hdop>3.79</hdop>
	<extensions>
		<gpxtpx:TrackPointExtension>
			<gpxtpx:course>47.7</gpxtpx:course>
		</gpxtpx:TrackPointExtension>
	</extensions>
</trkpt>
<trkpt lat="-9.0181148" lon="148.3814474">
	<ele>1273.49</ele>
	<time>2025-12-11T23:02:31.000Z</time>
	<hdop>3.79</hdop>
</trkpt>
<trkpt lat="-9.0180903" lon="148.3815382">
	<ele>1275.01</ele>
	<time>2025-12-11T23:02:44.000Z</time>
	<hdop>3.79</hdop>
	<extensions>
		<gpxtpx:TrackPointExtension>
			<gpxtpx:course>86.9</gpxtpx:course>
		</gpxtpx:TrackPointExtension>
	</extensions>
</trkpt>
<trkpt lat="-9.0180753" lon="148.3816280">
	<ele>1276.83</ele>
	<time>2025-12-11T23:02:57.000Z</time>
	<hdop>3.79</hdop>
	<extensions>
		<gpxtpx:TrackPointExtension>
			<gpxtpx:course>93.6</gpxtpx:course>
		</gpxtpx:TrackPointExtension>
	</extensions>
</trkpt>
<trkpt lat="-9.0180884" lon="148.3817189">
	<ele>1277.76</ele>
	<time>2025-12-11T23:03:34.000Z</time>
	<hdop>3.79</hdop>
	<extensions>
		<gpxtpx:TrackPointExtension>
			<gpxtpx:course>93.4</gpxtpx:course>
		</gpxtpx:TrackPointExtension>
	</extensions>
</trkpt>
<trkpt lat="-9.0180944" lon="148.3818133">
	<ele>1282.85</ele>
	<time>2025-12-11T23:04:04.000Z</time>
	<hdop>3.79</hdop>
	<extensions>
		<gpxtpx:TrackPointExtension>
			<gpxtpx:course>133.6</gpxtpx:course>
		</gpxtpx:TrackPointExtension>
	</extensions>
</trkpt>
<trkpt lat="-9.0180695" lon="148.3819021">
	<ele>1286.77</ele>
	<time>2025-12-11T23:04:31.000Z</time>
	<hdop>3.79</hdop>
	<extensions>
		<gpxtpx:TrackPointExtension>
			<gpxtpx:course>65.8</gpxtpx:course>
		</gpxtpx:TrackPointExtension>
	</extensions>
</trkpt>
<trkpt lat="-9.0180620" lon="148.3819940">
	<ele>1292.42</ele>
	<time>2025-12-11T23:05:04.000Z</time>
	<hdop>3.79</hdop>
	<extensions>
		<gpxtpx:TrackPointExtension>
			<gpxtpx:course>78.7</gpxtpx:course>
		</gpxtpx:TrackPointExtension>
	</extensions>
</trkpt>
<trkpt lat="-9.0181022" lon="148.3820820">
	<ele>1298.66</ele>
	<time>2025-12-11T23:05:23.000Z</time>
	<hdop>3.79</hdop>
	<extensions>
		<gpxtpx:TrackPointExtension>
			<gpxtpx:course>97.2</gpxtpx:course>
		</gpxtpx:TrackPointExtension>
	</extensions>
</trkpt>
<trkpt lat="-9.0180822" lon="148.3821727">
	<ele>1300.66</ele>
	<time>2025-12-11T23:06:15.000Z</time>
	<hdop>3.79</hdop>
	<extensions>
		<gpxtpx:TrackPointExtension>
			<gpxtpx:course>100.5</gpxtpx:course>
		</gpxtpx:TrackPointExtension>
	</extensions>
</trkpt>
<trkpt lat="-9.0180748" lon="148.3822668">
	<ele>1302.09</ele>
	<time>2025-12-11T23:06:31.000Z</time>
	<hdop>3.79</hdop>
	<extensions>
		<gpxtpx:TrackPointExtension>
			<gpxtpx:course>37.8</gpxtpx:course>
		</gpxtpx:TrackPointExtension>
	</extensions>
</trkpt>
<trkpt lat="-9.0180961" lon="148.3823612">
	<ele>1307.44</ele>
	<time>2025-12-11T23:06:47.000Z</time>
	<hdop>3.79</hdop>
</trkpt>
<trkpt lat="-9.0180849" lon="148.3824535">
	<ele>1312.48</ele>
	<time>2025-12-11T23:07:04.000Z</time>
	<hdop>3.79</hdop>
</trkpt>
<trkpt lat="-9.0180974" lon="148.3825453">
	<ele>1316.58</ele>
	<time>2025-12-11T23:07:28.000Z</time>
	<hdop>3.79</hdop>
	<extensions>
		<gpxtpx:TrackPointExtension>
			<gpxtpx:course>96.8</gpxtpx:course>
		</gpxtpx:TrackPointExtension>
	</extensions>
</trkpt>
<trkpt lat="-9.0181029" lon="148.3826363">
	<ele>1320.91</ele>
	<time>2025-12-11T23:08:04.000Z</time>
	<hdop>3.79</hdop>
</trkpt>
<trkpt lat="-9.0180463" lon="148.3827189">
	<ele>1320.09</ele>
	<time>2025-12-11T23:17:56.000Z</time>
	<hdop>3.79</hdop>
</trkpt>
<trkpt lat="-9.0180618" lon="148.3828088">
	<ele>1318.31</ele>
	<time>2025-12-11T23:18:09.000Z</time>
	<hdop>3.79</hdop>
</trkpt>
<trkpt lat="-9.0180166" lon="148.3829030">
	<ele>1317.39</ele>
	<time>2025-12-11T23:18:20.000Z</time>
	<hdop>9.94</hdop>
</trkpt>
<trkpt lat="-9.0180192" lon="148.3830007">
	<ele>1330.28</ele>
	<time>2025-12-11T23:22:01.000Z</time>
	<hdop>9.94</hdop>
	<extensions>
		<gpxtpx:TrackPointExtension>
			<gpxtpx:course>92.1</gpxtpx:course>
		</gpxtpx:TrackPointExtension>
	</extensions>
</trkpt>
<trkpt lat="-9.0180096" lon="148.3830919">
	<ele>1333.37</ele>
	<time>2025-12-11T23:22:23.000Z</time>
	<hdop>9.94</hdop>
	<extensions>
		<gpxtpx:TrackPointExtension>
			<gpxtpx:course>139.3</gpxtpx:course>
		</gpxtpx:TrackPointExtension>
	</extensions>
</trkpt>
<trkpt lat="-9.0179649" lon="148.3831801">
	<ele>1335.06</ele>
	<time>2025-12-11T23:22:36.000Z</time>
	<hdop>9.94</hdop>
</trkpt>
<trkpt lat="-9.0179522" lon="148.3832727">
	<ele>1338.43</ele>
	<time>2025-12-11T23:22:52.000Z</time>
	<hdop>9.94</hdop>
</trkpt>
<trkpt lat="-9.0179276" lon="148.3833623">
	<ele>1343.31</ele>
	<time>2025-12-11T23:23:11.000Z</time>
	<hdop>9.94</hdop>
	<extensions>
		<gpxtpx:TrackPointExtension>
			<gpxtpx:course>80.4</gpxtpx:course>
		</gpxtpx:TrackPointExtension>
	</extensions>
</trkpt>
<trkpt lat="-9.0179103" lon="148.3834848">
	<ele>1342.27</ele>
	<time>2025-12-11T23:23:21.000Z</time>
	<hdop>9.94</hdop>
	<extensions>
		<gpxtpx:TrackPointExtension>
			<gpxtpx:course>80.2</gpxtpx:course>
		</gpxtpx:TrackPointExtension>
	</extensions>
</trkpt>
<trkpt lat="-9.0178840" lon="148.3835718">
	<ele>1343.97</ele>
	<time>2025-12-11T23:23:32.000Z</time>
	<hdop>9.94</hdop>
</trkpt>
<trkpt lat="-9.0179162" lon="148.3836570">
	<ele>1343.85</ele>
	<time>2025-12-11T23:23:44.000Z</time>
	<hdop>9.94</hdop>
</trkpt>
<trkpt lat="-9.0178852" lon="148.3837473">
	<ele>1340.34</ele>
	<time>2025-12-11T23:24:06.000Z</time>
	<hdop>9.94</hdop>
	<extensions>
		<gpxtpx:TrackPointExtension>
			<gpxtpx:course>11.3</gpxtpx:course>
		</gpxtpx:TrackPointExtension>
	</extensions>
</trkpt>
<trkpt lat="-9.0178457" lon="148.3838626">
	<ele>1340.62</ele>
	<time>2025-12-11T23:24:16.000Z</time>
	<hdop>9.94</hdop>
	<extensions>
		<gpxtpx:TrackPointExtension>
			<gpxtpx:course>70.2</gpxtpx:course>
		</gpxtpx:TrackPointExtension>
	</extensions>
</trkpt>
<trkpt lat="-9.0178204" lon="148.3839968">
	<ele>1341.06</ele>
	<time>2025-12-11T23:24:26.000Z</time>
	<hdop>9.94</hdop>
</trkpt>
<trkpt lat="-9.0178176" lon="148.3841027">
	<ele>1340.20</ele>
	<time>2025-12-11T23:24:42.000Z</time>
	<hdop>10.21</hdop>
	<extensions>
		<gpxtpx:TrackPointExtension>
			<gpxtpx:course>95.9</gpxtpx:course>
		</gpxtpx:TrackPointExtension>
	</extensions>
</trkpt>
<trkpt lat="-9.0178260" lon="148.3842696">
	<ele>1337.68</ele>
	<time>2025-12-11T23:24:52.000Z</time>
	<hdop>9.94</hdop>
</trkpt>
<trkpt lat="-9.0177846" lon="148.3843536">
	<ele>1337.89</ele>
	<time>2025-12-11T23:25:19.000Z</time>
	<hdop>9.94</hdop>
</trkpt>
<trkpt lat="-9.0177150" lon="148.3844266">
	<ele>1337.38</ele>
	<time>2025-12-11T23:25:30.000Z</time>
	<hdop>9.94</hdop>
	<extensions>
		<gpxtpx:TrackPointExtension>
			<gpxtpx:course>92.8</gpxtpx:course>
		</gpxtpx:TrackPointExtension>
	</extensions>
</trkpt>
<trkpt lat="-9.0176549" lon="148.3845013">
	<ele>1337.37</ele>
	<time>2025-12-11T23:25:42.000Z</time>
	<hdop>9.94</hdop>
</trkpt>
<trkpt lat="-9.0175718" lon="148.3845459">
	<ele>1331.97</ele>
	<time>2025-12-11T23:26:01.000Z</time>
	<hdop>9.94</hdop>
</trkpt>
<trkpt lat="-9.0174917" lon="148.3846090">
	<ele>1332.24</ele>
	<time>2025-12-11T23:26:11.000Z</time>
	<hdop>9.94</hdop>
	<extensions>
		<gpxtpx:TrackPointExtension>
			<gpxtpx:course>52.5</gpxtpx:course>
		</gpxtpx:TrackPointExtension>
	</extensions>
</trkpt>
<trkpt lat="-9.0174085" lon="148.3846495">
	<ele>1336.67</ele>
	<time>2025-12-11T23:26:21.000Z</time>
	<hdop>9.94</hdop>
	<extensions>
		<gpxtpx:TrackPointExtension>
			<gpxtpx:course>18.2</gpxtpx:course>
		</gpxtpx:TrackPointExtension>
	</extensions>
</trkpt>
<trkpt lat="-9.0173306" lon="148.3847075">
	<ele>1340.21</ele>
	<time>2025-12-11T23:26:32.000Z</time>
	<hdop>9.94</hdop>
	<extensions>
		<gpxtpx:TrackPointExtension>
			<gpxtpx:course>23.5</gpxtpx:course>
		</gpxtpx:TrackPointExtension>
	</extensions>
</trkpt>
<trkpt lat="-9.0172504" lon="148.3847606">
	<ele>1339.06</ele>
	<time>2025-12-11T23:26:54.000Z</time>
	<hdop>9.94</hdop>
	<extensions>
		<gpxtpx:TrackPointExtension>
			<gpxtpx:course>23.4</gpxtpx:course>
		</gpxtpx:TrackPointExtension>
	</extensions>
</trkpt>
<trkpt lat="-9.0171547" lon="148.3847902">
	<ele>1335.67</ele>
	<time>2025-12-11T23:27:04.000Z</time>
	<hdop>9.94</hdop>
	<extensions>
		<gpxtpx:TrackPointExtension>
			<gpxtpx:course>38.6</gpxtpx:course>
		</gpxtpx:TrackPointExtension>
	</extensions>
</trkpt>
<trkpt lat="-9.0170594" lon="148.3848054">
	<ele>1334.82</ele>
	<time>2025-12-11T23:27:15.000Z</time>
	<hdop>9.94</hdop>
	<extensions>
		<gpxtpx:TrackPointExtension>
			<gpxtpx:course>4.4</gpxtpx:course>
		</gpxtpx:TrackPointExtension>
	</extensions>
</trkpt>
<trkpt lat="-9.0169836" lon="148.3848552">
	<ele>1332.48</ele>
	<time>2025-12-11T23:27:30.000Z</time>
	<hdop>9.94</hdop>
	<extensions>
		<gpxtpx:TrackPointExtension>
			<gpxtpx:course>4.7</gpxtpx:course>
		</gpxtpx:TrackPointExtension>
	</extensions>
</trkpt>
<trkpt lat="-9.0169043" lon="148.3849233">
	<ele>1332.09</ele>
	<time>2025-12-11T23:27:40.000Z</time>
	<hdop>10.02</hdop>
	<extensions>
		<gpxtpx:TrackPointExtension>
			<gpxtpx:course>4.7</gpxtpx:course>
		</gpxtpx:TrackPointExtension>
	</extensions>
</trkpt>
<trkpt lat="-9.0168200" lon="148.3849781">
	<ele>1329.00</ele>
	<time>2025-12-11T23:27:50.000Z</time>
	<hdop>9.94</hdop>
</trkpt>
<trkpt lat="-9.0167483" lon="148.3850386">
	<ele>1329.75</ele>
	<time>2025-12-11T23:28:01.000Z</time>
	<hdop>9.94</hdop>
	<extensions>
		<gpxtpx:TrackPointExtension>
			<gpxtpx:course>44.0</gpxtpx:course>
		</gpxtpx:TrackPointExtension>
	</extensions>
</trkpt>
<trkpt lat="-9.0166633" lon="148.3850864">
	<ele>1334.98</ele>
	<time>2025-12-11T23:28:11.000Z</time>
	<hdop>9.94</hdop>
	<extensions>
		<gpxtpx:TrackPointExtension>
			<gpxtpx:course>17.7</gpxtpx:course>
		</gpxtpx:TrackPointExtension>
	</extensions>
</trkpt>
<trkpt lat="-9.0165937" lon="148.3851546">
	<ele>1334.89</ele>
	<time>2025-12-11T23:28:21.000Z</time>
	<hdop>9.94</hdop>
	<extensions>
		<gpxtpx:TrackPointExtension>
			<gpxtpx:course>74.0</gpxtpx:course>
		</gpxtpx:TrackPointExtension>
	</extensions>
</trkpt>
<trkpt lat="-9.0165327" lon="148.3852445">
	<ele>1336.07</ele>
	<time>2025-12-11T23:28:31.000Z</time>
	<hdop>9.94</hdop>
	<extensions>
		<gpxtpx:TrackPointExtension>
			<gpxtpx:course>73.8</gpxtpx:course>
		</gpxtpx:TrackPointExtension>
	</extensions>
</trkpt>
<trkpt lat="-9.0164403" lon="148.3852946">
	<ele>1336.55</ele>
	<time>2025-12-11T23:28:41.000Z</time>
	<hdop>9.99</hdop>
	<extensions>
		<gpxtpx:TrackPointExtension>
			<gpxtpx:course>73.8</gpxtpx:course>
		</gpxtpx:TrackPointExtension>
	</extensions>
</trkpt>
<trkpt lat="-9.0164131" lon="148.3853871">
	<ele>1331.74</ele>
	<time>2025-12-11T23:28:56.000Z</time>
	<hdop>9.94</hdop>
	<extensions>
		<gpxtpx:TrackPointExtension>
			<gpxtpx:course>71.2</gpxtpx:course>
		</gpxtpx:TrackPointExtension>
	</extensions>
</trkpt>
<trkpt lat="-9.0163828" lon="148.3854749">
	<ele>1327.52</ele>
	<time>2025-12-11T23:29:08.000Z</time>
	<hdop>9.94</hdop>
	<extensions>
		<gpxtpx:TrackPointExtension>
			<gpxtpx:course>71.2</gpxtpx:course>
		</gpxtpx:TrackPointExtension>
	</extensions>
</trkpt>
<trkpt lat="-9.0163375" lon="148.3855611">
	<ele>1331.11</ele>
	<time>2025-12-11T23:29:36.000Z</time>
	<hdop>9.94</hdop>
	<extensions>
		<gpxtpx:TrackPointExtension>
			<gpxtpx:course>39.6</gpxtpx:course>
		</gpxtpx:TrackPointExtension>
	</extensions>
</trkpt>
<trkpt lat="-9.0162525" lon="148.3856290">
	<ele>1332.34</ele>
	<time>2025-12-11T23:29:46.000Z</time>
	<hdop>9.94</hdop>
	<extensions>
		<gpxtpx:TrackPointExtension>
			<gpxtpx:course>33.3</gpxtpx:course>
		</gpxtpx:TrackPointExtension>
	</extensions>
</trkpt>
<trkpt lat="-9.0161690" lon="148.3856736">
	<ele>1337.78</ele>
	<time>2025-12-11T23:30:05.000Z</time>
	<hdop>9.94</hdop>
	<extensions>
		<gpxtpx:TrackPointExtension>
			<gpxtpx:course>33.2</gpxtpx:course>
		</gpxtpx:TrackPointExtension>
	</extensions>
</trkpt>
<trkpt lat="-9.0160573" lon="148.3856801">
	<ele>1338.12</ele>
	<time>2025-12-11T23:30:15.000Z</time>
	<hdop>9.94</hdop>
	<extensions>
		<gpxtpx:TrackPointExtension>
			<gpxtpx:course>336.6</gpxtpx:course>
		</gpxtpx:TrackPointExtension>
	</extensions>
</trkpt>
<trkpt lat="-9.0159536" lon="148.3856827">
	<ele>1341.17</ele>
	<time>2025-12-11T23:30:31.000Z</time>
	<hdop>9.94</hdop>
	<extensions>
		<gpxtpx:TrackPointExtension>
			<gpxtpx:course>336.6</gpxtpx:course>
		</gpxtpx:TrackPointExtension>
	</extensions>
</trkpt>
<trkpt lat="-9.0158446" lon="148.3856980">
	<ele>1342.07</ele>
	<time>2025-12-11T23:30:41.000Z</time>
	<hdop>9.94</hdop>
	<extensions>
		<gpxtpx:TrackPointExtension>
			<gpxtpx:course>36.6</gpxtpx:course>
		</gpxtpx:TrackPointExtension>
	</extensions>
</trkpt>
<trkpt lat="-9.0157707" lon="148.3857688">
	<ele>1343.88</ele>
	<time>2025-12-11T23:30:52.000Z</time>
	<hdop>9.94</hdop>
	<extensions>
		<gpxtpx:TrackPointExtension>
			<gpxtpx:course>54.7</gpxtpx:course>
		</gpxtpx:TrackPointExtension>
	</extensions>
</trkpt>
<trkpt lat="-9.0156866" lon="148.3858100">
	<ele>1342.58</ele>
	<time>2025-12-11T23:31:02.000Z</time>
	<hdop>9.94</hdop>
</trkpt>
<trkpt lat="-9.0156059" lon="148.3858596">
	<ele>1345.62</ele>
	<time>2025-12-11T23:31:21.000Z</time>
	<hdop>9.94</hdop>
</trkpt>
<trkpt lat="-9.0155442" lon="148.3859331">
	<ele>1352.15</ele>
	<time>2025-12-11T23:31:42.000Z</time>
	<hdop>9.94</hdop>
	<extensions>
		<gpxtpx:TrackPointExtension>
			<gpxtpx:course>9.1</gpxtpx:course>
		</gpxtpx:TrackPointExtension>
	</extensions>
</trkpt>
<trkpt lat="-9.0154826" lon="148.3860129">
	<ele>1355.70</ele>
	<time>2025-12-11T23:32:18.000Z</time>
	<hdop>9.94</hdop>
</trkpt>
<trkpt lat="-9.0154388" lon="148.3860953">
	<ele>1357.15</ele>
	<time>2025-12-11T23:32:44.000Z</time>
	<hdop>9.94</hdop>
</trkpt>
<trkpt lat="-9.0153532" lon="148.3861373">
	<ele>1361.15</ele>
	<time>2025-12-11T23:33:05.000Z</time>
	<hdop>9.94</hdop>
	<extensions>
		<gpxtpx:TrackPointExtension>
			<gpxtpx:course>37.8</gpxtpx:course>
		</gpxtpx:TrackPointExtension>
	</extensions>
</trkpt>
<trkpt lat="-9.0152880" lon="148.3862035">
	<ele>1369.62</ele>
	<time>2025-12-11T23:35:05.000Z</time>
	<hdop>9.94</hdop>
	<extensions>
		<gpxtpx:TrackPointExtension>
			<gpxtpx:course>72.7</gpxtpx:course>
		</gpxtpx:TrackPointExtension>
	</extensions>
</trkpt>
<trkpt lat="-9.0151602" lon="148.3862529">
	<ele>1371.35</ele>
	<time>2025-12-11T23:35:15.000Z</time>
	<hdop>9.94</hdop>
</trkpt>
<trkpt lat="-9.0150865" lon="148.3863113">
	<ele>1371.87</ele>
	<time>2025-12-11T23:35:34.000Z</time>
	<hdop>9.94</hdop>
	<extensions>
		<gpxtpx:TrackPointExtension>
			<gpxtpx:course>55.2</gpxtpx:course>
		</gpxtpx:TrackPointExtension>
	</extensions>
</trkpt>
<trkpt lat="-9.0150751" lon="148.3864054">
	<ele>1371.60</ele>
	<time>2025-12-11T23:36:59.000Z</time>
	<hdop>3.79</hdop>
</trkpt>
<trkpt lat="-9.0149963" lon="148.3864593">
	<ele>1387.86</ele>
	<time>2025-12-11T23:40:26.000Z</time>
	<hdop>9.94</hdop>
	<extensions>
		<gpxtpx:TrackPointExtension>
			<gpxtpx:course>81.6</gpxtpx:course>
		</gpxtpx:TrackPointExtension>
	</extensions>
</trkpt>
<trkpt lat="-9.0149336" lon="148.3865370">
	<ele>1387.45</ele>
	<time>2025-12-11T23:40:37.000Z</time>
	<hdop>9.94</hdop>
	<extensions>
		<gpxtpx:TrackPointExtension>
			<gpxtpx:course>28.5</gpxtpx:course>
		</gpxtpx:TrackPointExtension>
	</extensions>
</trkpt>
<trkpt lat="-9.0148931" lon="148.3866270">
	<ele>1383.15</ele>
	<time>2025-12-11T23:40:49.000Z</time>
	<hdop>9.94</hdop>
	<extensions>
		<gpxtpx:TrackPointExtension>
			<gpxtpx:course>70.8</gpxtpx:course>
		</gpxtpx:TrackPointExtension>
	</extensions>
</trkpt>
<trkpt lat="-9.0148386" lon="148.3867006">
	<ele>1383.13</ele>
	<time>2025-12-11T23:42:01.000Z</time>
	<hdop>9.94</hdop>
</trkpt>
<trkpt lat="-9.0147631" lon="148.3867685">
	<ele>1383.64</ele>
	<time>2025-12-11T23:42:40.000Z</time>
	<hdop>9.94</hdop>
	<extensions>
		<gpxtpx:TrackPointExtension>
			<gpxtpx:course>74.5</gpxtpx:course>
		</gpxtpx:TrackPointExtension>
	</extensions>
</trkpt>
<trkpt lat="-9.0147067" lon="148.3868827">
	<ele>1379.06</ele>
	<time>2025-12-11T23:42:50.000Z</time>
	<hdop>9.94</hdop>
	<extensions>
		<gpxtpx:TrackPointExtension>
			<gpxtpx:course>64.4</gpxtpx:course>
		</gpxtpx:TrackPointExtension>
	</extensions>
</trkpt>
<trkpt lat="-9.0146129" lon="148.3869745">
	<ele>1374.60</ele>
	<time>2025-12-11T23:43:00.000Z</time>
	<hdop>10.60</hdop>
	<extensions>
		<gpxtpx:TrackPointExtension>
			<gpxtpx:course>66.6</gpxtpx:course>
		</gpxtpx:TrackPointExtension>
	</extensions>
</trkpt>
<trkpt lat="-9.0146085" lon="148.3870828">
	<ele>1375.37</ele>
	<time>2025-12-11T23:43:10.000Z</time>
	<hdop>10.06</hdop>
	<extensions>
		<gpxtpx:TrackPointExtension>
			<gpxtpx:course>64.0</gpxtpx:course>
		</gpxtpx:TrackPointExtension>
	</extensions>
</trkpt>
<trkpt lat="-9.0146116" lon="148.3871865">
	<ele>1382.13</ele>
	<time>2025-12-11T23:43:20.000Z</time>
	<hdop>9.94</hdop>
	<extensions>
		<gpxtpx:TrackPointExtension>
			<gpxtpx:course>108.6</gpxtpx:course>
		</gpxtpx:TrackPointExtension>
	</extensions>
</trkpt>
<trkpt lat="-9.0146141" lon="148.3872850">
	<ele>1381.62</ele>
	<time>2025-12-11T23:43:46.000Z</time>
	<hdop>9.94</hdop>
	<extensions>
		<gpxtpx:TrackPointExtension>
			<gpxtpx:course>119.0</gpxtpx:course>
		</gpxtpx:TrackPointExtension>
	</extensions>
</trkpt>
<trkpt lat="-9.0145814" lon="148.3874074">
	<ele>1384.65</ele>
	<time>2025-12-11T23:43:56.000Z</time>
	<hdop>9.94</hdop>
	<extensions>
		<gpxtpx:TrackPointExtension>
			<gpxtpx:course>118.1</gpxtpx:course>
		</gpxtpx:TrackPointExtension>
	</extensions>
</trkpt>
<trkpt lat="-9.0145309" lon="148.3874849">
	<ele>1385.71</ele>
	<time>2025-12-11T23:44:08.000Z</time>
	<hdop>9.94</hdop>
	<extensions>
		<gpxtpx:TrackPointExtension>
			<gpxtpx:course>18.9</gpxtpx:course>
		</gpxtpx:TrackPointExtension>
	</extensions>
</trkpt>
<trkpt lat="-9.0144482" lon="148.3875759">
	<ele>1385.04</ele>
	<time>2025-12-11T23:44:18.000Z</time>
	<hdop>11.29</hdop>
	<extensions>
		<gpxtpx:TrackPointExtension>
			<gpxtpx:course>63.2</gpxtpx:course>
		</gpxtpx:TrackPointExtension>
	</extensions>
</trkpt>
<trkpt lat="-9.0143554" lon="148.3875972">
	<ele>1383.19</ele>
	<time>2025-12-11T23:44:29.000Z</time>
	<hdop>9.94</hdop>
	<extensions>
		<gpxtpx:TrackPointExtension>
			<gpxtpx:course>73.3</gpxtpx:course>
		</gpxtpx:TrackPointExtension>
	</extensions>
</trkpt>
<trkpt lat="-9.0142724" lon="148.3876366">
	<ele>1383.25</ele>
	<time>2025-12-11T23:44:39.000Z</time>
	<hdop>9.94</hdop>
	<extensions>
		<gpxtpx:TrackPointExtension>
			<gpxtpx:course>56.6</gpxtpx:course>
		</gpxtpx:TrackPointExtension>
	</extensions>
</trkpt>
<trkpt lat="-9.0141701" lon="148.3876761">
	<ele>1381.57</ele>
	<time>2025-12-11T23:44:49.000Z</time>
	<hdop>9.94</hdop>
	<extensions>
		<gpxtpx:TrackPointExtension>
			<gpxtpx:course>39.0</gpxtpx:course>
		</gpxtpx:TrackPointExtension>
	</extensions>
</trkpt>
<trkpt lat="-9.0140976" lon="148.3877366">
	<ele>1379.79</ele>
	<time>2025-12-11T23:44:59.000Z</time>
	<hdop>9.94</hdop>
	<extensions>
		<gpxtpx:TrackPointExtension>
			<gpxtpx:course>57.8</gpxtpx:course>
		</gpxtpx:TrackPointExtension>
	</extensions>
</trkpt>
<trkpt lat="-9.0140256" lon="148.3878285">
	<ele>1383.13</ele>
	<time>2025-12-11T23:45:09.000Z</time>
	<hdop>12.26</hdop>
	<extensions>
		<gpxtpx:TrackPointExtension>
			<gpxtpx:course>32.2</gpxtpx:course>
		</gpxtpx:TrackPointExtension>
	</extensions>
</trkpt>
<trkpt lat="-9.0139987" lon="148.3879286">
	<ele>1379.40</ele>
	<time>2025-12-11T23:45:40.000Z</time>
	<hdop>9.94</hdop>
	<extensions>
		<gpxtpx:TrackPointExtension>
			<gpxtpx:course>58.8</gpxtpx:course>
		</gpxtpx:TrackPointExtension>
	</extensions>
</trkpt>
<trkpt lat="-9.0138968" lon="148.3879601">
	<ele>1379.75</ele>
	<time>2025-12-11T23:45:50.000Z</time>
	<hdop>9.94</hdop>
	<extensions>
		<gpxtpx:TrackPointExtension>
			<gpxtpx:course>35.8</gpxtpx:course>
		</gpxtpx:TrackPointExtension>
	</extensions>
</trkpt>
<trkpt lat="-9.0138146" lon="148.3880351">
	<ele>1376.88</ele>
	<time>2025-12-11T23:46:00.000Z</time>
	<hdop>9.94</hdop>
	<extensions>
		<gpxtpx:TrackPointExtension>
			<gpxtpx:course>32.0</gpxtpx:course>
		</gpxtpx:TrackPointExtension>
	</extensions>
</trkpt>
<trkpt lat="-9.0137222" lon="148.3880392">
	<ele>1373.04</ele>
	<time>2025-12-11T23:46:11.000Z</time>
	<hdop>9.94</hdop>
	<extensions>
		<gpxtpx:TrackPointExtension>
			<gpxtpx:course>31.8</gpxtpx:course>
		</gpxtpx:TrackPointExtension>
	</extensions>
</trkpt>
<trkpt lat="-9.0136097" lon="148.3880843">
	<ele>1372.33</ele>
	<time>2025-12-11T23:46:21.000Z</time>
	<hdop>9.94</hdop>
	<extensions>
		<gpxtpx:TrackPointExtension>
			<gpxtpx:course>48.8</gpxtpx:course>
		</gpxtpx:TrackPointExtension>
	</extensions>
</trkpt>
<trkpt lat="-9.0135042" lon="148.3881003">
	<ele>1375.28</ele>
	<time>2025-12-11T23:46:31.000Z</time>
	<hdop>9.94</hdop>
	<extensions>
		<gpxtpx:TrackPointExtension>
			<gpxtpx:course>48.2</gpxtpx:course>
		</gpxtpx:TrackPointExtension>
	</extensions>
</trkpt>
<trkpt lat="-9.0134252" lon="148.3881465">
	<ele>1369.50</ele>
	<time>2025-12-11T23:46:44.000Z</time>
	<hdop>9.94</hdop>
</trkpt>
<trkpt lat="-9.0133535" lon="148.3882088">
	<ele>1365.56</ele>
	<time>2025-12-11T23:47:10.000Z</time>
	<hdop>9.94</hdop>
</trkpt>
<trkpt lat="-9.0132676" lon="148.3882599">
	<ele>1364.11</ele>
	<time>2025-12-11T23:47:23.000Z</time>
	<hdop>9.94</hdop>
	<extensions>
		<gpxtpx:TrackPointExtension>
			<gpxtpx:course>45.7</gpxtpx:course>
		</gpxtpx:TrackPointExtension>
	</extensions>
</trkpt>
<trkpt lat="-9.0131537" lon="148.3883189">
	<ele>1358.86</ele>
	<time>2025-12-11T23:47:33.000Z</time>
	<hdop>9.94</hdop>
	<extensions>
		<gpxtpx:TrackPointExtension>
			<gpxtpx:course>42.2</gpxtpx:course>
		</gpxtpx:TrackPointExtension>
	</extensions>
</trkpt>
<trkpt lat="-9.0130591" lon="148.3883149">
	<ele>1359.41</ele>
	<time>2025-12-11T23:47:44.000Z</time>
	<hdop>9.94</hdop>
	<extensions>
		<gpxtpx:TrackPointExtension>
			<gpxtpx:course>15.5</gpxtpx:course>
		</gpxtpx:TrackPointExtension>
	</extensions>
</trkpt>
<trkpt lat="-9.0129586" lon="148.3883105">
	<ele>1359.60</ele>
	<time>2025-12-11T23:47:54.000Z</time>
	<hdop>9.94</hdop>
	<extensions>
		<gpxtpx:TrackPointExtension>
			<gpxtpx:course>0.6</gpxtpx:course>
		</gpxtpx:TrackPointExtension>
	</extensions>
</trkpt>
<trkpt lat="-9.0128889" lon="148.3883747">
	<ele>1350.93</ele>
	<time>2025-12-11T23:48:10.000Z</time>
	<hdop>9.94</hdop>
</trkpt>
<trkpt lat="-9.0127940" lon="148.3883466">
	<ele>1349.36</ele>
	<time>2025-12-11T23:49:08.000Z</time>
	<hdop>10.22</hdop>
	<extensions>
		<gpxtpx:TrackPointExtension>
			<gpxtpx:course>344.8</gpxtpx:course>
		</gpxtpx:TrackPointExtension>
	</extensions>
</trkpt>
<trkpt lat="-9.0126910" lon="148.3883116">
	<ele>1349.01</ele>
	<time>2025-12-11T23:49:18.000Z</time>
	<hdop>9.94</hdop>
</trkpt>
<trkpt lat="-9.0125959" lon="148.3882895">
	<ele>1344.49</ele>
	<time>2025-12-11T23:49:34.000Z</time>
	<hdop>9.94</hdop>
	<extensions>
		<gpxtpx:TrackPointExtension>
			<gpxtpx:course>355.2</gpxtpx:course>
		</gpxtpx:TrackPointExtension>
	</extensions>
</trkpt>
<trkpt lat="-9.0124812" lon="148.3882725">
	<ele>1341.02</ele>
	<time>2025-12-11T23:49:44.000Z</time>
	<hdop>9.94</hdop>
	<extensions>
		<gpxtpx:TrackPointExtension>
			<gpxtpx:course>11.6</gpxtpx:course>
		</gpxtpx:TrackPointExtension>
	</extensions>
</trkpt>
<trkpt lat="-9.0123823" lon="148.3882821">
	<ele>1335.86</ele>
	<time>2025-12-11T23:49:56.000Z</time>
	<hdop>9.94</hdop>
	<extensions>
		<gpxtpx:TrackPointExtension>
			<gpxtpx:course>359.9</gpxtpx:course>
		</gpxtpx:TrackPointExtension>
	</extensions>
</trkpt>
<trkpt lat="-9.0122801" lon="148.3882666">
	<ele>1330.54</ele>
	<time>2025-12-11T23:50:27.000Z</time>
	<hdop>9.94</hdop>
	<extensions>
		<gpxtpx:TrackPointExtension>
			<gpxtpx:course>23.2</gpxtpx:course>
		</gpxtpx:TrackPointExtension>
	</extensions>
</trkpt>
<trkpt lat="-9.0121378" lon="148.3882793">
	<ele>1325.97</ele>
	<time>2025-12-11T23:50:37.000Z</time>
	<hdop>9.94</hdop>
	<extensions>
		<gpxtpx:TrackPointExtension>
			<gpxtpx:course>23.3</gpxtpx:course>
		</gpxtpx:TrackPointExtension>
	</extensions>
</trkpt>
<trkpt lat="-9.0120284" lon="148.3883121">
	<ele>1324.50</ele>
	<time>2025-12-11T23:50:47.000Z</time>
	<hdop>9.94</hdop>
	<extensions>
		<gpxtpx:TrackPointExtension>
			<gpxtpx:course>26.4</gpxtpx:course>
		</gpxtpx:TrackPointExtension>
	</extensions>
</trkpt>
<trkpt lat="-9.0119167" lon="148.3883414">
	<ele>1325.39</ele>
	<time>2025-12-11T23:50:57.000Z</time>
	<hdop>9.94</hdop>
	<extensions>
		<gpxtpx:TrackPointExtension>
			<gpxtpx:course>22.0</gpxtpx:course>
		</gpxtpx:TrackPointExtension>
	</extensions>
</trkpt>
<trkpt lat="-9.0118238" lon="148.3883352">
	<ele>1324.69</ele>
	<time>2025-12-11T23:51:15.000Z</time>
	<hdop>9.94</hdop>
	<extensions>
		<gpxtpx:TrackPointExtension>
			<gpxtpx:course>21.4</gpxtpx:course>
		</gpxtpx:TrackPointExtension>
	</extensions>
</trkpt>
<trkpt lat="-9.0117264" lon="148.3883573">
	<ele>1326.07</ele>
	<time>2025-12-11T23:51:26.000Z</time>
	<hdop>9.94</hdop>
	<extensions>
		<gpxtpx:TrackPointExtension>
			<gpxtpx:course>30.9</gpxtpx:course>
		</gpxtpx:TrackPointExtension>
	</extensions>
</trkpt>
<trkpt lat="-9.0116226" lon="148.3883578">
	<ele>1327.27</ele>
	<time>2025-12-11T23:51:36.000Z</time>
	<hdop>9.94</hdop>
	<extensions>
		<gpxtpx:TrackPointExtension>
			<gpxtpx:course>16.2</gpxtpx:course>
		</gpxtpx:TrackPointExtension>
	</extensions>
</trkpt>
<trkpt lat="-9.0115316" lon="148.3883470">
	<ele>1326.37</ele>
	<time>2025-12-11T23:51:48.000Z</time>
	<hdop>9.94</hdop>
	<extensions>
		<gpxtpx:TrackPointExtension>
			<gpxtpx:course>11.0</gpxtpx:course>
		</gpxtpx:TrackPointExtension>
	</extensions>
</trkpt>
<trkpt lat="-9.0114385" lon="148.3883258">
	<ele>1326.91</ele>
	<time>2025-12-11T23:51:59.000Z</time>
	<hdop>9.94</hdop>
	<extensions>
		<gpxtpx:TrackPointExtension>
			<gpxtpx:course>9.9</gpxtpx:course>
		</gpxtpx:TrackPointExtension>
	</extensions>
</trkpt>
<trkpt lat="-9.0113682" lon="148.3882613">
	<ele>1327.06</ele>
	<time>2025-12-11T23:52:11.000Z</time>
	<hdop>9.94</hdop>
	<extensions>
		<gpxtpx:TrackPointExtension>
			<gpxtpx:course>288.9</gpxtpx:course>
		</gpxtpx:TrackPointExtension>
	</extensions>
</trkpt>
<trkpt lat="-9.0112692" lon="148.3881654">
	<ele>1321.58</ele>
	<time>2025-12-11T23:52:21.000Z</time>
	<hdop>9.94</hdop>
	<extensions>
		<gpxtpx:TrackPointExtension>
			<gpxtpx:course>304.5</gpxtpx:course>
		</gpxtpx:TrackPointExtension>
	</extensions>
</trkpt>
<trkpt lat="-9.0112134" lon="148.3880881">
	<ele>1322.86</ele>
	<time>2025-12-11T23:52:31.000Z</time>
	<hdop>9.94</hdop>
	<extensions>
		<gpxtpx:TrackPointExtension>
			<gpxtpx:course>327.5</gpxtpx:course>
		</gpxtpx:TrackPointExtension>
	</extensions>
</trkpt>
<trkpt lat="-9.0111194" lon="148.3880560">
	<ele>1325.21</ele>
	<time>2025-12-11T23:52:41.000Z</time>
	<hdop>9.94</hdop>
	<extensions>
		<gpxtpx:TrackPointExtension>
			<gpxtpx:course>326.8</gpxtpx:course>
		</gpxtpx:TrackPointExtension>
	</extensions>
</trkpt>
<trkpt lat="-9.0110166" lon="148.3879992">
	<ele>1323.61</ele>
	<time>2025-12-11T23:52:51.000Z</time>
	<hdop>9.94</hdop>
	<extensions>
		<gpxtpx:TrackPointExtension>
			<gpxtpx:course>342.8</gpxtpx:course>
		</gpxtpx:TrackPointExtension>
	</extensions>
</trkpt>
<trkpt lat="-9.0109268" lon="148.3879826">
	<ele>1321.55</ele>
	<time>2025-12-11T23:53:04.000Z</time>
	<hdop>9.94</hdop>
	<extensions>
		<gpxtpx:TrackPointExtension>
			<gpxtpx:course>337.3</gpxtpx:course>
		</gpxtpx:TrackPointExtension>
	</extensions>
</trkpt>
<trkpt lat="-9.0108080" lon="148.3879768">
	<ele>1320.20</ele>
	<time>2025-12-11T23:53:14.000Z</time>
	<hdop>9.94</hdop>
	<extensions>
		<gpxtpx:TrackPointExtension>
			<gpxtpx:course>337.5</gpxtpx:course>
		</gpxtpx:TrackPointExtension>
	</extensions>
</trkpt>
<trkpt lat="-9.0107071" lon="148.3879756">
	<ele>1319.09</ele>
	<time>2025-12-11T23:53:24.000Z</time>
	<hdop>9.94</hdop>
	<extensions>
		<gpxtpx:TrackPointExtension>
			<gpxtpx:course>17.0</gpxtpx:course>
		</gpxtpx:TrackPointExtension>
	</extensions>
</trkpt>
<trkpt lat="-9.0105956" lon="148.3879642">
	<ele>1318.29</ele>
	<time>2025-12-11T23:53:34.000Z</time>
	<hdop>9.94</hdop>
</trkpt>
<trkpt lat="-9.0105021" lon="148.3879709">
	<ele>1312.36</ele>
	<time>2025-12-11T23:53:59.000Z</time>
	<hdop>9.94</hdop>
	<extensions>
		<gpxtpx:TrackPointExtension>
			<gpxtpx:course>344.1</gpxtpx:course>
		</gpxtpx:TrackPointExtension>
	</extensions>
</trkpt>
<trkpt lat="-9.0103355" lon="148.3880188">
	<ele>1308.77</ele>
	<time>2025-12-11T23:54:09.000Z</time>
	<hdop>9.94</hdop>
	<extensions>
		<gpxtpx:TrackPointExtension>
			<gpxtpx:course>17.6</gpxtpx:course>
		</gpxtpx:TrackPointExtension>
	</extensions>
</trkpt>
<trkpt lat="-9.0101945" lon="148.3880796">
	<ele>1310.54</ele>
	<time>2025-12-11T23:54:19.000Z</time>
	<hdop>9.94</hdop>
	<extensions>
		<gpxtpx:TrackPointExtension>
			<gpxtpx:course>16.6</gpxtpx:course>
		</gpxtpx:TrackPointExtension>
	</extensions>
</trkpt>
<trkpt lat="-9.0100672" lon="148.3881332">
	<ele>1310.36</ele>
	<time>2025-12-11T23:54:29.000Z</time>
	<hdop>9.94</hdop>
	<extensions>
		<gpxtpx:TrackPointExtension>
			<gpxtpx:course>16.2</gpxtpx:course>
		</gpxtpx:TrackPointExtension>
	</extensions>
</trkpt>
<trkpt lat="-9.0099496" lon="148.3881696">
	<ele>1309.83</ele>
	<time>2025-12-11T23:54:39.000Z</time>
	<hdop>9.94</hdop>
	<extensions>
		<gpxtpx:TrackPointExtension>
			<gpxtpx:course>30.0</gpxtpx:course>
		</gpxtpx:TrackPointExtension>
	</extensions>
</trkpt>
<trkpt lat="-9.0098619" lon="148.3881958">
	<ele>1304.47</ele>
	<time>2025-12-11T23:54:51.000Z</time>
	<hdop>9.94</hdop>
	<extensions>
		<gpxtpx:TrackPointExtension>
			<gpxtpx:course>44.1</gpxtpx:course>
		</gpxtpx:TrackPointExtension>
	</extensions>
</trkpt>
<trkpt lat="-9.0097721" lon="148.3882186">
	<ele>1301.80</ele>
	<time>2025-12-11T23:55:03.000Z</time>
	<hdop>9.94</hdop>
	<extensions>
		<gpxtpx:TrackPointExtension>
			<gpxtpx:course>44.1</gpxtpx:course>
		</gpxtpx:TrackPointExtension>
	</extensions>
</trkpt>
<trkpt lat="-9.0096802" lon="148.3882325">
	<ele>1299.07</ele>
	<time>2025-12-11T23:55:23.000Z</time>
	<hdop>9.94</hdop>
</trkpt>
<trkpt lat="-9.0095864" lon="148.3882481">
	<ele>1300.91</ele>
	<time>2025-12-11T23:55:39.000Z</time>
	<hdop>9.94</hdop>
	<extensions>
		<gpxtpx:TrackPointExtension>
			<gpxtpx:course>29.9</gpxtpx:course>
		</gpxtpx:TrackPointExtension>
	</extensions>
</trkpt>
<trkpt lat="-9.0094952" lon="148.3882381">
	<ele>1296.98</ele>
	<time>2025-12-11T23:55:49.000Z</time>
	<hdop>9.94</hdop>
	<extensions>
		<gpxtpx:TrackPointExtension>
			<gpxtpx:course>4.2</gpxtpx:course>
		</gpxtpx:TrackPointExtension>
	</extensions>
</trkpt>
<trkpt lat="-9.0094042" lon="148.3882556">
	<ele>1292.25</ele>
	<time>2025-12-11T23:56:07.000Z</time>
	<hdop>9.94</hdop>
</trkpt>
<trkpt lat="-9.0093179" lon="148.3882210">
	<ele>1290.95</ele>
	<time>2025-12-11T23:56:37.000Z</time>
	<hdop>9.94</hdop>
</trkpt>
<trkpt lat="-9.0092255" lon="148.3882172">
	<ele>1287.06</ele>
	<time>2025-12-11T23:57:12.000Z</time>
	<hdop>9.94</hdop>
</trkpt>
<trkpt lat="-9.0091478" lon="148.3881636">
	<ele>1290.57</ele>
	<time>2025-12-11T23:57:34.000Z</time>
	<hdop>9.94</hdop>
</trkpt>
<trkpt lat="-9.0090513" lon="148.3882007">
	<ele>1293.53</ele>
	<time>2025-12-11T23:57:50.000Z</time>
	<hdop>9.94</hdop>
</trkpt>
<trkpt lat="-9.0091217" lon="148.3882585">
	<ele>1295.23</ele>
	<time>2025-12-11T23:59:08.000Z</time>
	<hdop>9.94</hdop>
</trkpt>
<trkpt lat="-9.0090763" lon="148.3883458">
	<ele>1290.77</ele>
	<time>2025-12-11T23:59:43.000Z</time>
	<hdop>9.94</hdop>
	<extensions>
		<gpxtpx:TrackPointExtension>
			<gpxtpx:course>48.6</gpxtpx:course>
		</gpxtpx:TrackPointExtension>
	</extensions>
</trkpt>
<trkpt lat="-9.0089593" lon="148.3883745">
	<ele>1286.96</ele>
	<time>2025-12-11T23:59:53.000Z</time>
	<hdop>9.94</hdop>
	<extensions>
		<gpxtpx:TrackPointExtension>
			<gpxtpx:course>41.1</gpxtpx:course>
		</gpxtpx:TrackPointExtension>
	</extensions>
</trkpt>
<trkpt lat="-9.0088704" lon="148.3884100">
	<ele>1284.22</ele>
	<time>2025-12-12T00:00:27.000Z</time>
	<hdop>9.94</hdop>
	<extensions>
		<gpxtpx:TrackPointExtension>
			<gpxtpx:course>41.1</gpxtpx:course>
		</gpxtpx:TrackPointExtension>
	</extensions>
</trkpt>
<trkpt lat="-9.0087731" lon="148.3884248">
	<ele>1283.69</ele>
	<time>2025-12-12T00:00:47.000Z</time>
	<hdop>9.94</hdop>
</trkpt>
<trkpt lat="-9.0086861" lon="148.3883914">
	<ele>1282.05</ele>
	<time>2025-12-12T00:01:29.000Z</time>
	<hdop>9.94</hdop>
</trkpt>
<trkpt lat="-9.0085871" lon="148.3884085">
	<ele>1284.50</ele>
	<time>2025-12-12T00:01:49.000Z</time>
	<hdop>9.94</hdop>
	<extensions>
		<gpxtpx:TrackPointExtension>
			<gpxtpx:course>350.9</gpxtpx:course>
		</gpxtpx:TrackPointExtension>
	</extensions>
</trkpt>
<trkpt lat="-9.0085123" lon="148.3884673">
	<ele>1285.24</ele>
	<time>2025-12-12T00:02:02.000Z</time>
	<hdop>9.94</hdop>
</trkpt>
<trkpt lat="-9.0084181" lon="148.3884764">
	<ele>1281.91</ele>
	<time>2025-12-12T00:02:15.000Z</time>
	<hdop>10.03</hdop>
	<extensions>
		<gpxtpx:TrackPointExtension>
			<gpxtpx:course>305.4</gpxtpx:course>
		</gpxtpx:TrackPointExtension>
	</extensions>
</trkpt>
<trkpt lat="-9.0083260" lon="148.3884883">
	<ele>1280.76</ele>
	<time>2025-12-12T00:02:26.000Z</time>
	<hdop>10.01</hdop>
	<extensions>
		<gpxtpx:TrackPointExtension>
			<gpxtpx:course>19.5</gpxtpx:course>
		</gpxtpx:TrackPointExtension>
	</extensions>
</trkpt>
<trkpt lat="-9.0082232" lon="148.3884841">
	<ele>1277.68</ele>
	<time>2025-12-12T00:02:39.000Z</time>
	<hdop>11.64</hdop>
	<extensions>
		<gpxtpx:TrackPointExtension>
			<gpxtpx:course>348.3</gpxtpx:course>
		</gpxtpx:TrackPointExtension>
	</extensions>
</trkpt>
<trkpt lat="-9.0080640" lon="148.3884800">
	<ele>1275.42</ele>
	<time>2025-12-12T00:02:49.000Z</time>
	<hdop>9.94</hdop>
	<extensions>
		<gpxtpx:TrackPointExtension>
			<gpxtpx:course>359.3</gpxtpx:course>
		</gpxtpx:TrackPointExtension>
	</extensions>
</trkpt>
<trkpt lat="-9.0079829" lon="148.3885207">
	<ele>1275.65</ele>
	<time>2025-12-12T00:03:01.000Z</time>
	<hdop>9.94</hdop>
</trkpt>
<trkpt lat="-9.0078987" lon="148.3885661">
	<ele>1279.01</ele>
	<time>2025-12-12T00:03:39.000Z</time>
	<hdop>9.94</hdop>
	<extensions>
		<gpxtpx:TrackPointExtension>
			<gpxtpx:course>20.4</gpxtpx:course>
		</gpxtpx:TrackPointExtension>
	</extensions>
</trkpt>
<trkpt lat="-9.0077978" lon="148.3885666">
	<ele>1277.58</ele>
	<time>2025-12-12T00:03:49.000Z</time>
	<hdop>9.94</hdop>
	<extensions>
		<gpxtpx:TrackPointExtension>
			<gpxtpx:course>318.6</gpxtpx:course>
		</gpxtpx:TrackPointExtension>
	</extensions>
</trkpt>
<trkpt lat="-9.0077013" lon="148.3885792">
	<ele>1284.87</ele>
	<time>2025-12-12T00:03:59.000Z</time>
	<hdop>9.94</hdop>
	<extensions>
		<gpxtpx:TrackPointExtension>
			<gpxtpx:course>59.5</gpxtpx:course>
		</gpxtpx:TrackPointExtension>
	</extensions>
</trkpt>
<trkpt lat="-9.0076172" lon="148.3886224">
	<ele>1287.23</ele>
	<time>2025-12-12T00:04:12.000Z</time>
	<hdop>9.94</hdop>
	<extensions>
		<gpxtpx:TrackPointExtension>
			<gpxtpx:course>128.9</gpxtpx:course>
		</gpxtpx:TrackPointExtension>
	</extensions>
</trkpt>
<trkpt lat="-9.0075193" lon="148.3886257">
	<ele>1285.22</ele>
	<time>2025-12-12T00:04:24.000Z</time>
	<hdop>3.79</hdop>
	<extensions>
		<gpxtpx:TrackPointExtension>
			<gpxtpx:course>128.9</gpxtpx:course>
		</gpxtpx:TrackPointExtension>
	</extensions>
</trkpt>
<trkpt lat="-9.0074243" lon="148.3885930">
	<ele>1284.00</ele>
	<time>2025-12-12T00:04:34.000Z</time>
	<hdop>3.79</hdop>
	<extensions>
		<gpxtpx:TrackPointExtension>
			<gpxtpx:course>333.6</gpxtpx:course>
		</gpxtpx:TrackPointExtension>
	</extensions>
</trkpt>
<trkpt lat="-9.0073273" lon="148.3885805">
	<ele>1284.57</ele>
	<time>2025-12-12T00:04:44.000Z</time>
	<hdop>3.79</hdop>
	<extensions>
		<gpxtpx:TrackPointExtension>
			<gpxtpx:course>333.6</gpxtpx:course>
		</gpxtpx:TrackPointExtension>
	</extensions>
</trkpt>
<trkpt lat="-9.0071990" lon="148.3885736">
	<ele>1283.75</ele>
	<time>2025-12-12T00:04:54.000Z</time>
	<hdop>3.79</hdop>
	<extensions>
		<gpxtpx:TrackPointExtension>
			<gpxtpx:course>0.5</gpxtpx:course>
		</gpxtpx:TrackPointExtension>
	</extensions>
</trkpt>
<trkpt lat="-9.0070920" lon="148.3885532">
	<ele>1287.62</ele>
	<time>2025-12-12T00:05:04.000Z</time>
	<hdop>3.79</hdop>
	<extensions>
		<gpxtpx:TrackPointExtension>
			<gpxtpx:course>345.6</gpxtpx:course>
		</gpxtpx:TrackPointExtension>
	</extensions>
</trkpt>
<trkpt lat="-9.0069981" lon="148.3885416">
	<ele>1283.07</ele>
	<time>2025-12-12T00:05:22.000Z</time>
	<hdop>3.79</hdop>
	<extensions>
		<gpxtpx:TrackPointExtension>
			<gpxtpx:course>292.4</gpxtpx:course>
		</gpxtpx:TrackPointExtension>
	</extensions>
</trkpt>
<trkpt lat="-9.0069069" lon="148.3885298">
	<ele>1284.86</ele>
	<time>2025-12-12T00:05:44.000Z</time>
	<hdop>9.94</hdop>
</trkpt>
<trkpt lat="-9.0068142" lon="148.3885040">
	<ele>1283.48</ele>
	<time>2025-12-12T00:06:02.000Z</time>
	<hdop>9.94</hdop>
	<extensions>
		<gpxtpx:TrackPointExtension>
			<gpxtpx:course>332.5</gpxtpx:course>
		</gpxtpx:TrackPointExtension>
	</extensions>
</trkpt>
<trkpt lat="-9.0067294" lon="148.3884596">
	<ele>1287.78</ele>
	<time>2025-12-12T00:06:17.000Z</time>
	<hdop>9.94</hdop>
	<extensions>
		<gpxtpx:TrackPointExtension>
			<gpxtpx:course>332.5</gpxtpx:course>
		</gpxtpx:TrackPointExtension>
	</extensions>
</trkpt>
<trkpt lat="-9.0066439" lon="148.3884193">
	<ele>1289.01</ele>
	<time>2025-12-12T00:06:28.000Z</time>
	<hdop>9.94</hdop>
	<extensions>
		<gpxtpx:TrackPointExtension>
			<gpxtpx:course>310.0</gpxtpx:course>
		</gpxtpx:TrackPointExtension>
	</extensions>
</trkpt>
<trkpt lat="-9.0065481" lon="148.3883800">
	<ele>1287.84</ele>
	<time>2025-12-12T00:06:43.000Z</time>
	<hdop>9.94</hdop>
</trkpt>
<trkpt lat="-9.0064462" lon="148.3883684">
	<ele>1290.59</ele>
	<time>2025-12-12T00:06:53.000Z</time>
	<hdop>9.94</hdop>
	<extensions>
		<gpxtpx:TrackPointExtension>
			<gpxtpx:course>345.9</gpxtpx:course>
		</gpxtpx:TrackPointExtension>
	</extensions>
</trkpt>
<trkpt lat="-9.0063457" lon="148.3883778">
	<ele>1295.78</ele>
	<time>2025-12-12T00:07:03.000Z</time>
	<hdop>9.94</hdop>
	<extensions>
		<gpxtpx:TrackPointExtension>
			<gpxtpx:course>347.2</gpxtpx:course>
		</gpxtpx:TrackPointExtension>
	</extensions>
</trkpt>
<trkpt lat="-9.0062621" lon="148.3883359">
	<ele>1296.12</ele>
	<time>2025-12-12T00:07:19.000Z</time>
	<hdop>9.94</hdop>
	<extensions>
		<gpxtpx:TrackPointExtension>
			<gpxtpx:course>347.2</gpxtpx:course>
		</gpxtpx:TrackPointExtension>
	</extensions>
</trkpt>
<trkpt lat="-9.0061552" lon="148.3883322">
	<ele>1300.67</ele>
	<time>2025-12-12T00:07:29.000Z</time>
	<hdop>9.94</hdop>
	<extensions>
		<gpxtpx:TrackPointExtension>
			<gpxtpx:course>325.6</gpxtpx:course>
		</gpxtpx:TrackPointExtension>
	</extensions>
</trkpt>
<trkpt lat="-9.0060629" lon="148.3882969">
	<ele>1300.33</ele>
	<time>2025-12-12T00:07:40.000Z</time>
	<hdop>9.94</hdop>
</trkpt>
<trkpt lat="-9.0059690" lon="148.3882866">
	<ele>1305.47</ele>
	<time>2025-12-12T00:08:00.000Z</time>
	<hdop>9.94</hdop>
</trkpt>
<trkpt lat="-9.0058851" lon="148.3882429">
	<ele>1303.97</ele>
	<time>2025-12-12T00:08:13.000Z</time>
	<hdop>9.94</hdop>
	<extensions>
		<gpxtpx:TrackPointExtension>
			<gpxtpx:course>307.9</gpxtpx:course>
		</gpxtpx:TrackPointExtension>
	</extensions>
</trkpt>
<trkpt lat="-9.0057910" lon="148.3882514">
	<ele>1306.29</ele>
	<time>2025-12-12T00:08:24.000Z</time>
	<hdop>9.94</hdop>
	<extensions>
		<gpxtpx:TrackPointExtension>
			<gpxtpx:course>307.9</gpxtpx:course>
		</gpxtpx:TrackPointExtension>
	</extensions>
</trkpt>
<trkpt lat="-9.0057120" lon="148.3883051">
	<ele>1308.34</ele>
	<time>2025-12-12T00:08:38.000Z</time>
	<hdop>10.27</hdop>
</trkpt>
<trkpt lat="-9.0056187" lon="148.3883343">
	<ele>1312.82</ele>
	<time>2025-12-12T00:08:48.000Z</time>
	<hdop>9.94</hdop>
	<extensions>
		<gpxtpx:TrackPointExtension>
			<gpxtpx:course>183.4</gpxtpx:course>
		</gpxtpx:TrackPointExtension>
	</extensions>
</trkpt>
<trkpt lat="-9.0055111" lon="148.3883897">
	<ele>1311.86</ele>
	<time>2025-12-12T00:08:58.000Z</time>
	<hdop>9.94</hdop>
	<extensions>
		<gpxtpx:TrackPointExtension>
			<gpxtpx:course>357.1</gpxtpx:course>
		</gpxtpx:TrackPointExtension>
	</extensions>
</trkpt>
<trkpt lat="-9.0054094" lon="148.3884139">
	<ele>1305.95</ele>
	<time>2025-12-12T00:09:08.000Z</time>
	<hdop>9.94</hdop>
	<extensions>
		<gpxtpx:TrackPointExtension>
			<gpxtpx:course>341.2</gpxtpx:course>
		</gpxtpx:TrackPointExtension>
	</extensions>
</trkpt>
<trkpt lat="-9.0053472" lon="148.3884799">
	<ele>1312.76</ele>
	<time>2025-12-12T00:09:21.000Z</time>
	<hdop>9.94</hdop>
	<extensions>
		<gpxtpx:TrackPointExtension>
			<gpxtpx:course>91.1</gpxtpx:course>
		</gpxtpx:TrackPointExtension>
	</extensions>
</trkpt>
<trkpt lat="-9.0053041" lon="148.3885675">
	<ele>1316.00</ele>
	<time>2025-12-12T00:09:40.000Z</time>
	<hdop>9.94</hdop>
	<extensions>
		<gpxtpx:TrackPointExtension>
			<gpxtpx:course>90.2</gpxtpx:course>
		</gpxtpx:TrackPointExtension>
	</extensions>
</trkpt>
<trkpt lat="-9.0052472" lon="148.3886482">
	<ele>1317.97</ele>
	<time>2025-12-12T00:09:50.000Z</time>
	<hdop>3.79</hdop>
</trkpt>
<trkpt lat="-9.0051966" lon="148.3887363">
	<ele>1321.17</ele>
	<time>2025-12-12T00:10:06.000Z</time>
	<hdop>3.79</hdop>
	<extensions>
		<gpxtpx:TrackPointExtension>
			<gpxtpx:course>68.5</gpxtpx:course>
		</gpxtpx:TrackPointExtension>
	</extensions>
</trkpt>
<trkpt lat="-9.0051408" lon="148.3888166">
	<ele>1325.28</ele>
	<time>2025-12-12T00:10:16.000Z</time>
	<hdop>3.79</hdop>
</trkpt>
<trkpt lat="-9.0051198" lon="148.3889061">
	<ele>1330.28</ele>
	<time>2025-12-12T00:10:42.000Z</time>
	<hdop>3.79</hdop>
</trkpt>
<trkpt lat="-9.0050730" lon="148.3889860">
	<ele>1330.96</ele>
	<time>2025-12-12T00:10:59.000Z</time>
	<hdop>3.79</hdop>
	<extensions>
		<gpxtpx:TrackPointExtension>
			<gpxtpx:course>344.9</gpxtpx:course>
		</gpxtpx:TrackPointExtension>
	</extensions>
</trkpt>
<trkpt lat="-9.0050618" lon="148.3890781">
	<ele>1331.11</ele>
	<time>2025-12-12T00:11:16.000Z</time>
	<hdop>3.79</hdop>
</trkpt>
<trkpt lat="-9.0050550" lon="148.3891729">
	<ele>1335.57</ele>
	<time>2025-12-12T00:11:26.000Z</time>
	<hdop>3.79</hdop>
</trkpt>
<trkpt lat="-9.0050917" lon="148.3892690">
	<ele>1335.69</ele>
	<time>2025-12-12T00:11:39.000Z</time>
	<hdop>9.94</hdop>
	<extensions>
		<gpxtpx:TrackPointExtension>
			<gpxtpx:course>93.3</gpxtpx:course>
		</gpxtpx:TrackPointExtension>
	</extensions>
</trkpt>
<trkpt lat="-9.0051218" lon="148.3893853">
	<ele>1336.72</ele>
	<time>2025-12-12T00:11:49.000Z</time>
	<hdop>9.94</hdop>
	<extensions>
		<gpxtpx:TrackPointExtension>
			<gpxtpx:course>93.3</gpxtpx:course>
		</gpxtpx:TrackPointExtension>
	</extensions>
</trkpt>
<trkpt lat="-9.0051107" lon="148.3894773">
	<ele>1337.49</ele>
	<time>2025-12-12T00:12:00.000Z</time>
	<hdop>9.94</hdop>
</trkpt>
<trkpt lat="-9.0051014" lon="148.3895722">
	<ele>1339.13</ele>
	<time>2025-12-12T00:12:15.000Z</time>
	<hdop>9.94</hdop>
</trkpt>
<trkpt lat="-9.0051196" lon="148.3896866">
	<ele>1338.10</ele>
	<time>2025-12-12T00:12:25.000Z</time>
	<hdop>9.94</hdop>
</trkpt>
<trkpt lat="-9.0051141" lon="148.3897784">
	<ele>1339.20</ele>
	<time>2025-12-12T00:12:35.000Z</time>
	<hdop>9.94</hdop>
	<extensions>
		<gpxtpx:TrackPointExtension>
			<gpxtpx:course>68.0</gpxtpx:course>
		</gpxtpx:TrackPointExtension>
	</extensions>
</trkpt>
<trkpt lat="-9.0051237" lon="148.3898724">
	<ele>1345.29</ele>
	<time>2025-12-12T00:12:48.000Z</time>
	<hdop>9.94</hdop>
</trkpt>
<trkpt lat="-9.0050958" lon="148.3899669">
	<ele>1346.30</ele>
	<time>2025-12-12T00:13:01.000Z</time>
	<hdop>9.94</hdop>
	<extensions>
		<gpxtpx:TrackPointExtension>
			<gpxtpx:course>41.1</gpxtpx:course>
		</gpxtpx:TrackPointExtension>
	</extensions>
</trkpt>
<trkpt lat="-9.0050515" lon="148.3900581">
	<ele>1345.94</ele>
	<time>2025-12-12T00:13:11.000Z</time>
	<hdop>9.94</hdop>
</trkpt>
<trkpt lat="-9.0050211" lon="148.3901441">
	<ele>1344.66</ele>
	<time>2025-12-12T00:13:28.000Z</time>
	<hdop>9.94</hdop>
</trkpt>
<trkpt lat="-9.0049677" lon="148.3902249">
	<ele>1346.00</ele>
	<time>2025-12-12T00:13:40.000Z</time>
	<hdop>9.94</hdop>
	<extensions>
		<gpxtpx:TrackPointExtension>
			<gpxtpx:course>51.6</gpxtpx:course>
		</gpxtpx:TrackPointExtension>
	</extensions>
</trkpt>
<trkpt lat="-9.0049688" lon="148.3903173">
	<ele>1345.89</ele>
	<time>2025-12-12T00:13:50.000Z</time>
	<hdop>9.94</hdop>
</trkpt>
<trkpt lat="-9.0049688" lon="148.3904088">
	<ele>1347.47</ele>
	<time>2025-12-12T00:14:02.000Z</time>
	<hdop>9.94</hdop>
</trkpt>
<trkpt lat="-9.0049566" lon="148.3905078">
	<ele>1348.08</ele>
	<time>2025-12-12T00:14:12.000Z</time>
	<hdop>9.94</hdop>
	<extensions>
		<gpxtpx:TrackPointExtension>
			<gpxtpx:course>54.1</gpxtpx:course>
		</gpxtpx:TrackPointExtension>
	</extensions>
</trkpt>
<trkpt lat="-9.0049436" lon="148.3906006">
	<ele>1348.73</ele>
	<time>2025-12-12T00:14:22.000Z</time>
	<hdop>9.94</hdop>
	<extensions>
		<gpxtpx:TrackPointExtension>
			<gpxtpx:course>39.5</gpxtpx:course>
		</gpxtpx:TrackPointExtension>
	</extensions>
</trkpt>
<trkpt lat="-9.0049325" lon="148.3906986">
	<ele>1354.09</ele>
	<time>2025-12-12T00:14:34.000Z</time>
	<hdop>9.94</hdop>
	<extensions>
		<gpxtpx:TrackPointExtension>
			<gpxtpx:course>52.0</gpxtpx:course>
		</gpxtpx:TrackPointExtension>
	</extensions>
</trkpt>
<trkpt lat="-9.0049092" lon="148.3907904">
	<ele>1360.10</ele>
	<time>2025-12-12T00:14:52.000Z</time>
	<hdop>9.94</hdop>
</trkpt>
<trkpt lat="-9.0048937" lon="148.3908809">
	<ele>1359.03</ele>
	<time>2025-12-12T00:15:07.000Z</time>
	<hdop>9.94</hdop>
	<extensions>
		<gpxtpx:TrackPointExtension>
			<gpxtpx:course>52.6</gpxtpx:course>
		</gpxtpx:TrackPointExtension>
	</extensions>
</trkpt>
<trkpt lat="-9.0048966" lon="148.3909776">
	<ele>1361.15</ele>
	<time>2025-12-12T00:15:19.000Z</time>
	<hdop>9.94</hdop>
	<extensions>
		<gpxtpx:TrackPointExtension>
			<gpxtpx:course>82.0</gpxtpx:course>
		</gpxtpx:TrackPointExtension>
	</extensions>
</trkpt>
<trkpt lat="-9.0048450" lon="148.3910541">
	<ele>1361.90</ele>
	<time>2025-12-12T00:15:32.000Z</time>
	<hdop>9.94</hdop>
	<extensions>
		<gpxtpx:TrackPointExtension>
			<gpxtpx:course>82.1</gpxtpx:course>
		</gpxtpx:TrackPointExtension>
	</extensions>
</trkpt>
<trkpt lat="-9.0048364" lon="148.3911521">
	<ele>1366.35</ele>
	<time>2025-12-12T00:15:44.000Z</time>
	<hdop>9.94</hdop>
</trkpt>
<trkpt lat="-9.0048172" lon="148.3912431">
	<ele>1368.05</ele>
	<time>2025-12-12T00:15:58.000Z</time>
	<hdop>9.94</hdop>
	<extensions>
		<gpxtpx:TrackPointExtension>
			<gpxtpx:course>70.8</gpxtpx:course>
		</gpxtpx:TrackPointExtension>
	</extensions>
</trkpt>
<trkpt lat="-9.0047677" lon="148.3913241">
	<ele>1363.03</ele>
	<time>2025-12-12T00:16:08.000Z</time>
	<hdop>9.94</hdop>
	<extensions>
		<gpxtpx:TrackPointExtension>
			<gpxtpx:course>71.9</gpxtpx:course>
		</gpxtpx:TrackPointExtension>
	</extensions>
</trkpt>
<trkpt lat="-9.0047022" lon="148.3913875">
	<ele>1365.19</ele>
	<time>2025-12-12T00:16:24.000Z</time>
	<hdop>9.94</hdop>
</trkpt>
<trkpt lat="-9.0046572" lon="148.3914675">
	<ele>1367.27</ele>
	<time>2025-12-12T00:16:52.000Z</time>
	<hdop>9.94</hdop>
</trkpt>
<trkpt lat="-9.0046023" lon="148.3915424">
	<ele>1367.56</ele>
	<time>2025-12-12T00:17:07.000Z</time>
	<hdop>9.94</hdop>
</trkpt>
<trkpt lat="-9.0045311" lon="148.3916050">
	<ele>1370.62</ele>
	<time>2025-12-12T00:17:25.000Z</time>
	<hdop>9.94</hdop>
</trkpt>
<trkpt lat="-9.0044432" lon="148.3916348">
	<ele>1373.07</ele>
	<time>2025-12-12T00:17:43.000Z</time>
	<hdop>9.94</hdop>
	<extensions>
		<gpxtpx:TrackPointExtension>
			<gpxtpx:course>18.9</gpxtpx:course>
		</gpxtpx:TrackPointExtension>
	</extensions>
</trkpt>
<trkpt lat="-9.0043519" lon="148.3916640">
	<ele>1371.24</ele>
	<time>2025-12-12T00:17:58.000Z</time>
	<hdop>9.94</hdop>
	<extensions>
		<gpxtpx:TrackPointExtension>
			<gpxtpx:course>34.5</gpxtpx:course>
		</gpxtpx:TrackPointExtension>
	</extensions>
</trkpt>
<trkpt lat="-9.0042526" lon="148.3916805">
	<ele>1371.28</ele>
	<time>2025-12-12T00:18:12.000Z</time>
	<hdop>9.94</hdop>
</trkpt>
<trkpt lat="-9.0041649" lon="148.3917104">
	<ele>1375.32</ele>
	<time>2025-12-12T00:18:46.000Z</time>
	<hdop>9.94</hdop>
	<extensions>
		<gpxtpx:TrackPointExtension>
			<gpxtpx:course>276.2</gpxtpx:course>
		</gpxtpx:TrackPointExtension>
	</extensions>
</trkpt>
<trkpt lat="-9.0040737" lon="148.3917390">
	<ele>1377.08</ele>
	<time>2025-12-12T00:19:01.000Z</time>
	<hdop>9.94</hdop>
	<extensions>
		<gpxtpx:TrackPointExtension>
			<gpxtpx:course>358.0</gpxtpx:course>
		</gpxtpx:TrackPointExtension>
	</extensions>
</trkpt>
<trkpt lat="-9.0039806" lon="148.3917445">
	<ele>1375.22</ele>
	<time>2025-12-12T00:19:14.000Z</time>
	<hdop>9.94</hdop>
	<extensions>
		<gpxtpx:TrackPointExtension>
			<gpxtpx:course>275.7</gpxtpx:course>
		</gpxtpx:TrackPointExtension>
	</extensions>
</trkpt>
<trkpt lat="-9.0039056" lon="148.3918136">
	<ele>1375.67</ele>
	<time>2025-12-12T00:19:24.000Z</time>
	<hdop>9.99</hdop>
	<extensions>
		<gpxtpx:TrackPointExtension>
			<gpxtpx:course>275.8</gpxtpx:course>
		</gpxtpx:TrackPointExtension>
	</extensions>
</trkpt>
<trkpt lat="-9.0038500" lon="148.3918867">
	<ele>1376.16</ele>
	<time>2025-12-12T00:19:36.000Z</time>
	<hdop>3.93</hdop>
	<extensions>
		<gpxtpx:TrackPointExtension>
			<gpxtpx:course>47.6</gpxtpx:course>
		</gpxtpx:TrackPointExtension>
	</extensions>
</trkpt>
<trkpt lat="-9.0037668" lon="148.3919392">
	<ele>1375.06</ele>
	<time>2025-12-12T00:19:46.000Z</time>
	<hdop>3.79</hdop>
	<extensions>
		<gpxtpx:TrackPointExtension>
			<gpxtpx:course>33.6</gpxtpx:course>
		</gpxtpx:TrackPointExtension>
	</extensions>
</trkpt>
<trkpt lat="-9.0036896" lon="148.3919937">
	<ele>1376.80</ele>
	<time>2025-12-12T00:20:01.000Z</time>
	<hdop>3.79</hdop>
	<extensions>
		<gpxtpx:TrackPointExtension>
			<gpxtpx:course>11.1</gpxtpx:course>
		</gpxtpx:TrackPointExtension>
	</extensions>
</trkpt>
<trkpt lat="-9.0036768" lon="148.3920859">
	<ele>1377.59</ele>
	<time>2025-12-12T00:20:15.000Z</time>
	<hdop>3.79</hdop>
	<extensions>
		<gpxtpx:TrackPointExtension>
			<gpxtpx:course>58.8</gpxtpx:course>
		</gpxtpx:TrackPointExtension>
	</extensions>
</trkpt>
<trkpt lat="-9.0036835" lon="148.3921832">
	<ele>1375.92</ele>
	<time>2025-12-12T00:30:29.000Z</time>
	<hdop>3.79</hdop>
	<extensions>
		<gpxtpx:TrackPointExtension>
			<gpxtpx:course>101.7</gpxtpx:course>
		</gpxtpx:TrackPointExtension>
	</extensions>
</trkpt>
<trkpt lat="-9.0036589" lon="148.3922708">
	<ele>1374.42</ele>
	<time>2025-12-12T00:30:45.000Z</time>
	<hdop>3.79</hdop>
	<extensions>
		<gpxtpx:TrackPointExtension>
			<gpxtpx:course>60.2</gpxtpx:course>
		</gpxtpx:TrackPointExtension>
	</extensions>
</trkpt>
<trkpt lat="-9.0036819" lon="148.3923611">
	<ele>1370.76</ele>
	<time>2025-12-12T00:39:47.000Z</time>
	<hdop>3.79</hdop>
	<extensions>
		<gpxtpx:TrackPointExtension>
			<gpxtpx:course>70.1</gpxtpx:course>
		</gpxtpx:TrackPointExtension>
	</extensions>
</trkpt>
<trkpt lat="-9.0037161" lon="148.3924496">
	<ele>1364.12</ele>
	<time>2025-12-12T00:40:00.000Z</time>
	<hdop>10.43</hdop>
</trkpt>
<trkpt lat="-9.0036878" lon="148.3925376">
	<ele>1362.28</ele>
	<time>2025-12-12T00:40:31.000Z</time>
	<hdop>9.94</hdop>
	<extensions>
		<gpxtpx:TrackPointExtension>
			<gpxtpx:course>318.9</gpxtpx:course>
		</gpxtpx:TrackPointExtension>
	</extensions>
</trkpt>
<trkpt lat="-9.0036524" lon="148.3926273">
	<ele>1362.87</ele>
	<time>2025-12-12T00:40:41.000Z</time>
	<hdop>10.24</hdop>
	<extensions>
		<gpxtpx:TrackPointExtension>
			<gpxtpx:course>97.3</gpxtpx:course>
		</gpxtpx:TrackPointExtension>
	</extensions>
</trkpt>
<trkpt lat="-9.0036350" lon="148.3927184">
	<ele>1359.25</ele>
	<time>2025-12-12T00:41:14.000Z</time>
	<hdop>10.37</hdop>
</trkpt>
<trkpt lat="-9.0036141" lon="148.3928110">
	<ele>1356.18</ele>
	<time>2025-12-12T00:42:15.000Z</time>
	<hdop>9.94</hdop>
</trkpt>
<trkpt lat="-9.0035935" lon="148.3929081">
	<ele>1353.25</ele>
	<time>2025-12-12T00:43:28.000Z</time>
	<hdop>10.28</hdop>
	<extensions>
		<gpxtpx:TrackPointExtension>
			<gpxtpx:course>111.6</gpxtpx:course>
		</gpxtpx:TrackPointExtension>
	</extensions>
</trkpt>
<trkpt lat="-9.0035886" lon="148.3929995">
	<ele>1332.78</ele>
	<time>2025-12-12T00:44:36.000Z</time>
	<hdop>10.14</hdop>
</trkpt>
<trkpt lat="-9.0035872" lon="148.3930955">
	<ele>1328.79</ele>
	<time>2025-12-12T00:45:41.000Z</time>
	<hdop>9.94</hdop>
</trkpt>
<trkpt lat="-9.0035561" lon="148.3931812">
	<ele>1328.77</ele>
	<time>2025-12-12T00:46:43.000Z</time>
	<hdop>9.94</hdop>
</trkpt>
<trkpt lat="-9.0035260" lon="148.3932703">
	<ele>1323.05</ele>
	<time>2025-12-12T00:48:19.000Z</time>
	<hdop>9.96</hdop>
	<extensions>
		<gpxtpx:TrackPointExtension>
			<gpxtpx:course>99.9</gpxtpx:course>
		</gpxtpx:TrackPointExtension>
	</extensions>
</trkpt>
<trkpt lat="-9.0035116" lon="148.3933605">
	<ele>1316.96</ele>
	<time>2025-12-12T00:48:43.000Z</time>
	<hdop>3.79</hdop>
</trkpt>
<trkpt lat="-9.0035275" lon="148.3934501">
	<ele>1310.96</ele>
	<time>2025-12-12T00:49:01.000Z</time>
	<hdop>3.79</hdop>
	<extensions>
		<gpxtpx:TrackPointExtension>
			<gpxtpx:course>67.9</gpxtpx:course>
		</gpxtpx:TrackPointExtension>
	</extensions>
</trkpt>
<trkpt lat="-9.0035518" lon="148.3935407">
	<ele>1306.12</ele>
	<time>2025-12-12T00:49:21.000Z</time>
	<hdop>3.79</hdop>
	<extensions>
		<gpxtpx:TrackPointExtension>
			<gpxtpx:course>261.7</gpxtpx:course>
		</gpxtpx:TrackPointExtension>
	</extensions>
</trkpt>
<trkpt lat="-9.0035334" lon="148.3936332">
	<ele>1302.12</ele>
	<time>2025-12-12T00:49:42.000Z</time>
	<hdop>3.79</hdop>
	<extensions>
		<gpxtpx:TrackPointExtension>
			<gpxtpx:course>99.1</gpxtpx:course>
		</gpxtpx:TrackPointExtension>
	</extensions>
</trkpt>
<trkpt lat="-9.0035486" lon="148.3937325">
	<ele>1298.82</ele>
	<time>2025-12-12T00:50:42.000Z</time>
	<hdop>10.31</hdop>
	<extensions>
		<gpxtpx:TrackPointExtension>
			<gpxtpx:course>74.4</gpxtpx:course>
		</gpxtpx:TrackPointExtension>
	</extensions>
</trkpt>
<trkpt lat="-9.0035242" lon="148.3938207">
	<ele>1298.93</ele>
	<time>2025-12-12T00:50:53.000Z</time>
	<hdop>9.94</hdop>
</trkpt>
<trkpt lat="-9.0035514" lon="148.3939145">
	<ele>1294.66</ele>
	<time>2025-12-12T00:51:11.000Z</time>
	<hdop>3.79</hdop>
	<extensions>
		<gpxtpx:TrackPointExtension>
			<gpxtpx:course>44.6</gpxtpx:course>
		</gpxtpx:TrackPointExtension>
	</extensions>
</trkpt>
<trkpt lat="-9.0034988" lon="148.3939901">
	<ele>1291.86</ele>
	<time>2025-12-12T00:51:21.000Z</time>
	<hdop>3.79</hdop>
	<extensions>
		<gpxtpx:TrackPointExtension>
			<gpxtpx:course>44.9</gpxtpx:course>
		</gpxtpx:TrackPointExtension>
	</extensions>
</trkpt>
<trkpt lat="-9.0034675" lon="148.3940856">
	<ele>1289.97</ele>
	<time>2025-12-12T00:51:32.000Z</time>
	<hdop>3.79</hdop>
	<extensions>
		<gpxtpx:TrackPointExtension>
			<gpxtpx:course>54.2</gpxtpx:course>
		</gpxtpx:TrackPointExtension>
	</extensions>
</trkpt>
<trkpt lat="-9.0034050" lon="148.3941749">
	<ele>1290.82</ele>
	<time>2025-12-12T00:51:42.000Z</time>
	<hdop>3.79</hdop>
	<extensions>
		<gpxtpx:TrackPointExtension>
			<gpxtpx:course>41.9</gpxtpx:course>
		</gpxtpx:TrackPointExtension>
	</extensions>
</trkpt>
<trkpt lat="-9.0033524" lon="148.3942853">
	<ele>1288.18</ele>
	<time>2025-12-12T00:51:52.000Z</time>
	<hdop>3.79</hdop>
	<extensions>
		<gpxtpx:TrackPointExtension>
			<gpxtpx:course>43.7</gpxtpx:course>
		</gpxtpx:TrackPointExtension>
	</extensions>
</trkpt>
<trkpt lat="-9.0033085" lon="148.3943703">
	<ele>1288.25</ele>
	<time>2025-12-12T00:52:07.000Z</time>
	<hdop>3.79</hdop>
</trkpt>
<trkpt lat="-9.0032684" lon="148.3944537">
	<ele>1288.37</ele>
	<time>2025-12-12T00:52:19.000Z</time>
	<hdop>3.79</hdop>
</trkpt>
<trkpt lat="-9.0032207" lon="148.3945374">
	<ele>1291.20</ele>
	<time>2025-12-12T00:52:33.000Z</time>
	<hdop>3.79</hdop>
</trkpt>
<trkpt lat="-9.0031912" lon="148.3946394">
	<ele>1293.93</ele>
	<time>2025-12-12T00:52:43.000Z</time>
	<hdop>3.79</hdop>
	<extensions>
		<gpxtpx:TrackPointExtension>
			<gpxtpx:course>78.4</gpxtpx:course>
		</gpxtpx:TrackPointExtension>
	</extensions>
</trkpt>
<trkpt lat="-9.0031614" lon="148.3947286">
	<ele>1297.64</ele>
	<time>2025-12-12T00:52:55.000Z</time>
	<hdop>3.79</hdop>
	<extensions>
		<gpxtpx:TrackPointExtension>
			<gpxtpx:course>69.1</gpxtpx:course>
		</gpxtpx:TrackPointExtension>
	</extensions>
</trkpt>
<trkpt lat="-9.0031553" lon="148.3948219">
	<ele>1296.04</ele>
	<time>2025-12-12T00:53:26.000Z</time>
	<hdop>9.94</hdop>
</trkpt>
<trkpt lat="-9.0030868" lon="148.3948815">
	<ele>1294.13</ele>
	<time>2025-12-12T00:53:47.000Z</time>
	<hdop>9.94</hdop>
</trkpt>
<trkpt lat="-9.0029933" lon="148.3948804">
	<ele>1287.50</ele>
	<time>2025-12-12T00:54:04.000Z</time>
	<hdop>9.94</hdop>
	<extensions>
		<gpxtpx:TrackPointExtension>
			<gpxtpx:course>7.7</gpxtpx:course>
		</gpxtpx:TrackPointExtension>
	</extensions>
</trkpt>
<trkpt lat="-9.0028990" lon="148.3948849">
	<ele>1280.96</ele>
	<time>2025-12-12T00:54:29.000Z</time>
	<hdop>9.94</hdop>
	<extensions>
		<gpxtpx:TrackPointExtension>
			<gpxtpx:course>325.4</gpxtpx:course>
		</gpxtpx:TrackPointExtension>
	</extensions>
</trkpt>
<trkpt lat="-9.0028094" lon="148.3949164">
	<ele>1279.83</ele>
	<time>2025-12-12T00:54:41.000Z</time>
	<hdop>9.94</hdop>
	<extensions>
		<gpxtpx:TrackPointExtension>
			<gpxtpx:course>27.0</gpxtpx:course>
		</gpxtpx:TrackPointExtension>
	</extensions>
</trkpt>
<trkpt lat="-9.0027170" lon="148.3949177">
	<ele>1276.31</ele>
	<time>2025-12-12T00:54:57.000Z</time>
	<hdop>9.94</hdop>
	<extensions>
		<gpxtpx:TrackPointExtension>
			<gpxtpx:course>37.2</gpxtpx:course>
		</gpxtpx:TrackPointExtension>
	</extensions>
</trkpt>
<trkpt lat="-9.0026262" lon="148.3949640">
	<ele>1274.87</ele>
	<time>2025-12-12T00:55:07.000Z</time>
	<hdop>9.94</hdop>
</trkpt>
<trkpt lat="-9.0025498" lon="148.3950137">
	<ele>1275.61</ele>
	<time>2025-12-12T00:56:13.000Z</time>
	<hdop>3.79</hdop>
	<extensions>
		<gpxtpx:TrackPointExtension>
			<gpxtpx:course>60.8</gpxtpx:course>
		</gpxtpx:TrackPointExtension>
	</extensions>
</trkpt>
<trkpt lat="-9.0024744" lon="148.3950683">
	<ele>1267.20</ele>
	<time>2025-12-12T00:56:55.000Z</time>
	<hdop>3.79</hdop>
	<extensions>
		<gpxtpx:TrackPointExtension>
			<gpxtpx:course>47.6</gpxtpx:course>
		</gpxtpx:TrackPointExtension>
	</extensions>
</trkpt>
<trkpt lat="-9.0024405" lon="148.3951569">
	<ele>1261.49</ele>
	<time>2025-12-12T00:57:28.000Z</time>
	<hdop>3.79</hdop>
	<extensions>
		<gpxtpx:TrackPointExtension>
			<gpxtpx:course>177.7</gpxtpx:course>
		</gpxtpx:TrackPointExtension>
	</extensions>
</trkpt>
<trkpt lat="-9.0024229" lon="148.3952498">
	<ele>1257.74</ele>
	<time>2025-12-12T00:58:05.000Z</time>
	<hdop>3.79</hdop>
	<extensions>
		<gpxtpx:TrackPointExtension>
			<gpxtpx:course>98.9</gpxtpx:course>
		</gpxtpx:TrackPointExtension>
	</extensions>
</trkpt>
<trkpt lat="-9.0023745" lon="148.3953272">
	<ele>1253.53</ele>
	<time>2025-12-12T00:58:31.000Z</time>
	<hdop>9.94</hdop>
</trkpt>
<trkpt lat="-9.0023841" lon="148.3954186">
	<ele>1244.50</ele>
	<time>2025-12-12T00:59:14.000Z</time>
	<hdop>3.79</hdop>
	<extensions>
		<gpxtpx:TrackPointExtension>
			<gpxtpx:course>55.7</gpxtpx:course>
		</gpxtpx:TrackPointExtension>
	</extensions>
</trkpt>
<trkpt lat="-9.0023570" lon="148.3955060">
	<ele>1231.98</ele>
	<time>2025-12-12T01:00:29.000Z</time>
	<hdop>3.79</hdop>
	<extensions>
		<gpxtpx:TrackPointExtension>
			<gpxtpx:course>66.7</gpxtpx:course>
		</gpxtpx:TrackPointExtension>
	</extensions>
</trkpt>
<trkpt lat="-9.0023127" lon="148.3955860">
	<ele>1223.18</ele>
	<time>2025-12-12T01:01:48.000Z</time>
	<hdop>3.79</hdop>
</trkpt>
<trkpt lat="-9.0022394" lon="148.3956398">
	<ele>1218.09</ele>
	<time>2025-12-12T01:02:42.000Z</time>
	<hdop>3.97</hdop>
</trkpt>
<trkpt lat="-9.0021576" lon="148.3956792">
	<ele>1212.05</ele>
	<time>2025-12-12T01:03:41.000Z</time>
	<hdop>3.79</hdop>
	<extensions>
		<gpxtpx:TrackPointExtension>
			<gpxtpx:course>85.0</gpxtpx:course>
		</gpxtpx:TrackPointExtension>
	</extensions>
</trkpt>
<trkpt lat="-9.0020767" lon="148.3957203">
	<ele>1201.28</ele>
	<time>2025-12-12T01:05:31.000Z</time>
	<hdop>3.79</hdop>
</trkpt>
<trkpt lat="-9.0020350" lon="148.3958033">
	<ele>1184.31</ele>
	<time>2025-12-12T01:07:30.000Z</time>
	<hdop>3.79</hdop>
	<extensions>
		<gpxtpx:TrackPointExtension>
			<gpxtpx:course>79.7</gpxtpx:course>
		</gpxtpx:TrackPointExtension>
	</extensions>
</trkpt>
<trkpt lat="-9.0019482" lon="148.3958315">
	<ele>1179.48</ele>
	<time>2025-12-12T01:10:31.000Z</time>
	<hdop>9.94</hdop>
</trkpt>
<trkpt lat="-9.0018760" lon="148.3958881">
	<ele>1170.61</ele>
	<time>2025-12-12T01:11:17.000Z</time>
	<hdop>3.79</hdop>
</trkpt>
<trkpt lat="-9.0018236" lon="148.3959658">
	<ele>1167.22</ele>
	<time>2025-12-12T01:12:03.000Z</time>
	<hdop>3.79</hdop>
	<extensions>
		<gpxtpx:TrackPointExtension>
			<gpxtpx:course>76.8</gpxtpx:course>
		</gpxtpx:TrackPointExtension>
	</extensions>
</trkpt>
<trkpt lat="-9.0017822" lon="148.3960515">
	<ele>1161.31</ele>
	<time>2025-12-12T01:12:25.000Z</time>
	<hdop>3.79</hdop>
	<extensions>
		<gpxtpx:TrackPointExtension>
			<gpxtpx:course>67.9</gpxtpx:course>
		</gpxtpx:TrackPointExtension>
	</extensions>
</trkpt>
<trkpt lat="-9.0017400" lon="148.3961332">
	<ele>1156.44</ele>
	<time>2025-12-12T01:13:05.000Z</time>
	<hdop>3.79</hdop>
	<extensions>
		<gpxtpx:TrackPointExtension>
			<gpxtpx:course>93.9</gpxtpx:course>
		</gpxtpx:TrackPointExtension>
	</extensions>
</trkpt>
<trkpt lat="-9.0017138" lon="148.3962205">
	<ele>1149.10</ele>
	<time>2025-12-12T01:13:38.000Z</time>
	<hdop>3.79</hdop>
	<extensions>
		<gpxtpx:TrackPointExtension>
			<gpxtpx:course>92.2</gpxtpx:course>
		</gpxtpx:TrackPointExtension>
	</extensions>
</trkpt>
<trkpt lat="-9.0016813" lon="148.3963078">
	<ele>1144.35</ele>
	<time>2025-12-12T01:14:15.000Z</time>
	<hdop>3.79</hdop>
	<extensions>
		<gpxtpx:TrackPointExtension>
			<gpxtpx:course>84.9</gpxtpx:course>
		</gpxtpx:TrackPointExtension>
	</extensions>
</trkpt>
<trkpt lat="-9.0016158" lon="148.3963724">
	<ele>1139.12</ele>
	<time>2025-12-12T01:15:02.000Z</time>
	<hdop>3.79</hdop>
	<extensions>
		<gpxtpx:TrackPointExtension>
			<gpxtpx:course>243.4</gpxtpx:course>
		</gpxtpx:TrackPointExtension>
	</extensions>
</trkpt>
<trkpt lat="-8.9994607" lon="148.3992668">
	<ele>984.57</ele>
	<time>2025-12-12T01:42:59.000Z</time>
	<hdop>4.02</hdop>
</trkpt>
<trkpt lat="-8.9993720" lon="148.3992872">
	<ele>983.81</ele>
	<time>2025-12-12T01:45:04.000Z</time>
	<hdop>10.52</hdop>
	<extensions>
		<gpxtpx:TrackPointExtension>
			<gpxtpx:course>6.7</gpxtpx:course>
		</gpxtpx:TrackPointExtension>
	</extensions>
</trkpt>
<trkpt lat="-8.9993215" lon="148.3993636">
	<ele>983.87</ele>
	<time>2025-12-12T01:45:22.000Z</time>
	<hdop>9.94</hdop>
</trkpt>
<trkpt lat="-8.9992443" lon="148.3994122">
	<ele>979.19</ele>
	<time>2025-12-12T01:45:43.000Z</time>
	<hdop>10.55</hdop>
	<extensions>
		<gpxtpx:TrackPointExtension>
			<gpxtpx:course>32.6</gpxtpx:course>
		</gpxtpx:TrackPointExtension>
	</extensions>
</trkpt>
<trkpt lat="-8.9991610" lon="148.3994476">
	<ele>974.75</ele>
	<time>2025-12-12T01:46:48.000Z</time>
	<hdop>10.42</hdop>
</trkpt>
<trkpt lat="-8.9990796" lon="148.3994872">
	<ele>980.36</ele>
	<time>2025-12-12T01:47:39.000Z</time>
	<hdop>10.39</hdop>
</trkpt>
<trkpt lat="-8.9989914" lon="148.3995123">
	<ele>980.50</ele>
	<time>2025-12-12T01:48:13.000Z</time>
	<hdop>10.47</hdop>
</trkpt>
<trkpt lat="-8.9989087" lon="148.3994678">
	<ele>969.36</ele>
	<time>2025-12-12T01:49:12.000Z</time>
	<hdop>9.94</hdop>
	<extensions>
		<gpxtpx:TrackPointExtension>
			<gpxtpx:course>333.2</gpxtpx:course>
		</gpxtpx:TrackPointExtension>
	</extensions>
</trkpt>
<trkpt lat="-8.9988286" lon="148.3994250">
	<ele>967.25</ele>
	<time>2025-12-12T01:49:25.000Z</time>
	<hdop>9.94</hdop>
	<extensions>
		<gpxtpx:TrackPointExtension>
			<gpxtpx:course>318.4</gpxtpx:course>
		</gpxtpx:TrackPointExtension>
	</extensions>
</trkpt>
<trkpt lat="-8.9987409" lon="148.3994588">
	<ele>973.91</ele>
	<time>2025-12-12T01:50:40.000Z</time>
	<hdop>10.74</hdop>
	<extensions>
		<gpxtpx:TrackPointExtension>
			<gpxtpx:course>43.7</gpxtpx:course>
		</gpxtpx:TrackPointExtension>
	</extensions>
</trkpt>
<trkpt lat="-8.9986725" lon="148.3993947">
	<ele>974.47</ele>
	<time>2025-12-12T01:52:16.000Z</time>
	<hdop>9.94</hdop>
	<extensions>
		<gpxtpx:TrackPointExtension>
			<gpxtpx:course>317.3</gpxtpx:course>
		</gpxtpx:TrackPointExtension>
	</extensions>
</trkpt>
<trkpt lat="-8.9985826" lon="148.3994175">
	<ele>981.01</ele>
	<time>2025-12-12T01:52:43.000Z</time>
	<hdop>11.27</hdop>
</trkpt>
<trkpt lat="-8.9985133" lon="148.3994840">
	<ele>990.47</ele>
	<time>2025-12-12T01:54:02.000Z</time>
	<hdop>9.94</hdop>
</trkpt>
<trkpt lat="-8.9984214" lon="148.3995229">
	<ele>994.24</ele>
	<time>2025-12-12T01:54:42.000Z</time>
	<hdop>9.94</hdop>
</trkpt>
<trkpt lat="-8.9983528" lon="148.3995834">
	<ele>1003.59</ele>
	<time>2025-12-12T01:55:34.000Z</time>
	<hdop>9.94</hdop>
	<extensions>
		<gpxtpx:TrackPointExtension>
			<gpxtpx:course>343.1</gpxtpx:course>
		</gpxtpx:TrackPointExtension>
	</extensions>
</trkpt>
<trkpt lat="-8.9982798" lon="148.3996441">
	<ele>1006.61</ele>
	<time>2025-12-12T01:56:00.000Z</time>
	<hdop>9.94</hdop>
	<extensions>
		<gpxtpx:TrackPointExtension>
			<gpxtpx:course>351.3</gpxtpx:course>
		</gpxtpx:TrackPointExtension>
	</extensions>
</trkpt>
<trkpt lat="-8.9982369" lon="148.3997272">
	<ele>1014.72</ele>
	<time>2025-12-12T01:56:18.000Z</time>
	<hdop>9.94</hdop>
</trkpt>
<trkpt lat="-8.9981501" lon="148.3997586">
	<ele>1020.80</ele>
	<time>2025-12-12T01:56:36.000Z</time>
	<hdop>10.46</hdop>
	<extensions>
		<gpxtpx:TrackPointExtension>
			<gpxtpx:course>351.6</gpxtpx:course>
		</gpxtpx:TrackPointExtension>
	</extensions>
</trkpt>
<trkpt lat="-8.9980662" lon="148.3998005">
	<ele>1025.50</ele>
	<time>2025-12-12T01:57:07.000Z</time>
	<hdop>9.94</hdop>
	<extensions>
		<gpxtpx:TrackPointExtension>
			<gpxtpx:course>1.2</gpxtpx:course>
		</gpxtpx:TrackPointExtension>
	</extensions>
</trkpt>
<trkpt lat="-8.9979707" lon="148.3998195">
	<ele>1021.87</ele>
	<time>2025-12-12T01:57:30.000Z</time>
	<hdop>9.94</hdop>
	<extensions>
		<gpxtpx:TrackPointExtension>
			<gpxtpx:course>340.9</gpxtpx:course>
		</gpxtpx:TrackPointExtension>
	</extensions>
</trkpt>
<trkpt lat="-8.9978767" lon="148.3998195">
	<ele>1020.42</ele>
	<time>2025-12-12T01:57:50.000Z</time>
	<hdop>10.27</hdop>
	<extensions>
		<gpxtpx:TrackPointExtension>
			<gpxtpx:course>329.9</gpxtpx:course>
		</gpxtpx:TrackPointExtension>
	</extensions>
</trkpt>
<trkpt lat="-8.9977875" lon="148.3998399">
	<ele>1022.39</ele>
	<time>2025-12-12T01:58:08.000Z</time>
	<hdop>9.94</hdop>
</trkpt>
<trkpt lat="-8.9976964" lon="148.3998619">
	<ele>1023.91</ele>
	<time>2025-12-12T01:58:42.000Z</time>
	<hdop>10.25</hdop>
	<extensions>
		<gpxtpx:TrackPointExtension>
			<gpxtpx:course>357.7</gpxtpx:course>
		</gpxtpx:TrackPointExtension>
	</extensions>
</trkpt>
<trkpt lat="-8.9976106" lon="148.3998959">
	<ele>1023.39</ele>
	<time>2025-12-12T01:58:52.000Z</time>
	<hdop>9.94</hdop>
	<extensions>
		<gpxtpx:TrackPointExtension>
			<gpxtpx:course>18.2</gpxtpx:course>
		</gpxtpx:TrackPointExtension>
	</extensions>
</trkpt>
<trkpt lat="-8.9975191" lon="148.3999092">
	<ele>1020.35</ele>
	<time>2025-12-12T01:59:03.000Z</time>
	<hdop>9.94</hdop>
	<extensions>
		<gpxtpx:TrackPointExtension>
			<gpxtpx:course>64.5</gpxtpx:course>
		</gpxtpx:TrackPointExtension>
	</extensions>
</trkpt>
<trkpt lat="-8.9974568" lon="148.3999855">
	<ele>1018.97</ele>
	<time>2025-12-12T01:59:13.000Z</time>
	<hdop>9.94</hdop>
	<extensions>
		<gpxtpx:TrackPointExtension>
			<gpxtpx:course>6.1</gpxtpx:course>
		</gpxtpx:TrackPointExtension>
	</extensions>
</trkpt>
<trkpt lat="-8.9973872" lon="148.4000498">
	<ele>1018.66</ele>
	<time>2025-12-12T01:59:31.000Z</time>
	<hdop>9.94</hdop>
</trkpt>
<trkpt lat="-8.9973167" lon="148.4001120">
	<ele>1018.60</ele>
	<time>2025-12-12T01:59:50.000Z</time>
	<hdop>9.94</hdop>
	<extensions>
		<gpxtpx:TrackPointExtension>
			<gpxtpx:course>60.9</gpxtpx:course>
		</gpxtpx:TrackPointExtension>
	</extensions>
</trkpt>
<trkpt lat="-8.9972363" lon="148.4001720">
	<ele>1018.73</ele>
	<time>2025-12-12T02:00:08.000Z</time>
	<hdop>9.94</hdop>
	<extensions>
		<gpxtpx:TrackPointExtension>
			<gpxtpx:course>37.4</gpxtpx:course>
		</gpxtpx:TrackPointExtension>
	</extensions>
</trkpt>
<trkpt lat="-8.9971576" lon="148.4002388">
	<ele>1016.05</ele>
	<time>2025-12-12T02:00:18.000Z</time>
	<hdop>9.94</hdop>
	<extensions>
		<gpxtpx:TrackPointExtension>
			<gpxtpx:course>51.5</gpxtpx:course>
		</gpxtpx:TrackPointExtension>
	</extensions>
</trkpt>
<trkpt lat="-8.9970948" lon="148.4003072">
	<ele>1021.05</ele>
	<time>2025-12-12T02:00:31.000Z</time>
	<hdop>9.94</hdop>
	<extensions>
		<gpxtpx:TrackPointExtension>
			<gpxtpx:course>61.4</gpxtpx:course>
		</gpxtpx:TrackPointExtension>
	</extensions>
</trkpt>
<trkpt lat="-8.9970294" lon="148.4003713">
	<ele>1017.17</ele>
	<time>2025-12-12T02:00:45.000Z</time>
	<hdop>9.94</hdop>
	<extensions>
		<gpxtpx:TrackPointExtension>
			<gpxtpx:course>45.5</gpxtpx:course>
		</gpxtpx:TrackPointExtension>
	</extensions>
</trkpt>
<trkpt lat="-8.9969591" lon="148.4004320">
	<ele>1019.09</ele>
	<time>2025-12-12T02:01:09.000Z</time>
	<hdop>9.94</hdop>
	<extensions>
		<gpxtpx:TrackPointExtension>
			<gpxtpx:course>72.4</gpxtpx:course>
		</gpxtpx:TrackPointExtension>
	</extensions>
</trkpt>
<trkpt lat="-8.9968880" lon="148.4005086">
	<ele>1018.36</ele>
	<time>2025-12-12T02:01:19.000Z</time>
	<hdop>9.94</hdop>
	<extensions>
		<gpxtpx:TrackPointExtension>
			<gpxtpx:course>24.3</gpxtpx:course>
		</gpxtpx:TrackPointExtension>
	</extensions>
</trkpt>
<trkpt lat="-8.9967957" lon="148.4005435">
	<ele>1017.72</ele>
	<time>2025-12-12T02:01:34.000Z</time>
	<hdop>9.94</hdop>
	<extensions>
		<gpxtpx:TrackPointExtension>
			<gpxtpx:course>25.4</gpxtpx:course>
		</gpxtpx:TrackPointExtension>
	</extensions>
</trkpt>
<trkpt lat="-8.9967381" lon="148.4006203">
	<ele>1018.68</ele>
	<time>2025-12-12T02:01:47.000Z</time>
	<hdop>9.94</hdop>
	<extensions>
		<gpxtpx:TrackPointExtension>
			<gpxtpx:course>90.1</gpxtpx:course>
		</gpxtpx:TrackPointExtension>
	</extensions>
</trkpt>
<trkpt lat="-8.9967005" lon="148.4007123">
	<ele>1021.99</ele>
	<time>2025-12-12T02:01:58.000Z</time>
	<hdop>9.94</hdop>
</trkpt>
<trkpt lat="-8.9966521" lon="148.4007997">
	<ele>1015.15</ele>
	<time>2025-12-12T02:02:14.000Z</time>
	<hdop>9.94</hdop>
	<extensions>
		<gpxtpx:TrackPointExtension>
			<gpxtpx:course>9.9</gpxtpx:course>
		</gpxtpx:TrackPointExtension>
	</extensions>
</trkpt>
<trkpt lat="-8.9966206" lon="148.4008861">
	<ele>1012.74</ele>
	<time>2025-12-12T02:02:24.000Z</time>
	<hdop>9.94</hdop>
	<extensions>
		<gpxtpx:TrackPointExtension>
			<gpxtpx:course>78.1</gpxtpx:course>
		</gpxtpx:TrackPointExtension>
	</extensions>
</trkpt>
<trkpt lat="-8.9965887" lon="148.4009721">
	<ele>1009.45</ele>
	<time>2025-12-12T02:02:49.000Z</time>
	<hdop>9.94</hdop>
	<extensions>
		<gpxtpx:TrackPointExtension>
			<gpxtpx:course>76.7</gpxtpx:course>
		</gpxtpx:TrackPointExtension>
	</extensions>
</trkpt>
<trkpt lat="-8.9965287" lon="148.4010924">
	<ele>1012.15</ele>
	<time>2025-12-12T02:02:59.000Z</time>
	<hdop>9.94</hdop>
	<extensions>
		<gpxtpx:TrackPointExtension>
			<gpxtpx:course>61.6</gpxtpx:course>
		</gpxtpx:TrackPointExtension>
	</extensions>
</trkpt>
<trkpt lat="-8.9964379" lon="148.4011847">
	<ele>1013.81</ele>
	<time>2025-12-12T02:03:09.000Z</time>
	<hdop>9.94</hdop>
</trkpt>
<trkpt lat="-8.9963756" lon="148.4012600">
	<ele>1014.84</ele>
	<time>2025-12-12T02:03:26.000Z</time>
	<hdop>9.94</hdop>
	<extensions>
		<gpxtpx:TrackPointExtension>
			<gpxtpx:course>60.9</gpxtpx:course>
		</gpxtpx:TrackPointExtension>
	</extensions>
</trkpt>
<trkpt lat="-8.9963153" lon="148.4013341">
	<ele>1013.79</ele>
	<time>2025-12-12T02:03:36.000Z</time>
	<hdop>9.94</hdop>
	<extensions>
		<gpxtpx:TrackPointExtension>
			<gpxtpx:course>15.8</gpxtpx:course>
		</gpxtpx:TrackPointExtension>
	</extensions>
</trkpt>
<trkpt lat="-8.9962448" lon="148.4013924">
	<ele>1009.24</ele>
	<time>2025-12-12T02:03:48.000Z</time>
	<hdop>9.94</hdop>
</trkpt>
<trkpt lat="-8.9961610" lon="148.4014331">
	<ele>1005.57</ele>
	<time>2025-12-12T02:04:02.000Z</time>
	<hdop>10.21</hdop>
	<extensions>
		<gpxtpx:TrackPointExtension>
			<gpxtpx:course>338.1</gpxtpx:course>
		</gpxtpx:TrackPointExtension>
	</extensions>
</trkpt>
<trkpt lat="-8.9960845" lon="148.4015118">
	<ele>1006.24</ele>
	<time>2025-12-12T02:04:12.000Z</time>
	<hdop>9.94</hdop>
	<extensions>
		<gpxtpx:TrackPointExtension>
			<gpxtpx:course>15.4</gpxtpx:course>
		</gpxtpx:TrackPointExtension>
	</extensions>
</trkpt>
<trkpt lat="-8.9960321" lon="148.4016219">
	<ele>1009.45</ele>
	<time>2025-12-12T02:04:22.000Z</time>
	<hdop>9.94</hdop>
	<extensions>
		<gpxtpx:TrackPointExtension>
			<gpxtpx:course>16.8</gpxtpx:course>
		</gpxtpx:TrackPointExtension>
	</extensions>
</trkpt>
<trkpt lat="-8.9959787" lon="148.4017002">
	<ele>1008.96</ele>
	<time>2025-12-12T02:04:35.000Z</time>
	<hdop>9.94</hdop>
	<extensions>
		<gpxtpx:TrackPointExtension>
			<gpxtpx:course>344.4</gpxtpx:course>
		</gpxtpx:TrackPointExtension>
	</extensions>
</trkpt>
<trkpt lat="-8.9959204" lon="148.4017713">
	<ele>1007.80</ele>
	<time>2025-12-12T02:04:49.000Z</time>
	<hdop>9.94</hdop>
	<extensions>
		<gpxtpx:TrackPointExtension>
			<gpxtpx:course>344.5</gpxtpx:course>
		</gpxtpx:TrackPointExtension>
	</extensions>
</trkpt>
<trkpt lat="-8.9958539" lon="148.4018378">
	<ele>1005.88</ele>
	<time>2025-12-12T02:05:01.000Z</time>
	<hdop>9.94</hdop>
	<extensions>
		<gpxtpx:TrackPointExtension>
			<gpxtpx:course>357.9</gpxtpx:course>
		</gpxtpx:TrackPointExtension>
	</extensions>
</trkpt>
<trkpt lat="-8.9957987" lon="148.4019270">
	<ele>1007.38</ele>
	<time>2025-12-12T02:05:12.000Z</time>
	<hdop>9.94</hdop>
</trkpt>
<trkpt lat="-8.9957302" lon="148.4020008">
	<ele>1003.80</ele>
	<time>2025-12-12T02:05:41.000Z</time>
	<hdop>9.94</hdop>
	<extensions>
		<gpxtpx:TrackPointExtension>
			<gpxtpx:course>7.6</gpxtpx:course>
		</gpxtpx:TrackPointExtension>
	</extensions>
</trkpt>
<trkpt lat="-8.9956327" lon="148.4021441">
	<ele>1002.21</ele>
	<time>2025-12-12T02:05:51.000Z</time>
	<hdop>9.94</hdop>
	<extensions>
		<gpxtpx:TrackPointExtension>
			<gpxtpx:course>19.4</gpxtpx:course>
		</gpxtpx:TrackPointExtension>
	</extensions>
</trkpt>
<trkpt lat="-8.9955495" lon="148.4022204">
	<ele>997.84</ele>
	<time>2025-12-12T02:06:01.000Z</time>
	<hdop>9.94</hdop>
	<extensions>
		<gpxtpx:TrackPointExtension>
			<gpxtpx:course>350.7</gpxtpx:course>
		</gpxtpx:TrackPointExtension>
	</extensions>
</trkpt>
<trkpt lat="-8.9954893" lon="148.4022973">
	<ele>1004.03</ele>
	<time>2025-12-12T02:06:14.000Z</time>
	<hdop>9.94</hdop>
	<extensions>
		<gpxtpx:TrackPointExtension>
			<gpxtpx:course>351.3</gpxtpx:course>
		</gpxtpx:TrackPointExtension>
	</extensions>
</trkpt>
<trkpt lat="-8.9954320" lon="148.4023678">
	<ele>1002.22</ele>
	<time>2025-12-12T02:06:56.000Z</time>
	<hdop>9.94</hdop>
</trkpt>
<trkpt lat="-8.9953417" lon="148.4023821">
	<ele>995.21</ele>
	<time>2025-12-12T02:10:12.000Z</time>
	<hdop>9.94</hdop>
</trkpt>
<trkpt lat="-8.9953137" lon="148.4024687">
	<ele>994.40</ele>
	<time>2025-12-12T02:11:15.000Z</time>
	<hdop>9.94</hdop>
	<extensions>
		<gpxtpx:TrackPointExtension>
			<gpxtpx:course>90.7</gpxtpx:course>
		</gpxtpx:TrackPointExtension>
	</extensions>
</trkpt>
<trkpt lat="-8.9952360" lon="148.4025236">
	<ele>990.86</ele>
	<time>2025-12-12T02:12:08.000Z</time>
	<hdop>9.94</hdop>
	<extensions>
		<gpxtpx:TrackPointExtension>
			<gpxtpx:course>318.1</gpxtpx:course>
		</gpxtpx:TrackPointExtension>
	</extensions>
</trkpt>
<trkpt lat="-8.9951711" lon="148.4025934">
	<ele>990.90</ele>
	<time>2025-12-12T02:12:18.000Z</time>
	<hdop>9.94</hdop>
	<extensions>
		<gpxtpx:TrackPointExtension>
			<gpxtpx:course>7.8</gpxtpx:course>
		</gpxtpx:TrackPointExtension>
	</extensions>
</trkpt>
<trkpt lat="-8.9951109" lon="148.4026662">
	<ele>990.96</ele>
	<time>2025-12-12T02:12:34.000Z</time>
	<hdop>9.94</hdop>
	<extensions>
		<gpxtpx:TrackPointExtension>
			<gpxtpx:course>345.0</gpxtpx:course>
		</gpxtpx:TrackPointExtension>
	</extensions>
</trkpt>
<trkpt lat="-8.9950332" lon="148.4027218">
	<ele>990.71</ele>
	<time>2025-12-12T02:12:50.000Z</time>
	<hdop>9.94</hdop>
	<extensions>
		<gpxtpx:TrackPointExtension>
			<gpxtpx:course>36.5</gpxtpx:course>
		</gpxtpx:TrackPointExtension>
	</extensions>
</trkpt>
<trkpt lat="-8.9949584" lon="148.4027800">
	<ele>986.52</ele>
	<time>2025-12-12T02:13:02.000Z</time>
	<hdop>9.94</hdop>
	<extensions>
		<gpxtpx:TrackPointExtension>
			<gpxtpx:course>22.8</gpxtpx:course>
		</gpxtpx:TrackPointExtension>
	</extensions>
</trkpt>
<trkpt lat="-8.9948746" lon="148.4028342">
	<ele>985.34</ele>
	<time>2025-12-12T02:13:42.000Z</time>
	<hdop>9.94</hdop>
	<extensions>
		<gpxtpx:TrackPointExtension>
			<gpxtpx:course>57.6</gpxtpx:course>
		</gpxtpx:TrackPointExtension>
	</extensions>
</trkpt>
<trkpt lat="-8.9948284" lon="148.4029155">
	<ele>983.64</ele>
	<time>2025-12-12T02:13:58.000Z</time>
	<hdop>9.94</hdop>
	<extensions>
		<gpxtpx:TrackPointExtension>
			<gpxtpx:course>359.8</gpxtpx:course>
		</gpxtpx:TrackPointExtension>
	</extensions>
</trkpt>
<trkpt lat="-8.9947603" lon="148.4029824">
	<ele>981.42</ele>
	<time>2025-12-12T02:14:08.000Z</time>
	<hdop>9.94</hdop>
	<extensions>
		<gpxtpx:TrackPointExtension>
			<gpxtpx:course>359.9</gpxtpx:course>
		</gpxtpx:TrackPointExtension>
	</extensions>
</trkpt>
<trkpt lat="-8.9947262" lon="148.4030733">
	<ele>979.82</ele>
	<time>2025-12-12T02:14:21.000Z</time>
	<hdop>9.94</hdop>
	<extensions>
		<gpxtpx:TrackPointExtension>
			<gpxtpx:course>81.3</gpxtpx:course>
		</gpxtpx:TrackPointExtension>
	</extensions>
</trkpt>
<trkpt lat="-8.9946928" lon="148.4031590">
	<ele>975.66</ele>
	<time>2025-12-12T02:14:38.000Z</time>
	<hdop>9.94</hdop>
	<extensions>
		<gpxtpx:TrackPointExtension>
			<gpxtpx:course>0.0</gpxtpx:course>
		</gpxtpx:TrackPointExtension>
	</extensions>
</trkpt>
<trkpt lat="-8.9946652" lon="148.4032502">
	<ele>971.78</ele>
	<time>2025-12-12T02:15:02.000Z</time>
	<hdop>10.45</hdop>
	<extensions>
		<gpxtpx:TrackPointExtension>
			<gpxtpx:course>36.2</gpxtpx:course>
		</gpxtpx:TrackPointExtension>
	</extensions>
</trkpt>
<trkpt lat="-8.9945477" lon="148.4033730">
	<ele>970.38</ele>
	<time>2025-12-12T02:15:12.000Z</time>
	<hdop>9.94</hdop>
	<extensions>
		<gpxtpx:TrackPointExtension>
			<gpxtpx:course>5.7</gpxtpx:course>
		</gpxtpx:TrackPointExtension>
	</extensions>
</trkpt>
<trkpt lat="-8.9944750" lon="148.4034507">
	<ele>970.80</ele>
	<time>2025-12-12T02:15:22.000Z</time>
	<hdop>9.94</hdop>
	<extensions>
		<gpxtpx:TrackPointExtension>
			<gpxtpx:course>59.0</gpxtpx:course>
		</gpxtpx:TrackPointExtension>
	</extensions>
</trkpt>
<trkpt lat="-8.9943909" lon="148.4034847">
	<ele>965.92</ele>
	<time>2025-12-12T02:15:35.000Z</time>
	<hdop>9.94</hdop>
</trkpt>
<trkpt lat="-8.9943027" lon="148.4035215">
	<ele>966.58</ele>
	<time>2025-12-12T02:15:51.000Z</time>
	<hdop>9.94</hdop>
	<extensions>
		<gpxtpx:TrackPointExtension>
			<gpxtpx:course>330.6</gpxtpx:course>
		</gpxtpx:TrackPointExtension>
	</extensions>
</trkpt>
<trkpt lat="-8.9942191" lon="148.4036046">
	<ele>964.39</ele>
	<time>2025-12-12T02:16:01.000Z</time>
	<hdop>9.94</hdop>
</trkpt>
<trkpt lat="-8.9941282" lon="148.4036264">
	<ele>957.64</ele>
	<time>2025-12-12T02:16:25.000Z</time>
	<hdop>9.94</hdop>
	<extensions>
		<gpxtpx:TrackPointExtension>
			<gpxtpx:course>25.7</gpxtpx:course>
		</gpxtpx:TrackPointExtension>
	</extensions>
</trkpt>
<trkpt lat="-8.9940385" lon="148.4036654">
	<ele>957.09</ele>
	<time>2025-12-12T02:16:38.000Z</time>
	<hdop>9.94</hdop>
</trkpt>
<trkpt lat="-8.9939423" lon="148.4036770">
	<ele>953.97</ele>
	<time>2025-12-12T02:16:59.000Z</time>
	<hdop>9.94</hdop>
</trkpt>
<trkpt lat="-8.9938496" lon="148.4037082">
	<ele>951.26</ele>
	<time>2025-12-12T02:17:11.000Z</time>
	<hdop>9.94</hdop>
	<extensions>
		<gpxtpx:TrackPointExtension>
			<gpxtpx:course>8.0</gpxtpx:course>
		</gpxtpx:TrackPointExtension>
	</extensions>
</trkpt>
<trkpt lat="-8.9937635" lon="148.4037504">
	<ele>948.70</ele>
	<time>2025-12-12T02:17:29.000Z</time>
	<hdop>9.94</hdop>
	<extensions>
		<gpxtpx:TrackPointExtension>
			<gpxtpx:course>5.4</gpxtpx:course>
		</gpxtpx:TrackPointExtension>
	</extensions>
</trkpt>
<trkpt lat="-8.9936805" lon="148.4037936">
	<ele>948.28</ele>
	<time>2025-12-12T02:17:41.000Z</time>
	<hdop>9.94</hdop>
</trkpt>
<trkpt lat="-8.9936058" lon="148.4038482">
	<ele>943.73</ele>
	<time>2025-12-12T02:18:01.000Z</time>
	<hdop>9.94</hdop>
</trkpt>
<trkpt lat="-8.9935192" lon="148.4038890">
	<ele>939.75</ele>
	<time>2025-12-12T02:18:25.000Z</time>
	<hdop>9.94</hdop>
	<extensions>
		<gpxtpx:TrackPointExtension>
			<gpxtpx:course>341.8</gpxtpx:course>
		</gpxtpx:TrackPointExtension>
	</extensions>
</trkpt>
<trkpt lat="-8.9934452" lon="148.4039460">
	<ele>934.66</ele>
	<time>2025-12-12T02:18:56.000Z</time>
	<hdop>9.94</hdop>
</trkpt>
<trkpt lat="-8.9933655" lon="148.4039979">
	<ele>935.33</ele>
	<time>2025-12-12T02:19:10.000Z</time>
	<hdop>9.94</hdop>
</trkpt>
<trkpt lat="-8.9932928" lon="148.4040526">
	<ele>932.83</ele>
	<time>2025-12-12T02:20:08.000Z</time>
	<hdop>9.94</hdop>
</trkpt>
<trkpt lat="-8.9932274" lon="148.4041171">
	<ele>925.76</ele>
	<time>2025-12-12T02:20:41.000Z</time>
	<hdop>9.94</hdop>
</trkpt>
<trkpt lat="-8.9931804" lon="148.4041992">
	<ele>928.19</ele>
	<time>2025-12-12T02:21:05.000Z</time>
	<hdop>9.94</hdop>
</trkpt>
<trkpt lat="-8.9931170" lon="148.4042775">
	<ele>922.95</ele>
	<time>2025-12-12T02:21:26.000Z</time>
	<hdop>10.11</hdop>
	<extensions>
		<gpxtpx:TrackPointExtension>
			<gpxtpx:course>65.1</gpxtpx:course>
		</gpxtpx:TrackPointExtension>
	</extensions>
</trkpt>
<trkpt lat="-8.9930321" lon="148.4043842">
	<ele>919.59</ele>
	<time>2025-12-12T02:21:36.000Z</time>
	<hdop>10.27</hdop>
	<extensions>
		<gpxtpx:TrackPointExtension>
			<gpxtpx:course>9.9</gpxtpx:course>
		</gpxtpx:TrackPointExtension>
	</extensions>
</trkpt>
<trkpt lat="-8.9929585" lon="148.4044697">
	<ele>921.42</ele>
	<time>2025-12-12T02:21:46.000Z</time>
	<hdop>10.20</hdop>
	<extensions>
		<gpxtpx:TrackPointExtension>
			<gpxtpx:course>30.0</gpxtpx:course>
		</gpxtpx:TrackPointExtension>
	</extensions>
</trkpt>
<trkpt lat="-8.9929050" lon="148.4045473">
	<ele>920.34</ele>
	<time>2025-12-12T02:22:01.000Z</time>
	<hdop>9.94</hdop>
	<extensions>
		<gpxtpx:TrackPointExtension>
			<gpxtpx:course>30.0</gpxtpx:course>
		</gpxtpx:TrackPointExtension>
	</extensions>
</trkpt>
<trkpt lat="-8.9928956" lon="148.4046422">
	<ele>920.33</ele>
	<time>2025-12-12T02:22:14.000Z</time>
	<hdop>9.94</hdop>
</trkpt>
<trkpt lat="-8.9928232" lon="148.4046978">
	<ele>916.03</ele>
	<time>2025-12-12T02:23:09.000Z</time>
	<hdop>9.94</hdop>
	<extensions>
		<gpxtpx:TrackPointExtension>
			<gpxtpx:course>42.3</gpxtpx:course>
		</gpxtpx:TrackPointExtension>
	</extensions>
</trkpt>
<trkpt lat="-8.9927343" lon="148.4048068">
	<ele>913.32</ele>
	<time>2025-12-12T02:23:19.000Z</time>
	<hdop>10.34</hdop>
	<extensions>
		<gpxtpx:TrackPointExtension>
			<gpxtpx:course>65.8</gpxtpx:course>
		</gpxtpx:TrackPointExtension>
	</extensions>
</trkpt>
<trkpt lat="-8.9926705" lon="148.4048720">
	<ele>912.15</ele>
	<time>2025-12-12T02:23:40.000Z</time>
	<hdop>10.67</hdop>
</trkpt>
<trkpt lat="-8.9926228" lon="148.4049530">
	<ele>910.94</ele>
	<time>2025-12-12T02:24:14.000Z</time>
	<hdop>10.04</hdop>
</trkpt>
<trkpt lat="-8.9925819" lon="148.4050401">
	<ele>907.65</ele>
	<time>2025-12-12T02:24:38.000Z</time>
	<hdop>9.94</hdop>
	<extensions>
		<gpxtpx:TrackPointExtension>
			<gpxtpx:course>43.4</gpxtpx:course>
		</gpxtpx:TrackPointExtension>
	</extensions>
</trkpt>
<trkpt lat="-8.9925315" lon="148.4051684">
	<ele>902.72</ele>
	<time>2025-12-12T02:24:48.000Z</time>
	<hdop>9.94</hdop>
	<extensions>
		<gpxtpx:TrackPointExtension>
			<gpxtpx:course>68.8</gpxtpx:course>
		</gpxtpx:TrackPointExtension>
	</extensions>
</trkpt>
<trkpt lat="-8.9924799" lon="148.4052831">
	<ele>900.37</ele>
	<time>2025-12-12T02:24:58.000Z</time>
	<hdop>9.94</hdop>
	<extensions>
		<gpxtpx:TrackPointExtension>
			<gpxtpx:course>33.9</gpxtpx:course>
		</gpxtpx:TrackPointExtension>
	</extensions>
</trkpt>
<trkpt lat="-8.9924443" lon="148.4053708">
	<ele>897.98</ele>
	<time>2025-12-12T02:25:42.000Z</time>
	<hdop>3.79</hdop>
	<extensions>
		<gpxtpx:TrackPointExtension>
			<gpxtpx:course>29.4</gpxtpx:course>
		</gpxtpx:TrackPointExtension>
	</extensions>
</trkpt>
<trkpt lat="-8.9923923" lon="148.4054457">
	<ele>893.09</ele>
	<time>2025-12-12T02:26:26.000Z</time>
	<hdop>3.79</hdop>
	<extensions>
		<gpxtpx:TrackPointExtension>
			<gpxtpx:course>88.2</gpxtpx:course>
		</gpxtpx:TrackPointExtension>
	</extensions>
</trkpt>
<trkpt lat="-8.9923246" lon="148.4055129">
	<ele>887.47</ele>
	<time>2025-12-12T02:26:57.000Z</time>
	<hdop>3.79</hdop>
	<extensions>
		<gpxtpx:TrackPointExtension>
			<gpxtpx:course>55.7</gpxtpx:course>
		</gpxtpx:TrackPointExtension>
	</extensions>
</trkpt>
<trkpt lat="-8.9922719" lon="148.4055878">
	<ele>889.34</ele>
	<time>2025-12-12T02:27:15.000Z</time>
	<hdop>3.79</hdop>
	<extensions>
		<gpxtpx:TrackPointExtension>
			<gpxtpx:course>76.0</gpxtpx:course>
		</gpxtpx:TrackPointExtension>
	</extensions>
</trkpt>
<trkpt lat="-8.9922165" lon="148.4056618">
	<ele>888.56</ele>
	<time>2025-12-12T02:27:27.000Z</time>
	<hdop>3.79</hdop>
	<extensions>
		<gpxtpx:TrackPointExtension>
			<gpxtpx:course>35.0</gpxtpx:course>
		</gpxtpx:TrackPointExtension>
	</extensions>
</trkpt>
<trkpt lat="-8.9921702" lon="148.4057428">
	<ele>889.84</ele>
	<time>2025-12-12T02:27:37.000Z</time>
	<hdop>3.79</hdop>
</trkpt>
<trkpt lat="-8.9921115" lon="148.4058168">
	<ele>892.93</ele>
	<time>2025-12-12T02:27:49.000Z</time>
	<hdop>3.79</hdop>
</trkpt>
<trkpt lat="-8.9920738" lon="148.4059066">
	<ele>888.03</ele>
	<time>2025-12-12T02:28:09.000Z</time>
	<hdop>3.79</hdop>
	<extensions>
		<gpxtpx:TrackPointExtension>
			<gpxtpx:course>66.4</gpxtpx:course>
		</gpxtpx:TrackPointExtension>
	</extensions>
</trkpt>
<trkpt lat="-8.9920058" lon="148.4059730">
	<ele>889.31</ele>
	<time>2025-12-12T02:28:21.000Z</time>
	<hdop>3.79</hdop>
	<extensions>
		<gpxtpx:TrackPointExtension>
			<gpxtpx:course>345.8</gpxtpx:course>
		</gpxtpx:TrackPointExtension>
	</extensions>
</trkpt>
<trkpt lat="-8.9919305" lon="148.4060256">
	<ele>888.48</ele>
	<time>2025-12-12T02:28:38.000Z</time>
	<hdop>3.79</hdop>
</trkpt>
<trkpt lat="-8.9918466" lon="148.4060884">
	<ele>888.80</ele>
	<time>2025-12-12T02:28:58.000Z</time>
	<hdop>9.94</hdop>
	<extensions>
		<gpxtpx:TrackPointExtension>
			<gpxtpx:course>7.8</gpxtpx:course>
		</gpxtpx:TrackPointExtension>
	</extensions>
</trkpt>
<trkpt lat="-8.9917722" lon="148.4061866">
	<ele>890.75</ele>
	<time>2025-12-12T02:29:08.000Z</time>
	<hdop>9.94</hdop>
	<extensions>
		<gpxtpx:TrackPointExtension>
			<gpxtpx:course>55.9</gpxtpx:course>
		</gpxtpx:TrackPointExtension>
	</extensions>
</trkpt>
<trkpt lat="-8.9917099" lon="148.4062848">
	<ele>891.96</ele>
	<time>2025-12-12T02:29:18.000Z</time>
	<hdop>9.94</hdop>
	<extensions>
		<gpxtpx:TrackPointExtension>
			<gpxtpx:course>55.9</gpxtpx:course>
		</gpxtpx:TrackPointExtension>
	</extensions>
</trkpt>
<trkpt lat="-8.9916885" lon="148.4063756">
	<ele>890.40</ele>
	<time>2025-12-12T02:29:29.000Z</time>
	<hdop>9.94</hdop>
	<extensions>
		<gpxtpx:TrackPointExtension>
			<gpxtpx:course>93.5</gpxtpx:course>
		</gpxtpx:TrackPointExtension>
	</extensions>
</trkpt>
<trkpt lat="-8.9916100" lon="148.4064248">
	<ele>887.87</ele>
	<time>2025-12-12T02:29:43.000Z</time>
	<hdop>9.94</hdop>
	<extensions>
		<gpxtpx:TrackPointExtension>
			<gpxtpx:course>331.7</gpxtpx:course>
		</gpxtpx:TrackPointExtension>
	</extensions>
</trkpt>
<trkpt lat="-8.9915534" lon="148.4065041">
	<ele>886.25</ele>
	<time>2025-12-12T02:30:06.000Z</time>
	<hdop>9.94</hdop>
	<extensions>
		<gpxtpx:TrackPointExtension>
			<gpxtpx:course>337.8</gpxtpx:course>
		</gpxtpx:TrackPointExtension>
	</extensions>
</trkpt>
<trkpt lat="-8.9914808" lon="148.4065627">
	<ele>882.97</ele>
	<time>2025-12-12T02:30:16.000Z</time>
	<hdop>3.79</hdop>
	<extensions>
		<gpxtpx:TrackPointExtension>
			<gpxtpx:course>42.6</gpxtpx:course>
		</gpxtpx:TrackPointExtension>
	</extensions>
</trkpt>
<trkpt lat="-8.9914042" lon="148.4066747">
	<ele>885.64</ele>
	<time>2025-12-12T02:30:26.000Z</time>
	<hdop>3.79</hdop>
</trkpt>
<trkpt lat="-8.9913474" lon="148.4067475">
	<ele>883.71</ele>
	<time>2025-12-12T02:30:42.000Z</time>
	<hdop>3.79</hdop>
</trkpt>
<trkpt lat="-8.9912711" lon="148.4068106">
	<ele>882.89</ele>
	<time>2025-12-12T02:31:31.000Z</time>
	<hdop>3.79</hdop>
	<extensions>
		<gpxtpx:TrackPointExtension>
			<gpxtpx:course>62.8</gpxtpx:course>
		</gpxtpx:TrackPointExtension>
	</extensions>
</trkpt>
<trkpt lat="-8.9912232" lon="148.4068906">
	<ele>882.07</ele>
	<time>2025-12-12T02:31:46.000Z</time>
	<hdop>3.79</hdop>
</trkpt>
<trkpt lat="-8.9911515" lon="148.4069482">
	<ele>880.96</ele>
	<time>2025-12-12T02:32:00.000Z</time>
	<hdop>3.79</hdop>
	<extensions>
		<gpxtpx:TrackPointExtension>
			<gpxtpx:course>59.0</gpxtpx:course>
		</gpxtpx:TrackPointExtension>
	</extensions>
</trkpt>
<trkpt lat="-8.9910817" lon="148.4070138">
	<ele>878.49</ele>
	<time>2025-12-12T02:32:13.000Z</time>
	<hdop>3.79</hdop>
	<extensions>
		<gpxtpx:TrackPointExtension>
			<gpxtpx:course>5.0</gpxtpx:course>
		</gpxtpx:TrackPointExtension>
	</extensions>
</trkpt>
<trkpt lat="-8.9910151" lon="148.4070852">
	<ele>878.01</ele>
	<time>2025-12-12T02:32:26.000Z</time>
	<hdop>3.79</hdop>
	<extensions>
		<gpxtpx:TrackPointExtension>
			<gpxtpx:course>48.3</gpxtpx:course>
		</gpxtpx:TrackPointExtension>
	</extensions>
</trkpt>
<trkpt lat="-8.9909242" lon="148.4070736">
	<ele>871.65</ele>
	<time>2025-12-12T02:42:10.000Z</time>
	<hdop>3.79</hdop>
	<extensions>
		<gpxtpx:TrackPointExtension>
			<gpxtpx:course>350.8</gpxtpx:course>
		</gpxtpx:TrackPointExtension>
	</extensions>
</trkpt>
<trkpt lat="-8.9908304" lon="148.4070643">
	<ele>867.42</ele>
	<time>2025-12-12T02:43:06.000Z</time>
	<hdop>3.79</hdop>
	<extensions>
		<gpxtpx:TrackPointExtension>
			<gpxtpx:course>8.1</gpxtpx:course>
		</gpxtpx:TrackPointExtension>
	</extensions>
</trkpt>
<trkpt lat="-8.9907484" lon="148.4070249">
	<ele>861.12</ele>
	<time>2025-12-12T02:43:33.000Z</time>
	<hdop>3.79</hdop>
	<extensions>
		<gpxtpx:TrackPointExtension>
			<gpxtpx:course>345.4</gpxtpx:course>
		</gpxtpx:TrackPointExtension>
	</extensions>
</trkpt>
<trkpt lat="-8.9906633" lon="148.4069919">
	<ele>859.88</ele>
	<time>2025-12-12T02:43:46.000Z</time>
	<hdop>3.79</hdop>
</trkpt>
<trkpt lat="-8.9905711" lon="148.4070074">
	<ele>857.97</ele>
	<time>2025-12-12T02:44:02.000Z</time>
	<hdop>3.79</hdop>
	<extensions>
		<gpxtpx:TrackPointExtension>
			<gpxtpx:course>36.9</gpxtpx:course>
		</gpxtpx:TrackPointExtension>
	</extensions>
</trkpt>
<trkpt lat="-8.9904753" lon="148.4070267">
	<ele>855.83</ele>
	<time>2025-12-12T02:44:12.000Z</time>
	<hdop>3.79</hdop>
	<extensions>
		<gpxtpx:TrackPointExtension>
			<gpxtpx:course>42.3</gpxtpx:course>
		</gpxtpx:TrackPointExtension>
	</extensions>
</trkpt>
<trkpt lat="-8.9903901" lon="148.4070573">
	<ele>855.89</ele>
	<time>2025-12-12T02:44:32.000Z</time>
	<hdop>3.79</hdop>
</trkpt>
<trkpt lat="-8.9903066" lon="148.4071010">
	<ele>857.39</ele>
	<time>2025-12-12T02:44:55.000Z</time>
	<hdop>3.79</hdop>
	<extensions>
		<gpxtpx:TrackPointExtension>
			<gpxtpx:course>28.3</gpxtpx:course>
		</gpxtpx:TrackPointExtension>
	</extensions>
</trkpt>
<trkpt lat="-8.9902196" lon="148.4071321">
	<ele>860.30</ele>
	<time>2025-12-12T02:45:06.000Z</time>
	<hdop>3.79</hdop>
	<extensions>
		<gpxtpx:TrackPointExtension>
			<gpxtpx:course>2.7</gpxtpx:course>
		</gpxtpx:TrackPointExtension>
	</extensions>
</trkpt>
<trkpt lat="-8.9901294" lon="148.4071791">
	<ele>857.51</ele>
	<time>2025-12-12T02:45:16.000Z</time>
	<hdop>3.79</hdop>
	<extensions>
		<gpxtpx:TrackPointExtension>
			<gpxtpx:course>9.8</gpxtpx:course>
		</gpxtpx:TrackPointExtension>
	</extensions>
</trkpt>
<trkpt lat="-8.9900828" lon="148.4072573">
	<ele>856.33</ele>
	<time>2025-12-12T02:45:31.000Z</time>
	<hdop>3.79</hdop>
	<extensions>
		<gpxtpx:TrackPointExtension>
			<gpxtpx:course>67.4</gpxtpx:course>
		</gpxtpx:TrackPointExtension>
	</extensions>
</trkpt>
<trkpt lat="-8.9899898" lon="148.4072956">
	<ele>854.00</ele>
	<time>2025-12-12T02:45:42.000Z</time>
	<hdop>3.79</hdop>
	<extensions>
		<gpxtpx:TrackPointExtension>
			<gpxtpx:course>26.7</gpxtpx:course>
		</gpxtpx:TrackPointExtension>
	</extensions>
</trkpt>
<trkpt lat="-8.9898916" lon="148.4073145">
	<ele>849.32</ele>
	<time>2025-12-12T02:45:52.000Z</time>
	<hdop>3.79</hdop>
</trkpt>
<trkpt lat="-8.9898327" lon="148.4073902">
	<ele>844.89</ele>
	<time>2025-12-12T02:46:06.000Z</time>
	<hdop>3.79</hdop>
	<extensions>
		<gpxtpx:TrackPointExtension>
			<gpxtpx:course>115.9</gpxtpx:course>
		</gpxtpx:TrackPointExtension>
	</extensions>
</trkpt>
<trkpt lat="-8.9897616" lon="148.4074569">
	<ele>847.33</ele>
	<time>2025-12-12T02:46:16.000Z</time>
	<hdop>3.79</hdop>
	<extensions>
		<gpxtpx:TrackPointExtension>
			<gpxtpx:course>43.8</gpxtpx:course>
		</gpxtpx:TrackPointExtension>
	</extensions>
</trkpt>
<trkpt lat="-8.9896816" lon="148.4075046">
	<ele>846.81</ele>
	<time>2025-12-12T02:46:28.000Z</time>
	<hdop>3.79</hdop>
	<extensions>
		<gpxtpx:TrackPointExtension>
			<gpxtpx:course>67.2</gpxtpx:course>
		</gpxtpx:TrackPointExtension>
	</extensions>
</trkpt>
<trkpt lat="-8.9896188" lon="148.4075780">
	<ele>839.52</ele>
	<time>2025-12-12T02:46:43.000Z</time>
	<hdop>3.79</hdop>
	<extensions>
		<gpxtpx:TrackPointExtension>
			<gpxtpx:course>85.9</gpxtpx:course>
		</gpxtpx:TrackPointExtension>
	</extensions>
</trkpt>
<trkpt lat="-8.9895653" lon="148.4076567">
	<ele>841.31</ele>
	<time>2025-12-12T02:46:55.000Z</time>
	<hdop>3.79</hdop>
	<extensions>
		<gpxtpx:TrackPointExtension>
			<gpxtpx:course>43.7</gpxtpx:course>
		</gpxtpx:TrackPointExtension>
	</extensions>
</trkpt>
<trkpt lat="-8.9895233" lon="148.4077428">
	<ele>842.81</ele>
	<time>2025-12-12T02:47:09.000Z</time>
	<hdop>3.79</hdop>
	<extensions>
		<gpxtpx:TrackPointExtension>
			<gpxtpx:course>67.0</gpxtpx:course>
		</gpxtpx:TrackPointExtension>
	</extensions>
</trkpt>
<trkpt lat="-8.9894809" lon="148.4078334">
	<ele>843.64</ele>
	<time>2025-12-12T02:47:22.000Z</time>
	<hdop>3.79</hdop>
	<extensions>
		<gpxtpx:TrackPointExtension>
			<gpxtpx:course>57.8</gpxtpx:course>
		</gpxtpx:TrackPointExtension>
	</extensions>
</trkpt>
<trkpt lat="-8.9894305" lon="148.4079132">
	<ele>842.46</ele>
	<time>2025-12-12T02:47:33.000Z</time>
	<hdop>3.79</hdop>
	<extensions>
		<gpxtpx:TrackPointExtension>
			<gpxtpx:course>45.5</gpxtpx:course>
		</gpxtpx:TrackPointExtension>
	</extensions>
</trkpt>
<trkpt lat="-8.9893372" lon="148.4079860">
	<ele>842.56</ele>
	<time>2025-12-12T02:47:43.000Z</time>
	<hdop>3.79</hdop>
	<extensions>
		<gpxtpx:TrackPointExtension>
			<gpxtpx:course>39.8</gpxtpx:course>
		</gpxtpx:TrackPointExtension>
	</extensions>
</trkpt>
<trkpt lat="-8.9892637" lon="148.4080418">
	<ele>840.28</ele>
	<time>2025-12-12T02:47:54.000Z</time>
	<hdop>3.79</hdop>
	<extensions>
		<gpxtpx:TrackPointExtension>
			<gpxtpx:course>45.2</gpxtpx:course>
		</gpxtpx:TrackPointExtension>
	</extensions>
</trkpt>
<trkpt lat="-8.9891952" lon="148.4081102">
	<ele>839.59</ele>
	<time>2025-12-12T02:48:05.000Z</time>
	<hdop>3.79</hdop>
	<extensions>
		<gpxtpx:TrackPointExtension>
			<gpxtpx:course>50.5</gpxtpx:course>
		</gpxtpx:TrackPointExtension>
	</extensions>
</trkpt>
<trkpt lat="-8.9891233" lon="148.4081964">
	<ele>836.25</ele>
	<time>2025-12-12T02:48:15.000Z</time>
	<hdop>3.79</hdop>
	<extensions>
		<gpxtpx:TrackPointExtension>
			<gpxtpx:course>19.7</gpxtpx:course>
		</gpxtpx:TrackPointExtension>
	</extensions>
</trkpt>
<trkpt lat="-8.9890942" lon="148.4082866">
	<ele>831.51</ele>
	<time>2025-12-12T02:48:29.000Z</time>
	<hdop>3.79</hdop>
	<extensions>
		<gpxtpx:TrackPointExtension>
			<gpxtpx:course>97.5</gpxtpx:course>
		</gpxtpx:TrackPointExtension>
	</extensions>
</trkpt>
<trkpt lat="-8.9890948" lon="148.4083858">
	<ele>828.51</ele>
	<time>2025-12-12T02:48:42.000Z</time>
	<hdop>3.79</hdop>
	<extensions>
		<gpxtpx:TrackPointExtension>
			<gpxtpx:course>59.0</gpxtpx:course>
		</gpxtpx:TrackPointExtension>
	</extensions>
</trkpt>
<trkpt lat="-8.9890819" lon="148.4084799">
	<ele>826.77</ele>
	<time>2025-12-12T02:48:54.000Z</time>
	<hdop>3.79</hdop>
	<extensions>
		<gpxtpx:TrackPointExtension>
			<gpxtpx:course>64.2</gpxtpx:course>
		</gpxtpx:TrackPointExtension>
	</extensions>
</trkpt>
<trkpt lat="-8.9890495" lon="148.4085698">
	<ele>825.05</ele>
	<time>2025-12-12T02:49:06.000Z</time>
	<hdop>3.79</hdop>
	<extensions>
		<gpxtpx:TrackPointExtension>
			<gpxtpx:course>69.0</gpxtpx:course>
		</gpxtpx:TrackPointExtension>
	</extensions>
</trkpt>
<trkpt lat="-8.9890337" lon="148.4086634">
	<ele>819.77</ele>
	<time>2025-12-12T02:49:20.000Z</time>
	<hdop>3.79</hdop>
	<extensions>
		<gpxtpx:TrackPointExtension>
			<gpxtpx:course>96.7</gpxtpx:course>
		</gpxtpx:TrackPointExtension>
	</extensions>
</trkpt>
<trkpt lat="-8.9889909" lon="148.4087436">
	<ele>818.45</ele>
	<time>2025-12-12T02:49:33.000Z</time>
	<hdop>3.79</hdop>
	<extensions>
		<gpxtpx:TrackPointExtension>
			<gpxtpx:course>86.8</gpxtpx:course>
		</gpxtpx:TrackPointExtension>
	</extensions>
</trkpt>
<trkpt lat="-8.9889468" lon="148.4088326">
	<ele>812.77</ele>
	<time>2025-12-12T02:49:46.000Z</time>
	<hdop>3.79</hdop>
	<extensions>
		<gpxtpx:TrackPointExtension>
			<gpxtpx:course>60.0</gpxtpx:course>
		</gpxtpx:TrackPointExtension>
	</extensions>
</trkpt>
<trkpt lat="-8.9889152" lon="148.4089236">
	<ele>807.87</ele>
	<time>2025-12-12T02:49:57.000Z</time>
	<hdop>3.79</hdop>
	<extensions>
		<gpxtpx:TrackPointExtension>
			<gpxtpx:course>36.1</gpxtpx:course>
		</gpxtpx:TrackPointExtension>
	</extensions>
</trkpt>
<trkpt lat="-8.9888884" lon="148.4090127">
	<ele>804.51</ele>
	<time>2025-12-12T02:50:09.000Z</time>
	<hdop>3.79</hdop>
	<extensions>
		<gpxtpx:TrackPointExtension>
			<gpxtpx:course>87.8</gpxtpx:course>
		</gpxtpx:TrackPointExtension>
	</extensions>
</trkpt>
<trkpt lat="-8.9888497" lon="148.4091015">
	<ele>803.32</ele>
	<time>2025-12-12T02:50:19.000Z</time>
	<hdop>3.79</hdop>
	<extensions>
		<gpxtpx:TrackPointExtension>
			<gpxtpx:course>77.5</gpxtpx:course>
		</gpxtpx:TrackPointExtension>
	</extensions>
</trkpt>
<trkpt lat="-8.9888300" lon="148.4091971">
	<ele>801.74</ele>
	<time>2025-12-12T02:50:31.000Z</time>
	<hdop>3.79</hdop>
	<extensions>
		<gpxtpx:TrackPointExtension>
			<gpxtpx:course>102.7</gpxtpx:course>
		</gpxtpx:TrackPointExtension>
	</extensions>
</trkpt>
<trkpt lat="-8.9888277" lon="148.4092890">
	<ele>799.95</ele>
	<time>2025-12-12T02:50:49.000Z</time>
	<hdop>3.79</hdop>
	<extensions>
		<gpxtpx:TrackPointExtension>
			<gpxtpx:course>69.3</gpxtpx:course>
		</gpxtpx:TrackPointExtension>
	</extensions>
</trkpt>
<trkpt lat="-8.9888228" lon="148.4093852">
	<ele>795.31</ele>
	<time>2025-12-12T02:51:05.000Z</time>
	<hdop>3.79</hdop>
	<extensions>
		<gpxtpx:TrackPointExtension>
			<gpxtpx:course>98.0</gpxtpx:course>
		</gpxtpx:TrackPointExtension>
	</extensions>
</trkpt>
<trkpt lat="-8.9888395" lon="148.4094814">
	<ele>791.43</ele>
	<time>2025-12-12T02:51:55.000Z</time>
	<hdop>3.79</hdop>
	<extensions>
		<gpxtpx:TrackPointExtension>
			<gpxtpx:course>101.4</gpxtpx:course>
		</gpxtpx:TrackPointExtension>
	</extensions>
</trkpt>
<trkpt lat="-8.9888398" lon="148.4095737">
	<ele>790.10</ele>
	<time>2025-12-12T02:52:11.000Z</time>
	<hdop>3.79</hdop>
	<extensions>
		<gpxtpx:TrackPointExtension>
			<gpxtpx:course>121.5</gpxtpx:course>
		</gpxtpx:TrackPointExtension>
	</extensions>
</trkpt>
<trkpt lat="-8.9888521" lon="148.4096677">
	<ele>790.03</ele>
	<time>2025-12-12T02:52:23.000Z</time>
	<hdop>3.79</hdop>
	<extensions>
		<gpxtpx:TrackPointExtension>
			<gpxtpx:course>75.7</gpxtpx:course>
		</gpxtpx:TrackPointExtension>
	</extensions>
</trkpt>
<trkpt lat="-8.9888215" lon="148.4097567">
	<ele>788.25</ele>
	<time>2025-12-12T02:52:36.000Z</time>
	<hdop>3.79</hdop>
	<extensions>
		<gpxtpx:TrackPointExtension>
			<gpxtpx:course>65.4</gpxtpx:course>
		</gpxtpx:TrackPointExtension>
	</extensions>
</trkpt>
<trkpt lat="-8.9888000" lon="148.4098452">
	<ele>784.82</ele>
	<time>2025-12-12T02:52:48.000Z</time>
	<hdop>3.79</hdop>
	<extensions>
		<gpxtpx:TrackPointExtension>
			<gpxtpx:course>97.8</gpxtpx:course>
		</gpxtpx:TrackPointExtension>
	</extensions>
</trkpt>
<trkpt lat="-8.9887949" lon="148.4099364">
	<ele>784.33</ele>
	<time>2025-12-12T02:53:00.000Z</time>
	<hdop>3.79</hdop>
	<extensions>
		<gpxtpx:TrackPointExtension>
			<gpxtpx:course>110.3</gpxtpx:course>
		</gpxtpx:TrackPointExtension>
	</extensions>
</trkpt>
<trkpt lat="-8.9887540" lon="148.4100232">
	<ele>780.72</ele>
	<time>2025-12-12T02:53:18.000Z</time>
	<hdop>3.79</hdop>
	<extensions>
		<gpxtpx:TrackPointExtension>
			<gpxtpx:course>70.0</gpxtpx:course>
		</gpxtpx:TrackPointExtension>
	</extensions>
</trkpt>
<trkpt lat="-8.9887327" lon="148.4101133">
	<ele>777.30</ele>
	<time>2025-12-12T02:53:33.000Z</time>
	<hdop>3.79</hdop>
</trkpt>
<trkpt lat="-8.9886727" lon="148.4101849">
	<ele>772.36</ele>
	<time>2025-12-12T02:53:55.000Z</time>
	<hdop>3.79</hdop>
	<extensions>
		<gpxtpx:TrackPointExtension>
			<gpxtpx:course>87.7</gpxtpx:course>
		</gpxtpx:TrackPointExtension>
	</extensions>
</trkpt>
<trkpt lat="-8.9886111" lon="148.4102526">
	<ele>765.40</ele>
	<time>2025-12-12T02:54:29.000Z</time>
	<hdop>3.79</hdop>
	<extensions>
		<gpxtpx:TrackPointExtension>
			<gpxtpx:course>7.0</gpxtpx:course>
		</gpxtpx:TrackPointExtension>
	</extensions>
</trkpt>
<trkpt lat="-8.9885790" lon="148.4103391">
	<ele>760.43</ele>
	<time>2025-12-12T02:55:06.000Z</time>
	<hdop>3.79</hdop>
	<extensions>
		<gpxtpx:TrackPointExtension>
			<gpxtpx:course>108.3</gpxtpx:course>
		</gpxtpx:TrackPointExtension>
	</extensions>
</trkpt>
<trkpt lat="-8.9885391" lon="148.4104230">
	<ele>750.12</ele>
	<time>2025-12-12T02:55:46.000Z</time>
	<hdop>3.79</hdop>
	<extensions>
		<gpxtpx:TrackPointExtension>
			<gpxtpx:course>83.7</gpxtpx:course>
		</gpxtpx:TrackPointExtension>
	</extensions>
</trkpt>
<trkpt lat="-8.9884824" lon="148.4104961">
	<ele>747.16</ele>
	<time>2025-12-12T02:56:05.000Z</time>
	<hdop>3.79</hdop>
	<extensions>
		<gpxtpx:TrackPointExtension>
			<gpxtpx:course>94.6</gpxtpx:course>
		</gpxtpx:TrackPointExtension>
	</extensions>
</trkpt>
<trkpt lat="-8.9884442" lon="148.4105786">
	<ele>745.06</ele>
	<time>2025-12-12T02:56:28.000Z</time>
	<hdop>3.79</hdop>
</trkpt>
<trkpt lat="-8.9883731" lon="148.4106393">
	<ele>734.59</ele>
	<time>2025-12-12T02:57:20.000Z</time>
	<hdop>9.94</hdop>
</trkpt>
<trkpt lat="-8.9883341" lon="148.4107229">
	<ele>732.65</ele>
	<time>2025-12-12T02:57:55.000Z</time>
	<hdop>9.94</hdop>
	<extensions>
		<gpxtpx:TrackPointExtension>
			<gpxtpx:course>46.2</gpxtpx:course>
		</gpxtpx:TrackPointExtension>
	</extensions>
</trkpt>
<trkpt lat="-8.9883122" lon="148.4108138">
	<ele>727.49</ele>
	<time>2025-12-12T02:58:29.000Z</time>
	<hdop>9.94</hdop>
	<extensions>
		<gpxtpx:TrackPointExtension>
			<gpxtpx:course>83.3</gpxtpx:course>
		</gpxtpx:TrackPointExtension>
	</extensions>
</trkpt>
<trkpt lat="-8.9882969" lon="148.4109098">
	<ele>721.13</ele>
	<time>2025-12-12T02:58:56.000Z</time>
	<hdop>9.94</hdop>
	<extensions>
		<gpxtpx:TrackPointExtension>
			<gpxtpx:course>69.7</gpxtpx:course>
		</gpxtpx:TrackPointExtension>
	</extensions>
</trkpt>
<trkpt lat="-8.9882301" lon="148.4109711">
	<ele>714.49</ele>
	<time>2025-12-12T02:59:29.000Z</time>
	<hdop>9.94</hdop>
</trkpt>
<trkpt lat="-8.9881555" lon="148.4110246">
	<ele>707.95</ele>
	<time>2025-12-12T02:59:44.000Z</time>
	<hdop>9.94</hdop>
</trkpt>
<trkpt lat="-8.9880705" lon="148.4110561">
	<ele>703.54</ele>
	<time>2025-12-12T03:00:43.000Z</time>
	<hdop>9.94</hdop>
</trkpt>
<trkpt lat="-8.9879934" lon="148.4111043">
	<ele>699.78</ele>
	<time>2025-12-12T03:01:23.000Z</time>
	<hdop>9.94</hdop>
	<extensions>
		<gpxtpx:TrackPointExtension>
			<gpxtpx:course>19.1</gpxtpx:course>
		</gpxtpx:TrackPointExtension>
	</extensions>
</trkpt>
<trkpt lat="-8.9879169" lon="148.4111546">
	<ele>690.52</ele>
	<time>2025-12-12T03:02:31.000Z</time>
	<hdop>9.94</hdop>
</trkpt>
<trkpt lat="-8.9878230" lon="148.4111624">
	<ele>682.96</ele>
	<time>2025-12-12T03:04:02.000Z</time>
	<hdop>9.94</hdop>
</trkpt>
<trkpt lat="-8.9877327" lon="148.4111755">
	<ele>675.06</ele>
	<time>2025-12-12T03:04:40.000Z</time>
	<hdop>9.94</hdop>
</trkpt>
<trkpt lat="-8.9876573" lon="148.4112289">
	<ele>671.75</ele>
	<time>2025-12-12T03:05:17.000Z</time>
	<hdop>9.94</hdop>
</trkpt>
<trkpt lat="-8.9875713" lon="148.4112630">
	<ele>671.90</ele>
	<time>2025-12-12T03:06:28.000Z</time>
	<hdop>9.94</hdop>
</trkpt>
<trkpt lat="-8.9874904" lon="148.4113091">
	<ele>660.09</ele>
	<time>2025-12-12T03:07:30.000Z</time>
	<hdop>9.94</hdop>
</trkpt>
<trkpt lat="-8.9873997" lon="148.4112987">
	<ele>648.65</ele>
	<time>2025-12-12T03:07:44.000Z</time>
	<hdop>9.94</hdop>
</trkpt>
<trkpt lat="-8.9873127" lon="148.4113372">
	<ele>643.65</ele>
	<time>2025-12-12T03:08:11.000Z</time>
	<hdop>10.52</hdop>
	<extensions>
		<gpxtpx:TrackPointExtension>
			<gpxtpx:course>82.3</gpxtpx:course>
		</gpxtpx:TrackPointExtension>
	</extensions>
</trkpt>
<trkpt lat="-8.9872316" lon="148.4113905">
	<ele>644.59</ele>
	<time>2025-12-12T03:08:42.000Z</time>
	<hdop>9.94</hdop>
</trkpt>
<trkpt lat="-8.9871586" lon="148.4114478">
	<ele>640.52</ele>
	<time>2025-12-12T03:08:58.000Z</time>
	<hdop>9.94</hdop>
</trkpt>
<trkpt lat="-8.9870719" lon="148.4114955">
	<ele>625.54</ele>
	<time>2025-12-12T03:10:14.000Z</time>
	<hdop>9.94</hdop>
	<extensions>
		<gpxtpx:TrackPointExtension>
			<gpxtpx:course>18.0</gpxtpx:course>
		</gpxtpx:TrackPointExtension>
	</extensions>
</trkpt>
<trkpt lat="-8.9869775" lon="148.4115294">
	<ele>619.28</ele>
	<time>2025-12-12T03:10:26.000Z</time>
	<hdop>9.94</hdop>
	<extensions>
		<gpxtpx:TrackPointExtension>
			<gpxtpx:course>49.9</gpxtpx:course>
		</gpxtpx:TrackPointExtension>
	</extensions>
</trkpt>
<trkpt lat="-8.9868957" lon="148.4115707">
	<ele>617.28</ele>
	<time>2025-12-12T03:10:42.000Z</time>
	<hdop>9.94</hdop>
	<extensions>
		<gpxtpx:TrackPointExtension>
			<gpxtpx:course>51.1</gpxtpx:course>
		</gpxtpx:TrackPointExtension>
	</extensions>
</trkpt>
<trkpt lat="-8.9868320" lon="148.4116356">
	<ele>614.33</ele>
	<time>2025-12-12T03:11:06.000Z</time>
	<hdop>9.94</hdop>
	<extensions>
		<gpxtpx:TrackPointExtension>
			<gpxtpx:course>6.8</gpxtpx:course>
		</gpxtpx:TrackPointExtension>
	</extensions>
</trkpt>
<trkpt lat="-8.9867626" lon="148.4116969">
	<ele>613.86</ele>
	<time>2025-12-12T03:11:30.000Z</time>
	<hdop>9.94</hdop>
	<extensions>
		<gpxtpx:TrackPointExtension>
			<gpxtpx:course>7.6</gpxtpx:course>
		</gpxtpx:TrackPointExtension>
	</extensions>
</trkpt>
<trkpt lat="-8.9867004" lon="148.4117668">
	<ele>616.02</ele>
	<time>2025-12-12T03:11:42.000Z</time>
	<hdop>9.94</hdop>
	<extensions>
		<gpxtpx:TrackPointExtension>
			<gpxtpx:course>23.1</gpxtpx:course>
		</gpxtpx:TrackPointExtension>
	</extensions>
</trkpt>
<trkpt lat="-8.9866267" lon="148.4118267">
	<ele>611.88</ele>
	<time>2025-12-12T03:12:01.000Z</time>
	<hdop>9.94</hdop>
</trkpt>
<trkpt lat="-8.9865400" lon="148.4118568">
	<ele>606.76</ele>
	<time>2025-12-12T03:12:27.000Z</time>
	<hdop>9.94</hdop>
	<extensions>
		<gpxtpx:TrackPointExtension>
			<gpxtpx:course>6.4</gpxtpx:course>
		</gpxtpx:TrackPointExtension>
	</extensions>
</trkpt>
<trkpt lat="-8.9864682" lon="148.4119152">
	<ele>608.67</ele>
	<time>2025-12-12T03:12:49.000Z</time>
	<hdop>9.94</hdop>
</trkpt>
<trkpt lat="-8.9863708" lon="148.4119339">
	<ele>600.63</ele>
	<time>2025-12-12T03:13:12.000Z</time>
	<hdop>9.94</hdop>
	<extensions>
		<gpxtpx:TrackPointExtension>
			<gpxtpx:course>34.9</gpxtpx:course>
		</gpxtpx:TrackPointExtension>
	</extensions>
</trkpt>
<trkpt lat="-8.9863089" lon="148.4120023">
	<ele>599.88</ele>
	<time>2025-12-12T03:13:25.000Z</time>
	<hdop>9.94</hdop>
	<extensions>
		<gpxtpx:TrackPointExtension>
			<gpxtpx:course>113.1</gpxtpx:course>
		</gpxtpx:TrackPointExtension>
	</extensions>
</trkpt>
<trkpt lat="-8.9862428" lon="148.4120753">
	<ele>595.50</ele>
	<time>2025-12-12T03:13:49.000Z</time>
	<hdop>9.94</hdop>
	<extensions>
		<gpxtpx:TrackPointExtension>
			<gpxtpx:course>26.7</gpxtpx:course>
		</gpxtpx:TrackPointExtension>
	</extensions>
</trkpt>
<trkpt lat="-8.9861772" lon="148.4121452">
	<ele>590.11</ele>
	<time>2025-12-12T03:14:04.000Z</time>
	<hdop>9.94</hdop>
	<extensions>
		<gpxtpx:TrackPointExtension>
			<gpxtpx:course>41.2</gpxtpx:course>
		</gpxtpx:TrackPointExtension>
	</extensions>
</trkpt>
<trkpt lat="-8.9861338" lon="148.4122262">
	<ele>587.24</ele>
	<time>2025-12-12T03:14:22.000Z</time>
	<hdop>9.94</hdop>
	<extensions>
		<gpxtpx:TrackPointExtension>
			<gpxtpx:course>84.9</gpxtpx:course>
		</gpxtpx:TrackPointExtension>
	</extensions>
</trkpt>
<trkpt lat="-8.9860661" lon="148.4122938">
	<ele>584.30</ele>
	<time>2025-12-12T03:14:47.000Z</time>
	<hdop>9.94</hdop>
	<extensions>
		<gpxtpx:TrackPointExtension>
			<gpxtpx:course>45.3</gpxtpx:course>
		</gpxtpx:TrackPointExtension>
	</extensions>
</trkpt>
<trkpt lat="-8.9859875" lon="148.4123407">
	<ele>582.20</ele>
	<time>2025-12-12T03:15:11.000Z</time>
	<hdop>9.94</hdop>
	<extensions>
		<gpxtpx:TrackPointExtension>
			<gpxtpx:course>45.3</gpxtpx:course>
		</gpxtpx:TrackPointExtension>
	</extensions>
</trkpt>
<trkpt lat="-8.9859037" lon="148.4123793">
	<ele>573.34</ele>
	<time>2025-12-12T03:15:52.000Z</time>
	<hdop>9.94</hdop>
	<extensions>
		<gpxtpx:TrackPointExtension>
			<gpxtpx:course>103.4</gpxtpx:course>
		</gpxtpx:TrackPointExtension>
	</extensions>
</trkpt>
<trkpt lat="-8.9858500" lon="148.4124561">
	<ele>567.07</ele>
	<time>2025-12-12T03:16:33.000Z</time>
	<hdop>9.94</hdop>
</trkpt>
<trkpt lat="-8.9858266" lon="148.4125443">
	<ele>565.86</ele>
	<time>2025-12-12T03:17:09.000Z</time>
	<hdop>9.94</hdop>
</trkpt>
<trkpt lat="-8.9857978" lon="148.4126328">
	<ele>558.71</ele>
	<time>2025-12-12T03:17:50.000Z</time>
	<hdop>9.94</hdop>
</trkpt>
<trkpt lat="-8.9857953" lon="148.4127304">
	<ele>552.93</ele>
	<time>2025-12-12T03:18:12.000Z</time>
	<hdop>9.94</hdop>
	<extensions>
		<gpxtpx:TrackPointExtension>
			<gpxtpx:course>80.6</gpxtpx:course>
		</gpxtpx:TrackPointExtension>
	</extensions>
</trkpt>
<trkpt lat="-8.9857744" lon="148.4128190">
	<ele>547.10</ele>
	<time>2025-12-12T03:18:44.000Z</time>
	<hdop>9.94</hdop>
</trkpt>
<trkpt lat="-8.9857252" lon="148.4128965">
	<ele>538.79</ele>
	<time>2025-12-12T03:19:15.000Z</time>
	<hdop>10.00</hdop>
	<extensions>
		<gpxtpx:TrackPointExtension>
			<gpxtpx:course>107.1</gpxtpx:course>
		</gpxtpx:TrackPointExtension>
	</extensions>
</trkpt>
<trkpt lat="-8.9856634" lon="148.4129759">
	<ele>534.31</ele>
	<time>2025-12-12T03:19:25.000Z</time>
	<hdop>9.94</hdop>
	<extensions>
		<gpxtpx:TrackPointExtension>
			<gpxtpx:course>103.3</gpxtpx:course>
		</gpxtpx:TrackPointExtension>
	</extensions>
</trkpt>
<trkpt lat="-8.9855958" lon="148.4130379">
	<ele>526.62</ele>
	<time>2025-12-12T03:19:40.000Z</time>
	<hdop>9.94</hdop>
	<extensions>
		<gpxtpx:TrackPointExtension>
			<gpxtpx:course>347.3</gpxtpx:course>
		</gpxtpx:TrackPointExtension>
	</extensions>
</trkpt>
<trkpt lat="-8.9855112" lon="148.4130747">
	<ele>520.99</ele>
	<time>2025-12-12T03:20:30.000Z</time>
	<hdop>9.94</hdop>
</trkpt>
<trkpt lat="-8.9854574" lon="148.4131558">
	<ele>518.08</ele>
	<time>2025-12-12T03:20:51.000Z</time>
	<hdop>9.94</hdop>
</trkpt>
<trkpt lat="-8.9853959" lon="148.4132291">
	<ele>518.39</ele>
	<time>2025-12-12T03:21:06.000Z</time>
	<hdop>9.94</hdop>
	<extensions>
		<gpxtpx:TrackPointExtension>
			<gpxtpx:course>29.1</gpxtpx:course>
		</gpxtpx:TrackPointExtension>
	</extensions>
</trkpt>
<trkpt lat="-8.9853159" lon="148.4132729">
	<ele>515.61</ele>
	<time>2025-12-12T03:21:24.000Z</time>
	<hdop>9.94</hdop>
	<extensions>
		<gpxtpx:TrackPointExtension>
			<gpxtpx:course>20.1</gpxtpx:course>
		</gpxtpx:TrackPointExtension>
	</extensions>
</trkpt>
<trkpt lat="-8.9852427" lon="148.4133326">
	<ele>511.97</ele>
	<time>2025-12-12T03:21:35.000Z</time>
	<hdop>9.94</hdop>
	<extensions>
		<gpxtpx:TrackPointExtension>
			<gpxtpx:course>71.2</gpxtpx:course>
		</gpxtpx:TrackPointExtension>
	</extensions>
</trkpt>
<trkpt lat="-8.9851619" lon="148.4133780">
	<ele>511.06</ele>
	<time>2025-12-12T03:21:53.000Z</time>
	<hdop>9.94</hdop>
	<extensions>
		<gpxtpx:TrackPointExtension>
			<gpxtpx:course>37.3</gpxtpx:course>
		</gpxtpx:TrackPointExtension>
	</extensions>
</trkpt>
<trkpt lat="-8.9850811" lon="148.4134369">
	<ele>512.61</ele>
	<time>2025-12-12T03:22:18.000Z</time>
	<hdop>9.94</hdop>
	<extensions>
		<gpxtpx:TrackPointExtension>
			<gpxtpx:course>39.6</gpxtpx:course>
		</gpxtpx:TrackPointExtension>
	</extensions>
</trkpt>
<trkpt lat="-8.9850331" lon="148.4135234">
	<ele>510.33</ele>
	<time>2025-12-12T03:22:33.000Z</time>
	<hdop>9.94</hdop>
	<extensions>
		<gpxtpx:TrackPointExtension>
			<gpxtpx:course>68.1</gpxtpx:course>
		</gpxtpx:TrackPointExtension>
	</extensions>
</trkpt>
<trkpt lat="-8.9849507" lon="148.4136033">
	<ele>503.89</ele>
	<time>2025-12-12T03:23:26.000Z</time>
	<hdop>10.83</hdop>
	<extensions>
		<gpxtpx:TrackPointExtension>
			<gpxtpx:course>61.7</gpxtpx:course>
		</gpxtpx:TrackPointExtension>
	</extensions>
</trkpt>
<trkpt lat="-8.9849274" lon="148.4136940">
	<ele>502.93</ele>
	<time>2025-12-12T03:23:36.000Z</time>
	<hdop>9.94</hdop>
</trkpt>
<trkpt lat="-8.9848877" lon="148.4137765">
	<ele>494.00</ele>
	<time>2025-12-12T03:25:55.000Z</time>
	<hdop>9.94</hdop>
</trkpt>
<trkpt lat="-8.9848547" lon="148.4138628">
	<ele>491.17</ele>
	<time>2025-12-12T03:26:51.000Z</time>
	<hdop>9.94</hdop>
</trkpt>
<trkpt lat="-8.9847853" lon="148.4139220">
	<ele>486.35</ele>
	<time>2025-12-12T03:27:29.000Z</time>
	<hdop>9.94</hdop>
</trkpt>
<trkpt lat="-8.9847112" lon="148.4139809">
	<ele>481.96</ele>
	<time>2025-12-12T03:28:05.000Z</time>
	<hdop>9.94</hdop>
</trkpt>
<trkpt lat="-8.9846306" lon="148.4140349">
	<ele>472.12</ele>
	<time>2025-12-12T03:29:17.000Z</time>
	<hdop>9.94</hdop>
	<extensions>
		<gpxtpx:TrackPointExtension>
			<gpxtpx:course>38.5</gpxtpx:course>
		</gpxtpx:TrackPointExtension>
	</extensions>
</trkpt>
<trkpt lat="-8.9845541" lon="148.4140860">
	<ele>464.59</ele>
	<time>2025-12-12T03:29:45.000Z</time>
	<hdop>9.94</hdop>
</trkpt>
<trkpt lat="-8.9845061" lon="148.4141634">
	<ele>461.40</ele>
	<time>2025-12-12T03:30:35.000Z</time>
	<hdop>9.94</hdop>
</trkpt>
<trkpt lat="-8.9844756" lon="148.4142531">
	<ele>456.22</ele>
	<time>2025-12-12T03:31:01.000Z</time>
	<hdop>9.94</hdop>
</trkpt>
<trkpt lat="-8.9844408" lon="148.4143450">
	<ele>453.58</ele>
	<time>2025-12-12T03:31:27.000Z</time>
	<hdop>9.94</hdop>
</trkpt>
<trkpt lat="-8.9843575" lon="148.4143813">
	<ele>451.57</ele>
	<time>2025-12-12T03:32:20.000Z</time>
	<hdop>9.94</hdop>
</trkpt>
<trkpt lat="-8.9842812" lon="148.4144367">
	<ele>447.08</ele>
	<time>2025-12-12T03:33:11.000Z</time>
	<hdop>9.94</hdop>
</trkpt>
<trkpt lat="-8.9841948" lon="148.4144685">
	<ele>440.09</ele>
	<time>2025-12-12T03:33:46.000Z</time>
	<hdop>9.94</hdop>
	<extensions>
		<gpxtpx:TrackPointExtension>
			<gpxtpx:course>344.9</gpxtpx:course>
		</gpxtpx:TrackPointExtension>
	</extensions>
</trkpt>
<trkpt lat="-8.9841534" lon="148.4145555">
	<ele>435.26</ele>
	<time>2025-12-12T03:35:04.000Z</time>
	<hdop>9.94</hdop>
	<extensions>
		<gpxtpx:TrackPointExtension>
			<gpxtpx:course>60.7</gpxtpx:course>
		</gpxtpx:TrackPointExtension>
	</extensions>
</trkpt>
<trkpt lat="-8.9841337" lon="148.4146463">
	<ele>430.30</ele>
	<time>2025-12-12T03:36:32.000Z</time>
	<hdop>9.94</hdop>
</trkpt>
<trkpt lat="-8.9840534" lon="148.4147027">
	<ele>424.71</ele>
	<time>2025-12-12T03:37:44.000Z</time>
	<hdop>9.98</hdop>
</trkpt>
<trkpt lat="-8.9839605" lon="148.4147243">
	<ele>420.20</ele>
	<time>2025-12-12T03:38:30.000Z</time>
	<hdop>9.94</hdop>
	<extensions>
		<gpxtpx:TrackPointExtension>
			<gpxtpx:course>309.2</gpxtpx:course>
		</gpxtpx:TrackPointExtension>
	</extensions>
</trkpt>
<trkpt lat="-8.9838866" lon="148.4146686">
	<ele>415.57</ele>
	<time>2025-12-12T03:38:48.000Z</time>
	<hdop>9.96</hdop>
</trkpt>
<trkpt lat="-8.9837951" lon="148.4146502">
	<ele>416.21</ele>
	<time>2025-12-12T03:39:07.000Z</time>
	<hdop>9.94</hdop>
	<extensions>
		<gpxtpx:TrackPointExtension>
			<gpxtpx:course>334.5</gpxtpx:course>
		</gpxtpx:TrackPointExtension>
	</extensions>
</trkpt>
<trkpt lat="-8.9837030" lon="148.4146609">
	<ele>411.13</ele>
	<time>2025-12-12T03:39:28.000Z</time>
	<hdop>9.94</hdop>
</trkpt>
<trkpt lat="-8.9836164" lon="148.4146196">
	<ele>406.92</ele>
	<time>2025-12-12T03:39:52.000Z</time>
	<hdop>9.94</hdop>
	<extensions>
		<gpxtpx:TrackPointExtension>
			<gpxtpx:course>324.2</gpxtpx:course>
		</gpxtpx:TrackPointExtension>
	</extensions>
</trkpt>
<trkpt lat="-8.9835198" lon="148.4145985">
	<ele>406.79</ele>
	<time>2025-12-12T03:40:16.000Z</time>
	<hdop>9.94</hdop>
	<extensions>
		<gpxtpx:TrackPointExtension>
			<gpxtpx:course>343.7</gpxtpx:course>
		</gpxtpx:TrackPointExtension>
	</extensions>
</trkpt>
<trkpt lat="-8.9834252" lon="148.4145962">
	<ele>402.10</ele>
	<time>2025-12-12T03:40:42.000Z</time>
	<hdop>9.94</hdop>
	<extensions>
		<gpxtpx:TrackPointExtension>
			<gpxtpx:course>261.9</gpxtpx:course>
		</gpxtpx:TrackPointExtension>
	</extensions>
</trkpt>
<trkpt lat="-8.9833677" lon="148.4145185">
	<ele>396.92</ele>
	<time>2025-12-12T03:41:20.000Z</time>
	<hdop>9.94</hdop>
	<extensions>
		<gpxtpx:TrackPointExtension>
			<gpxtpx:course>256.5</gpxtpx:course>
		</gpxtpx:TrackPointExtension>
	</extensions>
</trkpt>
<trkpt lat="-8.9833613" lon="148.4144236">
	<ele>395.71</ele>
	<time>2025-12-12T03:41:31.000Z</time>
	<hdop>9.94</hdop>
	<extensions>
		<gpxtpx:TrackPointExtension>
			<gpxtpx:course>274.2</gpxtpx:course>
		</gpxtpx:TrackPointExtension>
	</extensions>
</trkpt>
<trkpt lat="-8.9833495" lon="148.4143323">
	<ele>398.19</ele>
	<time>2025-12-12T03:41:46.000Z</time>
	<hdop>9.94</hdop>
	<extensions>
		<gpxtpx:TrackPointExtension>
			<gpxtpx:course>275.5</gpxtpx:course>
		</gpxtpx:TrackPointExtension>
	</extensions>
</trkpt>
<trkpt lat="-8.9832826" lon="148.4142651">
	<ele>398.17</ele>
	<time>2025-12-12T03:42:03.000Z</time>
	<hdop>9.94</hdop>
	<extensions>
		<gpxtpx:TrackPointExtension>
			<gpxtpx:course>322.1</gpxtpx:course>
		</gpxtpx:TrackPointExtension>
	</extensions>
</trkpt>
<trkpt lat="-8.9832194" lon="148.4141972">
	<ele>396.49</ele>
	<time>2025-12-12T03:42:31.000Z</time>
	<hdop>9.94</hdop>
	<extensions>
		<gpxtpx:TrackPointExtension>
			<gpxtpx:course>305.2</gpxtpx:course>
		</gpxtpx:TrackPointExtension>
	</extensions>
</trkpt>
<trkpt lat="-8.9831314" lon="148.4141648">
	<ele>396.35</ele>
	<time>2025-12-12T03:43:00.000Z</time>
	<hdop>9.94</hdop>
	<extensions>
		<gpxtpx:TrackPointExtension>
			<gpxtpx:course>332.7</gpxtpx:course>
		</gpxtpx:TrackPointExtension>
	</extensions>
</trkpt>
<trkpt lat="-8.9830843" lon="148.4140857">
	<ele>395.46</ele>
	<time>2025-12-12T03:43:15.000Z</time>
	<hdop>9.94</hdop>
	<extensions>
		<gpxtpx:TrackPointExtension>
			<gpxtpx:course>344.8</gpxtpx:course>
		</gpxtpx:TrackPointExtension>
	</extensions>
</trkpt>
<trkpt lat="-8.9830370" lon="148.4140012">
	<ele>394.58</ele>
	<time>2025-12-12T03:43:39.000Z</time>
	<hdop>9.94</hdop>
	<extensions>
		<gpxtpx:TrackPointExtension>
			<gpxtpx:course>328.4</gpxtpx:course>
		</gpxtpx:TrackPointExtension>
	</extensions>
</trkpt>
<trkpt lat="-8.9829884" lon="148.4139182">
	<ele>395.27</ele>
	<time>2025-12-12T03:43:54.000Z</time>
	<hdop>9.94</hdop>
	<extensions>
		<gpxtpx:TrackPointExtension>
			<gpxtpx:course>285.4</gpxtpx:course>
		</gpxtpx:TrackPointExtension>
	</extensions>
</trkpt>
<trkpt lat="-8.9829347" lon="148.4138380">
	<ele>396.88</ele>
	<time>2025-12-12T03:44:09.000Z</time>
	<hdop>9.94</hdop>
	<extensions>
		<gpxtpx:TrackPointExtension>
			<gpxtpx:course>309.0</gpxtpx:course>
		</gpxtpx:TrackPointExtension>
	</extensions>
</trkpt>
<trkpt lat="-8.9828521" lon="148.4137916">
	<ele>398.70</ele>
	<time>2025-12-12T03:44:21.000Z</time>
	<hdop>9.94</hdop>
	<extensions>
		<gpxtpx:TrackPointExtension>
			<gpxtpx:course>2.6</gpxtpx:course>
		</gpxtpx:TrackPointExtension>
	</extensions>
</trkpt>
<trkpt lat="-8.9827939" lon="148.4137176">
	<ele>399.56</ele>
	<time>2025-12-12T03:44:38.000Z</time>
	<hdop>9.94</hdop>
	<extensions>
		<gpxtpx:TrackPointExtension>
			<gpxtpx:course>323.9</gpxtpx:course>
		</gpxtpx:TrackPointExtension>
	</extensions>
</trkpt>
<trkpt lat="-8.9827047" lon="148.4136927">
	<ele>394.92</ele>
	<time>2025-12-12T03:44:52.000Z</time>
	<hdop>9.94</hdop>
</trkpt>
<trkpt lat="-8.9826152" lon="148.4136654">
	<ele>386.85</ele>
	<time>2025-12-12T03:45:30.000Z</time>
	<hdop>9.94</hdop>
	<extensions>
		<gpxtpx:TrackPointExtension>
			<gpxtpx:course>340.7</gpxtpx:course>
		</gpxtpx:TrackPointExtension>
	</extensions>
</trkpt>
<trkpt lat="-8.9825369" lon="148.4137201">
	<ele>391.84</ele>
	<time>2025-12-12T03:45:53.000Z</time>
	<hdop>9.94</hdop>
	<extensions>
		<gpxtpx:TrackPointExtension>
			<gpxtpx:course>65.9</gpxtpx:course>
		</gpxtpx:TrackPointExtension>
	</extensions>
</trkpt>
<trkpt lat="-8.9824602" lon="148.4137743">
	<ele>394.40</ele>
	<time>2025-12-12T03:46:13.000Z</time>
	<hdop>9.94</hdop>
	<extensions>
		<gpxtpx:TrackPointExtension>
			<gpxtpx:course>52.5</gpxtpx:course>
		</gpxtpx:TrackPointExtension>
	</extensions>
</trkpt>
<trkpt lat="-8.9824042" lon="148.4138506">
	<ele>394.10</ele>
	<time>2025-12-12T03:46:23.000Z</time>
	<hdop>9.94</hdop>
	<extensions>
		<gpxtpx:TrackPointExtension>
			<gpxtpx:course>67.8</gpxtpx:course>
		</gpxtpx:TrackPointExtension>
	</extensions>
</trkpt>
<trkpt lat="-8.9823667" lon="148.4139339">
	<ele>392.90</ele>
	<time>2025-12-12T03:46:34.000Z</time>
	<hdop>9.94</hdop>
	<extensions>
		<gpxtpx:TrackPointExtension>
			<gpxtpx:course>66.3</gpxtpx:course>
		</gpxtpx:TrackPointExtension>
	</extensions>
</trkpt>
<trkpt lat="-8.9822829" lon="148.4139813">
	<ele>391.64</ele>
	<time>2025-12-12T03:46:50.000Z</time>
	<hdop>9.94</hdop>
	<extensions>
		<gpxtpx:TrackPointExtension>
			<gpxtpx:course>55.8</gpxtpx:course>
		</gpxtpx:TrackPointExtension>
	</extensions>
</trkpt>
<trkpt lat="-8.9822126" lon="148.4140433">
	<ele>392.39</ele>
	<time>2025-12-12T03:47:05.000Z</time>
	<hdop>9.94</hdop>
</trkpt>
<trkpt lat="-8.9821220" lon="148.4140603">
	<ele>396.09</ele>
	<time>2025-12-12T03:47:23.000Z</time>
	<hdop>9.94</hdop>
	<extensions>
		<gpxtpx:TrackPointExtension>
			<gpxtpx:course>13.5</gpxtpx:course>
		</gpxtpx:TrackPointExtension>
	</extensions>
</trkpt>
<trkpt lat="-8.9820264" lon="148.4140463">
	<ele>398.56</ele>
	<time>2025-12-12T03:47:48.000Z</time>
	<hdop>9.94</hdop>
	<extensions>
		<gpxtpx:TrackPointExtension>
			<gpxtpx:course>340.8</gpxtpx:course>
		</gpxtpx:TrackPointExtension>
	</extensions>
</trkpt>
<trkpt lat="-8.9819324" lon="148.4140270">
	<ele>395.12</ele>
	<time>2025-12-12T03:48:02.000Z</time>
	<hdop>9.94</hdop>
	<extensions>
		<gpxtpx:TrackPointExtension>
			<gpxtpx:course>336.9</gpxtpx:course>
		</gpxtpx:TrackPointExtension>
	</extensions>
</trkpt>
<trkpt lat="-8.9818716" lon="148.4139592">
	<ele>389.57</ele>
	<time>2025-12-12T03:48:31.000Z</time>
	<hdop>9.94</hdop>
	<extensions>
		<gpxtpx:TrackPointExtension>
			<gpxtpx:course>292.5</gpxtpx:course>
		</gpxtpx:TrackPointExtension>
	</extensions>
</trkpt>
<trkpt lat="-8.9818314" lon="148.4138771">
	<ele>386.49</ele>
	<time>2025-12-12T03:48:57.000Z</time>
	<hdop>9.94</hdop>
	<extensions>
		<gpxtpx:TrackPointExtension>
			<gpxtpx:course>275.5</gpxtpx:course>
		</gpxtpx:TrackPointExtension>
	</extensions>
</trkpt>
<trkpt lat="-8.9817417" lon="148.4138542">
	<ele>385.21</ele>
	<time>2025-12-12T03:49:20.000Z</time>
	<hdop>9.94</hdop>
	<extensions>
		<gpxtpx:TrackPointExtension>
			<gpxtpx:course>348.7</gpxtpx:course>
		</gpxtpx:TrackPointExtension>
	</extensions>
</trkpt>
<trkpt lat="-8.9816551" lon="148.4138258">
	<ele>387.24</ele>
	<time>2025-12-12T03:49:40.000Z</time>
	<hdop>9.94</hdop>
</trkpt>
<trkpt lat="-8.9815604" lon="148.4138295">
	<ele>392.71</ele>
	<time>2025-12-12T03:50:19.000Z</time>
	<hdop>9.94</hdop>
</trkpt>
<trkpt lat="-8.9814705" lon="148.4138441">
	<ele>395.28</ele>
	<time>2025-12-12T03:50:54.000Z</time>
	<hdop>9.94</hdop>
	<extensions>
		<gpxtpx:TrackPointExtension>
			<gpxtpx:course>28.4</gpxtpx:course>
		</gpxtpx:TrackPointExtension>
	</extensions>
</trkpt>
<trkpt lat="-8.9813824" lon="148.4138681">
	<ele>387.89</ele>
	<time>2025-12-12T03:51:10.000Z</time>
	<hdop>9.94</hdop>
	<extensions>
		<gpxtpx:TrackPointExtension>
			<gpxtpx:course>19.0</gpxtpx:course>
		</gpxtpx:TrackPointExtension>
	</extensions>
</trkpt>
<trkpt lat="-8.9813074" lon="148.4139253">
	<ele>386.25</ele>
	<time>2025-12-12T03:51:35.000Z</time>
	<hdop>9.94</hdop>
	<extensions>
		<gpxtpx:TrackPointExtension>
			<gpxtpx:course>19.0</gpxtpx:course>
		</gpxtpx:TrackPointExtension>
	</extensions>
</trkpt>
<trkpt lat="-8.9812354" lon="148.4139872">
	<ele>384.85</ele>
	<time>2025-12-12T03:52:01.000Z</time>
	<hdop>9.94</hdop>
	<extensions>
		<gpxtpx:TrackPointExtension>
			<gpxtpx:course>34.3</gpxtpx:course>
		</gpxtpx:TrackPointExtension>
	</extensions>
</trkpt>
<trkpt lat="-8.9811880" lon="148.4140674">
	<ele>384.78</ele>
	<time>2025-12-12T03:52:17.000Z</time>
	<hdop>9.94</hdop>
	<extensions>
		<gpxtpx:TrackPointExtension>
			<gpxtpx:course>66.4</gpxtpx:course>
		</gpxtpx:TrackPointExtension>
	</extensions>
</trkpt>
<trkpt lat="-8.9811298" lon="148.4141415">
	<ele>384.66</ele>
	<time>2025-12-12T03:52:30.000Z</time>
	<hdop>9.94</hdop>
	<extensions>
		<gpxtpx:TrackPointExtension>
			<gpxtpx:course>46.4</gpxtpx:course>
		</gpxtpx:TrackPointExtension>
	</extensions>
</trkpt>
<trkpt lat="-8.9810638" lon="148.4142125">
	<ele>389.69</ele>
	<time>2025-12-12T03:53:16.000Z</time>
	<hdop>9.94</hdop>
	<extensions>
		<gpxtpx:TrackPointExtension>
			<gpxtpx:course>74.1</gpxtpx:course>
		</gpxtpx:TrackPointExtension>
	</extensions>
</trkpt>
<trkpt lat="-8.9809779" lon="148.4142451">
	<ele>392.73</ele>
	<time>2025-12-12T03:53:42.000Z</time>
	<hdop>9.94</hdop>
	<extensions>
		<gpxtpx:TrackPointExtension>
			<gpxtpx:course>11.6</gpxtpx:course>
		</gpxtpx:TrackPointExtension>
	</extensions>
</trkpt>
<trkpt lat="-8.9808943" lon="148.4142805">
	<ele>383.87</ele>
	<time>2025-12-12T03:56:19.000Z</time>
	<hdop>9.94</hdop>
	<extensions>
		<gpxtpx:TrackPointExtension>
			<gpxtpx:course>18.5</gpxtpx:course>
		</gpxtpx:TrackPointExtension>
	</extensions>
</trkpt>
<trkpt lat="-8.9808451" lon="148.4143629">
	<ele>384.04</ele>
	<time>2025-12-12T03:56:56.000Z</time>
	<hdop>9.94</hdop>
	<extensions>
		<gpxtpx:TrackPointExtension>
			<gpxtpx:course>69.9</gpxtpx:course>
		</gpxtpx:TrackPointExtension>
	</extensions>
</trkpt>
<trkpt lat="-8.9807750" lon="148.4144223">
	<ele>386.06</ele>
	<time>2025-12-12T03:57:16.000Z</time>
	<hdop>9.94</hdop>
	<extensions>
		<gpxtpx:TrackPointExtension>
			<gpxtpx:course>0.9</gpxtpx:course>
		</gpxtpx:TrackPointExtension>
	</extensions>
</trkpt>
<trkpt lat="-8.9806984" lon="148.4144744">
	<ele>383.38</ele>
	<time>2025-12-12T03:57:37.000Z</time>
	<hdop>9.94</hdop>
	<extensions>
		<gpxtpx:TrackPointExtension>
			<gpxtpx:course>78.9</gpxtpx:course>
		</gpxtpx:TrackPointExtension>
	</extensions>
</trkpt>
<trkpt lat="-8.9806066" lon="148.4144765">
	<ele>381.96</ele>
	<time>2025-12-12T03:58:08.000Z</time>
	<hdop>9.94</hdop>
	<extensions>
		<gpxtpx:TrackPointExtension>
			<gpxtpx:course>315.6</gpxtpx:course>
		</gpxtpx:TrackPointExtension>
	</extensions>
</trkpt>
<trkpt lat="-8.9805183" lon="148.4145141">
	<ele>378.75</ele>
	<time>2025-12-12T03:58:32.000Z</time>
	<hdop>9.94</hdop>
	<extensions>
		<gpxtpx:TrackPointExtension>
			<gpxtpx:course>30.3</gpxtpx:course>
		</gpxtpx:TrackPointExtension>
	</extensions>
</trkpt>
<trkpt lat="-8.9804294" lon="148.4145446">
	<ele>381.64</ele>
	<time>2025-12-12T03:58:54.000Z</time>
	<hdop>9.94</hdop>
	<extensions>
		<gpxtpx:TrackPointExtension>
			<gpxtpx:course>350.1</gpxtpx:course>
		</gpxtpx:TrackPointExtension>
	</extensions>
</trkpt>
<trkpt lat="-8.9803423" lon="148.4145753">
	<ele>379.64</ele>
	<time>2025-12-12T04:00:21.000Z</time>
	<hdop>9.94</hdop>
	<extensions>
		<gpxtpx:TrackPointExtension>
			<gpxtpx:course>149.2</gpxtpx:course>
		</gpxtpx:TrackPointExtension>
	</extensions>
</trkpt>
<trkpt lat="-8.9802553" lon="148.4146021">
	<ele>376.40</ele>
	<time>2025-12-12T04:01:24.000Z</time>
	<hdop>9.94</hdop>
	<extensions>
		<gpxtpx:TrackPointExtension>
			<gpxtpx:course>40.4</gpxtpx:course>
		</gpxtpx:TrackPointExtension>
	</extensions>
</trkpt>
<trkpt lat="-8.9801668" lon="148.4146306">
	<ele>377.70</ele>
	<time>2025-12-12T04:11:04.000Z</time>
	<hdop>9.94</hdop>
	<extensions>
		<gpxtpx:TrackPointExtension>
			<gpxtpx:course>340.8</gpxtpx:course>
		</gpxtpx:TrackPointExtension>
	</extensions>
</trkpt>
<trkpt lat="-8.9800759" lon="148.4146586">
	<ele>378.91</ele>
	<time>2025-12-12T04:11:21.000Z</time>
	<hdop>9.94</hdop>
	<extensions>
		<gpxtpx:TrackPointExtension>
			<gpxtpx:course>15.7</gpxtpx:course>
		</gpxtpx:TrackPointExtension>
	</extensions>
</trkpt>
<trkpt lat="-8.9800413" lon="148.4147427">
	<ele>380.13</ele>
	<time>2025-12-12T04:19:00.000Z</time>
	<hdop>9.94</hdop>
	<extensions>
		<gpxtpx:TrackPointExtension>
			<gpxtpx:course>103.2</gpxtpx:course>
		</gpxtpx:TrackPointExtension>
	</extensions>
</trkpt>
<trkpt lat="-8.9800237" lon="148.4148320">
	<ele>384.97</ele>
	<time>2025-12-12T04:19:35.000Z</time>
	<hdop>9.94</hdop>
</trkpt>
<trkpt lat="-8.9799833" lon="148.4149177">
	<ele>387.30</ele>
	<time>2025-12-12T04:20:06.000Z</time>
	<hdop>9.94</hdop>
	<extensions>
		<gpxtpx:TrackPointExtension>
			<gpxtpx:course>111.6</gpxtpx:course>
		</gpxtpx:TrackPointExtension>
	</extensions>
</trkpt>
<trkpt lat="-8.9799526" lon="148.4150062">
	<ele>395.49</ele>
	<time>2025-12-12T04:21:00.000Z</time>
	<hdop>9.94</hdop>
</trkpt>
<trkpt lat="-8.9799305" lon="148.4150949">
	<ele>400.18</ele>
	<time>2025-12-12T04:21:27.000Z</time>
	<hdop>9.94</hdop>
	<extensions>
		<gpxtpx:TrackPointExtension>
			<gpxtpx:course>67.4</gpxtpx:course>
		</gpxtpx:TrackPointExtension>
	</extensions>
</trkpt>
<trkpt lat="-8.9798950" lon="148.4151792">
	<ele>410.46</ele>
	<time>2025-12-12T04:22:51.000Z</time>
	<hdop>9.94</hdop>
</trkpt>
<trkpt lat="-8.9798804" lon="148.4152730">
	<ele>415.41</ele>
	<time>2025-12-12T04:23:18.000Z</time>
	<hdop>9.94</hdop>
	<extensions>
		<gpxtpx:TrackPointExtension>
			<gpxtpx:course>80.8</gpxtpx:course>
		</gpxtpx:TrackPointExtension>
	</extensions>
</trkpt>
<trkpt lat="-8.9798532" lon="148.4153635">
	<ele>419.59</ele>
	<time>2025-12-12T04:23:40.000Z</time>
	<hdop>9.94</hdop>
	<extensions>
		<gpxtpx:TrackPointExtension>
			<gpxtpx:course>80.8</gpxtpx:course>
		</gpxtpx:TrackPointExtension>
	</extensions>
</trkpt>
<trkpt lat="-8.9798054" lon="148.4154419">
	<ele>425.87</ele>
	<time>2025-12-12T04:24:08.000Z</time>
	<hdop>9.94</hdop>
</trkpt>
<trkpt lat="-8.9797430" lon="148.4155106">
	<ele>427.32</ele>
	<time>2025-12-12T04:24:46.000Z</time>
	<hdop>9.94</hdop>
	<extensions>
		<gpxtpx:TrackPointExtension>
			<gpxtpx:course>73.2</gpxtpx:course>
		</gpxtpx:TrackPointExtension>
	</extensions>
</trkpt>
<trkpt lat="-8.9797392" lon="148.4156016">
	<ele>430.42</ele>
	<time>2025-12-12T04:25:06.000Z</time>
	<hdop>9.94</hdop>
	<extensions>
		<gpxtpx:TrackPointExtension>
			<gpxtpx:course>84.6</gpxtpx:course>
		</gpxtpx:TrackPointExtension>
	</extensions>
</trkpt>
<trkpt lat="-8.9796868" lon="148.4156779">
	<ele>431.03</ele>
	<time>2025-12-12T04:25:20.000Z</time>
	<hdop>9.94</hdop>
	<extensions>
		<gpxtpx:TrackPointExtension>
			<gpxtpx:course>48.2</gpxtpx:course>
		</gpxtpx:TrackPointExtension>
	</extensions>
</trkpt>
<trkpt lat="-8.9796085" lon="148.4157245">
	<ele>433.79</ele>
	<time>2025-12-12T04:25:39.000Z</time>
	<hdop>9.94</hdop>
</trkpt>
<trkpt lat="-8.9795170" lon="148.4157414">
	<ele>439.75</ele>
	<time>2025-12-12T04:26:08.000Z</time>
	<hdop>9.94</hdop>
	<extensions>
		<gpxtpx:TrackPointExtension>
			<gpxtpx:course>46.5</gpxtpx:course>
		</gpxtpx:TrackPointExtension>
	</extensions>
</trkpt>
<trkpt lat="-8.9794266" lon="148.4157659">
	<ele>443.04</ele>
	<time>2025-12-12T04:26:21.000Z</time>
	<hdop>9.94</hdop>
	<extensions>
		<gpxtpx:TrackPointExtension>
			<gpxtpx:course>17.7</gpxtpx:course>
		</gpxtpx:TrackPointExtension>
	</extensions>
</trkpt>
<trkpt lat="-8.9793333" lon="148.4157897">
	<ele>445.24</ele>
	<time>2025-12-12T04:26:37.000Z</time>
	<hdop>9.94</hdop>
	<extensions>
		<gpxtpx:TrackPointExtension>
			<gpxtpx:course>5.2</gpxtpx:course>
		</gpxtpx:TrackPointExtension>
	</extensions>
</trkpt>
<trkpt lat="-8.9792399" lon="148.4158011">
	<ele>444.59</ele>
	<time>2025-12-12T04:26:49.000Z</time>
	<hdop>9.94</hdop>
	<extensions>
		<gpxtpx:TrackPointExtension>
			<gpxtpx:course>5.4</gpxtpx:course>
		</gpxtpx:TrackPointExtension>
	</extensions>
</trkpt>
<trkpt lat="-8.9791531" lon="148.4158313">
	<ele>447.47</ele>
	<time>2025-12-12T04:27:05.000Z</time>
	<hdop>9.94</hdop>
	<extensions>
		<gpxtpx:TrackPointExtension>
			<gpxtpx:course>7.8</gpxtpx:course>
		</gpxtpx:TrackPointExtension>
	</extensions>
</trkpt>
<trkpt lat="-8.9790608" lon="148.4158388">
	<ele>450.40</ele>
	<time>2025-12-12T04:27:27.000Z</time>
	<hdop>9.94</hdop>
	<extensions>
		<gpxtpx:TrackPointExtension>
			<gpxtpx:course>2.5</gpxtpx:course>
		</gpxtpx:TrackPointExtension>
	</extensions>
</trkpt>
<trkpt lat="-8.9789690" lon="148.4158292">
	<ele>455.14</ele>
	<time>2025-12-12T04:27:41.000Z</time>
	<hdop>9.94</hdop>
</trkpt>
<trkpt lat="-8.9788694" lon="148.4158149">
	<ele>459.46</ele>
	<time>2025-12-12T04:28:00.000Z</time>
	<hdop>9.94</hdop>
	<extensions>
		<gpxtpx:TrackPointExtension>
			<gpxtpx:course>351.4</gpxtpx:course>
		</gpxtpx:TrackPointExtension>
	</extensions>
</trkpt>
<trkpt lat="-8.9787759" lon="148.4157872">
	<ele>459.86</ele>
	<time>2025-12-12T04:28:12.000Z</time>
	<hdop>9.94</hdop>
	<extensions>
		<gpxtpx:TrackPointExtension>
			<gpxtpx:course>341.7</gpxtpx:course>
		</gpxtpx:TrackPointExtension>
	</extensions>
</trkpt>
<trkpt lat="-8.9786836" lon="148.4157759">
	<ele>464.32</ele>
	<time>2025-12-12T04:28:26.000Z</time>
	<hdop>9.94</hdop>
	<extensions>
		<gpxtpx:TrackPointExtension>
			<gpxtpx:course>19.0</gpxtpx:course>
		</gpxtpx:TrackPointExtension>
	</extensions>
</trkpt>
<trkpt lat="-8.9785927" lon="148.4157556">
	<ele>470.73</ele>
	<time>2025-12-12T04:28:43.000Z</time>
	<hdop>9.94</hdop>
	<extensions>
		<gpxtpx:TrackPointExtension>
			<gpxtpx:course>42.8</gpxtpx:course>
		</gpxtpx:TrackPointExtension>
	</extensions>
</trkpt>
<trkpt lat="-8.9784956" lon="148.4157592">
	<ele>472.65</ele>
	<time>2025-12-12T04:28:56.000Z</time>
	<hdop>9.94</hdop>
	<extensions>
		<gpxtpx:TrackPointExtension>
			<gpxtpx:course>42.7</gpxtpx:course>
		</gpxtpx:TrackPointExtension>
	</extensions>
</trkpt>
<trkpt lat="-8.9784025" lon="148.4157560">
	<ele>473.18</ele>
	<time>2025-12-12T04:29:12.000Z</time>
	<hdop>9.94</hdop>
	<extensions>
		<gpxtpx:TrackPointExtension>
			<gpxtpx:course>55.3</gpxtpx:course>
		</gpxtpx:TrackPointExtension>
	</extensions>
</trkpt>
<trkpt lat="-8.9783126" lon="148.4157782">
	<ele>476.68</ele>
	<time>2025-12-12T04:29:23.000Z</time>
	<hdop>9.94</hdop>
	<extensions>
		<gpxtpx:TrackPointExtension>
			<gpxtpx:course>55.0</gpxtpx:course>
		</gpxtpx:TrackPointExtension>
	</extensions>
</trkpt>
<trkpt lat="-8.9782272" lon="148.4158142">
	<ele>480.79</ele>
	<time>2025-12-12T04:29:36.000Z</time>
	<hdop>9.94</hdop>
	<extensions>
		<gpxtpx:TrackPointExtension>
			<gpxtpx:course>53.8</gpxtpx:course>
		</gpxtpx:TrackPointExtension>
	</extensions>
</trkpt>
<trkpt lat="-8.9781371" lon="148.4158246">
	<ele>478.83</ele>
	<time>2025-12-12T04:33:26.000Z</time>
	<hdop>9.94</hdop>
</trkpt>
<trkpt lat="-8.9780446" lon="148.4158503">
	<ele>479.32</ele>
	<time>2025-12-12T04:34:11.000Z</time>
	<hdop>9.94</hdop>
	<extensions>
		<gpxtpx:TrackPointExtension>
			<gpxtpx:course>29.2</gpxtpx:course>
		</gpxtpx:TrackPointExtension>
	</extensions>
</trkpt>
<trkpt lat="-8.9779665" lon="148.4159121">
	<ele>479.12</ele>
	<time>2025-12-12T04:34:21.000Z</time>
	<hdop>9.94</hdop>
	<extensions>
		<gpxtpx:TrackPointExtension>
			<gpxtpx:course>54.5</gpxtpx:course>
		</gpxtpx:TrackPointExtension>
	</extensions>
</trkpt>
<trkpt lat="-8.9778751" lon="148.4159000">
	<ele>481.25</ele>
	<time>2025-12-12T04:34:42.000Z</time>
	<hdop>9.94</hdop>
	<extensions>
		<gpxtpx:TrackPointExtension>
			<gpxtpx:course>309.2</gpxtpx:course>
		</gpxtpx:TrackPointExtension>
	</extensions>
</trkpt>
<trkpt lat="-8.9777949" lon="148.4159422">
	<ele>487.41</ele>
	<time>2025-12-12T04:35:15.000Z</time>
	<hdop>9.94</hdop>
	<extensions>
		<gpxtpx:TrackPointExtension>
			<gpxtpx:course>17.4</gpxtpx:course>
		</gpxtpx:TrackPointExtension>
	</extensions>
</trkpt>
<trkpt lat="-8.9776996" lon="148.4159315">
	<ele>492.50</ele>
	<time>2025-12-12T04:35:46.000Z</time>
	<hdop>9.94</hdop>
	<extensions>
		<gpxtpx:TrackPointExtension>
			<gpxtpx:course>282.3</gpxtpx:course>
		</gpxtpx:TrackPointExtension>
	</extensions>
</trkpt>
<trkpt lat="-8.9776093" lon="148.4159498">
	<ele>495.85</ele>
	<time>2025-12-12T04:36:27.000Z</time>
	<hdop>9.94</hdop>
</trkpt>
<trkpt lat="-8.9775210" lon="148.4159823">
	<ele>498.62</ele>
	<time>2025-12-12T04:36:48.000Z</time>
	<hdop>9.94</hdop>
	<extensions>
		<gpxtpx:TrackPointExtension>
			<gpxtpx:course>36.3</gpxtpx:course>
		</gpxtpx:TrackPointExtension>
	</extensions>
</trkpt>
<trkpt lat="-8.9774293" lon="148.4160072">
	<ele>502.16</ele>
	<time>2025-12-12T04:37:03.000Z</time>
	<hdop>9.94</hdop>
	<extensions>
		<gpxtpx:TrackPointExtension>
			<gpxtpx:course>0.0</gpxtpx:course>
		</gpxtpx:TrackPointExtension>
	</extensions>
</trkpt>
<trkpt lat="-8.9773417" lon="148.4160436">
	<ele>506.00</ele>
	<time>2025-12-12T04:37:24.000Z</time>
	<hdop>9.94</hdop>
	<extensions>
		<gpxtpx:TrackPointExtension>
			<gpxtpx:course>24.8</gpxtpx:course>
		</gpxtpx:TrackPointExtension>
	</extensions>
</trkpt>
<trkpt lat="-8.9772498" lon="148.4160661">
	<ele>507.13</ele>
	<time>2025-12-12T04:37:53.000Z</time>
	<hdop>9.94</hdop>
</trkpt>
<trkpt lat="-8.9771755" lon="148.4161209">
	<ele>513.18</ele>
	<time>2025-12-12T04:38:11.000Z</time>
	<hdop>9.94</hdop>
	<extensions>
		<gpxtpx:TrackPointExtension>
			<gpxtpx:course>56.7</gpxtpx:course>
		</gpxtpx:TrackPointExtension>
	</extensions>
</trkpt>
<trkpt lat="-8.9770912" lon="148.4161557">
	<ele>516.22</ele>
	<time>2025-12-12T04:38:46.000Z</time>
	<hdop>9.94</hdop>
</trkpt>
<trkpt lat="-8.9770335" lon="148.4162299">
	<ele>521.77</ele>
	<time>2025-12-12T04:39:40.000Z</time>
	<hdop>9.94</hdop>
	<extensions>
		<gpxtpx:TrackPointExtension>
			<gpxtpx:course>49.9</gpxtpx:course>
		</gpxtpx:TrackPointExtension>
	</extensions>
</trkpt>
<trkpt lat="-8.9769709" lon="148.4162996">
	<ele>526.16</ele>
	<time>2025-12-12T04:40:52.000Z</time>
	<hdop>9.94</hdop>
	<extensions>
		<gpxtpx:TrackPointExtension>
			<gpxtpx:course>38.8</gpxtpx:course>
		</gpxtpx:TrackPointExtension>
	</extensions>
</trkpt>
<trkpt lat="-8.9769345" lon="148.4163873">
	<ele>534.52</ele>
	<time>2025-12-12T04:41:32.000Z</time>
	<hdop>9.94</hdop>
	<extensions>
		<gpxtpx:TrackPointExtension>
			<gpxtpx:course>77.1</gpxtpx:course>
		</gpxtpx:TrackPointExtension>
	</extensions>
</trkpt>
<trkpt lat="-8.9768718" lon="148.4164542">
	<ele>537.80</ele>
	<time>2025-12-12T04:42:13.000Z</time>
	<hdop>9.94</hdop>
	<extensions>
		<gpxtpx:TrackPointExtension>
			<gpxtpx:course>62.4</gpxtpx:course>
		</gpxtpx:TrackPointExtension>
	</extensions>
</trkpt>
<trkpt lat="-8.9767940" lon="148.4165007">
	<ele>550.92</ele>
	<time>2025-12-12T04:42:55.000Z</time>
	<hdop>9.94</hdop>
	<extensions>
		<gpxtpx:TrackPointExtension>
			<gpxtpx:course>103.6</gpxtpx:course>
		</gpxtpx:TrackPointExtension>
	</extensions>
</trkpt>
<trkpt lat="-8.9767608" lon="148.4165889">
	<ele>555.91</ele>
	<time>2025-12-12T04:43:54.000Z</time>
	<hdop>9.94</hdop>
	<extensions>
		<gpxtpx:TrackPointExtension>
			<gpxtpx:course>85.8</gpxtpx:course>
		</gpxtpx:TrackPointExtension>
	</extensions>
</trkpt>
<trkpt lat="-8.9767144" lon="148.4166715">
	<ele>559.71</ele>
	<time>2025-12-12T04:44:34.000Z</time>
	<hdop>9.94</hdop>
	<extensions>
		<gpxtpx:TrackPointExtension>
			<gpxtpx:course>31.1</gpxtpx:course>
		</gpxtpx:TrackPointExtension>
	</extensions>
</trkpt>
<trkpt lat="-8.9766237" lon="148.4166819">
	<ele>567.04</ele>
	<time>2025-12-12T04:46:44.000Z</time>
	<hdop>9.94</hdop>
	<extensions>
		<gpxtpx:TrackPointExtension>
			<gpxtpx:course>71.4</gpxtpx:course>
		</gpxtpx:TrackPointExtension>
	</extensions>
</trkpt>
<trkpt lat="-8.9765351" lon="148.4167100">
	<ele>574.97</ele>
	<time>2025-12-12T04:47:48.000Z</time>
	<hdop>9.94</hdop>
	<extensions>
		<gpxtpx:TrackPointExtension>
			<gpxtpx:course>335.4</gpxtpx:course>
		</gpxtpx:TrackPointExtension>
	</extensions>
</trkpt>
<trkpt lat="-8.9764456" lon="148.4166912">
	<ele>580.42</ele>
	<time>2025-12-12T04:48:56.000Z</time>
	<hdop>9.94</hdop>
</trkpt>
<trkpt lat="-8.9763636" lon="148.4167311">
	<ele>586.52</ele>
	<time>2025-12-12T04:49:47.000Z</time>
	<hdop>9.94</hdop>
	<extensions>
		<gpxtpx:TrackPointExtension>
			<gpxtpx:course>22.3</gpxtpx:course>
		</gpxtpx:TrackPointExtension>
	</extensions>
</trkpt>
<trkpt lat="-8.9762729" lon="148.4167350">
	<ele>591.45</ele>
	<time>2025-12-12T04:50:36.000Z</time>
	<hdop>9.94</hdop>
	<extensions>
		<gpxtpx:TrackPointExtension>
			<gpxtpx:course>25.3</gpxtpx:course>
		</gpxtpx:TrackPointExtension>
	</extensions>
</trkpt>
<trkpt lat="-8.9761881" lon="148.4167724">
	<ele>601.62</ele>
	<time>2025-12-12T04:52:22.000Z</time>
	<hdop>9.94</hdop>
</trkpt>
<trkpt lat="-8.9761096" lon="148.4168199">
	<ele>612.20</ele>
	<time>2025-12-12T04:52:58.000Z</time>
	<hdop>9.94</hdop>
	<extensions>
		<gpxtpx:TrackPointExtension>
			<gpxtpx:course>78.2</gpxtpx:course>
		</gpxtpx:TrackPointExtension>
	</extensions>
</trkpt>
<trkpt lat="-8.9760207" lon="148.4168456">
	<ele>618.32</ele>
	<time>2025-12-12T04:53:35.000Z</time>
	<hdop>9.94</hdop>
	<extensions>
		<gpxtpx:TrackPointExtension>
			<gpxtpx:course>345.1</gpxtpx:course>
		</gpxtpx:TrackPointExtension>
	</extensions>
</trkpt>
<trkpt lat="-8.9759271" lon="148.4168206">
	<ele>619.94</ele>
	<time>2025-12-12T04:53:50.000Z</time>
	<hdop>9.94</hdop>
	<extensions>
		<gpxtpx:TrackPointExtension>
			<gpxtpx:course>346.2</gpxtpx:course>
		</gpxtpx:TrackPointExtension>
	</extensions>
</trkpt>
<trkpt lat="-8.9758425" lon="148.4168566">
	<ele>625.11</ele>
	<time>2025-12-12T04:54:10.000Z</time>
	<hdop>9.94</hdop>
</trkpt>
<trkpt lat="-8.9757544" lon="148.4168937">
	<ele>626.85</ele>
	<time>2025-12-12T04:54:33.000Z</time>
	<hdop>9.94</hdop>
	<extensions>
		<gpxtpx:TrackPointExtension>
			<gpxtpx:course>26.7</gpxtpx:course>
		</gpxtpx:TrackPointExtension>
	</extensions>
</trkpt>
<trkpt lat="-8.9756726" lon="148.4169359">
	<ele>634.73</ele>
	<time>2025-12-12T04:56:29.000Z</time>
	<hdop>9.94</hdop>
	<extensions>
		<gpxtpx:TrackPointExtension>
			<gpxtpx:course>13.9</gpxtpx:course>
		</gpxtpx:TrackPointExtension>
	</extensions>
</trkpt>
<trkpt lat="-8.9756007" lon="148.4170019">
	<ele>632.28</ele>
	<time>2025-12-12T04:56:43.000Z</time>
	<hdop>9.94</hdop>
	<extensions>
		<gpxtpx:TrackPointExtension>
			<gpxtpx:course>43.8</gpxtpx:course>
		</gpxtpx:TrackPointExtension>
	</extensions>
</trkpt>
<trkpt lat="-8.9755196" lon="148.4170449">
	<ele>628.33</ele>
	<time>2025-12-12T04:57:00.000Z</time>
	<hdop>3.79</hdop>
	<extensions>
		<gpxtpx:TrackPointExtension>
			<gpxtpx:course>18.1</gpxtpx:course>
		</gpxtpx:TrackPointExtension>
	</extensions>
</trkpt>
<trkpt lat="-8.9754564" lon="148.4171136">
	<ele>627.46</ele>
	<time>2025-12-12T04:57:21.000Z</time>
	<hdop>3.79</hdop>
	<extensions>
		<gpxtpx:TrackPointExtension>
			<gpxtpx:course>65.8</gpxtpx:course>
		</gpxtpx:TrackPointExtension>
	</extensions>
</trkpt>
<trkpt lat="-8.9753815" lon="148.4171694">
	<ele>630.15</ele>
	<time>2025-12-12T04:57:39.000Z</time>
	<hdop>3.79</hdop>
</trkpt>
<trkpt lat="-8.9753305" lon="148.4172462">
	<ele>622.63</ele>
	<time>2025-12-12T04:58:26.000Z</time>
	<hdop>9.94</hdop>
	<extensions>
		<gpxtpx:TrackPointExtension>
			<gpxtpx:course>63.9</gpxtpx:course>
		</gpxtpx:TrackPointExtension>
	</extensions>
</trkpt>
<trkpt lat="-8.9752644" lon="148.4173132">
	<ele>619.92</ele>
	<time>2025-12-12T04:58:41.000Z</time>
	<hdop>9.94</hdop>
	<extensions>
		<gpxtpx:TrackPointExtension>
			<gpxtpx:course>27.5</gpxtpx:course>
		</gpxtpx:TrackPointExtension>
	</extensions>
</trkpt>
<trkpt lat="-8.9751784" lon="148.4173535">
	<ele>614.28</ele>
	<time>2025-12-12T04:59:24.000Z</time>
	<hdop>9.94</hdop>
	<extensions>
		<gpxtpx:TrackPointExtension>
			<gpxtpx:course>20.9</gpxtpx:course>
		</gpxtpx:TrackPointExtension>
	</extensions>
</trkpt>
<trkpt lat="-8.9750857" lon="148.4173622">
	<ele>616.52</ele>
	<time>2025-12-12T04:59:58.000Z</time>
	<hdop>9.94</hdop>
	<extensions>
		<gpxtpx:TrackPointExtension>
			<gpxtpx:course>26.8</gpxtpx:course>
		</gpxtpx:TrackPointExtension>
	</extensions>
</trkpt>
<trkpt lat="-8.9750923" lon="148.4174548">
	<ele>620.08</ele>
	<time>2025-12-12T05:00:21.000Z</time>
	<hdop>9.94</hdop>
	<extensions>
		<gpxtpx:TrackPointExtension>
			<gpxtpx:course>109.9</gpxtpx:course>
		</gpxtpx:TrackPointExtension>
	</extensions>
</trkpt>
<trkpt lat="-8.9750284" lon="148.4175259">
	<ele>624.49</ele>
	<time>2025-12-12T05:00:53.000Z</time>
	<hdop>9.94</hdop>
	<extensions>
		<gpxtpx:TrackPointExtension>
			<gpxtpx:course>34.2</gpxtpx:course>
		</gpxtpx:TrackPointExtension>
	</extensions>
</trkpt>
<trkpt lat="-8.9749956" lon="148.4176134">
	<ele>633.17</ele>
	<time>2025-12-12T05:01:43.000Z</time>
	<hdop>9.94</hdop>
</trkpt>
<trkpt lat="-8.9749513" lon="148.4176985">
	<ele>639.99</ele>
	<time>2025-12-12T05:02:29.000Z</time>
	<hdop>9.94</hdop>
	<extensions>
		<gpxtpx:TrackPointExtension>
			<gpxtpx:course>75.3</gpxtpx:course>
		</gpxtpx:TrackPointExtension>
	</extensions>
</trkpt>
<trkpt lat="-8.9748952" lon="148.4177701">
	<ele>640.66</ele>
	<time>2025-12-12T05:02:46.000Z</time>
	<hdop>9.94</hdop>
</trkpt>
<trkpt lat="-8.9748103" lon="148.4178029">
	<ele>645.77</ele>
	<time>2025-12-12T05:03:03.000Z</time>
	<hdop>9.94</hdop>
	<extensions>
		<gpxtpx:TrackPointExtension>
			<gpxtpx:course>44.1</gpxtpx:course>
		</gpxtpx:TrackPointExtension>
	</extensions>
</trkpt>
<trkpt lat="-8.9747426" lon="148.4178721">
	<ele>645.59</ele>
	<time>2025-12-12T05:03:23.000Z</time>
	<hdop>9.94</hdop>
	<extensions>
		<gpxtpx:TrackPointExtension>
			<gpxtpx:course>54.1</gpxtpx:course>
		</gpxtpx:TrackPointExtension>
	</extensions>
</trkpt>
<trkpt lat="-8.9747043" lon="148.4179629">
	<ele>646.56</ele>
	<time>2025-12-12T05:03:33.000Z</time>
	<hdop>9.94</hdop>
	<extensions>
		<gpxtpx:TrackPointExtension>
			<gpxtpx:course>78.7</gpxtpx:course>
		</gpxtpx:TrackPointExtension>
	</extensions>
</trkpt>
<trkpt lat="-8.9746615" lon="148.4180452">
	<ele>649.65</ele>
	<time>2025-12-12T05:03:44.000Z</time>
	<hdop>9.94</hdop>
	<extensions>
		<gpxtpx:TrackPointExtension>
			<gpxtpx:course>79.2</gpxtpx:course>
		</gpxtpx:TrackPointExtension>
	</extensions>
</trkpt>
<trkpt lat="-8.9746463" lon="148.4181478">
	<ele>648.14</ele>
	<time>2025-12-12T05:03:54.000Z</time>
	<hdop>9.94</hdop>
	<extensions>
		<gpxtpx:TrackPointExtension>
			<gpxtpx:course>76.7</gpxtpx:course>
		</gpxtpx:TrackPointExtension>
	</extensions>
</trkpt>
<trkpt lat="-8.9746116" lon="148.4182341">
	<ele>648.28</ele>
	<time>2025-12-12T05:04:04.000Z</time>
	<hdop>9.94</hdop>
	<extensions>
		<gpxtpx:TrackPointExtension>
			<gpxtpx:course>65.3</gpxtpx:course>
		</gpxtpx:TrackPointExtension>
	</extensions>
</trkpt>
<trkpt lat="-8.9745711" lon="148.4183206">
	<ele>650.65</ele>
	<time>2025-12-12T05:04:15.000Z</time>
	<hdop>9.94</hdop>
	<extensions>
		<gpxtpx:TrackPointExtension>
			<gpxtpx:course>51.0</gpxtpx:course>
		</gpxtpx:TrackPointExtension>
	</extensions>
</trkpt>
<trkpt lat="-8.9745354" lon="148.4184104">
	<ele>650.81</ele>
	<time>2025-12-12T05:04:27.000Z</time>
	<hdop>9.94</hdop>
	<extensions>
		<gpxtpx:TrackPointExtension>
			<gpxtpx:course>54.2</gpxtpx:course>
		</gpxtpx:TrackPointExtension>
	</extensions>
</trkpt>
<trkpt lat="-8.9744422" lon="148.4183938">
	<ele>651.85</ele>
	<time>2025-12-12T05:04:48.000Z</time>
	<hdop>9.94</hdop>
	<extensions>
		<gpxtpx:TrackPointExtension>
			<gpxtpx:course>5.1</gpxtpx:course>
		</gpxtpx:TrackPointExtension>
	</extensions>
</trkpt>
<trkpt lat="-8.9743991" lon="148.4184789">
	<ele>650.41</ele>
	<time>2025-12-12T05:05:00.000Z</time>
	<hdop>3.79</hdop>
	<extensions>
		<gpxtpx:TrackPointExtension>
			<gpxtpx:course>92.2</gpxtpx:course>
		</gpxtpx:TrackPointExtension>
	</extensions>
</trkpt>
<trkpt lat="-8.9743780" lon="148.4185726">
	<ele>650.12</ele>
	<time>2025-12-12T05:05:11.000Z</time>
	<hdop>3.79</hdop>
	<extensions>
		<gpxtpx:TrackPointExtension>
			<gpxtpx:course>80.7</gpxtpx:course>
		</gpxtpx:TrackPointExtension>
	</extensions>
</trkpt>
<trkpt lat="-8.9743320" lon="148.4186593">
	<ele>648.58</ele>
	<time>2025-12-12T05:06:12.000Z</time>
	<hdop>3.79</hdop>
	<extensions>
		<gpxtpx:TrackPointExtension>
			<gpxtpx:course>76.2</gpxtpx:course>
		</gpxtpx:TrackPointExtension>
	</extensions>
</trkpt>
<trkpt lat="-8.9742823" lon="148.4187359">
	<ele>649.24</ele>
	<time>2025-12-12T05:06:22.000Z</time>
	<hdop>3.79</hdop>
	<extensions>
		<gpxtpx:TrackPointExtension>
			<gpxtpx:course>59.3</gpxtpx:course>
		</gpxtpx:TrackPointExtension>
	</extensions>
</trkpt>
<trkpt lat="-8.9742558" lon="148.4188505">
	<ele>650.87</ele>
	<time>2025-12-12T05:06:32.000Z</time>
	<hdop>3.79</hdop>
	<extensions>
		<gpxtpx:TrackPointExtension>
			<gpxtpx:course>69.7</gpxtpx:course>
		</gpxtpx:TrackPointExtension>
	</extensions>
</trkpt>
<trkpt lat="-8.9742148" lon="148.4189321">
	<ele>652.37</ele>
	<time>2025-12-12T05:06:42.000Z</time>
	<hdop>3.79</hdop>
	<extensions>
		<gpxtpx:TrackPointExtension>
			<gpxtpx:course>36.9</gpxtpx:course>
		</gpxtpx:TrackPointExtension>
	</extensions>
</trkpt>
<trkpt lat="-8.9741324" lon="148.4189742">
	<ele>649.82</ele>
	<time>2025-12-12T05:07:08.000Z</time>
	<hdop>3.79</hdop>
	<extensions>
		<gpxtpx:TrackPointExtension>
			<gpxtpx:course>54.2</gpxtpx:course>
		</gpxtpx:TrackPointExtension>
	</extensions>
</trkpt>
<trkpt lat="-8.9740812" lon="148.4190531">
	<ele>650.28</ele>
	<time>2025-12-12T05:07:24.000Z</time>
	<hdop>3.79</hdop>
	<extensions>
		<gpxtpx:TrackPointExtension>
			<gpxtpx:course>66.9</gpxtpx:course>
		</gpxtpx:TrackPointExtension>
	</extensions>
</trkpt>
<trkpt lat="-8.9740101" lon="148.4191221">
	<ele>651.77</ele>
	<time>2025-12-12T05:07:39.000Z</time>
	<hdop>9.94</hdop>
	<extensions>
		<gpxtpx:TrackPointExtension>
			<gpxtpx:course>77.9</gpxtpx:course>
		</gpxtpx:TrackPointExtension>
	</extensions>
</trkpt>
<trkpt lat="-8.9739386" lon="148.4191892">
	<ele>651.63</ele>
	<time>2025-12-12T05:07:54.000Z</time>
	<hdop>9.94</hdop>
	<extensions>
		<gpxtpx:TrackPointExtension>
			<gpxtpx:course>35.0</gpxtpx:course>
		</gpxtpx:TrackPointExtension>
	</extensions>
</trkpt>
<trkpt lat="-8.9738764" lon="148.4192590">
	<ele>651.51</ele>
	<time>2025-12-12T05:08:05.000Z</time>
	<hdop>9.94</hdop>
	<extensions>
		<gpxtpx:TrackPointExtension>
			<gpxtpx:course>43.4</gpxtpx:course>
		</gpxtpx:TrackPointExtension>
	</extensions>
</trkpt>
<trkpt lat="-8.9738180" lon="148.4193319">
	<ele>653.34</ele>
	<time>2025-12-12T05:08:17.000Z</time>
	<hdop>9.94</hdop>
	<extensions>
		<gpxtpx:TrackPointExtension>
			<gpxtpx:course>45.2</gpxtpx:course>
		</gpxtpx:TrackPointExtension>
	</extensions>
</trkpt>
<trkpt lat="-8.9737860" lon="148.4194296">
	<ele>654.14</ele>
	<time>2025-12-12T05:08:29.000Z</time>
	<hdop>9.94</hdop>
	<extensions>
		<gpxtpx:TrackPointExtension>
			<gpxtpx:course>61.8</gpxtpx:course>
		</gpxtpx:TrackPointExtension>
	</extensions>
</trkpt>
<trkpt lat="-8.9737291" lon="148.4195086">
	<ele>652.14</ele>
	<time>2025-12-12T05:08:46.000Z</time>
	<hdop>3.79</hdop>
	<extensions>
		<gpxtpx:TrackPointExtension>
			<gpxtpx:course>67.8</gpxtpx:course>
		</gpxtpx:TrackPointExtension>
	</extensions>
</trkpt>
<trkpt lat="-8.9736769" lon="148.4196103">
	<ele>654.69</ele>
	<time>2025-12-12T05:08:56.000Z</time>
	<hdop>3.79</hdop>
	<extensions>
		<gpxtpx:TrackPointExtension>
			<gpxtpx:course>57.2</gpxtpx:course>
		</gpxtpx:TrackPointExtension>
	</extensions>
</trkpt>
<trkpt lat="-8.9736306" lon="148.4196915">
	<ele>658.08</ele>
	<time>2025-12-12T05:09:09.000Z</time>
	<hdop>3.79</hdop>
	<extensions>
		<gpxtpx:TrackPointExtension>
			<gpxtpx:course>58.1</gpxtpx:course>
		</gpxtpx:TrackPointExtension>
	</extensions>
</trkpt>
<trkpt lat="-8.9735487" lon="148.4197357">
	<ele>657.08</ele>
	<time>2025-12-12T05:09:27.000Z</time>
	<hdop>3.79</hdop>
	<extensions>
		<gpxtpx:TrackPointExtension>
			<gpxtpx:course>357.6</gpxtpx:course>
		</gpxtpx:TrackPointExtension>
	</extensions>
</trkpt>
<trkpt lat="-8.9734545" lon="148.4197464">
	<ele>656.68</ele>
	<time>2025-12-12T05:09:38.000Z</time>
	<hdop>3.79</hdop>
	<extensions>
		<gpxtpx:TrackPointExtension>
			<gpxtpx:course>357.6</gpxtpx:course>
		</gpxtpx:TrackPointExtension>
	</extensions>
</trkpt>
<trkpt lat="-8.9733833" lon="148.4198046">
	<ele>659.87</ele>
	<time>2025-12-12T05:09:53.000Z</time>
	<hdop>3.79</hdop>
</trkpt>
<trkpt lat="-8.9733145" lon="148.4198754">
	<ele>664.35</ele>
	<time>2025-12-12T05:10:06.000Z</time>
	<hdop>3.79</hdop>
</trkpt>
<trkpt lat="-8.9732299" lon="148.4199103">
	<ele>663.11</ele>
	<time>2025-12-12T05:10:19.000Z</time>
	<hdop>3.79</hdop>
	<extensions>
		<gpxtpx:TrackPointExtension>
			<gpxtpx:course>11.1</gpxtpx:course>
		</gpxtpx:TrackPointExtension>
	</extensions>
</trkpt>
<trkpt lat="-8.9731428" lon="148.4199432">
	<ele>664.49</ele>
	<time>2025-12-12T05:10:30.000Z</time>
	<hdop>3.79</hdop>
	<extensions>
		<gpxtpx:TrackPointExtension>
			<gpxtpx:course>24.0</gpxtpx:course>
		</gpxtpx:TrackPointExtension>
	</extensions>
</trkpt>
<trkpt lat="-8.9730546" lon="148.4199818">
	<ele>667.38</ele>
	<time>2025-12-12T05:10:47.000Z</time>
	<hdop>3.79</hdop>
	<extensions>
		<gpxtpx:TrackPointExtension>
			<gpxtpx:course>35.4</gpxtpx:course>
		</gpxtpx:TrackPointExtension>
	</extensions>
</trkpt>
<trkpt lat="-8.9729660" lon="148.4200171">
	<ele>667.67</ele>
	<time>2025-12-12T05:11:01.000Z</time>
	<hdop>3.79</hdop>
	<extensions>
		<gpxtpx:TrackPointExtension>
			<gpxtpx:course>8.1</gpxtpx:course>
		</gpxtpx:TrackPointExtension>
	</extensions>
</trkpt>
<trkpt lat="-8.9728813" lon="148.4200509">
	<ele>668.52</ele>
	<time>2025-12-12T05:11:17.000Z</time>
	<hdop>3.79</hdop>
	<extensions>
		<gpxtpx:TrackPointExtension>
			<gpxtpx:course>8.1</gpxtpx:course>
		</gpxtpx:TrackPointExtension>
	</extensions>
</trkpt>
<trkpt lat="-8.9727796" lon="148.4200584">
	<ele>671.21</ele>
	<time>2025-12-12T05:11:27.000Z</time>
	<hdop>3.79</hdop>
	<extensions>
		<gpxtpx:TrackPointExtension>
			<gpxtpx:course>21.9</gpxtpx:course>
		</gpxtpx:TrackPointExtension>
	</extensions>
</trkpt>
<trkpt lat="-8.9727262" lon="148.4201331">
	<ele>672.51</ele>
	<time>2025-12-12T05:11:41.000Z</time>
	<hdop>3.79</hdop>
	<extensions>
		<gpxtpx:TrackPointExtension>
			<gpxtpx:course>130.1</gpxtpx:course>
		</gpxtpx:TrackPointExtension>
	</extensions>
</trkpt>
<trkpt lat="-8.9726858" lon="148.4202290">
	<ele>674.46</ele>
	<time>2025-12-12T05:11:51.000Z</time>
	<hdop>3.79</hdop>
	<extensions>
		<gpxtpx:TrackPointExtension>
			<gpxtpx:course>64.5</gpxtpx:course>
		</gpxtpx:TrackPointExtension>
	</extensions>
</trkpt>
<trkpt lat="-8.9726242" lon="148.4203066">
	<ele>676.45</ele>
	<time>2025-12-12T05:12:09.000Z</time>
	<hdop>3.79</hdop>
	<extensions>
		<gpxtpx:TrackPointExtension>
			<gpxtpx:course>30.5</gpxtpx:course>
		</gpxtpx:TrackPointExtension>
	</extensions>
</trkpt>
<trkpt lat="-8.9725367" lon="148.4203573">
	<ele>673.95</ele>
	<time>2025-12-12T05:12:20.000Z</time>
	<hdop>3.79</hdop>
	<extensions>
		<gpxtpx:TrackPointExtension>
			<gpxtpx:course>55.4</gpxtpx:course>
		</gpxtpx:TrackPointExtension>
	</extensions>
</trkpt>
<trkpt lat="-8.9724607" lon="148.4204174">
	<ele>674.86</ele>
	<time>2025-12-12T05:12:35.000Z</time>
	<hdop>3.79</hdop>
	<extensions>
		<gpxtpx:TrackPointExtension>
			<gpxtpx:course>39.5</gpxtpx:course>
		</gpxtpx:TrackPointExtension>
	</extensions>
</trkpt>
<trkpt lat="-8.9723556" lon="148.4204312">
	<ele>671.79</ele>
	<time>2025-12-12T05:12:45.000Z</time>
	<hdop>3.79</hdop>
	<extensions>
		<gpxtpx:TrackPointExtension>
			<gpxtpx:course>2.4</gpxtpx:course>
		</gpxtpx:TrackPointExtension>
	</extensions>
</trkpt>
<trkpt lat="-8.9722644" lon="148.4204233">
	<ele>670.17</ele>
	<time>2025-12-12T05:12:55.000Z</time>
	<hdop>3.79</hdop>
	<extensions>
		<gpxtpx:TrackPointExtension>
			<gpxtpx:course>339.4</gpxtpx:course>
		</gpxtpx:TrackPointExtension>
	</extensions>
</trkpt>
<trkpt lat="-8.9721772" lon="148.4203844">
	<ele>670.18</ele>
	<time>2025-12-12T05:13:09.000Z</time>
	<hdop>3.79</hdop>
	<extensions>
		<gpxtpx:TrackPointExtension>
			<gpxtpx:course>333.1</gpxtpx:course>
		</gpxtpx:TrackPointExtension>
	</extensions>
</trkpt>
<trkpt lat="-8.9721040" lon="148.4203265">
	<ele>670.98</ele>
	<time>2025-12-12T05:13:19.000Z</time>
	<hdop>9.94</hdop>
</trkpt>
<trkpt lat="-8.9720084" lon="148.4202996">
	<ele>671.49</ele>
	<time>2025-12-12T05:13:43.000Z</time>
	<hdop>9.94</hdop>
	<extensions>
		<gpxtpx:TrackPointExtension>
			<gpxtpx:course>25.9</gpxtpx:course>
		</gpxtpx:TrackPointExtension>
	</extensions>
</trkpt>
<trkpt lat="-8.9719104" lon="148.4203056">
	<ele>670.32</ele>
	<time>2025-12-12T05:13:57.000Z</time>
	<hdop>9.94</hdop>
	<extensions>
		<gpxtpx:TrackPointExtension>
			<gpxtpx:course>11.2</gpxtpx:course>
		</gpxtpx:TrackPointExtension>
	</extensions>
</trkpt>
<trkpt lat="-8.9718092" lon="148.4203123">
	<ele>675.85</ele>
	<time>2025-12-12T05:14:09.000Z</time>
	<hdop>9.94</hdop>
</trkpt>
<trkpt lat="-8.9717162" lon="148.4203409">
	<ele>676.80</ele>
	<time>2025-12-12T05:14:20.000Z</time>
	<hdop>3.79</hdop>
	<extensions>
		<gpxtpx:TrackPointExtension>
			<gpxtpx:course>16.7</gpxtpx:course>
		</gpxtpx:TrackPointExtension>
	</extensions>
</trkpt>
<trkpt lat="-8.9716348" lon="148.4203860">
	<ele>676.92</ele>
	<time>2025-12-12T05:14:32.000Z</time>
	<hdop>3.79</hdop>
	<extensions>
		<gpxtpx:TrackPointExtension>
			<gpxtpx:course>17.8</gpxtpx:course>
		</gpxtpx:TrackPointExtension>
	</extensions>
</trkpt>
<trkpt lat="-8.9715618" lon="148.4204444">
	<ele>674.97</ele>
	<time>2025-12-12T05:14:43.000Z</time>
	<hdop>3.79</hdop>
	<extensions>
		<gpxtpx:TrackPointExtension>
			<gpxtpx:course>56.7</gpxtpx:course>
		</gpxtpx:TrackPointExtension>
	</extensions>
</trkpt>
<trkpt lat="-8.9714668" lon="148.4204648">
	<ele>674.98</ele>
	<time>2025-12-12T05:14:57.000Z</time>
	<hdop>3.79</hdop>
	<extensions>
		<gpxtpx:TrackPointExtension>
			<gpxtpx:course>18.8</gpxtpx:course>
		</gpxtpx:TrackPointExtension>
	</extensions>
</trkpt>
<trkpt lat="-8.9713708" lon="148.4204348">
	<ele>676.79</ele>
	<time>2025-12-12T05:15:08.000Z</time>
	<hdop>3.79</hdop>
	<extensions>
		<gpxtpx:TrackPointExtension>
			<gpxtpx:course>323.8</gpxtpx:course>
		</gpxtpx:TrackPointExtension>
	</extensions>
</trkpt>
<trkpt lat="-8.9712882" lon="148.4203977">
	<ele>676.06</ele>
	<time>2025-12-12T05:15:18.000Z</time>
	<hdop>3.79</hdop>
	<extensions>
		<gpxtpx:TrackPointExtension>
			<gpxtpx:course>316.9</gpxtpx:course>
		</gpxtpx:TrackPointExtension>
	</extensions>
</trkpt>
<trkpt lat="-8.9712167" lon="148.4203246">
	<ele>674.42</ele>
	<time>2025-12-12T05:15:28.000Z</time>
	<hdop>3.79</hdop>
	<extensions>
		<gpxtpx:TrackPointExtension>
			<gpxtpx:course>306.5</gpxtpx:course>
		</gpxtpx:TrackPointExtension>
	</extensions>
</trkpt>
<trkpt lat="-8.9711198" lon="148.4203147">
	<ele>670.74</ele>
	<time>2025-12-12T05:15:39.000Z</time>
	<hdop>3.79</hdop>
	<extensions>
		<gpxtpx:TrackPointExtension>
			<gpxtpx:course>306.5</gpxtpx:course>
		</gpxtpx:TrackPointExtension>
	</extensions>
</trkpt>
<trkpt lat="-8.9710190" lon="148.4202827">
	<ele>668.73</ele>
	<time>2025-12-12T05:15:49.000Z</time>
	<hdop>3.79</hdop>
	<extensions>
		<gpxtpx:TrackPointExtension>
			<gpxtpx:course>350.2</gpxtpx:course>
		</gpxtpx:TrackPointExtension>
	</extensions>
</trkpt>
<trkpt lat="-8.9709261" lon="148.4203021">
	<ele>666.18</ele>
	<time>2025-12-12T05:16:06.000Z</time>
	<hdop>3.79</hdop>
	<extensions>
		<gpxtpx:TrackPointExtension>
			<gpxtpx:course>23.7</gpxtpx:course>
		</gpxtpx:TrackPointExtension>
	</extensions>
</trkpt>
<trkpt lat="-8.9708650" lon="148.4202338">
	<ele>667.42</ele>
	<time>2025-12-12T05:16:53.000Z</time>
	<hdop>3.79</hdop>
</trkpt>
<trkpt lat="-8.9708131" lon="148.4203100">
	<ele>660.36</ele>
	<time>2025-12-12T05:24:41.000Z</time>
	<hdop>3.79</hdop>
	<extensions>
		<gpxtpx:TrackPointExtension>
			<gpxtpx:course>68.4</gpxtpx:course>
		</gpxtpx:TrackPointExtension>
	</extensions>
</trkpt>
<trkpt lat="-8.9707402" lon="148.4203681">
	<ele>658.67</ele>
	<time>2025-12-12T05:25:17.000Z</time>
	<hdop>3.79</hdop>
	<extensions>
		<gpxtpx:TrackPointExtension>
			<gpxtpx:course>30.9</gpxtpx:course>
		</gpxtpx:TrackPointExtension>
	</extensions>
</trkpt>
<trkpt lat="-8.9706512" lon="148.4203909">
	<ele>649.77</ele>
	<time>2025-12-12T05:27:08.000Z</time>
	<hdop>9.94</hdop>
	<extensions>
		<gpxtpx:TrackPointExtension>
			<gpxtpx:course>352.6</gpxtpx:course>
		</gpxtpx:TrackPointExtension>
	</extensions>
</trkpt>
<trkpt lat="-8.9705967" lon="148.4204678">
	<ele>642.37</ele>
	<time>2025-12-12T05:28:25.000Z</time>
	<hdop>9.94</hdop>
	<extensions>
		<gpxtpx:TrackPointExtension>
			<gpxtpx:course>100.2</gpxtpx:course>
		</gpxtpx:TrackPointExtension>
	</extensions>
</trkpt>
<trkpt lat="-8.9705157" lon="148.4204178">
	<ele>640.16</ele>
	<time>2025-12-12T05:29:39.000Z</time>
	<hdop>9.94</hdop>
	<extensions>
		<gpxtpx:TrackPointExtension>
			<gpxtpx:course>317.5</gpxtpx:course>
		</gpxtpx:TrackPointExtension>
	</extensions>
</trkpt>
<trkpt lat="-8.9704372" lon="148.4203669">
	<ele>642.46</ele>
	<time>2025-12-12T05:30:10.000Z</time>
	<hdop>9.94</hdop>
	<extensions>
		<gpxtpx:TrackPointExtension>
			<gpxtpx:course>344.7</gpxtpx:course>
		</gpxtpx:TrackPointExtension>
	</extensions>
</trkpt>
<trkpt lat="-8.9703474" lon="148.4203507">
	<ele>644.79</ele>
	<time>2025-12-12T05:30:56.000Z</time>
	<hdop>9.94</hdop>
	<extensions>
		<gpxtpx:TrackPointExtension>
			<gpxtpx:course>322.8</gpxtpx:course>
		</gpxtpx:TrackPointExtension>
	</extensions>
</trkpt>
<trkpt lat="-8.9702655" lon="148.4203058">
	<ele>650.79</ele>
	<time>2025-12-12T05:32:14.000Z</time>
	<hdop>9.94</hdop>
	<extensions>
		<gpxtpx:TrackPointExtension>
			<gpxtpx:course>36.0</gpxtpx:course>
		</gpxtpx:TrackPointExtension>
	</extensions>
</trkpt>
<trkpt lat="-8.9701778" lon="148.4203306">
	<ele>654.44</ele>
	<time>2025-12-12T05:33:44.000Z</time>
	<hdop>3.79</hdop>
	<extensions>
		<gpxtpx:TrackPointExtension>
			<gpxtpx:course>16.4</gpxtpx:course>
		</gpxtpx:TrackPointExtension>
	</extensions>
</trkpt>
<trkpt lat="-8.9700838" lon="148.4203283">
	<ele>660.03</ele>
	<time>2025-12-12T05:34:30.000Z</time>
	<hdop>3.79</hdop>
</trkpt>
<trkpt lat="-8.9700025" lon="148.4203712">
	<ele>667.21</ele>
	<time>2025-12-12T05:35:16.000Z</time>
	<hdop>3.79</hdop>
	<extensions>
		<gpxtpx:TrackPointExtension>
			<gpxtpx:course>304.5</gpxtpx:course>
		</gpxtpx:TrackPointExtension>
	</extensions>
</trkpt>
<trkpt lat="-8.9699256" lon="148.4204219">
	<ele>668.67</ele>
	<time>2025-12-12T05:36:00.000Z</time>
	<hdop>3.79</hdop>
	<extensions>
		<gpxtpx:TrackPointExtension>
			<gpxtpx:course>23.2</gpxtpx:course>
		</gpxtpx:TrackPointExtension>
	</extensions>
</trkpt>
<trkpt lat="-8.9698343" lon="148.4204108">
	<ele>668.23</ele>
	<time>2025-12-12T05:36:26.000Z</time>
	<hdop>3.79</hdop>
	<extensions>
		<gpxtpx:TrackPointExtension>
			<gpxtpx:course>321.5</gpxtpx:course>
		</gpxtpx:TrackPointExtension>
	</extensions>
</trkpt>
<trkpt lat="-8.9697455" lon="148.4203855">
	<ele>668.80</ele>
	<time>2025-12-12T05:36:40.000Z</time>
	<hdop>3.79</hdop>
	<extensions>
		<gpxtpx:TrackPointExtension>
			<gpxtpx:course>354.2</gpxtpx:course>
		</gpxtpx:TrackPointExtension>
	</extensions>
</trkpt>
<trkpt lat="-8.9696545" lon="148.4203754">
	<ele>668.21</ele>
	<time>2025-12-12T05:37:01.000Z</time>
	<hdop>3.79</hdop>
	<extensions>
		<gpxtpx:TrackPointExtension>
			<gpxtpx:course>335.5</gpxtpx:course>
		</gpxtpx:TrackPointExtension>
	</extensions>
</trkpt>
<trkpt lat="-8.9695646" lon="148.4203425">
	<ele>668.67</ele>
	<time>2025-12-12T05:37:13.000Z</time>
	<hdop>3.79</hdop>
	<extensions>
		<gpxtpx:TrackPointExtension>
			<gpxtpx:course>335.0</gpxtpx:course>
		</gpxtpx:TrackPointExtension>
	</extensions>
</trkpt>
<trkpt lat="-8.9694662" lon="148.4203296">
	<ele>667.97</ele>
	<time>2025-12-12T05:37:24.000Z</time>
	<hdop>3.79</hdop>
	<extensions>
		<gpxtpx:TrackPointExtension>
			<gpxtpx:course>4.0</gpxtpx:course>
		</gpxtpx:TrackPointExtension>
	</extensions>
</trkpt>
<trkpt lat="-8.9693651" lon="148.4203462">
	<ele>666.63</ele>
	<time>2025-12-12T05:37:34.000Z</time>
	<hdop>3.79</hdop>
	<extensions>
		<gpxtpx:TrackPointExtension>
			<gpxtpx:course>2.2</gpxtpx:course>
		</gpxtpx:TrackPointExtension>
	</extensions>
</trkpt>
<trkpt lat="-8.9692686" lon="148.4203388">
	<ele>664.32</ele>
	<time>2025-12-12T05:37:44.000Z</time>
	<hdop>3.79</hdop>
	<extensions>
		<gpxtpx:TrackPointExtension>
			<gpxtpx:course>355.4</gpxtpx:course>
		</gpxtpx:TrackPointExtension>
	</extensions>
</trkpt>
<trkpt lat="-8.9691772" lon="148.4203250">
	<ele>664.69</ele>
	<time>2025-12-12T05:37:59.000Z</time>
	<hdop>3.79</hdop>
	<extensions>
		<gpxtpx:TrackPointExtension>
			<gpxtpx:course>355.9</gpxtpx:course>
		</gpxtpx:TrackPointExtension>
	</extensions>
</trkpt>
<trkpt lat="-8.9690837" lon="148.4203223">
	<ele>664.37</ele>
	<time>2025-12-12T05:38:09.000Z</time>
	<hdop>3.79</hdop>
	<extensions>
		<gpxtpx:TrackPointExtension>
			<gpxtpx:course>321.8</gpxtpx:course>
		</gpxtpx:TrackPointExtension>
	</extensions>
</trkpt>
<trkpt lat="-8.9689907" lon="148.4203122">
	<ele>666.50</ele>
	<time>2025-12-12T05:38:21.000Z</time>
	<hdop>3.79</hdop>
	<extensions>
		<gpxtpx:TrackPointExtension>
			<gpxtpx:course>358.1</gpxtpx:course>
		</gpxtpx:TrackPointExtension>
	</extensions>
</trkpt>
<trkpt lat="-8.9688994" lon="148.4202986">
	<ele>665.17</ele>
	<time>2025-12-12T05:38:32.000Z</time>
	<hdop>3.79</hdop>
	<extensions>
		<gpxtpx:TrackPointExtension>
			<gpxtpx:course>333.8</gpxtpx:course>
		</gpxtpx:TrackPointExtension>
	</extensions>
</trkpt>
<trkpt lat="-8.9688103" lon="148.4202568">
	<ele>664.87</ele>
	<time>2025-12-12T05:38:42.000Z</time>
	<hdop>3.79</hdop>
	<extensions>
		<gpxtpx:TrackPointExtension>
			<gpxtpx:course>323.4</gpxtpx:course>
		</gpxtpx:TrackPointExtension>
	</extensions>
</trkpt>
<trkpt lat="-8.9687035" lon="148.4202567">
	<ele>663.88</ele>
	<time>2025-12-12T05:38:52.000Z</time>
	<hdop>3.79</hdop>
	<extensions>
		<gpxtpx:TrackPointExtension>
			<gpxtpx:course>7.4</gpxtpx:course>
		</gpxtpx:TrackPointExtension>
	</extensions>
</trkpt>
<trkpt lat="-8.9686122" lon="148.4202323">
	<ele>663.53</ele>
	<time>2025-12-12T05:39:03.000Z</time>
	<hdop>3.79</hdop>
	<extensions>
		<gpxtpx:TrackPointExtension>
			<gpxtpx:course>325.0</gpxtpx:course>
		</gpxtpx:TrackPointExtension>
	</extensions>
</trkpt>
<trkpt lat="-8.9685183" lon="148.4202486">
	<ele>663.51</ele>
	<time>2025-12-12T05:39:14.000Z</time>
	<hdop>3.79</hdop>
	<extensions>
		<gpxtpx:TrackPointExtension>
			<gpxtpx:course>5.3</gpxtpx:course>
		</gpxtpx:TrackPointExtension>
	</extensions>
</trkpt>
<trkpt lat="-8.9684228" lon="148.4202428">
	<ele>662.85</ele>
	<time>2025-12-12T05:39:26.000Z</time>
	<hdop>3.79</hdop>
	<extensions>
		<gpxtpx:TrackPointExtension>
			<gpxtpx:course>9.7</gpxtpx:course>
		</gpxtpx:TrackPointExtension>
	</extensions>
</trkpt>
<trkpt lat="-8.9683333" lon="148.4202658">
	<ele>663.98</ele>
	<time>2025-12-12T05:39:40.000Z</time>
	<hdop>3.79</hdop>
	<extensions>
		<gpxtpx:TrackPointExtension>
			<gpxtpx:course>25.5</gpxtpx:course>
		</gpxtpx:TrackPointExtension>
	</extensions>
</trkpt>
<trkpt lat="-8.9682412" lon="148.4202857">
	<ele>663.45</ele>
	<time>2025-12-12T05:39:52.000Z</time>
	<hdop>3.79</hdop>
	<extensions>
		<gpxtpx:TrackPointExtension>
			<gpxtpx:course>2.5</gpxtpx:course>
		</gpxtpx:TrackPointExtension>
	</extensions>
</trkpt>
<trkpt lat="-8.9681465" lon="148.4203040">
	<ele>663.66</ele>
	<time>2025-12-12T05:40:02.000Z</time>
	<hdop>3.79</hdop>
	<extensions>
		<gpxtpx:TrackPointExtension>
			<gpxtpx:course>349.2</gpxtpx:course>
		</gpxtpx:TrackPointExtension>
	</extensions>
</trkpt>
<trkpt lat="-8.9680513" lon="148.4203442">
	<ele>659.69</ele>
	<time>2025-12-12T05:40:12.000Z</time>
	<hdop>3.79</hdop>
	<extensions>
		<gpxtpx:TrackPointExtension>
			<gpxtpx:course>33.5</gpxtpx:course>
		</gpxtpx:TrackPointExtension>
	</extensions>
</trkpt>
<trkpt lat="-8.9679590" lon="148.4203473">
	<ele>658.03</ele>
	<time>2025-12-12T05:40:29.000Z</time>
	<hdop>3.79</hdop>
	<extensions>
		<gpxtpx:TrackPointExtension>
			<gpxtpx:course>6.6</gpxtpx:course>
		</gpxtpx:TrackPointExtension>
	</extensions>
</trkpt>
<trkpt lat="-8.9678614" lon="148.4203420">
	<ele>655.86</ele>
	<time>2025-12-12T05:40:45.000Z</time>
	<hdop>3.79</hdop>
	<extensions>
		<gpxtpx:TrackPointExtension>
			<gpxtpx:course>352.6</gpxtpx:course>
		</gpxtpx:TrackPointExtension>
	</extensions>
</trkpt>
<trkpt lat="-8.9677748" lon="148.4203156">
	<ele>656.29</ele>
	<time>2025-12-12T05:40:56.000Z</time>
	<hdop>3.79</hdop>
	<extensions>
		<gpxtpx:TrackPointExtension>
			<gpxtpx:course>338.4</gpxtpx:course>
		</gpxtpx:TrackPointExtension>
	</extensions>
</trkpt>
<trkpt lat="-8.9676821" lon="148.4202913">
	<ele>658.11</ele>
	<time>2025-12-12T05:41:08.000Z</time>
	<hdop>3.79</hdop>
	<extensions>
		<gpxtpx:TrackPointExtension>
			<gpxtpx:course>5.1</gpxtpx:course>
		</gpxtpx:TrackPointExtension>
	</extensions>
</trkpt>
<trkpt lat="-8.9675893" lon="148.4202574">
	<ele>657.23</ele>
	<time>2025-12-12T05:41:18.000Z</time>
	<hdop>3.79</hdop>
</trkpt>
<trkpt lat="-8.9674875" lon="148.4202382">
	<ele>655.52</ele>
	<time>2025-12-12T05:41:28.000Z</time>
	<hdop>3.79</hdop>
	<extensions>
		<gpxtpx:TrackPointExtension>
			<gpxtpx:course>328.2</gpxtpx:course>
		</gpxtpx:TrackPointExtension>
	</extensions>
</trkpt>
<trkpt lat="-8.9673733" lon="148.4202069">
	<ele>655.82</ele>
	<time>2025-12-12T05:41:38.000Z</time>
	<hdop>3.79</hdop>
	<extensions>
		<gpxtpx:TrackPointExtension>
			<gpxtpx:course>330.4</gpxtpx:course>
		</gpxtpx:TrackPointExtension>
	</extensions>
</trkpt>
<trkpt lat="-8.9672811" lon="148.4201912">
	<ele>655.72</ele>
	<time>2025-12-12T05:41:49.000Z</time>
	<hdop>3.79</hdop>
	<extensions>
		<gpxtpx:TrackPointExtension>
			<gpxtpx:course>325.8</gpxtpx:course>
		</gpxtpx:TrackPointExtension>
	</extensions>
</trkpt>
<trkpt lat="-8.9671892" lon="148.4201682">
	<ele>648.58</ele>
	<time>2025-12-12T05:42:01.000Z</time>
	<hdop>3.79</hdop>
</trkpt>
<trkpt lat="-8.9670920" lon="148.4201511">
	<ele>648.40</ele>
	<time>2025-12-12T05:42:12.000Z</time>
	<hdop>3.79</hdop>
	<extensions>
		<gpxtpx:TrackPointExtension>
			<gpxtpx:course>358.5</gpxtpx:course>
		</gpxtpx:TrackPointExtension>
	</extensions>
</trkpt>
<trkpt lat="-8.9669828" lon="148.4201587">
	<ele>647.48</ele>
	<time>2025-12-12T05:42:22.000Z</time>
	<hdop>3.79</hdop>
	<extensions>
		<gpxtpx:TrackPointExtension>
			<gpxtpx:course>15.2</gpxtpx:course>
		</gpxtpx:TrackPointExtension>
	</extensions>
</trkpt>
<trkpt lat="-8.9668717" lon="148.4201844">
	<ele>644.41</ele>
	<time>2025-12-12T05:42:32.000Z</time>
	<hdop>3.79</hdop>
	<extensions>
		<gpxtpx:TrackPointExtension>
			<gpxtpx:course>2.5</gpxtpx:course>
		</gpxtpx:TrackPointExtension>
	</extensions>
</trkpt>
<trkpt lat="-8.9667780" lon="148.4202012">
	<ele>644.38</ele>
	<time>2025-12-12T05:42:49.000Z</time>
	<hdop>3.79</hdop>
	<extensions>
		<gpxtpx:TrackPointExtension>
			<gpxtpx:course>5.4</gpxtpx:course>
		</gpxtpx:TrackPointExtension>
	</extensions>
</trkpt>
<trkpt lat="-8.9666824" lon="148.4202211">
	<ele>640.40</ele>
	<time>2025-12-12T05:43:02.000Z</time>
	<hdop>3.79</hdop>
	<extensions>
		<gpxtpx:TrackPointExtension>
			<gpxtpx:course>16.1</gpxtpx:course>
		</gpxtpx:TrackPointExtension>
	</extensions>
</trkpt>
<trkpt lat="-8.9665993" lon="148.4201821">
	<ele>642.31</ele>
	<time>2025-12-12T05:43:14.000Z</time>
	<hdop>3.79</hdop>
	<extensions>
		<gpxtpx:TrackPointExtension>
			<gpxtpx:course>312.9</gpxtpx:course>
		</gpxtpx:TrackPointExtension>
	</extensions>
</trkpt>
<trkpt lat="-8.9665217" lon="148.4201312">
	<ele>640.66</ele>
	<time>2025-12-12T05:43:25.000Z</time>
	<hdop>3.79</hdop>
	<extensions>
		<gpxtpx:TrackPointExtension>
			<gpxtpx:course>320.7</gpxtpx:course>
		</gpxtpx:TrackPointExtension>
	</extensions>
</trkpt>
<trkpt lat="-8.9664424" lon="148.4200876">
	<ele>642.11</ele>
	<time>2025-12-12T05:43:39.000Z</time>
	<hdop>3.79</hdop>
	<extensions>
		<gpxtpx:TrackPointExtension>
			<gpxtpx:course>331.2</gpxtpx:course>
		</gpxtpx:TrackPointExtension>
	</extensions>
</trkpt>
<trkpt lat="-8.9663297" lon="148.4200362">
	<ele>639.75</ele>
	<time>2025-12-12T05:43:49.000Z</time>
	<hdop>3.79</hdop>
	<extensions>
		<gpxtpx:TrackPointExtension>
			<gpxtpx:course>330.7</gpxtpx:course>
		</gpxtpx:TrackPointExtension>
	</extensions>
</trkpt>
<trkpt lat="-8.9662326" lon="148.4200209">
	<ele>634.83</ele>
	<time>2025-12-12T05:44:03.000Z</time>
	<hdop>3.79</hdop>
	<extensions>
		<gpxtpx:TrackPointExtension>
			<gpxtpx:course>358.4</gpxtpx:course>
		</gpxtpx:TrackPointExtension>
	</extensions>
</trkpt>
<trkpt lat="-8.9661321" lon="148.4200318">
	<ele>634.48</ele>
	<time>2025-12-12T05:44:13.000Z</time>
	<hdop>3.79</hdop>
	<extensions>
		<gpxtpx:TrackPointExtension>
			<gpxtpx:course>14.7</gpxtpx:course>
		</gpxtpx:TrackPointExtension>
	</extensions>
</trkpt>
<trkpt lat="-8.9660431" lon="148.4200526">
	<ele>632.30</ele>
	<time>2025-12-12T05:44:23.000Z</time>
	<hdop>3.79</hdop>
	<extensions>
		<gpxtpx:TrackPointExtension>
			<gpxtpx:course>14.1</gpxtpx:course>
		</gpxtpx:TrackPointExtension>
	</extensions>
</trkpt>
<trkpt lat="-8.9659532" lon="148.4200824">
	<ele>629.97</ele>
	<time>2025-12-12T05:44:37.000Z</time>
	<hdop>3.79</hdop>
	<extensions>
		<gpxtpx:TrackPointExtension>
			<gpxtpx:course>15.7</gpxtpx:course>
		</gpxtpx:TrackPointExtension>
	</extensions>
</trkpt>
<trkpt lat="-8.9658595" lon="148.4201042">
	<ele>629.96</ele>
	<time>2025-12-12T05:44:47.000Z</time>
	<hdop>3.79</hdop>
	<extensions>
		<gpxtpx:TrackPointExtension>
			<gpxtpx:course>16.9</gpxtpx:course>
		</gpxtpx:TrackPointExtension>
	</extensions>
</trkpt>
<trkpt lat="-8.9657594" lon="148.4201494">
	<ele>626.73</ele>
	<time>2025-12-12T05:44:57.000Z</time>
	<hdop>3.79</hdop>
	<extensions>
		<gpxtpx:TrackPointExtension>
			<gpxtpx:course>23.3</gpxtpx:course>
		</gpxtpx:TrackPointExtension>
	</extensions>
</trkpt>
<trkpt lat="-8.9656599" lon="148.4201910">
	<ele>623.93</ele>
	<time>2025-12-12T05:45:07.000Z</time>
	<hdop>3.79</hdop>
	<extensions>
		<gpxtpx:TrackPointExtension>
			<gpxtpx:course>12.3</gpxtpx:course>
		</gpxtpx:TrackPointExtension>
	</extensions>
</trkpt>
<trkpt lat="-8.9655678" lon="148.4202066">
	<ele>623.23</ele>
	<time>2025-12-12T05:45:24.000Z</time>
	<hdop>3.79</hdop>
	<extensions>
		<gpxtpx:TrackPointExtension>
			<gpxtpx:course>8.1</gpxtpx:course>
		</gpxtpx:TrackPointExtension>
	</extensions>
</trkpt>
<trkpt lat="-8.9654772" lon="148.4202310">
	<ele>620.35</ele>
	<time>2025-12-12T05:45:36.000Z</time>
	<hdop>3.79</hdop>
	<extensions>
		<gpxtpx:TrackPointExtension>
			<gpxtpx:course>20.7</gpxtpx:course>
		</gpxtpx:TrackPointExtension>
	</extensions>
</trkpt>
<trkpt lat="-8.9654063" lon="148.4202903">
	<ele>618.46</ele>
	<time>2025-12-12T05:45:53.000Z</time>
	<hdop>3.79</hdop>
	<extensions>
		<gpxtpx:TrackPointExtension>
			<gpxtpx:course>45.7</gpxtpx:course>
		</gpxtpx:TrackPointExtension>
	</extensions>
</trkpt>
<trkpt lat="-8.9653447" lon="148.4203604">
	<ele>615.38</ele>
	<time>2025-12-12T05:47:29.000Z</time>
	<hdop>3.79</hdop>
	<extensions>
		<gpxtpx:TrackPointExtension>
			<gpxtpx:course>13.2</gpxtpx:course>
		</gpxtpx:TrackPointExtension>
	</extensions>
</trkpt>
<trkpt lat="-8.9653063" lon="148.4204453">
	<ele>609.96</ele>
	<time>2025-12-12T05:48:12.000Z</time>
	<hdop>3.79</hdop>
	<extensions>
		<gpxtpx:TrackPointExtension>
			<gpxtpx:course>81.4</gpxtpx:course>
		</gpxtpx:TrackPointExtension>
	</extensions>
</trkpt>
<trkpt lat="-8.9652625" lon="148.4205275">
	<ele>605.96</ele>
	<time>2025-12-12T05:49:00.000Z</time>
	<hdop>3.79</hdop>
	<extensions>
		<gpxtpx:TrackPointExtension>
			<gpxtpx:course>26.4</gpxtpx:course>
		</gpxtpx:TrackPointExtension>
	</extensions>
</trkpt>
<trkpt lat="-8.9652132" lon="148.4206052">
	<ele>599.63</ele>
	<time>2025-12-12T05:50:22.000Z</time>
	<hdop>3.79</hdop>
	<extensions>
		<gpxtpx:TrackPointExtension>
			<gpxtpx:course>105.5</gpxtpx:course>
		</gpxtpx:TrackPointExtension>
	</extensions>
</trkpt>
<trkpt lat="-8.9651544" lon="148.4206768">
	<ele>595.40</ele>
	<time>2025-12-12T05:51:26.000Z</time>
	<hdop>3.79</hdop>
	<extensions>
		<gpxtpx:TrackPointExtension>
			<gpxtpx:course>33.1</gpxtpx:course>
		</gpxtpx:TrackPointExtension>
	</extensions>
</trkpt>
<trkpt lat="-8.9651236" lon="148.4207656">
	<ele>587.43</ele>
	<time>2025-12-12T05:52:26.000Z</time>
	<hdop>3.79</hdop>
	<extensions>
		<gpxtpx:TrackPointExtension>
			<gpxtpx:course>66.3</gpxtpx:course>
		</gpxtpx:TrackPointExtension>
	</extensions>
</trkpt>
<trkpt lat="-8.9650416" lon="148.4208090">
	<ele>582.56</ele>
	<time>2025-12-12T05:54:06.000Z</time>
	<hdop>3.79</hdop>
	<extensions>
		<gpxtpx:TrackPointExtension>
			<gpxtpx:course>102.5</gpxtpx:course>
		</gpxtpx:TrackPointExtension>
	</extensions>
</trkpt>
<trkpt lat="-8.9650001" lon="148.4208923">
	<ele>574.13</ele>
	<time>2025-12-12T05:55:18.000Z</time>
	<hdop>3.79</hdop>
	<extensions>
		<gpxtpx:TrackPointExtension>
			<gpxtpx:course>76.2</gpxtpx:course>
		</gpxtpx:TrackPointExtension>
	</extensions>
</trkpt>
<trkpt lat="-8.9649149" lon="148.4208528">
	<ele>571.64</ele>
	<time>2025-12-12T05:56:04.000Z</time>
	<hdop>3.79</hdop>
	<extensions>
		<gpxtpx:TrackPointExtension>
			<gpxtpx:course>299.0</gpxtpx:course>
		</gpxtpx:TrackPointExtension>
	</extensions>
</trkpt>
<trkpt lat="-8.9648312" lon="148.4208072">
	<ele>565.12</ele>
	<time>2025-12-12T05:56:26.000Z</time>
	<hdop>3.79</hdop>
	<extensions>
		<gpxtpx:TrackPointExtension>
			<gpxtpx:course>313.2</gpxtpx:course>
		</gpxtpx:TrackPointExtension>
	</extensions>
</trkpt>
<trkpt lat="-8.9647469" lon="148.4207605">
	<ele>564.45</ele>
	<time>2025-12-12T05:56:43.000Z</time>
	<hdop>3.79</hdop>
	<extensions>
		<gpxtpx:TrackPointExtension>
			<gpxtpx:course>2.4</gpxtpx:course>
		</gpxtpx:TrackPointExtension>
	</extensions>
</trkpt>
<trkpt lat="-8.9646539" lon="148.4207497">
	<ele>566.82</ele>
	<time>2025-12-12T05:59:22.000Z</time>
	<hdop>3.79</hdop>
	<extensions>
		<gpxtpx:TrackPointExtension>
			<gpxtpx:course>4.6</gpxtpx:course>
		</gpxtpx:TrackPointExtension>
	</extensions>
</trkpt>
<trkpt lat="-8.9645668" lon="148.4207212">
	<ele>569.92</ele>
	<time>2025-12-12T06:00:18.000Z</time>
	<hdop>3.79</hdop>
	<extensions>
		<gpxtpx:TrackPointExtension>
			<gpxtpx:course>38.7</gpxtpx:course>
		</gpxtpx:TrackPointExtension>
	</extensions>
</trkpt>
<trkpt lat="-8.9644812" lon="148.4207545">
	<ele>577.70</ele>
	<time>2025-12-12T06:01:15.000Z</time>
	<hdop>3.79</hdop>
</trkpt>
<trkpt lat="-8.9644455" lon="148.4208394">
	<ele>584.01</ele>
	<time>2025-12-12T06:02:24.000Z</time>
	<hdop>3.79</hdop>
	<extensions>
		<gpxtpx:TrackPointExtension>
			<gpxtpx:course>82.9</gpxtpx:course>
		</gpxtpx:TrackPointExtension>
	</extensions>
</trkpt>
<trkpt lat="-8.9643584" lon="148.4208669">
	<ele>589.75</ele>
	<time>2025-12-12T06:03:38.000Z</time>
	<hdop>3.79</hdop>
	<extensions>
		<gpxtpx:TrackPointExtension>
			<gpxtpx:course>335.1</gpxtpx:course>
		</gpxtpx:TrackPointExtension>
	</extensions>
</trkpt>
<trkpt lat="-8.9642954" lon="148.4209335">
	<ele>594.41</ele>
	<time>2025-12-12T06:04:24.000Z</time>
	<hdop>3.79</hdop>
	<extensions>
		<gpxtpx:TrackPointExtension>
			<gpxtpx:course>331.0</gpxtpx:course>
		</gpxtpx:TrackPointExtension>
	</extensions>
</trkpt>
<trkpt lat="-8.9642184" lon="148.4209836">
	<ele>597.85</ele>
	<time>2025-12-12T06:05:27.000Z</time>
	<hdop>3.79</hdop>
	<extensions>
		<gpxtpx:TrackPointExtension>
			<gpxtpx:course>8.5</gpxtpx:course>
		</gpxtpx:TrackPointExtension>
	</extensions>
</trkpt>
<trkpt lat="-8.9641690" lon="148.4210619">
	<ele>604.38</ele>
	<time>2025-12-12T06:06:37.000Z</time>
	<hdop>3.79</hdop>
	<extensions>
		<gpxtpx:TrackPointExtension>
			<gpxtpx:course>129.2</gpxtpx:course>
		</gpxtpx:TrackPointExtension>
	</extensions>
</trkpt>
<trkpt lat="-8.9641616" lon="148.4211541">
	<ele>613.15</ele>
	<time>2025-12-12T06:07:14.000Z</time>
	<hdop>3.79</hdop>
	<extensions>
		<gpxtpx:TrackPointExtension>
			<gpxtpx:course>57.2</gpxtpx:course>
		</gpxtpx:TrackPointExtension>
	</extensions>
</trkpt>
<trkpt lat="-8.9641085" lon="148.4212320">
	<ele>614.86</ele>
	<time>2025-12-12T06:07:39.000Z</time>
	<hdop>3.79</hdop>
	<extensions>
		<gpxtpx:TrackPointExtension>
			<gpxtpx:course>46.6</gpxtpx:course>
		</gpxtpx:TrackPointExtension>
	</extensions>
</trkpt>
<trkpt lat="-8.9640938" lon="148.4213232">
	<ele>617.78</ele>
	<time>2025-12-12T06:07:58.000Z</time>
	<hdop>3.79</hdop>
	<extensions>
		<gpxtpx:TrackPointExtension>
			<gpxtpx:course>77.5</gpxtpx:course>
		</gpxtpx:TrackPointExtension>
	</extensions>
</trkpt>
<trkpt lat="-8.9640690" lon="148.4214139">
	<ele>620.95</ele>
	<time>2025-12-12T06:08:15.000Z</time>
	<hdop>3.79</hdop>
	<extensions>
		<gpxtpx:TrackPointExtension>
			<gpxtpx:course>67.2</gpxtpx:course>
		</gpxtpx:TrackPointExtension>
	</extensions>
</trkpt>
<trkpt lat="-8.9640296" lon="148.4214978">
	<ele>623.52</ele>
	<time>2025-12-12T06:08:30.000Z</time>
	<hdop>3.79</hdop>
	<extensions>
		<gpxtpx:TrackPointExtension>
			<gpxtpx:course>57.3</gpxtpx:course>
		</gpxtpx:TrackPointExtension>
	</extensions>
</trkpt>
<trkpt lat="-8.9639740" lon="148.4215732">
	<ele>627.43</ele>
	<time>2025-12-12T06:08:45.000Z</time>
	<hdop>3.79</hdop>
	<extensions>
		<gpxtpx:TrackPointExtension>
			<gpxtpx:course>49.9</gpxtpx:course>
		</gpxtpx:TrackPointExtension>
	</extensions>
</trkpt>
<trkpt lat="-8.9638880" lon="148.4216168">
	<ele>626.72</ele>
	<time>2025-12-12T06:10:10.000Z</time>
	<hdop>3.79</hdop>
	<extensions>
		<gpxtpx:TrackPointExtension>
			<gpxtpx:course>7.1</gpxtpx:course>
		</gpxtpx:TrackPointExtension>
	</extensions>
</trkpt>
<trkpt lat="-8.9638046" lon="148.4216528">
	<ele>626.31</ele>
	<time>2025-12-12T06:10:20.000Z</time>
	<hdop>3.79</hdop>
	<extensions>
		<gpxtpx:TrackPointExtension>
			<gpxtpx:course>44.7</gpxtpx:course>
		</gpxtpx:TrackPointExtension>
	</extensions>
</trkpt>
<trkpt lat="-8.9637216" lon="148.4217108">
	<ele>624.60</ele>
	<time>2025-12-12T06:10:30.000Z</time>
	<hdop>3.79</hdop>
	<extensions>
		<gpxtpx:TrackPointExtension>
			<gpxtpx:course>43.4</gpxtpx:course>
		</gpxtpx:TrackPointExtension>
	</extensions>
</trkpt>
<trkpt lat="-8.9636456" lon="148.4217600">
	<ele>625.15</ele>
	<time>2025-12-12T06:10:40.000Z</time>
	<hdop>3.79</hdop>
	<extensions>
		<gpxtpx:TrackPointExtension>
			<gpxtpx:course>16.1</gpxtpx:course>
		</gpxtpx:TrackPointExtension>
	</extensions>
</trkpt>
<trkpt lat="-8.9635401" lon="148.4218112">
	<ele>624.78</ele>
	<time>2025-12-12T06:10:50.000Z</time>
	<hdop>3.79</hdop>
	<extensions>
		<gpxtpx:TrackPointExtension>
			<gpxtpx:course>18.7</gpxtpx:course>
		</gpxtpx:TrackPointExtension>
	</extensions>
</trkpt>
<trkpt lat="-8.9634455" lon="148.4218434">
	<ele>624.67</ele>
	<time>2025-12-12T06:11:01.000Z</time>
	<hdop>3.79</hdop>
	<extensions>
		<gpxtpx:TrackPointExtension>
			<gpxtpx:course>3.8</gpxtpx:course>
		</gpxtpx:TrackPointExtension>
	</extensions>
</trkpt>
<trkpt lat="-8.9633200" lon="148.4218633">
	<ele>625.29</ele>
	<time>2025-12-12T06:11:11.000Z</time>
	<hdop>3.79</hdop>
	<extensions>
		<gpxtpx:TrackPointExtension>
			<gpxtpx:course>22.4</gpxtpx:course>
		</gpxtpx:TrackPointExtension>
	</extensions>
</trkpt>
<trkpt lat="-8.9632104" lon="148.4219158">
	<ele>626.74</ele>
	<time>2025-12-12T06:11:21.000Z</time>
	<hdop>3.79</hdop>
	<extensions>
		<gpxtpx:TrackPointExtension>
			<gpxtpx:course>24.9</gpxtpx:course>
		</gpxtpx:TrackPointExtension>
	</extensions>
</trkpt>
<trkpt lat="-8.9631188" lon="148.4219466">
	<ele>625.47</ele>
	<time>2025-12-12T06:11:36.000Z</time>
	<hdop>3.79</hdop>
	<extensions>
		<gpxtpx:TrackPointExtension>
			<gpxtpx:course>37.8</gpxtpx:course>
		</gpxtpx:TrackPointExtension>
	</extensions>
</trkpt>
<trkpt lat="-8.9630180" lon="148.4220096">
	<ele>623.88</ele>
	<time>2025-12-12T06:11:46.000Z</time>
	<hdop>3.79</hdop>
	<extensions>
		<gpxtpx:TrackPointExtension>
			<gpxtpx:course>54.0</gpxtpx:course>
		</gpxtpx:TrackPointExtension>
	</extensions>
</trkpt>
<trkpt lat="-8.9629630" lon="148.4220981">
	<ele>622.03</ele>
	<time>2025-12-12T06:11:56.000Z</time>
	<hdop>3.79</hdop>
	<extensions>
		<gpxtpx:TrackPointExtension>
			<gpxtpx:course>66.6</gpxtpx:course>
		</gpxtpx:TrackPointExtension>
	</extensions>
</trkpt>
<trkpt lat="-8.9629213" lon="148.4221940">
	<ele>621.06</ele>
	<time>2025-12-12T06:12:06.000Z</time>
	<hdop>3.79</hdop>
	<extensions>
		<gpxtpx:TrackPointExtension>
			<gpxtpx:course>57.8</gpxtpx:course>
		</gpxtpx:TrackPointExtension>
	</extensions>
</trkpt>
<trkpt lat="-8.9628383" lon="148.4222375">
	<ele>622.28</ele>
	<time>2025-12-12T06:12:16.000Z</time>
	<hdop>3.79</hdop>
	<extensions>
		<gpxtpx:TrackPointExtension>
			<gpxtpx:course>0.0</gpxtpx:course>
		</gpxtpx:TrackPointExtension>
	</extensions>
</trkpt>
<trkpt lat="-8.9627466" lon="148.4222444">
	<ele>623.81</ele>
	<time>2025-12-12T06:12:26.000Z</time>
	<hdop>3.79</hdop>
	<extensions>
		<gpxtpx:TrackPointExtension>
			<gpxtpx:course>3.0</gpxtpx:course>
		</gpxtpx:TrackPointExtension>
	</extensions>
</trkpt>
<trkpt lat="-8.9626421" lon="148.4222502">
	<ele>623.29</ele>
	<time>2025-12-12T06:12:36.000Z</time>
	<hdop>3.79</hdop>
	<extensions>
		<gpxtpx:TrackPointExtension>
			<gpxtpx:course>3.2</gpxtpx:course>
		</gpxtpx:TrackPointExtension>
	</extensions>
</trkpt>
<trkpt lat="-8.9625472" lon="148.4222358">
	<ele>621.63</ele>
	<time>2025-12-12T06:12:46.000Z</time>
	<hdop>3.79</hdop>
	<extensions>
		<gpxtpx:TrackPointExtension>
			<gpxtpx:course>345.2</gpxtpx:course>
		</gpxtpx:TrackPointExtension>
	</extensions>
</trkpt>
<trkpt lat="-8.9624430" lon="148.4222127">
	<ele>620.23</ele>
	<time>2025-12-12T06:12:56.000Z</time>
	<hdop>3.79</hdop>
	<extensions>
		<gpxtpx:TrackPointExtension>
			<gpxtpx:course>330.3</gpxtpx:course>
		</gpxtpx:TrackPointExtension>
	</extensions>
</trkpt>
<trkpt lat="-8.9623452" lon="148.4221960">
	<ele>618.92</ele>
	<time>2025-12-12T06:13:07.000Z</time>
	<hdop>3.79</hdop>
	<extensions>
		<gpxtpx:TrackPointExtension>
			<gpxtpx:course>354.1</gpxtpx:course>
		</gpxtpx:TrackPointExtension>
	</extensions>
</trkpt>
<trkpt lat="-8.9622501" lon="148.4222256">
	<ele>619.38</ele>
	<time>2025-12-12T06:13:17.000Z</time>
	<hdop>3.79</hdop>
	<extensions>
		<gpxtpx:TrackPointExtension>
			<gpxtpx:course>17.9</gpxtpx:course>
		</gpxtpx:TrackPointExtension>
	</extensions>
</trkpt>
<trkpt lat="-8.9621567" lon="148.4222417">
	<ele>619.07</ele>
	<time>2025-12-12T06:13:28.000Z</time>
	<hdop>3.79</hdop>
	<extensions>
		<gpxtpx:TrackPointExtension>
			<gpxtpx:course>10.3</gpxtpx:course>
		</gpxtpx:TrackPointExtension>
	</extensions>
</trkpt>
<trkpt lat="-8.9620465" lon="148.4222748">
	<ele>615.46</ele>
	<time>2025-12-12T06:13:38.000Z</time>
	<hdop>3.79</hdop>
	<extensions>
		<gpxtpx:TrackPointExtension>
			<gpxtpx:course>19.9</gpxtpx:course>
		</gpxtpx:TrackPointExtension>
	</extensions>
</trkpt>
<trkpt lat="-8.9619326" lon="148.4223010">
	<ele>615.23</ele>
	<time>2025-12-12T06:13:48.000Z</time>
	<hdop>3.79</hdop>
	<extensions>
		<gpxtpx:TrackPointExtension>
			<gpxtpx:course>20.0</gpxtpx:course>
		</gpxtpx:TrackPointExtension>
	</extensions>
</trkpt>
<trkpt lat="-8.9618437" lon="148.4223590">
	<ele>611.19</ele>
	<time>2025-12-12T06:13:58.000Z</time>
	<hdop>3.79</hdop>
	<extensions>
		<gpxtpx:TrackPointExtension>
			<gpxtpx:course>41.4</gpxtpx:course>
		</gpxtpx:TrackPointExtension>
	</extensions>
</trkpt>
<trkpt lat="-8.9617466" lon="148.4223960">
	<ele>609.85</ele>
	<time>2025-12-12T06:14:08.000Z</time>
	<hdop>3.79</hdop>
	<extensions>
		<gpxtpx:TrackPointExtension>
			<gpxtpx:course>13.9</gpxtpx:course>
		</gpxtpx:TrackPointExtension>
	</extensions>
</trkpt>
<trkpt lat="-8.9616608" lon="148.4224377">
	<ele>609.32</ele>
	<time>2025-12-12T06:14:18.000Z</time>
	<hdop>3.79</hdop>
	<extensions>
		<gpxtpx:TrackPointExtension>
			<gpxtpx:course>7.6</gpxtpx:course>
		</gpxtpx:TrackPointExtension>
	</extensions>
</trkpt>
<trkpt lat="-8.9615758" lon="148.4224700">
	<ele>607.88</ele>
	<time>2025-12-12T06:14:38.000Z</time>
	<hdop>3.79</hdop>
</trkpt>
<trkpt lat="-8.9615042" lon="148.4225266">
	<ele>601.15</ele>
	<time>2025-12-12T06:16:52.000Z</time>
	<hdop>3.79</hdop>
	<extensions>
		<gpxtpx:TrackPointExtension>
			<gpxtpx:course>31.8</gpxtpx:course>
		</gpxtpx:TrackPointExtension>
	</extensions>
</trkpt>
<trkpt lat="-8.9614920" lon="148.4226174">
	<ele>598.53</ele>
	<time>2025-12-12T06:17:23.000Z</time>
	<hdop>3.79</hdop>
	<extensions>
		<gpxtpx:TrackPointExtension>
			<gpxtpx:course>79.0</gpxtpx:course>
		</gpxtpx:TrackPointExtension>
	</extensions>
</trkpt>
<trkpt lat="-8.9614449" lon="148.4226958">
	<ele>595.66</ele>
	<time>2025-12-12T06:17:52.000Z</time>
	<hdop>3.79</hdop>
</trkpt>
<trkpt lat="-8.9613706" lon="148.4227478">
	<ele>594.42</ele>
	<time>2025-12-12T06:18:14.000Z</time>
	<hdop>3.79</hdop>
	<extensions>
		<gpxtpx:TrackPointExtension>
			<gpxtpx:course>53.4</gpxtpx:course>
		</gpxtpx:TrackPointExtension>
	</extensions>
</trkpt>
<trkpt lat="-8.9613075" lon="148.4228215">
	<ele>593.75</ele>
	<time>2025-12-12T06:18:33.000Z</time>
	<hdop>3.79</hdop>
	<extensions>
		<gpxtpx:TrackPointExtension>
			<gpxtpx:course>49.5</gpxtpx:course>
		</gpxtpx:TrackPointExtension>
	</extensions>
</trkpt>
<trkpt lat="-8.9612355" lon="148.4228857">
	<ele>592.25</ele>
	<time>2025-12-12T06:18:51.000Z</time>
	<hdop>3.79</hdop>
	<extensions>
		<gpxtpx:TrackPointExtension>
			<gpxtpx:course>38.3</gpxtpx:course>
		</gpxtpx:TrackPointExtension>
	</extensions>
</trkpt>
<trkpt lat="-8.9611812" lon="148.4229584">
	<ele>592.14</ele>
	<time>2025-12-12T06:19:13.000Z</time>
	<hdop>3.79</hdop>
</trkpt>
<trkpt lat="-8.9611440" lon="148.4230424">
	<ele>591.90</ele>
	<time>2025-12-12T06:19:38.000Z</time>
	<hdop>3.79</hdop>
	<extensions>
		<gpxtpx:TrackPointExtension>
			<gpxtpx:course>0.3</gpxtpx:course>
		</gpxtpx:TrackPointExtension>
	</extensions>
</trkpt>
<trkpt lat="-8.9611383" lon="148.4231334">
	<ele>588.56</ele>
	<time>2025-12-12T06:19:57.000Z</time>
	<hdop>3.79</hdop>
	<extensions>
		<gpxtpx:TrackPointExtension>
			<gpxtpx:course>98.3</gpxtpx:course>
		</gpxtpx:TrackPointExtension>
	</extensions>
</trkpt>
<trkpt lat="-8.9611345" lon="148.4232266">
	<ele>587.89</ele>
	<time>2025-12-12T06:20:14.000Z</time>
	<hdop>3.79</hdop>
	<extensions>
		<gpxtpx:TrackPointExtension>
			<gpxtpx:course>101.4</gpxtpx:course>
		</gpxtpx:TrackPointExtension>
	</extensions>
</trkpt>
<trkpt lat="-8.9610913" lon="148.4233074">
	<ele>590.27</ele>
	<time>2025-12-12T06:20:32.000Z</time>
	<hdop>3.79</hdop>
	<extensions>
		<gpxtpx:TrackPointExtension>
			<gpxtpx:course>77.7</gpxtpx:course>
		</gpxtpx:TrackPointExtension>
	</extensions>
</trkpt>
<trkpt lat="-8.9610180" lon="148.4233622">
	<ele>593.91</ele>
	<time>2025-12-12T06:20:58.000Z</time>
	<hdop>3.79</hdop>
	<extensions>
		<gpxtpx:TrackPointExtension>
			<gpxtpx:course>35.2</gpxtpx:course>
		</gpxtpx:TrackPointExtension>
	</extensions>
</trkpt>
<trkpt lat="-8.9609405" lon="148.4234175">
	<ele>596.86</ele>
	<time>2025-12-12T06:21:21.000Z</time>
	<hdop>3.79</hdop>
	<extensions>
		<gpxtpx:TrackPointExtension>
			<gpxtpx:course>38.3</gpxtpx:course>
		</gpxtpx:TrackPointExtension>
	</extensions>
</trkpt>
<trkpt lat="-8.9608670" lon="148.4234732">
	<ele>597.88</ele>
	<time>2025-12-12T06:21:38.000Z</time>
	<hdop>3.79</hdop>
	<extensions>
		<gpxtpx:TrackPointExtension>
			<gpxtpx:course>33.7</gpxtpx:course>
		</gpxtpx:TrackPointExtension>
	</extensions>
</trkpt>
<trkpt lat="-8.9608763" lon="148.4235678">
	<ele>598.97</ele>
	<time>2025-12-12T06:23:20.000Z</time>
	<hdop>3.79</hdop>
</trkpt>
<trkpt lat="-8.9608069" lon="148.4236306">
	<ele>601.20</ele>
	<time>2025-12-12T06:23:36.000Z</time>
	<hdop>3.79</hdop>
</trkpt>
<trkpt lat="-8.9607175" lon="148.4236683">
	<ele>602.78</ele>
	<time>2025-12-12T06:23:56.000Z</time>
	<hdop>3.79</hdop>
	<extensions>
		<gpxtpx:TrackPointExtension>
			<gpxtpx:course>14.9</gpxtpx:course>
		</gpxtpx:TrackPointExtension>
	</extensions>
</trkpt>
<trkpt lat="-8.9606260" lon="148.4236671">
	<ele>605.03</ele>
	<time>2025-12-12T06:25:34.000Z</time>
	<hdop>3.79</hdop>
	<extensions>
		<gpxtpx:TrackPointExtension>
			<gpxtpx:course>346.5</gpxtpx:course>
		</gpxtpx:TrackPointExtension>
	</extensions>
</trkpt>
<trkpt lat="-8.9605283" lon="148.4236636">
	<ele>605.36</ele>
	<time>2025-12-12T06:25:44.000Z</time>
	<hdop>3.79</hdop>
	<extensions>
		<gpxtpx:TrackPointExtension>
			<gpxtpx:course>353.5</gpxtpx:course>
		</gpxtpx:TrackPointExtension>
	</extensions>
</trkpt>
<trkpt lat="-8.9604346" lon="148.4236524">
	<ele>604.93</ele>
	<time>2025-12-12T06:25:55.000Z</time>
	<hdop>3.79</hdop>
	<extensions>
		<gpxtpx:TrackPointExtension>
			<gpxtpx:course>342.7</gpxtpx:course>
		</gpxtpx:TrackPointExtension>
	</extensions>
</trkpt>
<trkpt lat="-8.9603399" lon="148.4236500">
	<ele>606.20</ele>
	<time>2025-12-12T06:26:07.000Z</time>
	<hdop>3.79</hdop>
	<extensions>
		<gpxtpx:TrackPointExtension>
			<gpxtpx:course>9.1</gpxtpx:course>
		</gpxtpx:TrackPointExtension>
	</extensions>
</trkpt>
<trkpt lat="-8.9602547" lon="148.4236922">
	<ele>605.45</ele>
	<time>2025-12-12T06:26:19.000Z</time>
	<hdop>3.79</hdop>
	<extensions>
		<gpxtpx:TrackPointExtension>
			<gpxtpx:course>30.2</gpxtpx:course>
		</gpxtpx:TrackPointExtension>
	</extensions>
</trkpt>
<trkpt lat="-8.9601605" lon="148.4237088">
	<ele>601.15</ele>
	<time>2025-12-12T06:26:36.000Z</time>
	<hdop>3.79</hdop>
	<extensions>
		<gpxtpx:TrackPointExtension>
			<gpxtpx:course>1.1</gpxtpx:course>
		</gpxtpx:TrackPointExtension>
	</extensions>
</trkpt>
<trkpt lat="-8.9600685" lon="148.4237036">
	<ele>598.00</ele>
	<time>2025-12-12T06:26:49.000Z</time>
	<hdop>3.79</hdop>
	<extensions>
		<gpxtpx:TrackPointExtension>
			<gpxtpx:course>338.6</gpxtpx:course>
		</gpxtpx:TrackPointExtension>
	</extensions>
</trkpt>
<trkpt lat="-8.9599774" lon="148.4237005">
	<ele>596.48</ele>
	<time>2025-12-12T06:27:02.000Z</time>
	<hdop>3.79</hdop>
	<extensions>
		<gpxtpx:TrackPointExtension>
			<gpxtpx:course>3.4</gpxtpx:course>
		</gpxtpx:TrackPointExtension>
	</extensions>
</trkpt>
<trkpt lat="-8.9598831" lon="148.4237142">
	<ele>594.39</ele>
	<time>2025-12-12T06:27:12.000Z</time>
	<hdop>3.79</hdop>
	<extensions>
		<gpxtpx:TrackPointExtension>
			<gpxtpx:course>357.4</gpxtpx:course>
		</gpxtpx:TrackPointExtension>
	</extensions>
</trkpt>
<trkpt lat="-8.9597898" lon="148.4236972">
	<ele>594.98</ele>
	<time>2025-12-12T06:27:24.000Z</time>
	<hdop>3.79</hdop>
	<extensions>
		<gpxtpx:TrackPointExtension>
			<gpxtpx:course>347.8</gpxtpx:course>
		</gpxtpx:TrackPointExtension>
	</extensions>
</trkpt>
<trkpt lat="-8.9596993" lon="148.4236747">
	<ele>592.57</ele>
	<time>2025-12-12T06:27:36.000Z</time>
	<hdop>3.79</hdop>
	<extensions>
		<gpxtpx:TrackPointExtension>
			<gpxtpx:course>355.6</gpxtpx:course>
		</gpxtpx:TrackPointExtension>
	</extensions>
</trkpt>
<trkpt lat="-8.9596083" lon="148.4236714">
	<ele>590.52</ele>
	<time>2025-12-12T06:27:46.000Z</time>
	<hdop>3.79</hdop>
	<extensions>
		<gpxtpx:TrackPointExtension>
			<gpxtpx:course>356.3</gpxtpx:course>
		</gpxtpx:TrackPointExtension>
	</extensions>
</trkpt>
<trkpt lat="-8.9595060" lon="148.4236577">
	<ele>590.28</ele>
	<time>2025-12-12T06:27:56.000Z</time>
	<hdop>3.79</hdop>
	<extensions>
		<gpxtpx:TrackPointExtension>
			<gpxtpx:course>346.3</gpxtpx:course>
		</gpxtpx:TrackPointExtension>
	</extensions>
</trkpt>
<trkpt lat="-8.9594117" lon="148.4236577">
	<ele>588.67</ele>
	<time>2025-12-12T06:28:10.000Z</time>
	<hdop>3.79</hdop>
	<extensions>
		<gpxtpx:TrackPointExtension>
			<gpxtpx:course>355.0</gpxtpx:course>
		</gpxtpx:TrackPointExtension>
	</extensions>
</trkpt>
<trkpt lat="-8.9593747" lon="148.4237442">
	<ele>583.37</ele>
	<time>2025-12-12T06:28:30.000Z</time>
	<hdop>3.79</hdop>
	<extensions>
		<gpxtpx:TrackPointExtension>
			<gpxtpx:course>116.7</gpxtpx:course>
		</gpxtpx:TrackPointExtension>
	</extensions>
</trkpt>
<trkpt lat="-8.9592845" lon="148.4237543">
	<ele>584.35</ele>
	<time>2025-12-12T06:32:42.000Z</time>
	<hdop>3.79</hdop>
</trkpt>
</trkseg>
</trk>
</gpx>
