<?xml version="1.0" encoding="utf-8" standalone="yes"?>
<gpx version="1.1" creator="Locus Map, Android"
 xmlns="http://www.topografix.com/GPX/1/1"
 xmlns:xsi="http://www.w3.org/2001/XMLSchema-instance"
 xsi:schemaLocation="http://www.topografix.com/GPX/1/1 http://www.topografix.com/GPX/1/1/gpx.xsd"
 xmlns:gpxx="http://www.garmin.com/xmlschemas/GpxExtensions/v3"
 xmlns:gpxtrkx="http://www.garmin.com/xmlschemas/TrackStatsExtension/v1"
 xmlns:gpxtpx="http://www.garmin.com/xmlschemas/TrackPointExtension/v2"
 xmlns:locus="https://www.locusmap.app">
	<metadata>
		<desc>File with points/tracks from Locus Map/4.31.3</desc>
		<time>2026-03-10T06:37:12.794Z</time>
	</metadata>
<trk>
	<name>Track from Kaura to Sigara Village 2026-02-17 07:08</name>
<desc><![CDATA[Foot Track  from Kaura to Sigara]]></desc>
	<extensions>
		<line xmlns="http://www.topografix.com/GPX/gpx_style/0/2">
			<color>0000FF</color>
			<opacity>0.70</opacity>
			<width>6.0</width>
			<extensions>
				<locus:lsColorBase>#B30000FF</locus:lsColorBase>
				<locus:lsWidth>6.0</locus:lsWidth>
				<locus:lsUnits>PIXELS</locus:lsUnits>
			</extensions>
		</line>
		<locus:activity>walking</locus:activity>
	</extensions>
<trkseg>
<trkpt lat="-9.0638489" lon="148.3815560">
	<ele>727.58</ele>
	<time>2026-02-16T21:08:44.938Z</time>
	<hdop>3.79</hdop>
	<extensions>
		<gpxtpx:TrackPointExtension>
			<gpxtpx:course>325.5536</gpxtpx:course>
		</gpxtpx:TrackPointExtension>
	</extensions>
</trkpt>
<trkpt lat="-9.0637586" lon="148.3815202">
	<ele>730.26</ele>
	<time>2026-02-16T21:09:06.937Z</time>
	<hdop>3.79</hdop>
	<extensions>
		<gpxtpx:TrackPointExtension>
			<gpxtpx:course>21.526863</gpxtpx:course>
		</gpxtpx:TrackPointExtension>
	</extensions>
</trkpt>
<trkpt lat="-9.0638558" lon="148.3815519">
	<ele>732.27</ele>
	<time>2026-02-16T21:09:21.938Z</time>
	<hdop>3.79</hdop>
	<extensions>
		<gpxtpx:TrackPointExtension>
			<gpxtpx:course>143.43074</gpxtpx:course>
		</gpxtpx:TrackPointExtension>
	</extensions>
</trkpt>
<trkpt lat="-9.0639551" lon="148.3815980">
	<ele>733.61</ele>
	<time>2026-02-16T21:09:31.938Z</time>
	<hdop>3.79</hdop>
	<extensions>
		<gpxtpx:TrackPointExtension>
			<gpxtpx:course>163.08623</gpxtpx:course>
		</gpxtpx:TrackPointExtension>
	</extensions>
</trkpt>
<trkpt lat="-9.0640744" lon="148.3816129">
	<ele>733.88</ele>
	<time>2026-02-16T21:09:42.938Z</time>
	<hdop>3.79</hdop>
	<extensions>
		<gpxtpx:TrackPointExtension>
			<gpxtpx:course>162.12297</gpxtpx:course>
		</gpxtpx:TrackPointExtension>
	</extensions>
</trkpt>
<trkpt lat="-9.0641532" lon="148.3817091">
	<ele>732.26</ele>
	<time>2026-02-16T21:09:53.937Z</time>
	<hdop>3.79</hdop>
	<extensions>
		<gpxtpx:TrackPointExtension>
			<gpxtpx:course>127.06211</gpxtpx:course>
		</gpxtpx:TrackPointExtension>
	</extensions>
</trkpt>
<trkpt lat="-9.0642183" lon="148.3817968">
	<ele>734.27</ele>
	<time>2026-02-16T21:10:03.938Z</time>
	<hdop>3.79</hdop>
	<extensions>
		<gpxtpx:TrackPointExtension>
			<gpxtpx:course>133.1074</gpxtpx:course>
		</gpxtpx:TrackPointExtension>
	</extensions>
</trkpt>
<trkpt lat="-9.0642940" lon="148.3818889">
	<ele>733.17</ele>
	<time>2026-02-16T21:10:13.938Z</time>
	<hdop>3.79</hdop>
	<extensions>
		<gpxtpx:TrackPointExtension>
			<gpxtpx:course>126.53933</gpxtpx:course>
		</gpxtpx:TrackPointExtension>
	</extensions>
</trkpt>
<trkpt lat="-9.0643464" lon="148.3819894">
	<ele>731.16</ele>
	<time>2026-02-16T21:10:24.938Z</time>
	<hdop>3.79</hdop>
	<extensions>
		<gpxtpx:TrackPointExtension>
			<gpxtpx:course>112.95612</gpxtpx:course>
		</gpxtpx:TrackPointExtension>
	</extensions>
</trkpt>
<trkpt lat="-9.0644241" lon="148.3821052">
	<ele>730.99</ele>
	<time>2026-02-16T21:10:35.938Z</time>
	<hdop>3.79</hdop>
	<extensions>
		<gpxtpx:TrackPointExtension>
			<gpxtpx:course>131.84375</gpxtpx:course>
		</gpxtpx:TrackPointExtension>
	</extensions>
</trkpt>
<trkpt lat="-9.0645128" lon="148.3822078">
	<ele>730.12</ele>
	<time>2026-02-16T21:10:46.937Z</time>
	<hdop>3.79</hdop>
	<extensions>
		<gpxtpx:TrackPointExtension>
			<gpxtpx:course>112.173935</gpxtpx:course>
		</gpxtpx:TrackPointExtension>
	</extensions>
</trkpt>
<trkpt lat="-9.0645575" lon="148.3822930">
	<ele>729.27</ele>
	<time>2026-02-16T21:10:57.938Z</time>
	<hdop>3.79</hdop>
	<extensions>
		<gpxtpx:TrackPointExtension>
			<gpxtpx:course>122.02621</gpxtpx:course>
		</gpxtpx:TrackPointExtension>
	</extensions>
</trkpt>
<trkpt lat="-9.0646261" lon="148.3824165">
	<ele>727.83</ele>
	<time>2026-02-16T21:11:08.937Z</time>
	<hdop>3.79</hdop>
	<extensions>
		<gpxtpx:TrackPointExtension>
			<gpxtpx:course>121.84127</gpxtpx:course>
		</gpxtpx:TrackPointExtension>
	</extensions>
</trkpt>
<trkpt lat="-9.0646826" lon="148.3825013">
	<ele>727.47</ele>
	<time>2026-02-16T21:11:18.938Z</time>
	<hdop>3.79</hdop>
	<extensions>
		<gpxtpx:TrackPointExtension>
			<gpxtpx:course>128.88126</gpxtpx:course>
		</gpxtpx:TrackPointExtension>
	</extensions>
</trkpt>
<trkpt lat="-9.0647631" lon="148.3825941">
	<ele>726.37</ele>
	<time>2026-02-16T21:11:28.938Z</time>
	<hdop>3.79</hdop>
	<extensions>
		<gpxtpx:TrackPointExtension>
			<gpxtpx:course>128.12367</gpxtpx:course>
		</gpxtpx:TrackPointExtension>
	</extensions>
</trkpt>
<trkpt lat="-9.0648385" lon="148.3826831">
	<ele>725.51</ele>
	<time>2026-02-16T21:11:38.938Z</time>
	<hdop>3.79</hdop>
	<extensions>
		<gpxtpx:TrackPointExtension>
			<gpxtpx:course>136.02074</gpxtpx:course>
		</gpxtpx:TrackPointExtension>
	</extensions>
</trkpt>
<trkpt lat="-9.0648933" lon="148.3827555">
	<ele>725.11</ele>
	<time>2026-02-16T21:11:48.938Z</time>
	<hdop>3.79</hdop>
	<extensions>
		<gpxtpx:TrackPointExtension>
			<gpxtpx:course>116.23938</gpxtpx:course>
		</gpxtpx:TrackPointExtension>
	</extensions>
</trkpt>
<trkpt lat="-9.0649470" lon="148.3828363">
	<ele>726.65</ele>
	<time>2026-02-16T21:20:26.938Z</time>
	<hdop>3.79</hdop>
	<extensions>
		<gpxtpx:TrackPointExtension>
			<gpxtpx:course>128.31702</gpxtpx:course>
		</gpxtpx:TrackPointExtension>
	</extensions>
</trkpt>
<trkpt lat="-9.0650297" lon="148.3829178">
	<ele>725.22</ele>
	<time>2026-02-16T21:20:36.938Z</time>
	<hdop>9.94</hdop>
	<extensions>
		<gpxtpx:TrackPointExtension>
			<gpxtpx:course>125.73653</gpxtpx:course>
		</gpxtpx:TrackPointExtension>
	</extensions>
</trkpt>
<trkpt lat="-9.0650813" lon="148.3830191">
	<ele>726.46</ele>
	<time>2026-02-16T21:20:47.938Z</time>
	<hdop>9.94</hdop>
	<extensions>
		<gpxtpx:TrackPointExtension>
			<gpxtpx:course>118.4166</gpxtpx:course>
		</gpxtpx:TrackPointExtension>
	</extensions>
</trkpt>
<trkpt lat="-9.0651424" lon="148.3831156">
	<ele>724.95</ele>
	<time>2026-02-16T21:20:57.938Z</time>
	<hdop>3.79</hdop>
	<extensions>
		<gpxtpx:TrackPointExtension>
			<gpxtpx:course>123.38697</gpxtpx:course>
		</gpxtpx:TrackPointExtension>
	</extensions>
</trkpt>
<trkpt lat="-9.0652235" lon="148.3832096">
	<ele>722.59</ele>
	<time>2026-02-16T21:21:07.938Z</time>
	<hdop>3.79</hdop>
	<extensions>
		<gpxtpx:TrackPointExtension>
			<gpxtpx:course>126.98649</gpxtpx:course>
		</gpxtpx:TrackPointExtension>
	</extensions>
</trkpt>
<trkpt lat="-9.0652990" lon="148.3833295">
	<ele>722.66</ele>
	<time>2026-02-16T21:21:18.938Z</time>
	<hdop>3.79</hdop>
	<extensions>
		<gpxtpx:TrackPointExtension>
			<gpxtpx:course>114.51264</gpxtpx:course>
		</gpxtpx:TrackPointExtension>
	</extensions>
</trkpt>
<trkpt lat="-9.0653761" lon="148.3834171">
	<ele>720.56</ele>
	<time>2026-02-16T21:21:28.938Z</time>
	<hdop>3.79</hdop>
	<extensions>
		<gpxtpx:TrackPointExtension>
			<gpxtpx:course>118.25221</gpxtpx:course>
		</gpxtpx:TrackPointExtension>
	</extensions>
</trkpt>
<trkpt lat="-9.0654528" lon="148.3835197">
	<ele>720.23</ele>
	<time>2026-02-16T21:21:38.938Z</time>
	<hdop>3.79</hdop>
	<extensions>
		<gpxtpx:TrackPointExtension>
			<gpxtpx:course>113.86886</gpxtpx:course>
		</gpxtpx:TrackPointExtension>
	</extensions>
</trkpt>
<trkpt lat="-9.0655266" lon="148.3836147">
	<ele>719.61</ele>
	<time>2026-02-16T21:21:48.938Z</time>
	<hdop>3.79</hdop>
	<extensions>
		<gpxtpx:TrackPointExtension>
			<gpxtpx:course>123.48052</gpxtpx:course>
		</gpxtpx:TrackPointExtension>
	</extensions>
</trkpt>
<trkpt lat="-9.0656075" lon="148.3837180">
	<ele>718.53</ele>
	<time>2026-02-16T21:21:58.938Z</time>
	<hdop>3.79</hdop>
	<extensions>
		<gpxtpx:TrackPointExtension>
			<gpxtpx:course>121.10699</gpxtpx:course>
		</gpxtpx:TrackPointExtension>
	</extensions>
</trkpt>
<trkpt lat="-9.0656720" lon="148.3838087">
	<ele>719.98</ele>
	<time>2026-02-16T21:22:08.938Z</time>
	<hdop>3.79</hdop>
	<extensions>
		<gpxtpx:TrackPointExtension>
			<gpxtpx:course>121.526146</gpxtpx:course>
		</gpxtpx:TrackPointExtension>
	</extensions>
</trkpt>
<trkpt lat="-9.0657468" lon="148.3839084">
	<ele>717.97</ele>
	<time>2026-02-16T21:22:18.938Z</time>
	<hdop>3.79</hdop>
	<extensions>
		<gpxtpx:TrackPointExtension>
			<gpxtpx:course>120.15265</gpxtpx:course>
		</gpxtpx:TrackPointExtension>
	</extensions>
</trkpt>
<trkpt lat="-9.0658250" lon="148.3839889">
	<ele>716.32</ele>
	<time>2026-02-16T21:22:28.938Z</time>
	<hdop>3.79</hdop>
	<extensions>
		<gpxtpx:TrackPointExtension>
			<gpxtpx:course>128.17926</gpxtpx:course>
		</gpxtpx:TrackPointExtension>
	</extensions>
</trkpt>
<trkpt lat="-9.0659060" lon="148.3840720">
	<ele>715.82</ele>
	<time>2026-02-16T21:22:39.938Z</time>
	<hdop>3.79</hdop>
	<extensions>
		<gpxtpx:TrackPointExtension>
			<gpxtpx:course>118.28957</gpxtpx:course>
		</gpxtpx:TrackPointExtension>
	</extensions>
</trkpt>
<trkpt lat="-9.0660116" lon="148.3841556">
	<ele>716.59</ele>
	<time>2026-02-16T21:22:49.938Z</time>
	<hdop>3.79</hdop>
	<extensions>
		<gpxtpx:TrackPointExtension>
			<gpxtpx:course>148.89825</gpxtpx:course>
		</gpxtpx:TrackPointExtension>
	</extensions>
</trkpt>
<trkpt lat="-9.0661266" lon="148.3841995">
	<ele>711.20</ele>
	<time>2026-02-16T21:22:59.938Z</time>
	<hdop>3.79</hdop>
	<extensions>
		<gpxtpx:TrackPointExtension>
			<gpxtpx:course>128.0157</gpxtpx:course>
		</gpxtpx:TrackPointExtension>
	</extensions>
</trkpt>
<trkpt lat="-9.0662158" lon="148.3842459">
	<ele>710.69</ele>
	<time>2026-02-16T21:23:09.938Z</time>
	<hdop>3.79</hdop>
	<extensions>
		<gpxtpx:TrackPointExtension>
			<gpxtpx:course>159.24225</gpxtpx:course>
		</gpxtpx:TrackPointExtension>
	</extensions>
</trkpt>
<trkpt lat="-9.0663216" lon="148.3842927">
	<ele>711.12</ele>
	<time>2026-02-16T21:23:19.938Z</time>
	<hdop>3.79</hdop>
	<extensions>
		<gpxtpx:TrackPointExtension>
			<gpxtpx:course>158.59439</gpxtpx:course>
		</gpxtpx:TrackPointExtension>
	</extensions>
</trkpt>
<trkpt lat="-9.0664412" lon="148.3843159">
	<ele>709.65</ele>
	<time>2026-02-16T21:23:29.938Z</time>
	<hdop>3.79</hdop>
	<extensions>
		<gpxtpx:TrackPointExtension>
			<gpxtpx:course>169.55057</gpxtpx:course>
		</gpxtpx:TrackPointExtension>
	</extensions>
</trkpt>
<trkpt lat="-9.0665522" lon="148.3843716">
	<ele>711.31</ele>
	<time>2026-02-16T21:23:39.938Z</time>
	<hdop>3.79</hdop>
	<extensions>
		<gpxtpx:TrackPointExtension>
			<gpxtpx:course>142.16696</gpxtpx:course>
		</gpxtpx:TrackPointExtension>
	</extensions>
</trkpt>
<trkpt lat="-9.0666652" lon="148.3844233">
	<ele>710.43</ele>
	<time>2026-02-16T21:23:49.938Z</time>
	<hdop>3.79</hdop>
	<extensions>
		<gpxtpx:TrackPointExtension>
			<gpxtpx:course>148.1394</gpxtpx:course>
		</gpxtpx:TrackPointExtension>
	</extensions>
</trkpt>
<trkpt lat="-9.0667699" lon="148.3844652">
	<ele>711.39</ele>
	<time>2026-02-16T21:23:59.938Z</time>
	<hdop>3.79</hdop>
	<extensions>
		<gpxtpx:TrackPointExtension>
			<gpxtpx:course>164.17216</gpxtpx:course>
		</gpxtpx:TrackPointExtension>
	</extensions>
</trkpt>
<trkpt lat="-9.0668759" lon="148.3845008">
	<ele>708.27</ele>
	<time>2026-02-16T21:24:10.938Z</time>
	<hdop>3.79</hdop>
	<extensions>
		<gpxtpx:TrackPointExtension>
			<gpxtpx:course>161.59676</gpxtpx:course>
		</gpxtpx:TrackPointExtension>
	</extensions>
</trkpt>
<trkpt lat="-9.0669998" lon="148.3845504">
	<ele>708.94</ele>
	<time>2026-02-16T21:24:20.938Z</time>
	<hdop>3.79</hdop>
	<extensions>
		<gpxtpx:TrackPointExtension>
			<gpxtpx:course>158.97421</gpxtpx:course>
		</gpxtpx:TrackPointExtension>
	</extensions>
</trkpt>
<trkpt lat="-9.0671494" lon="148.3845767">
	<ele>706.92</ele>
	<time>2026-02-16T21:24:31.937Z</time>
	<hdop>3.79</hdop>
	<extensions>
		<gpxtpx:TrackPointExtension>
			<gpxtpx:course>168.67642</gpxtpx:course>
		</gpxtpx:TrackPointExtension>
	</extensions>
</trkpt>
<trkpt lat="-9.0672399" lon="148.3846128">
	<ele>706.13</ele>
	<time>2026-02-16T21:24:41.937Z</time>
	<hdop>3.79</hdop>
	<extensions>
		<gpxtpx:TrackPointExtension>
			<gpxtpx:course>178.00677</gpxtpx:course>
		</gpxtpx:TrackPointExtension>
	</extensions>
</trkpt>
<trkpt lat="-9.0673300" lon="148.3846370">
	<ele>708.36</ele>
	<time>2026-02-16T21:25:23.938Z</time>
	<hdop>3.79</hdop>
	<extensions>
		<gpxtpx:TrackPointExtension>
			<gpxtpx:course>153.35866</gpxtpx:course>
		</gpxtpx:TrackPointExtension>
	</extensions>
</trkpt>
<trkpt lat="-9.0674516" lon="148.3846953">
	<ele>705.39</ele>
	<time>2026-02-16T21:25:33.938Z</time>
	<hdop>3.79</hdop>
	<extensions>
		<gpxtpx:TrackPointExtension>
			<gpxtpx:course>168.91444</gpxtpx:course>
		</gpxtpx:TrackPointExtension>
	</extensions>
</trkpt>
<trkpt lat="-9.0675646" lon="148.3847221">
	<ele>705.69</ele>
	<time>2026-02-16T21:25:44.937Z</time>
	<hdop>3.79</hdop>
	<extensions>
		<gpxtpx:TrackPointExtension>
			<gpxtpx:course>149.80385</gpxtpx:course>
		</gpxtpx:TrackPointExtension>
	</extensions>
</trkpt>
<trkpt lat="-9.0676651" lon="148.3847527">
	<ele>706.89</ele>
	<time>2026-02-16T21:26:01.938Z</time>
	<hdop>3.79</hdop>
	<extensions>
		<gpxtpx:TrackPointExtension>
			<gpxtpx:course>159.18436</gpxtpx:course>
		</gpxtpx:TrackPointExtension>
	</extensions>
</trkpt>
<trkpt lat="-9.0677631" lon="148.3847694">
	<ele>705.11</ele>
	<time>2026-02-16T21:26:33.938Z</time>
	<hdop>3.79</hdop>
	<extensions>
		<gpxtpx:TrackPointExtension>
			<gpxtpx:course>162.85204</gpxtpx:course>
		</gpxtpx:TrackPointExtension>
	</extensions>
</trkpt>
<trkpt lat="-9.0678844" lon="148.3848415">
	<ele>704.08</ele>
	<time>2026-02-16T21:26:44.937Z</time>
	<hdop>3.79</hdop>
	<extensions>
		<gpxtpx:TrackPointExtension>
			<gpxtpx:course>141.88707</gpxtpx:course>
		</gpxtpx:TrackPointExtension>
	</extensions>
</trkpt>
<trkpt lat="-9.0679581" lon="148.3849100">
	<ele>702.14</ele>
	<time>2026-02-16T21:26:54.937Z</time>
	<hdop>3.79</hdop>
	<extensions>
		<gpxtpx:TrackPointExtension>
			<gpxtpx:course>130.66772</gpxtpx:course>
		</gpxtpx:TrackPointExtension>
	</extensions>
</trkpt>
<trkpt lat="-9.0680214" lon="148.3849947">
	<ele>701.61</ele>
	<time>2026-02-16T21:27:04.938Z</time>
	<hdop>3.79</hdop>
	<extensions>
		<gpxtpx:TrackPointExtension>
			<gpxtpx:course>129.01906</gpxtpx:course>
		</gpxtpx:TrackPointExtension>
	</extensions>
</trkpt>
<trkpt lat="-9.0681413" lon="148.3850872">
	<ele>702.65</ele>
	<time>2026-02-16T21:27:14.938Z</time>
	<hdop>3.79</hdop>
	<extensions>
		<gpxtpx:TrackPointExtension>
			<gpxtpx:course>136.10364</gpxtpx:course>
		</gpxtpx:TrackPointExtension>
	</extensions>
</trkpt>
<trkpt lat="-9.0682096" lon="148.3851836">
	<ele>703.41</ele>
	<time>2026-02-16T21:27:24.938Z</time>
	<hdop>3.79</hdop>
	<extensions>
		<gpxtpx:TrackPointExtension>
			<gpxtpx:course>131.88565</gpxtpx:course>
		</gpxtpx:TrackPointExtension>
	</extensions>
</trkpt>
<trkpt lat="-9.0682914" lon="148.3852359">
	<ele>703.08</ele>
	<time>2026-02-16T21:27:34.938Z</time>
	<hdop>3.79</hdop>
	<extensions>
		<gpxtpx:TrackPointExtension>
			<gpxtpx:course>144.09436</gpxtpx:course>
		</gpxtpx:TrackPointExtension>
	</extensions>
</trkpt>
<trkpt lat="-9.0683594" lon="148.3853308">
	<ele>702.70</ele>
	<time>2026-02-16T21:27:44.938Z</time>
	<hdop>3.79</hdop>
	<extensions>
		<gpxtpx:TrackPointExtension>
			<gpxtpx:course>116.19569</gpxtpx:course>
		</gpxtpx:TrackPointExtension>
	</extensions>
</trkpt>
<trkpt lat="-9.0684496" lon="148.3854460">
	<ele>702.80</ele>
	<time>2026-02-16T21:27:55.938Z</time>
	<hdop>3.79</hdop>
	<extensions>
		<gpxtpx:TrackPointExtension>
			<gpxtpx:course>130.98364</gpxtpx:course>
		</gpxtpx:TrackPointExtension>
	</extensions>
</trkpt>
<trkpt lat="-9.0685406" lon="148.3855434">
	<ele>701.49</ele>
	<time>2026-02-16T21:28:05.938Z</time>
	<hdop>3.79</hdop>
	<extensions>
		<gpxtpx:TrackPointExtension>
			<gpxtpx:course>112.416695</gpxtpx:course>
		</gpxtpx:TrackPointExtension>
	</extensions>
</trkpt>
<trkpt lat="-9.0685795" lon="148.3856483">
	<ele>701.94</ele>
	<time>2026-02-16T21:28:16.938Z</time>
	<hdop>3.79</hdop>
	<extensions>
		<gpxtpx:TrackPointExtension>
			<gpxtpx:course>111.07272</gpxtpx:course>
		</gpxtpx:TrackPointExtension>
	</extensions>
</trkpt>
<trkpt lat="-9.0685982" lon="148.3857397">
	<ele>702.16</ele>
	<time>2026-02-16T21:28:26.938Z</time>
	<hdop>3.79</hdop>
	<extensions>
		<gpxtpx:TrackPointExtension>
			<gpxtpx:course>106.25121</gpxtpx:course>
		</gpxtpx:TrackPointExtension>
	</extensions>
</trkpt>
</trkseg>
<trkseg>
<trkpt lat="-9.0671967" lon="148.3887888">
	<ele>647.98</ele>
	<time>2026-02-16T21:42:53.938Z</time>
	<hdop>3.79</hdop>
	<extensions>
		<gpxtpx:TrackPointExtension>
			<gpxtpx:course>87.36197</gpxtpx:course>
		</gpxtpx:TrackPointExtension>
	</extensions>
</trkpt>
<trkpt lat="-9.0671846" lon="148.3888872">
	<ele>647.97</ele>
	<time>2026-02-16T21:43:16.938Z</time>
	<hdop>3.79</hdop>
	<extensions>
		<gpxtpx:TrackPointExtension>
			<gpxtpx:course>93.86776</gpxtpx:course>
		</gpxtpx:TrackPointExtension>
	</extensions>
</trkpt>
<trkpt lat="-9.0671652" lon="148.3889775">
	<ele>646.08</ele>
	<time>2026-02-16T21:43:27.938Z</time>
	<hdop>3.79</hdop>
	<extensions>
		<gpxtpx:TrackPointExtension>
			<gpxtpx:course>78.647835</gpxtpx:course>
		</gpxtpx:TrackPointExtension>
	</extensions>
</trkpt>
<trkpt lat="-9.0671525" lon="148.3890685">
	<ele>649.20</ele>
	<time>2026-02-16T21:43:51.937Z</time>
	<hdop>3.79</hdop>
	<extensions>
		<gpxtpx:TrackPointExtension>
			<gpxtpx:course>56.855522</gpxtpx:course>
		</gpxtpx:TrackPointExtension>
	</extensions>
</trkpt>
<trkpt lat="-9.0670896" lon="148.3891434">
	<ele>646.32</ele>
	<time>2026-02-16T21:44:04.938Z</time>
	<hdop>3.79</hdop>
	<extensions>
		<gpxtpx:TrackPointExtension>
			<gpxtpx:course>62.425133</gpxtpx:course>
		</gpxtpx:TrackPointExtension>
	</extensions>
</trkpt>
<trkpt lat="-9.0670528" lon="148.3892735">
	<ele>646.08</ele>
	<time>2026-02-16T21:44:14.938Z</time>
	<hdop>3.79</hdop>
	<extensions>
		<gpxtpx:TrackPointExtension>
			<gpxtpx:course>87.96933</gpxtpx:course>
		</gpxtpx:TrackPointExtension>
	</extensions>
</trkpt>
<trkpt lat="-9.0669981" lon="148.3893468">
	<ele>645.42</ele>
	<time>2026-02-16T21:44:25.938Z</time>
	<hdop>9.94</hdop>
	<extensions>
		<gpxtpx:TrackPointExtension>
			<gpxtpx:course>51.971935</gpxtpx:course>
		</gpxtpx:TrackPointExtension>
	</extensions>
</trkpt>
<trkpt lat="-9.0669755" lon="148.3894395">
	<ele>648.17</ele>
	<time>2026-02-16T21:44:40.938Z</time>
	<hdop>9.94</hdop>
	<extensions>
		<gpxtpx:TrackPointExtension>
			<gpxtpx:course>58.367687</gpxtpx:course>
		</gpxtpx:TrackPointExtension>
	</extensions>
</trkpt>
<trkpt lat="-9.0669257" lon="148.3895207">
	<ele>654.82</ele>
	<time>2026-02-16T21:44:59.938Z</time>
	<hdop>9.94</hdop>
	<extensions>
		<gpxtpx:TrackPointExtension>
			<gpxtpx:course>36.483547</gpxtpx:course>
		</gpxtpx:TrackPointExtension>
	</extensions>
</trkpt>
<trkpt lat="-9.0668791" lon="148.3895995">
	<ele>656.41</ele>
	<time>2026-02-16T21:45:13.938Z</time>
	<hdop>9.94</hdop>
	<extensions>
		<gpxtpx:TrackPointExtension>
			<gpxtpx:course>68.085846</gpxtpx:course>
		</gpxtpx:TrackPointExtension>
	</extensions>
</trkpt>
<trkpt lat="-9.0669178" lon="148.3896820">
	<ele>664.36</ele>
	<time>2026-02-16T21:45:48.937Z</time>
	<hdop>3.79</hdop>
	<extensions>
		<gpxtpx:TrackPointExtension>
			<gpxtpx:course>126.21624</gpxtpx:course>
		</gpxtpx:TrackPointExtension>
	</extensions>
</trkpt>
<trkpt lat="-9.0668526" lon="148.3897462">
	<ele>666.23</ele>
	<time>2026-02-16T21:46:24.938Z</time>
	<hdop>3.79</hdop>
	<extensions>
		<gpxtpx:TrackPointExtension>
			<gpxtpx:course>47.344986</gpxtpx:course>
		</gpxtpx:TrackPointExtension>
	</extensions>
</trkpt>
<trkpt lat="-9.0667928" lon="148.3898175">
	<ele>671.36</ele>
	<time>2026-02-16T21:46:42.938Z</time>
	<hdop>3.79</hdop>
	<extensions>
		<gpxtpx:TrackPointExtension>
			<gpxtpx:course>102.2853</gpxtpx:course>
		</gpxtpx:TrackPointExtension>
	</extensions>
</trkpt>
<trkpt lat="-9.0667247" lon="148.3898798">
	<ele>673.01</ele>
	<time>2026-02-16T21:46:55.937Z</time>
	<hdop>3.79</hdop>
	<extensions>
		<gpxtpx:TrackPointExtension>
			<gpxtpx:course>50.76739</gpxtpx:course>
		</gpxtpx:TrackPointExtension>
	</extensions>
</trkpt>
<trkpt lat="-9.0666256" lon="148.3898769">
	<ele>674.49</ele>
	<time>2026-02-16T21:47:05.937Z</time>
	<hdop>3.79</hdop>
	<extensions>
		<gpxtpx:TrackPointExtension>
			<gpxtpx:course>6.5445685</gpxtpx:course>
		</gpxtpx:TrackPointExtension>
	</extensions>
</trkpt>
<trkpt lat="-9.0665338" lon="148.3898706">
	<ele>673.89</ele>
	<time>2026-02-16T21:47:16.937Z</time>
	<hdop>4.44</hdop>
	<extensions>
		<gpxtpx:TrackPointExtension>
			<gpxtpx:course>12.506145</gpxtpx:course>
		</gpxtpx:TrackPointExtension>
	</extensions>
</trkpt>
<trkpt lat="-9.0664601" lon="148.3899334">
	<ele>683.45</ele>
	<time>2026-02-16T21:47:28.937Z</time>
	<hdop>4.26</hdop>
	<extensions>
		<gpxtpx:TrackPointExtension>
			<gpxtpx:course>359.32333</gpxtpx:course>
		</gpxtpx:TrackPointExtension>
	</extensions>
</trkpt>
<trkpt lat="-9.0663682" lon="148.3899380">
	<ele>685.04</ele>
	<time>2026-02-16T21:47:45.938Z</time>
	<hdop>3.79</hdop>
	<extensions>
		<gpxtpx:TrackPointExtension>
			<gpxtpx:course>25.217627</gpxtpx:course>
		</gpxtpx:TrackPointExtension>
	</extensions>
</trkpt>
<trkpt lat="-9.0662819" lon="148.3899728">
	<ele>678.48</ele>
	<time>2026-02-16T21:47:58.937Z</time>
	<hdop>9.94</hdop>
	<extensions>
		<gpxtpx:TrackPointExtension>
			<gpxtpx:course>67.48878</gpxtpx:course>
		</gpxtpx:TrackPointExtension>
	</extensions>
</trkpt>
<trkpt lat="-9.0662329" lon="148.3900520">
	<ele>683.29</ele>
	<time>2026-02-16T21:48:24.938Z</time>
	<hdop>9.94</hdop>
	<extensions>
		<gpxtpx:TrackPointExtension>
			<gpxtpx:course>84.98967</gpxtpx:course>
		</gpxtpx:TrackPointExtension>
	</extensions>
</trkpt>
<trkpt lat="-9.0661882" lon="148.3901337">
	<ele>685.41</ele>
	<time>2026-02-16T21:48:40.937Z</time>
	<hdop>9.94</hdop>
	<extensions>
		<gpxtpx:TrackPointExtension>
			<gpxtpx:course>81.64683</gpxtpx:course>
		</gpxtpx:TrackPointExtension>
	</extensions>
</trkpt>
<trkpt lat="-9.0661748" lon="148.3902237">
	<ele>687.62</ele>
	<time>2026-02-16T21:48:53.938Z</time>
	<hdop>6.86</hdop>
	<extensions>
		<gpxtpx:TrackPointExtension>
			<gpxtpx:course>70.18177</gpxtpx:course>
		</gpxtpx:TrackPointExtension>
	</extensions>
</trkpt>
<trkpt lat="-9.0660935" lon="148.3902672">
	<ele>687.39</ele>
	<time>2026-02-16T21:49:33.938Z</time>
	<hdop>3.79</hdop>
	<extensions>
		<gpxtpx:TrackPointExtension>
			<gpxtpx:course>30.733152</gpxtpx:course>
		</gpxtpx:TrackPointExtension>
	</extensions>
</trkpt>
<trkpt lat="-9.0660242" lon="148.3903302">
	<ele>687.35</ele>
	<time>2026-02-16T21:49:46.938Z</time>
	<hdop>3.79</hdop>
	<extensions>
		<gpxtpx:TrackPointExtension>
			<gpxtpx:course>54.74201</gpxtpx:course>
		</gpxtpx:TrackPointExtension>
	</extensions>
</trkpt>
<trkpt lat="-9.0659439" lon="148.3903814">
	<ele>684.29</ele>
	<time>2026-02-16T21:50:00.938Z</time>
	<hdop>3.79</hdop>
	<extensions>
		<gpxtpx:TrackPointExtension>
			<gpxtpx:course>8.931504</gpxtpx:course>
		</gpxtpx:TrackPointExtension>
	</extensions>
</trkpt>
<trkpt lat="-9.0658519" lon="148.3904198">
	<ele>683.88</ele>
	<time>2026-02-16T21:50:13.938Z</time>
	<hdop>3.79</hdop>
	<extensions>
		<gpxtpx:TrackPointExtension>
			<gpxtpx:course>321.50107</gpxtpx:course>
		</gpxtpx:TrackPointExtension>
	</extensions>
</trkpt>
<trkpt lat="-9.0657873" lon="148.3904989">
	<ele>688.50</ele>
	<time>2026-02-16T21:50:24.938Z</time>
	<hdop>3.79</hdop>
	<extensions>
		<gpxtpx:TrackPointExtension>
			<gpxtpx:course>39.598373</gpxtpx:course>
		</gpxtpx:TrackPointExtension>
	</extensions>
</trkpt>
<trkpt lat="-9.0657414" lon="148.3905882">
	<ele>686.88</ele>
	<time>2026-02-16T21:50:36.937Z</time>
	<hdop>3.79</hdop>
	<extensions>
		<gpxtpx:TrackPointExtension>
			<gpxtpx:course>115.95154</gpxtpx:course>
		</gpxtpx:TrackPointExtension>
	</extensions>
</trkpt>
<trkpt lat="-9.0656913" lon="148.3906683">
	<ele>688.53</ele>
	<time>2026-02-16T21:50:48.938Z</time>
	<hdop>6.86</hdop>
	<extensions>
		<gpxtpx:TrackPointExtension>
			<gpxtpx:course>89.006424</gpxtpx:course>
		</gpxtpx:TrackPointExtension>
	</extensions>
</trkpt>
<trkpt lat="-9.0656384" lon="148.3907510">
	<ele>692.84</ele>
	<time>2026-02-16T21:51:04.937Z</time>
	<hdop>9.94</hdop>
	<extensions>
		<gpxtpx:TrackPointExtension>
			<gpxtpx:course>51.61819</gpxtpx:course>
		</gpxtpx:TrackPointExtension>
	</extensions>
</trkpt>
<trkpt lat="-9.0655531" lon="148.3907947">
	<ele>692.20</ele>
	<time>2026-02-16T21:51:15.937Z</time>
	<hdop>9.94</hdop>
	<extensions>
		<gpxtpx:TrackPointExtension>
			<gpxtpx:course>15.68556</gpxtpx:course>
		</gpxtpx:TrackPointExtension>
	</extensions>
</trkpt>
<trkpt lat="-9.0654830" lon="148.3908554">
	<ele>689.70</ele>
	<time>2026-02-16T21:51:25.937Z</time>
	<hdop>10.82</hdop>
	<extensions>
		<gpxtpx:TrackPointExtension>
			<gpxtpx:course>68.215485</gpxtpx:course>
		</gpxtpx:TrackPointExtension>
	</extensions>
</trkpt>
<trkpt lat="-9.0654258" lon="148.3909328">
	<ele>688.62</ele>
	<time>2026-02-16T21:51:37.938Z</time>
	<hdop>9.94</hdop>
	<extensions>
		<gpxtpx:TrackPointExtension>
			<gpxtpx:course>60.852024</gpxtpx:course>
		</gpxtpx:TrackPointExtension>
	</extensions>
</trkpt>
<trkpt lat="-9.0653390" lon="148.3909796">
	<ele>695.05</ele>
	<time>2026-02-16T21:51:53.938Z</time>
	<hdop>10.27</hdop>
	<extensions>
		<gpxtpx:TrackPointExtension>
			<gpxtpx:course>58.03933</gpxtpx:course>
		</gpxtpx:TrackPointExtension>
	</extensions>
</trkpt>
<trkpt lat="-9.0652732" lon="148.3910440">
	<ele>693.91</ele>
	<time>2026-02-16T21:52:14.938Z</time>
	<hdop>9.94</hdop>
	<extensions>
		<gpxtpx:TrackPointExtension>
			<gpxtpx:course>57.440186</gpxtpx:course>
		</gpxtpx:TrackPointExtension>
	</extensions>
</trkpt>
<trkpt lat="-9.0651977" lon="148.3910975">
	<ele>690.35</ele>
	<time>2026-02-16T21:52:38.937Z</time>
	<hdop>9.94</hdop>
	<extensions>
		<gpxtpx:TrackPointExtension>
			<gpxtpx:course>52.029408</gpxtpx:course>
		</gpxtpx:TrackPointExtension>
	</extensions>
</trkpt>
<trkpt lat="-9.0651456" lon="148.3911725">
	<ele>690.98</ele>
	<time>2026-02-16T21:52:57.938Z</time>
	<hdop>9.94</hdop>
	<extensions>
		<gpxtpx:TrackPointExtension>
			<gpxtpx:course>63.443058</gpxtpx:course>
		</gpxtpx:TrackPointExtension>
	</extensions>
</trkpt>
<trkpt lat="-9.0650628" lon="148.3912141">
	<ele>695.34</ele>
	<time>2026-02-16T21:53:11.938Z</time>
	<hdop>3.79</hdop>
	<extensions>
		<gpxtpx:TrackPointExtension>
			<gpxtpx:course>46.04253</gpxtpx:course>
		</gpxtpx:TrackPointExtension>
	</extensions>
</trkpt>
<trkpt lat="-9.0649781" lon="148.3912490">
	<ele>699.26</ele>
	<time>2026-02-16T21:53:31.937Z</time>
	<hdop>3.79</hdop>
	<extensions>
		<gpxtpx:TrackPointExtension>
			<gpxtpx:course>8.712167</gpxtpx:course>
		</gpxtpx:TrackPointExtension>
	</extensions>
</trkpt>
<trkpt lat="-9.0649050" lon="148.3913075">
	<ele>709.69</ele>
	<time>2026-02-16T21:54:16.937Z</time>
	<hdop>3.79</hdop>
	<extensions>
		<gpxtpx:TrackPointExtension>
			<gpxtpx:course>16.41682</gpxtpx:course>
		</gpxtpx:TrackPointExtension>
	</extensions>
</trkpt>
<trkpt lat="-9.0648135" lon="148.3913245">
	<ele>711.64</ele>
	<time>2026-02-16T21:54:29.937Z</time>
	<hdop>3.79</hdop>
	<extensions>
		<gpxtpx:TrackPointExtension>
			<gpxtpx:course>15.805961</gpxtpx:course>
		</gpxtpx:TrackPointExtension>
	</extensions>
</trkpt>
<trkpt lat="-9.0647261" lon="148.3913707">
	<ele>714.59</ele>
	<time>2026-02-16T21:54:41.938Z</time>
	<hdop>3.79</hdop>
	<extensions>
		<gpxtpx:TrackPointExtension>
			<gpxtpx:course>46.00641</gpxtpx:course>
		</gpxtpx:TrackPointExtension>
	</extensions>
</trkpt>
<trkpt lat="-9.0646429" lon="148.3914076">
	<ele>714.07</ele>
	<time>2026-02-16T21:54:51.938Z</time>
	<hdop>3.79</hdop>
	<extensions>
		<gpxtpx:TrackPointExtension>
			<gpxtpx:course>5.246831</gpxtpx:course>
		</gpxtpx:TrackPointExtension>
	</extensions>
</trkpt>
<trkpt lat="-9.0645497" lon="148.3914366">
	<ele>713.54</ele>
	<time>2026-02-16T21:55:03.937Z</time>
	<hdop>3.79</hdop>
	<extensions>
		<gpxtpx:TrackPointExtension>
			<gpxtpx:course>346.9249</gpxtpx:course>
		</gpxtpx:TrackPointExtension>
	</extensions>
</trkpt>
<trkpt lat="-9.0644654" lon="148.3914814">
	<ele>711.54</ele>
	<time>2026-02-16T21:55:14.937Z</time>
	<hdop>3.83</hdop>
	<extensions>
		<gpxtpx:TrackPointExtension>
			<gpxtpx:course>37.93591</gpxtpx:course>
		</gpxtpx:TrackPointExtension>
	</extensions>
</trkpt>
<trkpt lat="-9.0643828" lon="148.3915343">
	<ele>712.97</ele>
	<time>2026-02-16T21:55:24.938Z</time>
	<hdop>3.79</hdop>
	<extensions>
		<gpxtpx:TrackPointExtension>
			<gpxtpx:course>53.198704</gpxtpx:course>
		</gpxtpx:TrackPointExtension>
	</extensions>
</trkpt>
<trkpt lat="-9.0642871" lon="148.3915759">
	<ele>711.41</ele>
	<time>2026-02-16T21:55:34.938Z</time>
	<hdop>3.79</hdop>
	<extensions>
		<gpxtpx:TrackPointExtension>
			<gpxtpx:course>52.613052</gpxtpx:course>
		</gpxtpx:TrackPointExtension>
	</extensions>
</trkpt>
<trkpt lat="-9.0641859" lon="148.3916094">
	<ele>704.98</ele>
	<time>2026-02-16T21:55:45.937Z</time>
	<hdop>3.79</hdop>
	<extensions>
		<gpxtpx:TrackPointExtension>
			<gpxtpx:course>306.92474</gpxtpx:course>
		</gpxtpx:TrackPointExtension>
	</extensions>
</trkpt>
<trkpt lat="-9.0640953" lon="148.3916398">
	<ele>703.06</ele>
	<time>2026-02-16T21:55:59.937Z</time>
	<hdop>3.79</hdop>
	<extensions>
		<gpxtpx:TrackPointExtension>
			<gpxtpx:course>38.943996</gpxtpx:course>
		</gpxtpx:TrackPointExtension>
	</extensions>
</trkpt>
<trkpt lat="-9.0640301" lon="148.3917079">
	<ele>703.61</ele>
	<time>2026-02-16T21:56:17.938Z</time>
	<hdop>3.79</hdop>
	<extensions>
		<gpxtpx:TrackPointExtension>
			<gpxtpx:course>346.8577</gpxtpx:course>
		</gpxtpx:TrackPointExtension>
	</extensions>
</trkpt>
<trkpt lat="-9.0639850" lon="148.3917906">
	<ele>703.28</ele>
	<time>2026-02-16T21:56:32.937Z</time>
	<hdop>3.79</hdop>
	<extensions>
		<gpxtpx:TrackPointExtension>
			<gpxtpx:course>349.5557</gpxtpx:course>
		</gpxtpx:TrackPointExtension>
	</extensions>
</trkpt>
<trkpt lat="-9.0639554" lon="148.3918943">
	<ele>703.00</ele>
	<time>2026-02-16T21:56:42.938Z</time>
	<hdop>3.81</hdop>
	<extensions>
		<gpxtpx:TrackPointExtension>
			<gpxtpx:course>90.98935</gpxtpx:course>
		</gpxtpx:TrackPointExtension>
	</extensions>
</trkpt>
<trkpt lat="-9.0639161" lon="148.3919786">
	<ele>700.34</ele>
	<time>2026-02-16T21:56:57.938Z</time>
	<hdop>8.91</hdop>
	<extensions>
		<gpxtpx:TrackPointExtension>
			<gpxtpx:course>43.1569</gpxtpx:course>
		</gpxtpx:TrackPointExtension>
	</extensions>
</trkpt>
<trkpt lat="-9.0638924" lon="148.3920667">
	<ele>698.21</ele>
	<time>2026-02-16T21:57:15.937Z</time>
	<hdop>9.97</hdop>
	<extensions>
		<gpxtpx:TrackPointExtension>
			<gpxtpx:course>43.00379</gpxtpx:course>
		</gpxtpx:TrackPointExtension>
	</extensions>
</trkpt>
<trkpt lat="-9.0638115" lon="148.3921130">
	<ele>694.87</ele>
	<time>2026-02-16T21:57:27.938Z</time>
	<hdop>10.39</hdop>
	<extensions>
		<gpxtpx:TrackPointExtension>
			<gpxtpx:course>33.833405</gpxtpx:course>
		</gpxtpx:TrackPointExtension>
	</extensions>
</trkpt>
<trkpt lat="-9.0637595" lon="148.3921889">
	<ele>695.98</ele>
	<time>2026-02-16T21:57:39.938Z</time>
	<hdop>9.94</hdop>
	<extensions>
		<gpxtpx:TrackPointExtension>
			<gpxtpx:course>70.64908</gpxtpx:course>
		</gpxtpx:TrackPointExtension>
	</extensions>
</trkpt>
<trkpt lat="-9.0636996" lon="148.3922584">
	<ele>696.79</ele>
	<time>2026-02-16T21:57:50.937Z</time>
	<hdop>9.94</hdop>
	<extensions>
		<gpxtpx:TrackPointExtension>
			<gpxtpx:course>69.17477</gpxtpx:course>
		</gpxtpx:TrackPointExtension>
	</extensions>
</trkpt>
<trkpt lat="-9.0636111" lon="148.3923002">
	<ele>694.08</ele>
	<time>2026-02-16T21:58:06.938Z</time>
	<hdop>9.94</hdop>
	<extensions>
		<gpxtpx:TrackPointExtension>
			<gpxtpx:course>65.71416</gpxtpx:course>
		</gpxtpx:TrackPointExtension>
	</extensions>
</trkpt>
<trkpt lat="-9.0635627" lon="148.3923953">
	<ele>692.32</ele>
	<time>2026-02-16T21:58:16.938Z</time>
	<hdop>9.94</hdop>
	<extensions>
		<gpxtpx:TrackPointExtension>
			<gpxtpx:course>71.457344</gpxtpx:course>
		</gpxtpx:TrackPointExtension>
	</extensions>
</trkpt>
<trkpt lat="-9.0634876" lon="148.3924592">
	<ele>686.13</ele>
	<time>2026-02-16T21:58:34.937Z</time>
	<hdop>9.94</hdop>
	<extensions>
		<gpxtpx:TrackPointExtension>
			<gpxtpx:course>330.8827</gpxtpx:course>
		</gpxtpx:TrackPointExtension>
	</extensions>
</trkpt>
<trkpt lat="-9.0633988" lon="148.3924837">
	<ele>683.54</ele>
	<time>2026-02-16T21:58:48.938Z</time>
	<hdop>10.41</hdop>
	<extensions>
		<gpxtpx:TrackPointExtension>
			<gpxtpx:course>329.51215</gpxtpx:course>
		</gpxtpx:TrackPointExtension>
	</extensions>
</trkpt>
<trkpt lat="-9.0633137" lon="148.3925266">
	<ele>683.73</ele>
	<time>2026-02-16T21:59:01.938Z</time>
	<hdop>9.94</hdop>
	<extensions>
		<gpxtpx:TrackPointExtension>
			<gpxtpx:course>21.173767</gpxtpx:course>
		</gpxtpx:TrackPointExtension>
	</extensions>
</trkpt>
<trkpt lat="-9.0632230" lon="148.3925637">
	<ele>686.76</ele>
	<time>2026-02-16T21:59:17.938Z</time>
	<hdop>10.05</hdop>
	<extensions>
		<gpxtpx:TrackPointExtension>
			<gpxtpx:course>8.464625</gpxtpx:course>
		</gpxtpx:TrackPointExtension>
	</extensions>
</trkpt>
<trkpt lat="-9.0630899" lon="148.3925518">
	<ele>685.16</ele>
	<time>2026-02-16T21:59:27.938Z</time>
	<hdop>11.21</hdop>
	<extensions>
		<gpxtpx:TrackPointExtension>
			<gpxtpx:course>346.33072</gpxtpx:course>
		</gpxtpx:TrackPointExtension>
	</extensions>
</trkpt>
<trkpt lat="-9.0629979" lon="148.3925661">
	<ele>689.78</ele>
	<time>2026-02-16T21:59:39.938Z</time>
	<hdop>10.32</hdop>
	<extensions>
		<gpxtpx:TrackPointExtension>
			<gpxtpx:course>4.7818975</gpxtpx:course>
		</gpxtpx:TrackPointExtension>
	</extensions>
</trkpt>
<trkpt lat="-9.0629168" lon="148.3926120">
	<ele>690.23</ele>
	<time>2026-02-16T21:59:50.937Z</time>
	<hdop>10.48</hdop>
	<extensions>
		<gpxtpx:TrackPointExtension>
			<gpxtpx:course>0.9865184</gpxtpx:course>
		</gpxtpx:TrackPointExtension>
	</extensions>
</trkpt>
<trkpt lat="-9.0628290" lon="148.3926507">
	<ele>691.83</ele>
	<time>2026-02-16T22:00:13.938Z</time>
	<hdop>10.74</hdop>
	<extensions>
		<gpxtpx:TrackPointExtension>
			<gpxtpx:course>1.0227001</gpxtpx:course>
		</gpxtpx:TrackPointExtension>
	</extensions>
</trkpt>
<trkpt lat="-9.0627365" lon="148.3927255">
	<ele>695.87</ele>
	<time>2026-02-16T22:00:24.938Z</time>
	<hdop>10.51</hdop>
	<extensions>
		<gpxtpx:TrackPointExtension>
			<gpxtpx:course>19.4482</gpxtpx:course>
		</gpxtpx:TrackPointExtension>
	</extensions>
</trkpt>
<trkpt lat="-9.0627060" lon="148.3928143">
	<ele>691.82</ele>
	<time>2026-02-16T22:00:36.937Z</time>
	<hdop>9.94</hdop>
	<extensions>
		<gpxtpx:TrackPointExtension>
			<gpxtpx:course>121.1699</gpxtpx:course>
		</gpxtpx:TrackPointExtension>
	</extensions>
</trkpt>
<trkpt lat="-9.0626625" lon="148.3928969">
	<ele>694.85</ele>
	<time>2026-02-16T22:00:51.938Z</time>
	<hdop>9.94</hdop>
	<extensions>
		<gpxtpx:TrackPointExtension>
			<gpxtpx:course>117.79247</gpxtpx:course>
		</gpxtpx:TrackPointExtension>
	</extensions>
</trkpt>
<trkpt lat="-9.0625856" lon="148.3929461">
	<ele>697.68</ele>
	<time>2026-02-16T22:01:36.938Z</time>
	<hdop>9.98</hdop>
	<extensions>
		<gpxtpx:TrackPointExtension>
			<gpxtpx:course>55.100864</gpxtpx:course>
		</gpxtpx:TrackPointExtension>
	</extensions>
</trkpt>
<trkpt lat="-9.0625167" lon="148.3930145">
	<ele>707.91</ele>
	<time>2026-02-16T22:02:01.938Z</time>
	<hdop>9.94</hdop>
	<extensions>
		<gpxtpx:TrackPointExtension>
			<gpxtpx:course>64.73509</gpxtpx:course>
		</gpxtpx:TrackPointExtension>
	</extensions>
</trkpt>
<trkpt lat="-9.0624415" lon="148.3930688">
	<ele>710.91</ele>
	<time>2026-02-16T22:02:18.938Z</time>
	<hdop>9.94</hdop>
	<extensions>
		<gpxtpx:TrackPointExtension>
			<gpxtpx:course>50.712856</gpxtpx:course>
		</gpxtpx:TrackPointExtension>
	</extensions>
</trkpt>
<trkpt lat="-9.0623701" lon="148.3931292">
	<ele>707.04</ele>
	<time>2026-02-16T22:02:29.938Z</time>
	<hdop>9.94</hdop>
	<extensions>
		<gpxtpx:TrackPointExtension>
			<gpxtpx:course>45.086056</gpxtpx:course>
		</gpxtpx:TrackPointExtension>
	</extensions>
</trkpt>
<trkpt lat="-9.0623012" lon="148.3931914">
	<ele>702.47</ele>
	<time>2026-02-16T22:02:44.938Z</time>
	<hdop>9.94</hdop>
	<extensions>
		<gpxtpx:TrackPointExtension>
			<gpxtpx:course>52.23813</gpxtpx:course>
		</gpxtpx:TrackPointExtension>
	</extensions>
</trkpt>
<trkpt lat="-9.0621779" lon="148.3932439">
	<ele>701.27</ele>
	<time>2026-02-16T22:02:55.938Z</time>
	<hdop>9.94</hdop>
	<extensions>
		<gpxtpx:TrackPointExtension>
			<gpxtpx:course>47.72498</gpxtpx:course>
		</gpxtpx:TrackPointExtension>
	</extensions>
</trkpt>
<trkpt lat="-9.0620722" lon="148.3932793">
	<ele>702.66</ele>
	<time>2026-02-16T22:03:06.937Z</time>
	<hdop>7.89</hdop>
	<extensions>
		<gpxtpx:TrackPointExtension>
			<gpxtpx:course>10.627958</gpxtpx:course>
		</gpxtpx:TrackPointExtension>
	</extensions>
</trkpt>
<trkpt lat="-9.0619818" lon="148.3932952">
	<ele>702.98</ele>
	<time>2026-02-16T22:03:17.937Z</time>
	<hdop>3.79</hdop>
	<extensions>
		<gpxtpx:TrackPointExtension>
			<gpxtpx:course>10.456255</gpxtpx:course>
		</gpxtpx:TrackPointExtension>
	</extensions>
</trkpt>
<trkpt lat="-9.0618945" lon="148.3933207">
	<ele>704.28</ele>
	<time>2026-02-16T22:03:28.938Z</time>
	<hdop>3.79</hdop>
	<extensions>
		<gpxtpx:TrackPointExtension>
			<gpxtpx:course>345.47043</gpxtpx:course>
		</gpxtpx:TrackPointExtension>
	</extensions>
</trkpt>
<trkpt lat="-9.0618068" lon="148.3933743">
	<ele>704.59</ele>
	<time>2026-02-16T22:03:39.938Z</time>
	<hdop>3.79</hdop>
	<extensions>
		<gpxtpx:TrackPointExtension>
			<gpxtpx:course>347.6141</gpxtpx:course>
		</gpxtpx:TrackPointExtension>
	</extensions>
</trkpt>
<trkpt lat="-9.0617094" lon="148.3934089">
	<ele>705.41</ele>
	<time>2026-02-16T22:03:49.938Z</time>
	<hdop>3.79</hdop>
	<extensions>
		<gpxtpx:TrackPointExtension>
			<gpxtpx:course>357.9769</gpxtpx:course>
		</gpxtpx:TrackPointExtension>
	</extensions>
</trkpt>
<trkpt lat="-9.0616214" lon="148.3933483">
	<ele>702.19</ele>
	<time>2026-02-16T22:04:00.937Z</time>
	<hdop>3.79</hdop>
	<extensions>
		<gpxtpx:TrackPointExtension>
			<gpxtpx:course>318.5931</gpxtpx:course>
		</gpxtpx:TrackPointExtension>
	</extensions>
</trkpt>
<trkpt lat="-9.0615312" lon="148.3933077">
	<ele>699.31</ele>
	<time>2026-02-16T22:04:12.937Z</time>
	<hdop>3.79</hdop>
	<extensions>
		<gpxtpx:TrackPointExtension>
			<gpxtpx:course>341.2207</gpxtpx:course>
		</gpxtpx:TrackPointExtension>
	</extensions>
</trkpt>
<trkpt lat="-9.0614513" lon="148.3932619">
	<ele>702.99</ele>
	<time>2026-02-16T22:04:24.937Z</time>
	<hdop>3.79</hdop>
	<extensions>
		<gpxtpx:TrackPointExtension>
			<gpxtpx:course>326.0407</gpxtpx:course>
		</gpxtpx:TrackPointExtension>
	</extensions>
</trkpt>
<trkpt lat="-9.0613648" lon="148.3932115">
	<ele>711.07</ele>
	<time>2026-02-16T22:04:35.937Z</time>
	<hdop>3.79</hdop>
	<extensions>
		<gpxtpx:TrackPointExtension>
			<gpxtpx:course>349.75687</gpxtpx:course>
		</gpxtpx:TrackPointExtension>
	</extensions>
</trkpt>
<trkpt lat="-9.0612749" lon="148.3931651">
	<ele>710.79</ele>
	<time>2026-02-16T22:04:45.938Z</time>
	<hdop>3.79</hdop>
	<extensions>
		<gpxtpx:TrackPointExtension>
			<gpxtpx:course>329.78845</gpxtpx:course>
		</gpxtpx:TrackPointExtension>
	</extensions>
</trkpt>
<trkpt lat="-9.0611878" lon="148.3931352">
	<ele>708.72</ele>
	<time>2026-02-16T22:04:58.938Z</time>
	<hdop>3.79</hdop>
	<extensions>
		<gpxtpx:TrackPointExtension>
			<gpxtpx:course>346.55563</gpxtpx:course>
		</gpxtpx:TrackPointExtension>
	</extensions>
</trkpt>
<trkpt lat="-9.0611074" lon="148.3930885">
	<ele>712.24</ele>
	<time>2026-02-16T22:05:11.938Z</time>
	<hdop>3.79</hdop>
	<extensions>
		<gpxtpx:TrackPointExtension>
			<gpxtpx:course>315.99915</gpxtpx:course>
		</gpxtpx:TrackPointExtension>
	</extensions>
</trkpt>
<trkpt lat="-9.0610156" lon="148.3930819">
	<ele>715.94</ele>
	<time>2026-02-16T22:05:24.937Z</time>
	<hdop>3.81</hdop>
	<extensions>
		<gpxtpx:TrackPointExtension>
			<gpxtpx:course>343.7437</gpxtpx:course>
		</gpxtpx:TrackPointExtension>
	</extensions>
</trkpt>
<trkpt lat="-9.0609191" lon="148.3931361">
	<ele>715.93</ele>
	<time>2026-02-16T22:05:34.938Z</time>
	<hdop>3.79</hdop>
	<extensions>
		<gpxtpx:TrackPointExtension>
			<gpxtpx:course>45.008533</gpxtpx:course>
		</gpxtpx:TrackPointExtension>
	</extensions>
</trkpt>
<trkpt lat="-9.0608746" lon="148.3932250">
	<ele>717.07</ele>
	<time>2026-02-16T22:05:44.938Z</time>
	<hdop>3.79</hdop>
	<extensions>
		<gpxtpx:TrackPointExtension>
			<gpxtpx:course>46.10308</gpxtpx:course>
		</gpxtpx:TrackPointExtension>
	</extensions>
</trkpt>
<trkpt lat="-9.0608299" lon="148.3933094">
	<ele>713.35</ele>
	<time>2026-02-16T22:05:56.937Z</time>
	<hdop>3.79</hdop>
	<extensions>
		<gpxtpx:TrackPointExtension>
			<gpxtpx:course>46.36942</gpxtpx:course>
		</gpxtpx:TrackPointExtension>
	</extensions>
</trkpt>
<trkpt lat="-9.0607602" lon="148.3933706">
	<ele>713.51</ele>
	<time>2026-02-16T22:06:17.937Z</time>
	<hdop>10.05</hdop>
	<extensions>
		<gpxtpx:TrackPointExtension>
			<gpxtpx:course>18.079353</gpxtpx:course>
		</gpxtpx:TrackPointExtension>
	</extensions>
</trkpt>
<trkpt lat="-9.0607327" lon="148.3934590">
	<ele>708.88</ele>
	<time>2026-02-16T22:06:30.938Z</time>
	<hdop>10.18</hdop>
	<extensions>
		<gpxtpx:TrackPointExtension>
			<gpxtpx:course>78.3695</gpxtpx:course>
		</gpxtpx:TrackPointExtension>
	</extensions>
</trkpt>
<trkpt lat="-9.0606802" lon="148.3935393">
	<ele>710.29</ele>
	<time>2026-02-16T22:06:42.937Z</time>
	<hdop>10.22</hdop>
	<extensions>
		<gpxtpx:TrackPointExtension>
			<gpxtpx:course>316.05673</gpxtpx:course>
		</gpxtpx:TrackPointExtension>
	</extensions>
</trkpt>
<trkpt lat="-9.0605932" lon="148.3935678">
	<ele>706.74</ele>
	<time>2026-02-16T22:07:05.937Z</time>
	<hdop>10.05</hdop>
	<extensions>
		<gpxtpx:TrackPointExtension>
			<gpxtpx:course>351.80313</gpxtpx:course>
		</gpxtpx:TrackPointExtension>
	</extensions>
</trkpt>
<trkpt lat="-9.0605194" lon="148.3936285">
	<ele>708.50</ele>
	<time>2026-02-16T22:07:15.937Z</time>
	<hdop>10.12</hdop>
	<extensions>
		<gpxtpx:TrackPointExtension>
			<gpxtpx:course>44.812836</gpxtpx:course>
		</gpxtpx:TrackPointExtension>
	</extensions>
</trkpt>
<trkpt lat="-9.0604236" lon="148.3936856">
	<ele>705.24</ele>
	<time>2026-02-16T22:07:25.937Z</time>
	<hdop>10.03</hdop>
	<extensions>
		<gpxtpx:TrackPointExtension>
			<gpxtpx:course>43.958107</gpxtpx:course>
		</gpxtpx:TrackPointExtension>
	</extensions>
</trkpt>
<trkpt lat="-9.0603840" lon="148.3937708">
	<ele>703.90</ele>
	<time>2026-02-16T22:07:36.937Z</time>
	<hdop>9.94</hdop>
	<extensions>
		<gpxtpx:TrackPointExtension>
			<gpxtpx:course>60.21168</gpxtpx:course>
		</gpxtpx:TrackPointExtension>
	</extensions>
</trkpt>
<trkpt lat="-9.0603854" lon="148.3938720">
	<ele>706.54</ele>
	<time>2026-02-16T22:07:49.938Z</time>
	<hdop>9.94</hdop>
	<extensions>
		<gpxtpx:TrackPointExtension>
			<gpxtpx:course>100.944374</gpxtpx:course>
		</gpxtpx:TrackPointExtension>
	</extensions>
</trkpt>
<trkpt lat="-9.0603425" lon="148.3939809">
	<ele>708.20</ele>
	<time>2026-02-16T22:07:59.938Z</time>
	<hdop>9.94</hdop>
	<extensions>
		<gpxtpx:TrackPointExtension>
			<gpxtpx:course>66.303734</gpxtpx:course>
		</gpxtpx:TrackPointExtension>
	</extensions>
</trkpt>
<trkpt lat="-9.0603083" lon="148.3940669">
	<ele>708.37</ele>
	<time>2026-02-16T22:08:10.938Z</time>
	<hdop>9.94</hdop>
	<extensions>
		<gpxtpx:TrackPointExtension>
			<gpxtpx:course>80.75332</gpxtpx:course>
		</gpxtpx:TrackPointExtension>
	</extensions>
</trkpt>
<trkpt lat="-9.0602691" lon="148.3941581">
	<ele>709.60</ele>
	<time>2026-02-16T22:08:22.938Z</time>
	<hdop>9.94</hdop>
	<extensions>
		<gpxtpx:TrackPointExtension>
			<gpxtpx:course>87.92527</gpxtpx:course>
		</gpxtpx:TrackPointExtension>
	</extensions>
</trkpt>
<trkpt lat="-9.0602082" lon="148.3942282">
	<ele>706.34</ele>
	<time>2026-02-16T22:08:36.938Z</time>
	<hdop>9.94</hdop>
	<extensions>
		<gpxtpx:TrackPointExtension>
			<gpxtpx:course>62.97871</gpxtpx:course>
		</gpxtpx:TrackPointExtension>
	</extensions>
</trkpt>
<trkpt lat="-9.0601649" lon="148.3943157">
	<ele>707.97</ele>
	<time>2026-02-16T22:08:49.938Z</time>
	<hdop>9.94</hdop>
	<extensions>
		<gpxtpx:TrackPointExtension>
			<gpxtpx:course>44.42267</gpxtpx:course>
		</gpxtpx:TrackPointExtension>
	</extensions>
</trkpt>
<trkpt lat="-9.0600630" lon="148.3943466">
	<ele>707.82</ele>
	<time>2026-02-16T22:09:00.938Z</time>
	<hdop>9.94</hdop>
	<extensions>
		<gpxtpx:TrackPointExtension>
			<gpxtpx:course>29.49922</gpxtpx:course>
		</gpxtpx:TrackPointExtension>
	</extensions>
</trkpt>
<trkpt lat="-9.0600198" lon="148.3944365">
	<ele>707.44</ele>
	<time>2026-02-16T22:09:11.937Z</time>
	<hdop>9.94</hdop>
	<extensions>
		<gpxtpx:TrackPointExtension>
			<gpxtpx:course>31.859236</gpxtpx:course>
		</gpxtpx:TrackPointExtension>
	</extensions>
</trkpt>
<trkpt lat="-9.0599828" lon="148.3945265">
	<ele>708.55</ele>
	<time>2026-02-16T22:09:22.938Z</time>
	<hdop>9.94</hdop>
	<extensions>
		<gpxtpx:TrackPointExtension>
			<gpxtpx:course>44.021427</gpxtpx:course>
		</gpxtpx:TrackPointExtension>
	</extensions>
</trkpt>
<trkpt lat="-9.0599511" lon="148.3946214">
	<ele>711.60</ele>
	<time>2026-02-16T22:09:32.938Z</time>
	<hdop>9.94</hdop>
	<extensions>
		<gpxtpx:TrackPointExtension>
			<gpxtpx:course>45.071266</gpxtpx:course>
		</gpxtpx:TrackPointExtension>
	</extensions>
</trkpt>
<trkpt lat="-9.0599396" lon="148.3947223">
	<ele>711.31</ele>
	<time>2026-02-16T22:09:43.938Z</time>
	<hdop>9.94</hdop>
	<extensions>
		<gpxtpx:TrackPointExtension>
			<gpxtpx:course>82.86138</gpxtpx:course>
		</gpxtpx:TrackPointExtension>
	</extensions>
</trkpt>
<trkpt lat="-9.0599518" lon="148.3948157">
	<ele>710.39</ele>
	<time>2026-02-16T22:09:54.937Z</time>
	<hdop>9.94</hdop>
	<extensions>
		<gpxtpx:TrackPointExtension>
			<gpxtpx:course>92.985374</gpxtpx:course>
		</gpxtpx:TrackPointExtension>
	</extensions>
</trkpt>
<trkpt lat="-9.0599187" lon="148.3949035">
	<ele>703.79</ele>
	<time>2026-02-16T22:10:11.938Z</time>
	<hdop>9.94</hdop>
	<extensions>
		<gpxtpx:TrackPointExtension>
			<gpxtpx:course>33.106327</gpxtpx:course>
		</gpxtpx:TrackPointExtension>
	</extensions>
</trkpt>
<trkpt lat="-9.0598853" lon="148.3949899">
	<ele>701.36</ele>
	<time>2026-02-16T22:10:27.938Z</time>
	<hdop>9.94</hdop>
	<extensions>
		<gpxtpx:TrackPointExtension>
			<gpxtpx:course>66.75736</gpxtpx:course>
		</gpxtpx:TrackPointExtension>
	</extensions>
</trkpt>
<trkpt lat="-9.0598370" lon="148.3950674">
	<ele>698.43</ele>
	<time>2026-02-16T22:10:43.937Z</time>
	<hdop>9.94</hdop>
	<extensions>
		<gpxtpx:TrackPointExtension>
			<gpxtpx:course>47.385563</gpxtpx:course>
		</gpxtpx:TrackPointExtension>
	</extensions>
</trkpt>
<trkpt lat="-9.0597751" lon="148.3951413">
	<ele>699.86</ele>
	<time>2026-02-16T22:12:46.937Z</time>
	<hdop>3.79</hdop>
	<extensions>
		<gpxtpx:TrackPointExtension>
			<gpxtpx:course>59.97408</gpxtpx:course>
		</gpxtpx:TrackPointExtension>
	</extensions>
</trkpt>
<trkpt lat="-9.0597599" lon="148.3952331">
	<ele>699.78</ele>
	<time>2026-02-16T22:12:58.938Z</time>
	<hdop>3.79</hdop>
	<extensions>
		<gpxtpx:TrackPointExtension>
			<gpxtpx:course>60.716457</gpxtpx:course>
		</gpxtpx:TrackPointExtension>
	</extensions>
</trkpt>
<trkpt lat="-9.0597374" lon="148.3953284">
	<ele>703.05</ele>
	<time>2026-02-16T22:13:09.937Z</time>
	<hdop>3.79</hdop>
	<extensions>
		<gpxtpx:TrackPointExtension>
			<gpxtpx:course>55.637054</gpxtpx:course>
		</gpxtpx:TrackPointExtension>
	</extensions>
</trkpt>
<trkpt lat="-9.0597158" lon="148.3954264">
	<ele>702.60</ele>
	<time>2026-02-16T22:13:23.938Z</time>
	<hdop>3.79</hdop>
	<extensions>
		<gpxtpx:TrackPointExtension>
			<gpxtpx:course>87.96217</gpxtpx:course>
		</gpxtpx:TrackPointExtension>
	</extensions>
</trkpt>
<trkpt lat="-9.0596648" lon="148.3955026">
	<ele>703.70</ele>
	<time>2026-02-16T22:13:37.937Z</time>
	<hdop>3.79</hdop>
	<extensions>
		<gpxtpx:TrackPointExtension>
			<gpxtpx:course>86.052986</gpxtpx:course>
		</gpxtpx:TrackPointExtension>
	</extensions>
</trkpt>
<trkpt lat="-9.0597168" lon="148.3955784">
	<ele>697.89</ele>
	<time>2026-02-16T22:15:22.937Z</time>
	<hdop>3.79</hdop>
	<extensions>
		<gpxtpx:TrackPointExtension>
			<gpxtpx:course>115.53228</gpxtpx:course>
		</gpxtpx:TrackPointExtension>
	</extensions>
</trkpt>
<trkpt lat="-9.0596907" lon="148.3956669">
	<ele>698.89</ele>
	<time>2026-02-16T22:15:39.938Z</time>
	<hdop>3.79</hdop>
	<extensions>
		<gpxtpx:TrackPointExtension>
			<gpxtpx:course>53.442272</gpxtpx:course>
		</gpxtpx:TrackPointExtension>
	</extensions>
</trkpt>
<trkpt lat="-9.0596238" lon="148.3957293">
	<ele>698.50</ele>
	<time>2026-02-16T22:15:50.937Z</time>
	<hdop>3.79</hdop>
	<extensions>
		<gpxtpx:TrackPointExtension>
			<gpxtpx:course>24.565216</gpxtpx:course>
		</gpxtpx:TrackPointExtension>
	</extensions>
</trkpt>
<trkpt lat="-9.0596079" lon="148.3958240">
	<ele>699.91</ele>
	<time>2026-02-16T22:16:03.938Z</time>
	<hdop>3.79</hdop>
	<extensions>
		<gpxtpx:TrackPointExtension>
			<gpxtpx:course>25.448557</gpxtpx:course>
		</gpxtpx:TrackPointExtension>
	</extensions>
</trkpt>
<trkpt lat="-9.0595237" lon="148.3958712">
	<ele>697.24</ele>
	<time>2026-02-16T22:16:14.938Z</time>
	<hdop>3.79</hdop>
	<extensions>
		<gpxtpx:TrackPointExtension>
			<gpxtpx:course>45.77927</gpxtpx:course>
		</gpxtpx:TrackPointExtension>
	</extensions>
</trkpt>
<trkpt lat="-9.0595269" lon="148.3959641">
	<ele>703.80</ele>
	<time>2026-02-16T22:17:01.937Z</time>
	<hdop>9.94</hdop>
	<extensions>
		<gpxtpx:TrackPointExtension>
			<gpxtpx:course>81.276566</gpxtpx:course>
		</gpxtpx:TrackPointExtension>
	</extensions>
</trkpt>
<trkpt lat="-9.0594972" lon="148.3960549">
	<ele>702.91</ele>
	<time>2026-02-16T22:17:31.937Z</time>
	<hdop>9.94</hdop>
	<extensions>
		<gpxtpx:TrackPointExtension>
			<gpxtpx:course>83.525024</gpxtpx:course>
		</gpxtpx:TrackPointExtension>
	</extensions>
</trkpt>
<trkpt lat="-9.0594489" lon="148.3961361">
	<ele>705.29</ele>
	<time>2026-02-16T22:17:41.937Z</time>
	<hdop>9.94</hdop>
	<extensions>
		<gpxtpx:TrackPointExtension>
			<gpxtpx:course>82.28159</gpxtpx:course>
		</gpxtpx:TrackPointExtension>
	</extensions>
</trkpt>
<trkpt lat="-9.0594259" lon="148.3962280">
	<ele>704.02</ele>
	<time>2026-02-16T22:17:53.937Z</time>
	<hdop>9.94</hdop>
	<extensions>
		<gpxtpx:TrackPointExtension>
			<gpxtpx:course>80.7244</gpxtpx:course>
		</gpxtpx:TrackPointExtension>
	</extensions>
</trkpt>
<trkpt lat="-9.0593988" lon="148.3963240">
	<ele>703.80</ele>
	<time>2026-02-16T22:18:06.937Z</time>
	<hdop>9.94</hdop>
	<extensions>
		<gpxtpx:TrackPointExtension>
			<gpxtpx:course>96.08464</gpxtpx:course>
		</gpxtpx:TrackPointExtension>
	</extensions>
</trkpt>
<trkpt lat="-9.0593454" lon="148.3964070">
	<ele>709.60</ele>
	<time>2026-02-16T22:18:18.937Z</time>
	<hdop>9.94</hdop>
	<extensions>
		<gpxtpx:TrackPointExtension>
			<gpxtpx:course>13.041154</gpxtpx:course>
		</gpxtpx:TrackPointExtension>
	</extensions>
</trkpt>
<trkpt lat="-9.0592841" lon="148.3964747">
	<ele>709.29</ele>
	<time>2026-02-16T22:18:29.937Z</time>
	<hdop>9.94</hdop>
	<extensions>
		<gpxtpx:TrackPointExtension>
			<gpxtpx:course>35.251095</gpxtpx:course>
		</gpxtpx:TrackPointExtension>
	</extensions>
</trkpt>
<trkpt lat="-9.0592416" lon="148.3965565">
	<ele>710.59</ele>
	<time>2026-02-16T22:18:42.938Z</time>
	<hdop>9.94</hdop>
	<extensions>
		<gpxtpx:TrackPointExtension>
			<gpxtpx:course>78.9219</gpxtpx:course>
		</gpxtpx:TrackPointExtension>
	</extensions>
</trkpt>
<trkpt lat="-9.0591597" lon="148.3966087">
	<ele>707.77</ele>
	<time>2026-02-16T22:18:56.938Z</time>
	<hdop>9.94</hdop>
	<extensions>
		<gpxtpx:TrackPointExtension>
			<gpxtpx:course>75.745735</gpxtpx:course>
		</gpxtpx:TrackPointExtension>
	</extensions>
</trkpt>
<trkpt lat="-9.0590974" lon="148.3966895">
	<ele>709.20</ele>
	<time>2026-02-16T22:19:07.937Z</time>
	<hdop>9.94</hdop>
	<extensions>
		<gpxtpx:TrackPointExtension>
			<gpxtpx:course>72.84592</gpxtpx:course>
		</gpxtpx:TrackPointExtension>
	</extensions>
</trkpt>
<trkpt lat="-9.0590508" lon="148.3967754">
	<ele>712.41</ele>
	<time>2026-02-16T22:19:25.937Z</time>
	<hdop>9.94</hdop>
	<extensions>
		<gpxtpx:TrackPointExtension>
			<gpxtpx:course>349.03806</gpxtpx:course>
		</gpxtpx:TrackPointExtension>
	</extensions>
</trkpt>
<trkpt lat="-9.0589818" lon="148.3968448">
	<ele>712.23</ele>
	<time>2026-02-16T22:20:05.937Z</time>
	<hdop>9.94</hdop>
	<extensions>
		<gpxtpx:TrackPointExtension>
			<gpxtpx:course>9.524882</gpxtpx:course>
		</gpxtpx:TrackPointExtension>
	</extensions>
</trkpt>
<trkpt lat="-9.0589338" lon="148.3969308">
	<ele>712.94</ele>
	<time>2026-02-16T22:20:17.937Z</time>
	<hdop>8.91</hdop>
	<extensions>
		<gpxtpx:TrackPointExtension>
			<gpxtpx:course>58.428864</gpxtpx:course>
		</gpxtpx:TrackPointExtension>
	</extensions>
</trkpt>
<trkpt lat="-9.0588783" lon="148.3970065">
	<ele>710.83</ele>
	<time>2026-02-16T22:21:16.937Z</time>
	<hdop>3.79</hdop>
	<extensions>
		<gpxtpx:TrackPointExtension>
			<gpxtpx:course>50.83911</gpxtpx:course>
		</gpxtpx:TrackPointExtension>
	</extensions>
</trkpt>
<trkpt lat="-9.0588468" lon="148.3970972">
	<ele>710.03</ele>
	<time>2026-02-16T22:21:28.937Z</time>
	<hdop>3.79</hdop>
	<extensions>
		<gpxtpx:TrackPointExtension>
			<gpxtpx:course>96.02115</gpxtpx:course>
		</gpxtpx:TrackPointExtension>
	</extensions>
</trkpt>
<trkpt lat="-9.0587935" lon="148.3971808">
	<ele>709.72</ele>
	<time>2026-02-16T22:21:39.937Z</time>
	<hdop>3.79</hdop>
	<extensions>
		<gpxtpx:TrackPointExtension>
			<gpxtpx:course>64.28495</gpxtpx:course>
		</gpxtpx:TrackPointExtension>
	</extensions>
</trkpt>
<trkpt lat="-9.0587623" lon="148.3972706">
	<ele>709.04</ele>
	<time>2026-02-16T22:21:52.938Z</time>
	<hdop>3.79</hdop>
	<extensions>
		<gpxtpx:TrackPointExtension>
			<gpxtpx:course>78.63349</gpxtpx:course>
		</gpxtpx:TrackPointExtension>
	</extensions>
</trkpt>
<trkpt lat="-9.0587157" lon="148.3973504">
	<ele>712.32</ele>
	<time>2026-02-16T22:22:11.937Z</time>
	<hdop>3.79</hdop>
	<extensions>
		<gpxtpx:TrackPointExtension>
			<gpxtpx:course>70.92841</gpxtpx:course>
		</gpxtpx:TrackPointExtension>
	</extensions>
</trkpt>
<trkpt lat="-9.0586460" lon="148.3974095">
	<ele>717.35</ele>
	<time>2026-02-16T22:22:25.938Z</time>
	<hdop>7.89</hdop>
	<extensions>
		<gpxtpx:TrackPointExtension>
			<gpxtpx:course>47.825554</gpxtpx:course>
		</gpxtpx:TrackPointExtension>
	</extensions>
</trkpt>
<trkpt lat="-9.0585635" lon="148.3974478">
	<ele>720.35</ele>
	<time>2026-02-16T22:24:13.938Z</time>
	<hdop>9.94</hdop>
	<extensions>
		<gpxtpx:TrackPointExtension>
			<gpxtpx:course>343.11127</gpxtpx:course>
		</gpxtpx:TrackPointExtension>
	</extensions>
</trkpt>
<trkpt lat="-9.0584950" lon="148.3975146">
	<ele>721.04</ele>
	<time>2026-02-16T22:24:23.938Z</time>
	<hdop>9.94</hdop>
	<extensions>
		<gpxtpx:TrackPointExtension>
			<gpxtpx:course>33.207684</gpxtpx:course>
		</gpxtpx:TrackPointExtension>
	</extensions>
</trkpt>
<trkpt lat="-9.0584494" lon="148.3976007">
	<ele>720.88</ele>
	<time>2026-02-16T22:24:34.937Z</time>
	<hdop>9.94</hdop>
	<extensions>
		<gpxtpx:TrackPointExtension>
			<gpxtpx:course>44.57046</gpxtpx:course>
		</gpxtpx:TrackPointExtension>
	</extensions>
</trkpt>
<trkpt lat="-9.0583551" lon="148.3976274">
	<ele>723.21</ele>
	<time>2026-02-16T22:24:45.937Z</time>
	<hdop>10.20</hdop>
	<extensions>
		<gpxtpx:TrackPointExtension>
			<gpxtpx:course>31.950686</gpxtpx:course>
		</gpxtpx:TrackPointExtension>
	</extensions>
</trkpt>
<trkpt lat="-9.0583014" lon="148.3977021">
	<ele>722.19</ele>
	<time>2026-02-16T22:24:56.938Z</time>
	<hdop>10.02</hdop>
	<extensions>
		<gpxtpx:TrackPointExtension>
			<gpxtpx:course>49.836624</gpxtpx:course>
		</gpxtpx:TrackPointExtension>
	</extensions>
</trkpt>
<trkpt lat="-9.0582837" lon="148.3978243">
	<ele>722.93</ele>
	<time>2026-02-16T22:25:07.937Z</time>
	<hdop>9.94</hdop>
	<extensions>
		<gpxtpx:TrackPointExtension>
			<gpxtpx:course>83.55149</gpxtpx:course>
		</gpxtpx:TrackPointExtension>
	</extensions>
</trkpt>
<trkpt lat="-9.0582247" lon="148.3979021">
	<ele>722.93</ele>
	<time>2026-02-16T22:25:20.937Z</time>
	<hdop>10.13</hdop>
	<extensions>
		<gpxtpx:TrackPointExtension>
			<gpxtpx:course>89.708824</gpxtpx:course>
		</gpxtpx:TrackPointExtension>
	</extensions>
</trkpt>
<trkpt lat="-9.0581702" lon="148.3979865">
	<ele>722.27</ele>
	<time>2026-02-16T22:25:30.937Z</time>
	<hdop>10.90</hdop>
	<extensions>
		<gpxtpx:TrackPointExtension>
			<gpxtpx:course>68.38924</gpxtpx:course>
		</gpxtpx:TrackPointExtension>
	</extensions>
</trkpt>
<trkpt lat="-9.0581506" lon="148.3980759">
	<ele>724.06</ele>
	<time>2026-02-16T22:25:57.938Z</time>
	<hdop>9.95</hdop>
	<extensions>
		<gpxtpx:TrackPointExtension>
			<gpxtpx:course>78.81441</gpxtpx:course>
		</gpxtpx:TrackPointExtension>
	</extensions>
</trkpt>
<trkpt lat="-9.0581448" lon="148.3981689">
	<ele>723.23</ele>
	<time>2026-02-16T22:26:09.937Z</time>
	<hdop>9.94</hdop>
	<extensions>
		<gpxtpx:TrackPointExtension>
			<gpxtpx:course>78.854805</gpxtpx:course>
		</gpxtpx:TrackPointExtension>
	</extensions>
</trkpt>
<trkpt lat="-9.0581157" lon="148.3982607">
	<ele>721.06</ele>
	<time>2026-02-16T22:26:19.938Z</time>
	<hdop>9.97</hdop>
	<extensions>
		<gpxtpx:TrackPointExtension>
			<gpxtpx:course>77.126976</gpxtpx:course>
		</gpxtpx:TrackPointExtension>
	</extensions>
</trkpt>
<trkpt lat="-9.0580704" lon="148.3983437">
	<ele>718.06</ele>
	<time>2026-02-16T22:26:36.937Z</time>
	<hdop>9.94</hdop>
	<extensions>
		<gpxtpx:TrackPointExtension>
			<gpxtpx:course>26.306225</gpxtpx:course>
		</gpxtpx:TrackPointExtension>
	</extensions>
</trkpt>
<trkpt lat="-9.0580344" lon="148.3984286">
	<ele>714.52</ele>
	<time>2026-02-16T22:26:48.937Z</time>
	<hdop>9.94</hdop>
	<extensions>
		<gpxtpx:TrackPointExtension>
			<gpxtpx:course>45.58959</gpxtpx:course>
		</gpxtpx:TrackPointExtension>
	</extensions>
</trkpt>
<trkpt lat="-9.0580173" lon="148.3985191">
	<ele>715.13</ele>
	<time>2026-02-16T22:27:07.938Z</time>
	<hdop>10.03</hdop>
	<extensions>
		<gpxtpx:TrackPointExtension>
			<gpxtpx:course>114.69452</gpxtpx:course>
		</gpxtpx:TrackPointExtension>
	</extensions>
</trkpt>
<trkpt lat="-9.0579933" lon="148.3986139">
	<ele>717.80</ele>
	<time>2026-02-16T22:27:24.938Z</time>
	<hdop>9.94</hdop>
	<extensions>
		<gpxtpx:TrackPointExtension>
			<gpxtpx:course>104.841736</gpxtpx:course>
		</gpxtpx:TrackPointExtension>
	</extensions>
</trkpt>
<trkpt lat="-9.0579978" lon="148.3987104">
	<ele>722.86</ele>
	<time>2026-02-16T22:27:38.938Z</time>
	<hdop>9.94</hdop>
	<extensions>
		<gpxtpx:TrackPointExtension>
			<gpxtpx:course>103.66458</gpxtpx:course>
		</gpxtpx:TrackPointExtension>
	</extensions>
</trkpt>
<trkpt lat="-9.0580266" lon="148.3988005">
	<ele>723.00</ele>
	<time>2026-02-16T22:27:51.938Z</time>
	<hdop>9.94</hdop>
	<extensions>
		<gpxtpx:TrackPointExtension>
			<gpxtpx:course>104.29782</gpxtpx:course>
		</gpxtpx:TrackPointExtension>
	</extensions>
</trkpt>
<trkpt lat="-9.0579357" lon="148.3987855">
	<ele>727.51</ele>
	<time>2026-02-16T22:28:23.938Z</time>
	<hdop>9.94</hdop>
	<extensions>
		<gpxtpx:TrackPointExtension>
			<gpxtpx:course>308.96802</gpxtpx:course>
		</gpxtpx:TrackPointExtension>
	</extensions>
</trkpt>
<trkpt lat="-9.0578429" lon="148.3988074">
	<ele>729.79</ele>
	<time>2026-02-16T22:28:49.937Z</time>
	<hdop>9.94</hdop>
	<extensions>
		<gpxtpx:TrackPointExtension>
			<gpxtpx:course>49.61598</gpxtpx:course>
		</gpxtpx:TrackPointExtension>
	</extensions>
</trkpt>
<trkpt lat="-9.0577586" lon="148.3988531">
	<ele>725.76</ele>
	<time>2026-02-16T22:29:04.937Z</time>
	<hdop>9.94</hdop>
	<extensions>
		<gpxtpx:TrackPointExtension>
			<gpxtpx:course>49.820293</gpxtpx:course>
		</gpxtpx:TrackPointExtension>
	</extensions>
</trkpt>
<trkpt lat="-9.0576891" lon="148.3989198">
	<ele>721.27</ele>
	<time>2026-02-16T22:29:24.938Z</time>
	<hdop>9.94</hdop>
	<extensions>
		<gpxtpx:TrackPointExtension>
			<gpxtpx:course>49.643845</gpxtpx:course>
		</gpxtpx:TrackPointExtension>
	</extensions>
</trkpt>
<trkpt lat="-9.0575913" lon="148.3989330">
	<ele>722.58</ele>
	<time>2026-02-16T22:29:36.937Z</time>
	<hdop>9.94</hdop>
	<extensions>
		<gpxtpx:TrackPointExtension>
			<gpxtpx:course>9.415405</gpxtpx:course>
		</gpxtpx:TrackPointExtension>
	</extensions>
</trkpt>
<trkpt lat="-9.0575031" lon="148.3989570">
	<ele>724.91</ele>
	<time>2026-02-16T22:29:47.938Z</time>
	<hdop>7.89</hdop>
	<extensions>
		<gpxtpx:TrackPointExtension>
			<gpxtpx:course>9.579309</gpxtpx:course>
		</gpxtpx:TrackPointExtension>
	</extensions>
</trkpt>
<trkpt lat="-9.0574359" lon="148.3990191">
	<ele>726.07</ele>
	<time>2026-02-16T22:29:57.938Z</time>
	<hdop>3.79</hdop>
	<extensions>
		<gpxtpx:TrackPointExtension>
			<gpxtpx:course>49.989292</gpxtpx:course>
		</gpxtpx:TrackPointExtension>
	</extensions>
</trkpt>
<trkpt lat="-9.0573459" lon="148.3990483">
	<ele>727.90</ele>
	<time>2026-02-16T22:30:14.938Z</time>
	<hdop>3.79</hdop>
	<extensions>
		<gpxtpx:TrackPointExtension>
			<gpxtpx:course>48.84345</gpxtpx:course>
		</gpxtpx:TrackPointExtension>
	</extensions>
</trkpt>
<trkpt lat="-9.0572628" lon="148.3990997">
	<ele>728.38</ele>
	<time>2026-02-16T22:30:25.938Z</time>
	<hdop>3.79</hdop>
	<extensions>
		<gpxtpx:TrackPointExtension>
			<gpxtpx:course>26.82077</gpxtpx:course>
		</gpxtpx:TrackPointExtension>
	</extensions>
</trkpt>
<trkpt lat="-9.0571572" lon="148.3991576">
	<ele>728.39</ele>
	<time>2026-02-16T22:30:36.938Z</time>
	<hdop>3.82</hdop>
	<extensions>
		<gpxtpx:TrackPointExtension>
			<gpxtpx:course>22.156132</gpxtpx:course>
		</gpxtpx:TrackPointExtension>
	</extensions>
</trkpt>
<trkpt lat="-9.0570513" lon="148.3991958">
	<ele>729.08</ele>
	<time>2026-02-16T22:30:47.937Z</time>
	<hdop>3.79</hdop>
	<extensions>
		<gpxtpx:TrackPointExtension>
			<gpxtpx:course>13.800623</gpxtpx:course>
		</gpxtpx:TrackPointExtension>
	</extensions>
</trkpt>
<trkpt lat="-9.0569928" lon="148.3992776">
	<ele>728.91</ele>
	<time>2026-02-16T22:30:57.937Z</time>
	<hdop>9.94</hdop>
	<extensions>
		<gpxtpx:TrackPointExtension>
			<gpxtpx:course>80.88628</gpxtpx:course>
		</gpxtpx:TrackPointExtension>
	</extensions>
</trkpt>
<trkpt lat="-9.0569069" lon="148.3993201">
	<ele>724.26</ele>
	<time>2026-02-16T22:31:10.937Z</time>
	<hdop>10.20</hdop>
	<extensions>
		<gpxtpx:TrackPointExtension>
			<gpxtpx:course>40.34799</gpxtpx:course>
		</gpxtpx:TrackPointExtension>
	</extensions>
</trkpt>
<trkpt lat="-9.0568383" lon="148.3993873">
	<ele>727.26</ele>
	<time>2026-02-16T22:31:22.938Z</time>
	<hdop>11.16</hdop>
	<extensions>
		<gpxtpx:TrackPointExtension>
			<gpxtpx:course>85.36733</gpxtpx:course>
		</gpxtpx:TrackPointExtension>
	</extensions>
</trkpt>
<trkpt lat="-9.0568060" lon="148.3994753">
	<ele>730.82</ele>
	<time>2026-02-16T22:31:34.937Z</time>
	<hdop>11.13</hdop>
	<extensions>
		<gpxtpx:TrackPointExtension>
			<gpxtpx:course>59.51771</gpxtpx:course>
		</gpxtpx:TrackPointExtension>
	</extensions>
</trkpt>
<trkpt lat="-9.0568161" lon="148.3995666">
	<ele>736.49</ele>
	<time>2026-02-16T22:32:05.938Z</time>
	<hdop>9.94</hdop>
	<extensions>
		<gpxtpx:TrackPointExtension>
			<gpxtpx:course>35.546143</gpxtpx:course>
		</gpxtpx:TrackPointExtension>
	</extensions>
</trkpt>
<trkpt lat="-9.0568024" lon="148.3996567">
	<ele>743.33</ele>
	<time>2026-02-16T22:32:32.937Z</time>
	<hdop>9.94</hdop>
	<extensions>
		<gpxtpx:TrackPointExtension>
			<gpxtpx:course>109.51782</gpxtpx:course>
		</gpxtpx:TrackPointExtension>
	</extensions>
</trkpt>
<trkpt lat="-9.0568034" lon="148.3997515">
	<ele>748.25</ele>
	<time>2026-02-16T22:32:53.938Z</time>
	<hdop>9.94</hdop>
	<extensions>
		<gpxtpx:TrackPointExtension>
			<gpxtpx:course>104.49242</gpxtpx:course>
		</gpxtpx:TrackPointExtension>
	</extensions>
</trkpt>
<trkpt lat="-9.0567741" lon="148.3998417">
	<ele>748.09</ele>
	<time>2026-02-16T22:33:06.938Z</time>
	<hdop>9.94</hdop>
	<extensions>
		<gpxtpx:TrackPointExtension>
			<gpxtpx:course>114.27586</gpxtpx:course>
		</gpxtpx:TrackPointExtension>
	</extensions>
</trkpt>
<trkpt lat="-9.0567192" lon="148.3999206">
	<ele>751.72</ele>
	<time>2026-02-16T22:33:22.938Z</time>
	<hdop>9.94</hdop>
	<extensions>
		<gpxtpx:TrackPointExtension>
			<gpxtpx:course>114.82401</gpxtpx:course>
		</gpxtpx:TrackPointExtension>
	</extensions>
</trkpt>
<trkpt lat="-9.0566911" lon="148.4000096">
	<ele>757.19</ele>
	<time>2026-02-16T22:33:35.938Z</time>
	<hdop>9.94</hdop>
	<extensions>
		<gpxtpx:TrackPointExtension>
			<gpxtpx:course>90.509674</gpxtpx:course>
		</gpxtpx:TrackPointExtension>
	</extensions>
</trkpt>
<trkpt lat="-9.0566862" lon="148.4001020">
	<ele>758.19</ele>
	<time>2026-02-16T22:33:52.938Z</time>
	<hdop>10.18</hdop>
	<extensions>
		<gpxtpx:TrackPointExtension>
			<gpxtpx:course>93.289246</gpxtpx:course>
		</gpxtpx:TrackPointExtension>
	</extensions>
</trkpt>
<trkpt lat="-9.0566774" lon="148.4002131">
	<ele>761.40</ele>
	<time>2026-02-16T22:34:02.938Z</time>
	<hdop>9.94</hdop>
	<extensions>
		<gpxtpx:TrackPointExtension>
			<gpxtpx:course>133.87265</gpxtpx:course>
		</gpxtpx:TrackPointExtension>
	</extensions>
</trkpt>
<trkpt lat="-9.0566932" lon="148.4003055">
	<ele>762.24</ele>
	<time>2026-02-16T22:34:17.937Z</time>
	<hdop>9.94</hdop>
	<extensions>
		<gpxtpx:TrackPointExtension>
			<gpxtpx:course>102.24553</gpxtpx:course>
		</gpxtpx:TrackPointExtension>
	</extensions>
</trkpt>
<trkpt lat="-9.0566270" lon="148.4003693">
	<ele>763.94</ele>
	<time>2026-02-16T22:34:37.937Z</time>
	<hdop>9.94</hdop>
	<extensions>
		<gpxtpx:TrackPointExtension>
			<gpxtpx:course>92.76025</gpxtpx:course>
		</gpxtpx:TrackPointExtension>
	</extensions>
</trkpt>
<trkpt lat="-9.0565382" lon="148.4004023">
	<ele>768.31</ele>
	<time>2026-02-16T22:35:21.937Z</time>
	<hdop>3.79</hdop>
	<extensions>
		<gpxtpx:TrackPointExtension>
			<gpxtpx:course>102.450005</gpxtpx:course>
		</gpxtpx:TrackPointExtension>
	</extensions>
</trkpt>
<trkpt lat="-9.0564913" lon="148.4004807">
	<ele>770.04</ele>
	<time>2026-02-16T22:35:55.937Z</time>
	<hdop>3.79</hdop>
	<extensions>
		<gpxtpx:TrackPointExtension>
			<gpxtpx:course>66.44244</gpxtpx:course>
		</gpxtpx:TrackPointExtension>
	</extensions>
</trkpt>
<trkpt lat="-9.0564343" lon="148.4005522">
	<ele>774.73</ele>
	<time>2026-02-16T22:36:34.938Z</time>
	<hdop>9.94</hdop>
	<extensions>
		<gpxtpx:TrackPointExtension>
			<gpxtpx:course>66.0042</gpxtpx:course>
		</gpxtpx:TrackPointExtension>
	</extensions>
</trkpt>
<trkpt lat="-9.0564215" lon="148.4006450">
	<ele>777.61</ele>
	<time>2026-02-16T22:36:46.938Z</time>
	<hdop>9.94</hdop>
	<extensions>
		<gpxtpx:TrackPointExtension>
			<gpxtpx:course>54.241104</gpxtpx:course>
		</gpxtpx:TrackPointExtension>
	</extensions>
</trkpt>
<trkpt lat="-9.0563685" lon="148.4007257">
	<ele>776.28</ele>
	<time>2026-02-16T22:36:57.937Z</time>
	<hdop>9.94</hdop>
	<extensions>
		<gpxtpx:TrackPointExtension>
			<gpxtpx:course>54.05453</gpxtpx:course>
		</gpxtpx:TrackPointExtension>
	</extensions>
</trkpt>
<trkpt lat="-9.0563181" lon="148.4008042">
	<ele>779.08</ele>
	<time>2026-02-16T22:37:10.938Z</time>
	<hdop>9.94</hdop>
	<extensions>
		<gpxtpx:TrackPointExtension>
			<gpxtpx:course>38.93761</gpxtpx:course>
		</gpxtpx:TrackPointExtension>
	</extensions>
</trkpt>
<trkpt lat="-9.0562562" lon="148.4008762">
	<ele>781.29</ele>
	<time>2026-02-16T22:38:03.938Z</time>
	<hdop>9.94</hdop>
	<extensions>
		<gpxtpx:TrackPointExtension>
			<gpxtpx:course>39.00383</gpxtpx:course>
		</gpxtpx:TrackPointExtension>
	</extensions>
</trkpt>
<trkpt lat="-9.0562100" lon="148.4009615">
	<ele>782.30</ele>
	<time>2026-02-16T22:38:16.938Z</time>
	<hdop>9.94</hdop>
	<extensions>
		<gpxtpx:TrackPointExtension>
			<gpxtpx:course>61.095474</gpxtpx:course>
		</gpxtpx:TrackPointExtension>
	</extensions>
</trkpt>
<trkpt lat="-9.0561696" lon="148.4010500">
	<ele>784.58</ele>
	<time>2026-02-16T22:38:30.938Z</time>
	<hdop>8.91</hdop>
	<extensions>
		<gpxtpx:TrackPointExtension>
			<gpxtpx:course>86.85709</gpxtpx:course>
		</gpxtpx:TrackPointExtension>
	</extensions>
</trkpt>
<trkpt lat="-9.0561251" lon="148.4011326">
	<ele>785.52</ele>
	<time>2026-02-16T22:38:41.938Z</time>
	<hdop>3.79</hdop>
	<extensions>
		<gpxtpx:TrackPointExtension>
			<gpxtpx:course>70.10762</gpxtpx:course>
		</gpxtpx:TrackPointExtension>
	</extensions>
</trkpt>
<trkpt lat="-9.0560941" lon="148.4012186">
	<ele>785.93</ele>
	<time>2026-02-16T22:38:53.938Z</time>
	<hdop>3.79</hdop>
	<extensions>
		<gpxtpx:TrackPointExtension>
			<gpxtpx:course>63.64961</gpxtpx:course>
		</gpxtpx:TrackPointExtension>
	</extensions>
</trkpt>
<trkpt lat="-9.0560237" lon="148.4012877">
	<ele>786.49</ele>
	<time>2026-02-16T22:39:07.938Z</time>
	<hdop>3.79</hdop>
	<extensions>
		<gpxtpx:TrackPointExtension>
			<gpxtpx:course>27.76365</gpxtpx:course>
		</gpxtpx:TrackPointExtension>
	</extensions>
</trkpt>
<trkpt lat="-9.0559431" lon="148.4013339">
	<ele>785.28</ele>
	<time>2026-02-16T22:39:30.938Z</time>
	<hdop>3.79</hdop>
	<extensions>
		<gpxtpx:TrackPointExtension>
			<gpxtpx:course>28.06588</gpxtpx:course>
		</gpxtpx:TrackPointExtension>
	</extensions>
</trkpt>
<trkpt lat="-9.0558629" lon="148.4013766">
	<ele>783.05</ele>
	<time>2026-02-16T22:39:52.938Z</time>
	<hdop>3.79</hdop>
	<extensions>
		<gpxtpx:TrackPointExtension>
			<gpxtpx:course>64.91635</gpxtpx:course>
		</gpxtpx:TrackPointExtension>
	</extensions>
</trkpt>
<trkpt lat="-9.0557712" lon="148.4013678">
	<ele>785.23</ele>
	<time>2026-02-16T22:40:06.938Z</time>
	<hdop>3.79</hdop>
	<extensions>
		<gpxtpx:TrackPointExtension>
			<gpxtpx:course>9.947355</gpxtpx:course>
		</gpxtpx:TrackPointExtension>
	</extensions>
</trkpt>
<trkpt lat="-9.0556775" lon="148.4013654">
	<ele>782.98</ele>
	<time>2026-02-16T22:40:20.937Z</time>
	<hdop>3.79</hdop>
	<extensions>
		<gpxtpx:TrackPointExtension>
			<gpxtpx:course>45.155403</gpxtpx:course>
		</gpxtpx:TrackPointExtension>
	</extensions>
</trkpt>
<trkpt lat="-9.0555865" lon="148.4013855">
	<ele>782.37</ele>
	<time>2026-02-16T22:40:32.938Z</time>
	<hdop>3.79</hdop>
	<extensions>
		<gpxtpx:TrackPointExtension>
			<gpxtpx:course>27.676144</gpxtpx:course>
		</gpxtpx:TrackPointExtension>
	</extensions>
</trkpt>
<trkpt lat="-9.0554931" lon="148.4013855">
	<ele>782.83</ele>
	<time>2026-02-16T22:40:46.938Z</time>
	<hdop>3.79</hdop>
	<extensions>
		<gpxtpx:TrackPointExtension>
			<gpxtpx:course>29.892042</gpxtpx:course>
		</gpxtpx:TrackPointExtension>
	</extensions>
</trkpt>
<trkpt lat="-9.0554017" lon="148.4013812">
	<ele>781.68</ele>
	<time>2026-02-16T22:40:57.938Z</time>
	<hdop>3.79</hdop>
	<extensions>
		<gpxtpx:TrackPointExtension>
			<gpxtpx:course>3.979333</gpxtpx:course>
		</gpxtpx:TrackPointExtension>
	</extensions>
</trkpt>
<trkpt lat="-9.0553045" lon="148.4013862">
	<ele>783.30</ele>
	<time>2026-02-16T22:41:16.938Z</time>
	<hdop>9.94</hdop>
	<extensions>
		<gpxtpx:TrackPointExtension>
			<gpxtpx:course>356.6021</gpxtpx:course>
		</gpxtpx:TrackPointExtension>
	</extensions>
</trkpt>
<trkpt lat="-9.0552112" lon="148.4013755">
	<ele>786.91</ele>
	<time>2026-02-16T22:41:28.938Z</time>
	<hdop>9.94</hdop>
	<extensions>
		<gpxtpx:TrackPointExtension>
			<gpxtpx:course>311.65527</gpxtpx:course>
		</gpxtpx:TrackPointExtension>
	</extensions>
</trkpt>
<trkpt lat="-9.0551205" lon="148.4013613">
	<ele>788.53</ele>
	<time>2026-02-16T22:41:46.937Z</time>
	<hdop>3.79</hdop>
	<extensions>
		<gpxtpx:TrackPointExtension>
			<gpxtpx:course>30.92026</gpxtpx:course>
		</gpxtpx:TrackPointExtension>
	</extensions>
</trkpt>
<trkpt lat="-9.0550294" lon="148.4013353">
	<ele>793.53</ele>
	<time>2026-02-16T22:42:25.938Z</time>
	<hdop>3.79</hdop>
	<extensions>
		<gpxtpx:TrackPointExtension>
			<gpxtpx:course>341.45044</gpxtpx:course>
		</gpxtpx:TrackPointExtension>
	</extensions>
</trkpt>
<trkpt lat="-9.0549375" lon="148.4013535">
	<ele>795.09</ele>
	<time>2026-02-16T22:43:11.937Z</time>
	<hdop>3.79</hdop>
	<extensions>
		<gpxtpx:TrackPointExtension>
			<gpxtpx:course>12.007509</gpxtpx:course>
		</gpxtpx:TrackPointExtension>
	</extensions>
</trkpt>
<trkpt lat="-9.0548440" lon="148.4013549">
	<ele>797.36</ele>
	<time>2026-02-16T22:43:27.937Z</time>
	<hdop>3.79</hdop>
	<extensions>
		<gpxtpx:TrackPointExtension>
			<gpxtpx:course>11.993181</gpxtpx:course>
		</gpxtpx:TrackPointExtension>
	</extensions>
</trkpt>
<trkpt lat="-9.0547562" lon="148.4013789">
	<ele>797.46</ele>
	<time>2026-02-16T22:43:42.937Z</time>
	<hdop>3.79</hdop>
	<extensions>
		<gpxtpx:TrackPointExtension>
			<gpxtpx:course>23.083149</gpxtpx:course>
		</gpxtpx:TrackPointExtension>
	</extensions>
</trkpt>
<trkpt lat="-9.0546624" lon="148.4014125">
	<ele>794.82</ele>
	<time>2026-02-16T22:43:53.938Z</time>
	<hdop>3.79</hdop>
	<extensions>
		<gpxtpx:TrackPointExtension>
			<gpxtpx:course>14.751946</gpxtpx:course>
		</gpxtpx:TrackPointExtension>
	</extensions>
</trkpt>
<trkpt lat="-9.0545678" lon="148.4014086">
	<ele>793.53</ele>
	<time>2026-02-16T22:44:06.937Z</time>
	<hdop>3.79</hdop>
	<extensions>
		<gpxtpx:TrackPointExtension>
			<gpxtpx:course>16.338253</gpxtpx:course>
		</gpxtpx:TrackPointExtension>
	</extensions>
</trkpt>
<trkpt lat="-9.0544752" lon="148.4013585">
	<ele>789.85</ele>
	<time>2026-02-16T22:44:16.938Z</time>
	<hdop>3.97</hdop>
	<extensions>
		<gpxtpx:TrackPointExtension>
			<gpxtpx:course>305.22784</gpxtpx:course>
		</gpxtpx:TrackPointExtension>
	</extensions>
</trkpt>
<trkpt lat="-9.0543820" lon="148.4013914">
	<ele>795.95</ele>
	<time>2026-02-16T22:44:39.938Z</time>
	<hdop>3.79</hdop>
	<extensions>
		<gpxtpx:TrackPointExtension>
			<gpxtpx:course>329.0893</gpxtpx:course>
		</gpxtpx:TrackPointExtension>
	</extensions>
</trkpt>
<trkpt lat="-9.0542980" lon="148.4014410">
	<ele>798.14</ele>
	<time>2026-02-16T22:44:51.937Z</time>
	<hdop>4.12</hdop>
	<extensions>
		<gpxtpx:TrackPointExtension>
			<gpxtpx:course>9.711876</gpxtpx:course>
		</gpxtpx:TrackPointExtension>
	</extensions>
</trkpt>
<trkpt lat="-9.0542075" lon="148.4014762">
	<ele>800.05</ele>
	<time>2026-02-16T22:45:03.938Z</time>
	<hdop>10.09</hdop>
	<extensions>
		<gpxtpx:TrackPointExtension>
			<gpxtpx:course>34.674255</gpxtpx:course>
		</gpxtpx:TrackPointExtension>
	</extensions>
</trkpt>
<trkpt lat="-9.0541142" lon="148.4014811">
	<ele>800.65</ele>
	<time>2026-02-16T22:45:22.938Z</time>
	<hdop>9.94</hdop>
	<extensions>
		<gpxtpx:TrackPointExtension>
			<gpxtpx:course>23.095205</gpxtpx:course>
		</gpxtpx:TrackPointExtension>
	</extensions>
</trkpt>
<trkpt lat="-9.0540242" lon="148.4015288">
	<ele>800.15</ele>
	<time>2026-02-16T22:45:33.938Z</time>
	<hdop>9.98</hdop>
	<extensions>
		<gpxtpx:TrackPointExtension>
			<gpxtpx:course>40.137413</gpxtpx:course>
		</gpxtpx:TrackPointExtension>
	</extensions>
</trkpt>
<trkpt lat="-9.0539447" lon="148.4015910">
	<ele>801.36</ele>
	<time>2026-02-16T22:45:44.937Z</time>
	<hdop>9.94</hdop>
	<extensions>
		<gpxtpx:TrackPointExtension>
			<gpxtpx:course>49.91071</gpxtpx:course>
		</gpxtpx:TrackPointExtension>
	</extensions>
</trkpt>
<trkpt lat="-9.0538766" lon="148.4016575">
	<ele>800.92</ele>
	<time>2026-02-16T22:45:54.938Z</time>
	<hdop>10.01</hdop>
	<extensions>
		<gpxtpx:TrackPointExtension>
			<gpxtpx:course>75.26165</gpxtpx:course>
		</gpxtpx:TrackPointExtension>
	</extensions>
</trkpt>
<trkpt lat="-9.0538221" lon="148.4017304">
	<ele>803.24</ele>
	<time>2026-02-16T22:46:04.938Z</time>
	<hdop>9.94</hdop>
	<extensions>
		<gpxtpx:TrackPointExtension>
			<gpxtpx:course>75.07079</gpxtpx:course>
		</gpxtpx:TrackPointExtension>
	</extensions>
</trkpt>
<trkpt lat="-9.0537545" lon="148.4017930">
	<ele>802.79</ele>
	<time>2026-02-16T22:46:29.938Z</time>
	<hdop>9.95</hdop>
	<extensions>
		<gpxtpx:TrackPointExtension>
			<gpxtpx:course>51.376183</gpxtpx:course>
		</gpxtpx:TrackPointExtension>
	</extensions>
</trkpt>
<trkpt lat="-9.0536749" lon="148.4018471">
	<ele>804.12</ele>
	<time>2026-02-16T22:46:50.937Z</time>
	<hdop>10.51</hdop>
	<extensions>
		<gpxtpx:TrackPointExtension>
			<gpxtpx:course>65.55233</gpxtpx:course>
		</gpxtpx:TrackPointExtension>
	</extensions>
</trkpt>
<trkpt lat="-9.0536095" lon="148.4019425">
	<ele>806.63</ele>
	<time>2026-02-16T22:47:00.937Z</time>
	<hdop>9.98</hdop>
	<extensions>
		<gpxtpx:TrackPointExtension>
			<gpxtpx:course>68.43537</gpxtpx:course>
		</gpxtpx:TrackPointExtension>
	</extensions>
</trkpt>
<trkpt lat="-9.0535296" lon="148.4019964">
	<ele>806.94</ele>
	<time>2026-02-16T22:47:12.937Z</time>
	<hdop>9.94</hdop>
	<extensions>
		<gpxtpx:TrackPointExtension>
			<gpxtpx:course>24.154617</gpxtpx:course>
		</gpxtpx:TrackPointExtension>
	</extensions>
</trkpt>
<trkpt lat="-9.0534514" lon="148.4020585">
	<ele>804.92</ele>
	<time>2026-02-16T22:47:23.938Z</time>
	<hdop>9.94</hdop>
	<extensions>
		<gpxtpx:TrackPointExtension>
			<gpxtpx:course>67.54001</gpxtpx:course>
		</gpxtpx:TrackPointExtension>
	</extensions>
</trkpt>
<trkpt lat="-9.0534310" lon="148.4021544">
	<ele>806.61</ele>
	<time>2026-02-16T22:47:35.937Z</time>
	<hdop>9.94</hdop>
	<extensions>
		<gpxtpx:TrackPointExtension>
			<gpxtpx:course>72.43464</gpxtpx:course>
		</gpxtpx:TrackPointExtension>
	</extensions>
</trkpt>
<trkpt lat="-9.0534051" lon="148.4022422">
	<ele>806.46</ele>
	<time>2026-02-16T22:47:46.937Z</time>
	<hdop>9.94</hdop>
	<extensions>
		<gpxtpx:TrackPointExtension>
			<gpxtpx:course>130.52826</gpxtpx:course>
		</gpxtpx:TrackPointExtension>
	</extensions>
</trkpt>
<trkpt lat="-9.0533408" lon="148.4023121">
	<ele>809.45</ele>
	<time>2026-02-16T22:48:00.938Z</time>
	<hdop>9.96</hdop>
	<extensions>
		<gpxtpx:TrackPointExtension>
			<gpxtpx:course>81.006355</gpxtpx:course>
		</gpxtpx:TrackPointExtension>
	</extensions>
</trkpt>
<trkpt lat="-9.0532902" lon="148.4023892">
	<ele>808.47</ele>
	<time>2026-02-16T22:48:14.937Z</time>
	<hdop>9.94</hdop>
	<extensions>
		<gpxtpx:TrackPointExtension>
			<gpxtpx:course>67.022835</gpxtpx:course>
		</gpxtpx:TrackPointExtension>
	</extensions>
</trkpt>
<trkpt lat="-9.0532454" lon="148.4024797">
	<ele>811.01</ele>
	<time>2026-02-16T22:48:27.937Z</time>
	<hdop>9.94</hdop>
	<extensions>
		<gpxtpx:TrackPointExtension>
			<gpxtpx:course>79.77659</gpxtpx:course>
		</gpxtpx:TrackPointExtension>
	</extensions>
</trkpt>
<trkpt lat="-9.0531514" lon="148.4024983">
	<ele>811.76</ele>
	<time>2026-02-16T22:48:43.937Z</time>
	<hdop>9.94</hdop>
	<extensions>
		<gpxtpx:TrackPointExtension>
			<gpxtpx:course>331.94397</gpxtpx:course>
		</gpxtpx:TrackPointExtension>
	</extensions>
</trkpt>
<trkpt lat="-9.0531091" lon="148.4025810">
	<ele>809.56</ele>
	<time>2026-02-16T22:48:53.938Z</time>
	<hdop>9.94</hdop>
	<extensions>
		<gpxtpx:TrackPointExtension>
			<gpxtpx:course>74.64084</gpxtpx:course>
		</gpxtpx:TrackPointExtension>
	</extensions>
</trkpt>
<trkpt lat="-9.0530554" lon="148.4026632">
	<ele>810.79</ele>
	<time>2026-02-16T22:49:05.938Z</time>
	<hdop>10.42</hdop>
	<extensions>
		<gpxtpx:TrackPointExtension>
			<gpxtpx:course>62.907913</gpxtpx:course>
		</gpxtpx:TrackPointExtension>
	</extensions>
</trkpt>
<trkpt lat="-9.0529820" lon="148.4027370">
	<ele>809.15</ele>
	<time>2026-02-16T22:49:16.937Z</time>
	<hdop>9.98</hdop>
	<extensions>
		<gpxtpx:TrackPointExtension>
			<gpxtpx:course>70.18644</gpxtpx:course>
		</gpxtpx:TrackPointExtension>
	</extensions>
</trkpt>
<trkpt lat="-9.0529311" lon="148.4028150">
	<ele>808.65</ele>
	<time>2026-02-16T22:49:27.938Z</time>
	<hdop>10.03</hdop>
	<extensions>
		<gpxtpx:TrackPointExtension>
			<gpxtpx:course>42.495148</gpxtpx:course>
		</gpxtpx:TrackPointExtension>
	</extensions>
</trkpt>
<trkpt lat="-9.0528671" lon="148.4028855">
	<ele>811.24</ele>
	<time>2026-02-16T22:49:48.937Z</time>
	<hdop>9.94</hdop>
	<extensions>
		<gpxtpx:TrackPointExtension>
			<gpxtpx:course>87.870224</gpxtpx:course>
		</gpxtpx:TrackPointExtension>
	</extensions>
</trkpt>
<trkpt lat="-9.0528528" lon="148.4029850">
	<ele>811.41</ele>
	<time>2026-02-16T22:49:58.938Z</time>
	<hdop>10.41</hdop>
	<extensions>
		<gpxtpx:TrackPointExtension>
			<gpxtpx:course>57.60317</gpxtpx:course>
		</gpxtpx:TrackPointExtension>
	</extensions>
</trkpt>
<trkpt lat="-9.0528307" lon="148.4030796">
	<ele>810.06</ele>
	<time>2026-02-16T22:50:11.938Z</time>
	<hdop>10.37</hdop>
	<extensions>
		<gpxtpx:TrackPointExtension>
			<gpxtpx:course>62.813595</gpxtpx:course>
		</gpxtpx:TrackPointExtension>
	</extensions>
</trkpt>
<trkpt lat="-9.0527789" lon="148.4031569">
	<ele>810.55</ele>
	<time>2026-02-16T22:50:26.938Z</time>
	<hdop>10.28</hdop>
	<extensions>
		<gpxtpx:TrackPointExtension>
			<gpxtpx:course>74.18072</gpxtpx:course>
		</gpxtpx:TrackPointExtension>
	</extensions>
</trkpt>
<trkpt lat="-9.0526844" lon="148.4031551">
	<ele>813.09</ele>
	<time>2026-02-16T22:50:45.938Z</time>
	<hdop>10.12</hdop>
	<extensions>
		<gpxtpx:TrackPointExtension>
			<gpxtpx:course>353.23474</gpxtpx:course>
		</gpxtpx:TrackPointExtension>
	</extensions>
</trkpt>
<trkpt lat="-9.0526374" lon="148.4032420">
	<ele>812.88</ele>
	<time>2026-02-16T22:51:00.937Z</time>
	<hdop>9.99</hdop>
	<extensions>
		<gpxtpx:TrackPointExtension>
			<gpxtpx:course>4.4050317</gpxtpx:course>
		</gpxtpx:TrackPointExtension>
	</extensions>
</trkpt>
<trkpt lat="-9.0525634" lon="148.4033099">
	<ele>814.96</ele>
	<time>2026-02-16T22:51:20.938Z</time>
	<hdop>9.94</hdop>
	<extensions>
		<gpxtpx:TrackPointExtension>
			<gpxtpx:course>47.846405</gpxtpx:course>
		</gpxtpx:TrackPointExtension>
	</extensions>
</trkpt>
<trkpt lat="-9.0524736" lon="148.4033471">
	<ele>817.07</ele>
	<time>2026-02-16T22:51:30.938Z</time>
	<hdop>10.15</hdop>
	<extensions>
		<gpxtpx:TrackPointExtension>
			<gpxtpx:course>47.548058</gpxtpx:course>
		</gpxtpx:TrackPointExtension>
	</extensions>
</trkpt>
<trkpt lat="-9.0523869" lon="148.4033752">
	<ele>818.34</ele>
	<time>2026-02-16T22:51:45.937Z</time>
	<hdop>10.11</hdop>
	<extensions>
		<gpxtpx:TrackPointExtension>
			<gpxtpx:course>44.221836</gpxtpx:course>
		</gpxtpx:TrackPointExtension>
	</extensions>
</trkpt>
<trkpt lat="-9.0523003" lon="148.4033442">
	<ele>816.44</ele>
	<time>2026-02-16T22:52:11.938Z</time>
	<hdop>9.94</hdop>
	<extensions>
		<gpxtpx:TrackPointExtension>
			<gpxtpx:course>309.00583</gpxtpx:course>
		</gpxtpx:TrackPointExtension>
	</extensions>
</trkpt>
<trkpt lat="-9.0522027" lon="148.4033524">
	<ele>816.19</ele>
	<time>2026-02-16T22:52:26.937Z</time>
	<hdop>10.16</hdop>
	<extensions>
		<gpxtpx:TrackPointExtension>
			<gpxtpx:course>25.1401</gpxtpx:course>
		</gpxtpx:TrackPointExtension>
	</extensions>
</trkpt>
<trkpt lat="-9.0521077" lon="148.4033472">
	<ele>811.12</ele>
	<time>2026-02-16T22:52:48.937Z</time>
	<hdop>10.07</hdop>
	<extensions>
		<gpxtpx:TrackPointExtension>
			<gpxtpx:course>29.109262</gpxtpx:course>
		</gpxtpx:TrackPointExtension>
	</extensions>
</trkpt>
<trkpt lat="-9.0520142" lon="148.4033591">
	<ele>810.27</ele>
	<time>2026-02-16T22:52:59.937Z</time>
	<hdop>11.10</hdop>
	<extensions>
		<gpxtpx:TrackPointExtension>
			<gpxtpx:course>7.626895</gpxtpx:course>
		</gpxtpx:TrackPointExtension>
	</extensions>
</trkpt>
<trkpt lat="-9.0519201" lon="148.4033706">
	<ele>815.07</ele>
	<time>2026-02-16T22:53:22.938Z</time>
	<hdop>9.94</hdop>
	<extensions>
		<gpxtpx:TrackPointExtension>
			<gpxtpx:course>51.948765</gpxtpx:course>
		</gpxtpx:TrackPointExtension>
	</extensions>
</trkpt>
<trkpt lat="-9.0518498" lon="148.4034350">
	<ele>817.78</ele>
	<time>2026-02-16T22:53:33.938Z</time>
	<hdop>9.95</hdop>
	<extensions>
		<gpxtpx:TrackPointExtension>
			<gpxtpx:course>44.993343</gpxtpx:course>
		</gpxtpx:TrackPointExtension>
	</extensions>
</trkpt>
<trkpt lat="-9.0518064" lon="148.4035170">
	<ele>816.44</ele>
	<time>2026-02-16T22:53:47.937Z</time>
	<hdop>10.00</hdop>
	<extensions>
		<gpxtpx:TrackPointExtension>
			<gpxtpx:course>69.624115</gpxtpx:course>
		</gpxtpx:TrackPointExtension>
	</extensions>
</trkpt>
<trkpt lat="-9.0517587" lon="148.4036036">
	<ele>819.14</ele>
	<time>2026-02-16T22:53:58.938Z</time>
	<hdop>9.94</hdop>
	<extensions>
		<gpxtpx:TrackPointExtension>
			<gpxtpx:course>72.56926</gpxtpx:course>
		</gpxtpx:TrackPointExtension>
	</extensions>
</trkpt>
<trkpt lat="-9.0516897" lon="148.4036631">
	<ele>820.20</ele>
	<time>2026-02-16T22:54:21.937Z</time>
	<hdop>9.94</hdop>
	<extensions>
		<gpxtpx:TrackPointExtension>
			<gpxtpx:course>41.44369</gpxtpx:course>
		</gpxtpx:TrackPointExtension>
	</extensions>
</trkpt>
<trkpt lat="-9.0515996" lon="148.4036807">
	<ele>824.19</ele>
	<time>2026-02-16T22:54:48.937Z</time>
	<hdop>9.94</hdop>
	<extensions>
		<gpxtpx:TrackPointExtension>
			<gpxtpx:course>350.0738</gpxtpx:course>
		</gpxtpx:TrackPointExtension>
	</extensions>
</trkpt>
<trkpt lat="-9.0515393" lon="148.4037557">
	<ele>822.15</ele>
	<time>2026-02-16T22:55:00.938Z</time>
	<hdop>9.94</hdop>
	<extensions>
		<gpxtpx:TrackPointExtension>
			<gpxtpx:course>103.146675</gpxtpx:course>
		</gpxtpx:TrackPointExtension>
	</extensions>
</trkpt>
<trkpt lat="-9.0514580" lon="148.4038043">
	<ele>823.64</ele>
	<time>2026-02-16T22:55:18.938Z</time>
	<hdop>9.94</hdop>
	<extensions>
		<gpxtpx:TrackPointExtension>
			<gpxtpx:course>43.94086</gpxtpx:course>
		</gpxtpx:TrackPointExtension>
	</extensions>
</trkpt>
<trkpt lat="-9.0514054" lon="148.4038853">
	<ele>825.85</ele>
	<time>2026-02-16T22:55:38.938Z</time>
	<hdop>10.16</hdop>
	<extensions>
		<gpxtpx:TrackPointExtension>
			<gpxtpx:course>40.067276</gpxtpx:course>
		</gpxtpx:TrackPointExtension>
	</extensions>
</trkpt>
<trkpt lat="-9.0513252" lon="148.4039320">
	<ele>826.55</ele>
	<time>2026-02-16T22:55:49.937Z</time>
	<hdop>9.94</hdop>
	<extensions>
		<gpxtpx:TrackPointExtension>
			<gpxtpx:course>41.653484</gpxtpx:course>
		</gpxtpx:TrackPointExtension>
	</extensions>
</trkpt>
<trkpt lat="-9.0512346" lon="148.4039683">
	<ele>828.13</ele>
	<time>2026-02-16T22:56:01.938Z</time>
	<hdop>9.94</hdop>
	<extensions>
		<gpxtpx:TrackPointExtension>
			<gpxtpx:course>5.8803153</gpxtpx:course>
		</gpxtpx:TrackPointExtension>
	</extensions>
</trkpt>
<trkpt lat="-9.0511770" lon="148.4040414">
	<ele>831.36</ele>
	<time>2026-02-16T22:56:46.938Z</time>
	<hdop>9.94</hdop>
	<extensions>
		<gpxtpx:TrackPointExtension>
			<gpxtpx:course>59.023556</gpxtpx:course>
		</gpxtpx:TrackPointExtension>
	</extensions>
</trkpt>
<trkpt lat="-9.0510967" lon="148.4041003">
	<ele>832.09</ele>
	<time>2026-02-16T22:57:00.938Z</time>
	<hdop>9.94</hdop>
	<extensions>
		<gpxtpx:TrackPointExtension>
			<gpxtpx:course>2.990146</gpxtpx:course>
		</gpxtpx:TrackPointExtension>
	</extensions>
</trkpt>
<trkpt lat="-9.0510264" lon="148.4041621">
	<ele>836.50</ele>
	<time>2026-02-16T22:57:25.938Z</time>
	<hdop>9.94</hdop>
	<extensions>
		<gpxtpx:TrackPointExtension>
			<gpxtpx:course>28.538788</gpxtpx:course>
		</gpxtpx:TrackPointExtension>
	</extensions>
</trkpt>
<trkpt lat="-9.0509418" lon="148.4041961">
	<ele>838.16</ele>
	<time>2026-02-16T22:57:37.938Z</time>
	<hdop>9.94</hdop>
	<extensions>
		<gpxtpx:TrackPointExtension>
			<gpxtpx:course>19.386652</gpxtpx:course>
		</gpxtpx:TrackPointExtension>
	</extensions>
</trkpt>
<trkpt lat="-9.0508479" lon="148.4042146">
	<ele>838.61</ele>
	<time>2026-02-16T22:57:50.938Z</time>
	<hdop>9.94</hdop>
	<extensions>
		<gpxtpx:TrackPointExtension>
			<gpxtpx:course>11.903274</gpxtpx:course>
		</gpxtpx:TrackPointExtension>
	</extensions>
</trkpt>
<trkpt lat="-9.0507896" lon="148.4042854">
	<ele>840.38</ele>
	<time>2026-02-16T22:58:04.938Z</time>
	<hdop>9.94</hdop>
	<extensions>
		<gpxtpx:TrackPointExtension>
			<gpxtpx:course>54.35978</gpxtpx:course>
		</gpxtpx:TrackPointExtension>
	</extensions>
</trkpt>
<trkpt lat="-9.0507455" lon="148.4043651">
	<ele>843.89</ele>
	<time>2026-02-16T22:58:21.937Z</time>
	<hdop>9.94</hdop>
	<extensions>
		<gpxtpx:TrackPointExtension>
			<gpxtpx:course>66.7836</gpxtpx:course>
		</gpxtpx:TrackPointExtension>
	</extensions>
</trkpt>
<trkpt lat="-9.0506947" lon="148.4044444">
	<ele>842.97</ele>
	<time>2026-02-16T22:58:38.938Z</time>
	<hdop>9.94</hdop>
	<extensions>
		<gpxtpx:TrackPointExtension>
			<gpxtpx:course>56.682648</gpxtpx:course>
		</gpxtpx:TrackPointExtension>
	</extensions>
</trkpt>
<trkpt lat="-9.0506498" lon="148.4045239">
	<ele>844.42</ele>
	<time>2026-02-16T22:58:51.938Z</time>
	<hdop>9.94</hdop>
	<extensions>
		<gpxtpx:TrackPointExtension>
			<gpxtpx:course>75.462074</gpxtpx:course>
		</gpxtpx:TrackPointExtension>
	</extensions>
</trkpt>
<trkpt lat="-9.0506308" lon="148.4046203">
	<ele>849.07</ele>
	<time>2026-02-16T22:59:08.938Z</time>
	<hdop>9.94</hdop>
	<extensions>
		<gpxtpx:TrackPointExtension>
			<gpxtpx:course>63.98312</gpxtpx:course>
		</gpxtpx:TrackPointExtension>
	</extensions>
</trkpt>
<trkpt lat="-9.0505604" lon="148.4046836">
	<ele>850.94</ele>
	<time>2026-02-16T22:59:19.937Z</time>
	<hdop>9.94</hdop>
	<extensions>
		<gpxtpx:TrackPointExtension>
			<gpxtpx:course>47.159325</gpxtpx:course>
		</gpxtpx:TrackPointExtension>
	</extensions>
</trkpt>
<trkpt lat="-9.0505001" lon="148.4047613">
	<ele>850.30</ele>
	<time>2026-02-16T22:59:33.937Z</time>
	<hdop>9.94</hdop>
	<extensions>
		<gpxtpx:TrackPointExtension>
			<gpxtpx:course>72.98532</gpxtpx:course>
		</gpxtpx:TrackPointExtension>
	</extensions>
</trkpt>
<trkpt lat="-9.0504409" lon="148.4048366">
	<ele>848.79</ele>
	<time>2026-02-16T22:59:43.938Z</time>
	<hdop>9.94</hdop>
	<extensions>
		<gpxtpx:TrackPointExtension>
			<gpxtpx:course>42.009323</gpxtpx:course>
		</gpxtpx:TrackPointExtension>
	</extensions>
</trkpt>
<trkpt lat="-9.0503858" lon="148.4049109">
	<ele>851.32</ele>
	<time>2026-02-16T23:00:06.938Z</time>
	<hdop>9.94</hdop>
	<extensions>
		<gpxtpx:TrackPointExtension>
			<gpxtpx:course>57.325504</gpxtpx:course>
		</gpxtpx:TrackPointExtension>
	</extensions>
</trkpt>
<trkpt lat="-9.0503112" lon="148.4049669">
	<ele>851.20</ele>
	<time>2026-02-16T23:00:17.938Z</time>
	<hdop>9.94</hdop>
	<extensions>
		<gpxtpx:TrackPointExtension>
			<gpxtpx:course>41.56568</gpxtpx:course>
		</gpxtpx:TrackPointExtension>
	</extensions>
</trkpt>
<trkpt lat="-9.0502186" lon="148.4049813">
	<ele>849.67</ele>
	<time>2026-02-16T23:00:31.938Z</time>
	<hdop>9.94</hdop>
	<extensions>
		<gpxtpx:TrackPointExtension>
			<gpxtpx:course>23.75151</gpxtpx:course>
		</gpxtpx:TrackPointExtension>
	</extensions>
</trkpt>
<trkpt lat="-9.0501256" lon="148.4049741">
	<ele>850.00</ele>
	<time>2026-02-16T23:00:44.937Z</time>
	<hdop>9.94</hdop>
	<extensions>
		<gpxtpx:TrackPointExtension>
			<gpxtpx:course>327.3684</gpxtpx:course>
		</gpxtpx:TrackPointExtension>
	</extensions>
</trkpt>
<trkpt lat="-9.0500379" lon="148.4050149">
	<ele>852.71</ele>
	<time>2026-02-16T23:01:16.938Z</time>
	<hdop>9.94</hdop>
	<extensions>
		<gpxtpx:TrackPointExtension>
			<gpxtpx:course>40.04056</gpxtpx:course>
		</gpxtpx:TrackPointExtension>
	</extensions>
</trkpt>
<trkpt lat="-9.0499589" lon="148.4050615">
	<ele>853.75</ele>
	<time>2026-02-16T23:01:28.937Z</time>
	<hdop>9.94</hdop>
	<extensions>
		<gpxtpx:TrackPointExtension>
			<gpxtpx:course>34.881035</gpxtpx:course>
		</gpxtpx:TrackPointExtension>
	</extensions>
</trkpt>
<trkpt lat="-9.0498754" lon="148.4051083">
	<ele>856.53</ele>
	<time>2026-02-16T23:01:41.937Z</time>
	<hdop>9.94</hdop>
	<extensions>
		<gpxtpx:TrackPointExtension>
			<gpxtpx:course>22.24111</gpxtpx:course>
		</gpxtpx:TrackPointExtension>
	</extensions>
</trkpt>
<trkpt lat="-9.0497936" lon="148.4051503">
	<ele>858.63</ele>
	<time>2026-02-16T23:01:53.937Z</time>
	<hdop>9.94</hdop>
	<extensions>
		<gpxtpx:TrackPointExtension>
			<gpxtpx:course>18.81998</gpxtpx:course>
		</gpxtpx:TrackPointExtension>
	</extensions>
</trkpt>
<trkpt lat="-9.0497064" lon="148.4051822">
	<ele>859.63</ele>
	<time>2026-02-16T23:02:05.937Z</time>
	<hdop>9.94</hdop>
	<extensions>
		<gpxtpx:TrackPointExtension>
			<gpxtpx:course>13.396934</gpxtpx:course>
		</gpxtpx:TrackPointExtension>
	</extensions>
</trkpt>
<trkpt lat="-9.0496159" lon="148.4051895">
	<ele>859.01</ele>
	<time>2026-02-16T23:03:41.937Z</time>
	<hdop>9.94</hdop>
	<extensions>
		<gpxtpx:TrackPointExtension>
			<gpxtpx:course>321.97528</gpxtpx:course>
		</gpxtpx:TrackPointExtension>
	</extensions>
</trkpt>
<trkpt lat="-9.0495487" lon="148.4052525">
	<ele>861.00</ele>
	<time>2026-02-16T23:07:54.937Z</time>
	<hdop>9.94</hdop>
	<extensions>
		<gpxtpx:TrackPointExtension>
			<gpxtpx:course>56.0</gpxtpx:course>
		</gpxtpx:TrackPointExtension>
	</extensions>
</trkpt>
<trkpt lat="-9.0494658" lon="148.4052980">
	<ele>862.82</ele>
	<time>2026-02-16T23:08:06.937Z</time>
	<hdop>9.94</hdop>
	<extensions>
		<gpxtpx:TrackPointExtension>
			<gpxtpx:course>29.0</gpxtpx:course>
		</gpxtpx:TrackPointExtension>
	</extensions>
</trkpt>
<trkpt lat="-9.0494157" lon="148.4053753">
	<ele>863.12</ele>
	<time>2026-02-16T23:08:20.938Z</time>
	<hdop>9.94</hdop>
	<extensions>
		<gpxtpx:TrackPointExtension>
			<gpxtpx:course>73.0</gpxtpx:course>
		</gpxtpx:TrackPointExtension>
	</extensions>
</trkpt>
<trkpt lat="-9.0493557" lon="148.4054464">
	<ele>865.40</ele>
	<time>2026-02-16T23:08:39.937Z</time>
	<hdop>9.94</hdop>
	<extensions>
		<gpxtpx:TrackPointExtension>
			<gpxtpx:course>73.0</gpxtpx:course>
		</gpxtpx:TrackPointExtension>
	</extensions>
</trkpt>
<trkpt lat="-9.0493305" lon="148.4055394">
	<ele>867.05</ele>
	<time>2026-02-16T23:08:52.938Z</time>
	<hdop>9.94</hdop>
	<extensions>
		<gpxtpx:TrackPointExtension>
			<gpxtpx:course>64.0</gpxtpx:course>
		</gpxtpx:TrackPointExtension>
	</extensions>
</trkpt>
<trkpt lat="-9.0493035" lon="148.4056293">
	<ele>869.27</ele>
	<time>2026-02-16T23:09:03.937Z</time>
	<hdop>9.94</hdop>
	<extensions>
		<gpxtpx:TrackPointExtension>
			<gpxtpx:course>64.0</gpxtpx:course>
		</gpxtpx:TrackPointExtension>
	</extensions>
</trkpt>
<trkpt lat="-9.0492631" lon="148.4057150">
	<ele>868.20</ele>
	<time>2026-02-16T23:09:28.938Z</time>
	<hdop>9.94</hdop>
</trkpt>
<trkpt lat="-9.0492437" lon="148.4058095">
	<ele>873.27</ele>
	<time>2026-02-16T23:09:46.937Z</time>
	<hdop>9.94</hdop>
	<extensions>
		<gpxtpx:TrackPointExtension>
			<gpxtpx:course>80.0</gpxtpx:course>
		</gpxtpx:TrackPointExtension>
	</extensions>
</trkpt>
<trkpt lat="-9.0492040" lon="148.4058953">
	<ele>875.07</ele>
	<time>2026-02-16T23:10:03.937Z</time>
	<hdop>9.94</hdop>
	<extensions>
		<gpxtpx:TrackPointExtension>
			<gpxtpx:course>49.0</gpxtpx:course>
		</gpxtpx:TrackPointExtension>
	</extensions>
</trkpt>
<trkpt lat="-9.0491503" lon="148.4059789">
	<ele>877.02</ele>
	<time>2026-02-16T23:10:24.938Z</time>
	<hdop>9.94</hdop>
	<extensions>
		<gpxtpx:TrackPointExtension>
			<gpxtpx:course>48.0</gpxtpx:course>
		</gpxtpx:TrackPointExtension>
	</extensions>
</trkpt>
<trkpt lat="-9.0491294" lon="148.4060778">
	<ele>873.36</ele>
	<time>2026-02-16T23:10:41.938Z</time>
	<hdop>9.94</hdop>
	<extensions>
		<gpxtpx:TrackPointExtension>
			<gpxtpx:course>71.0</gpxtpx:course>
		</gpxtpx:TrackPointExtension>
	</extensions>
</trkpt>
<trkpt lat="-9.0490899" lon="148.4061626">
	<ele>876.88</ele>
	<time>2026-02-16T23:10:52.937Z</time>
	<hdop>9.94</hdop>
	<extensions>
		<gpxtpx:TrackPointExtension>
			<gpxtpx:course>66.0</gpxtpx:course>
		</gpxtpx:TrackPointExtension>
	</extensions>
</trkpt>
<trkpt lat="-9.0490630" lon="148.4062506">
	<ele>879.36</ele>
	<time>2026-02-16T23:11:06.937Z</time>
	<hdop>9.94</hdop>
	<extensions>
		<gpxtpx:TrackPointExtension>
			<gpxtpx:course>78.0</gpxtpx:course>
		</gpxtpx:TrackPointExtension>
	</extensions>
</trkpt>
<trkpt lat="-9.0490485" lon="148.4063463">
	<ele>882.23</ele>
	<time>2026-02-16T23:11:42.937Z</time>
	<hdop>9.94</hdop>
	<extensions>
		<gpxtpx:TrackPointExtension>
			<gpxtpx:course>58.0</gpxtpx:course>
		</gpxtpx:TrackPointExtension>
	</extensions>
</trkpt>
<trkpt lat="-9.0490005" lon="148.4064240">
	<ele>882.77</ele>
	<time>2026-02-16T23:11:53.938Z</time>
	<hdop>9.94</hdop>
	<extensions>
		<gpxtpx:TrackPointExtension>
			<gpxtpx:course>51.0</gpxtpx:course>
		</gpxtpx:TrackPointExtension>
	</extensions>
</trkpt>
<trkpt lat="-9.0489437" lon="148.4064982">
	<ele>887.14</ele>
	<time>2026-02-16T23:12:19.937Z</time>
	<hdop>9.94</hdop>
	<extensions>
		<gpxtpx:TrackPointExtension>
			<gpxtpx:course>51.0</gpxtpx:course>
		</gpxtpx:TrackPointExtension>
	</extensions>
</trkpt>
<trkpt lat="-9.0488771" lon="148.4065618">
	<ele>887.25</ele>
	<time>2026-02-16T23:12:31.937Z</time>
	<hdop>9.94</hdop>
	<extensions>
		<gpxtpx:TrackPointExtension>
			<gpxtpx:course>28.0</gpxtpx:course>
		</gpxtpx:TrackPointExtension>
	</extensions>
</trkpt>
<trkpt lat="-9.0488144" lon="148.4066319">
	<ele>889.43</ele>
	<time>2026-02-16T23:12:46.937Z</time>
	<hdop>9.94</hdop>
	<extensions>
		<gpxtpx:TrackPointExtension>
			<gpxtpx:course>4.0</gpxtpx:course>
		</gpxtpx:TrackPointExtension>
	</extensions>
</trkpt>
<trkpt lat="-9.0487508" lon="148.4067123">
	<ele>884.00</ele>
	<time>2026-02-16T23:13:07.938Z</time>
	<hdop>9.94</hdop>
	<extensions>
		<gpxtpx:TrackPointExtension>
			<gpxtpx:course>29.0</gpxtpx:course>
		</gpxtpx:TrackPointExtension>
	</extensions>
</trkpt>
<trkpt lat="-9.0486722" lon="148.4067657">
	<ele>884.65</ele>
	<time>2026-02-16T23:13:21.938Z</time>
	<hdop>9.94</hdop>
	<extensions>
		<gpxtpx:TrackPointExtension>
			<gpxtpx:course>38.0</gpxtpx:course>
		</gpxtpx:TrackPointExtension>
	</extensions>
</trkpt>
<trkpt lat="-9.0486036" lon="148.4068287">
	<ele>885.60</ele>
	<time>2026-02-16T23:13:39.937Z</time>
	<hdop>9.94</hdop>
	<extensions>
		<gpxtpx:TrackPointExtension>
			<gpxtpx:course>38.0</gpxtpx:course>
		</gpxtpx:TrackPointExtension>
	</extensions>
</trkpt>
<trkpt lat="-9.0485345" lon="148.4068935">
	<ele>890.00</ele>
	<time>2026-02-16T23:13:57.937Z</time>
	<hdop>9.94</hdop>
	<extensions>
		<gpxtpx:TrackPointExtension>
			<gpxtpx:course>38.0</gpxtpx:course>
		</gpxtpx:TrackPointExtension>
	</extensions>
</trkpt>
<trkpt lat="-9.0484645" lon="148.4069619">
	<ele>884.49</ele>
	<time>2026-02-16T23:14:09.937Z</time>
	<hdop>9.94</hdop>
	<extensions>
		<gpxtpx:TrackPointExtension>
			<gpxtpx:course>60.0</gpxtpx:course>
		</gpxtpx:TrackPointExtension>
	</extensions>
</trkpt>
<trkpt lat="-9.0483922" lon="148.4070263">
	<ele>883.21</ele>
	<time>2026-02-16T23:14:21.938Z</time>
	<hdop>9.94</hdop>
	<extensions>
		<gpxtpx:TrackPointExtension>
			<gpxtpx:course>43.0</gpxtpx:course>
		</gpxtpx:TrackPointExtension>
	</extensions>
</trkpt>
<trkpt lat="-9.0483474" lon="148.4071087">
	<ele>887.59</ele>
	<time>2026-02-16T23:14:38.937Z</time>
	<hdop>9.94</hdop>
	<extensions>
		<gpxtpx:TrackPointExtension>
			<gpxtpx:course>43.0</gpxtpx:course>
		</gpxtpx:TrackPointExtension>
	</extensions>
</trkpt>
<trkpt lat="-9.0482605" lon="148.4071421">
	<ele>888.52</ele>
	<time>2026-02-16T23:15:21.937Z</time>
	<hdop>9.94</hdop>
	<extensions>
		<gpxtpx:TrackPointExtension>
			<gpxtpx:course>43.0</gpxtpx:course>
		</gpxtpx:TrackPointExtension>
	</extensions>
</trkpt>
<trkpt lat="-9.0481808" lon="148.4071953">
	<ele>888.25</ele>
	<time>2026-02-16T23:15:36.937Z</time>
	<hdop>9.94</hdop>
	<extensions>
		<gpxtpx:TrackPointExtension>
			<gpxtpx:course>58.0</gpxtpx:course>
		</gpxtpx:TrackPointExtension>
	</extensions>
</trkpt>
<trkpt lat="-9.0481533" lon="148.4072841">
	<ele>886.00</ele>
	<time>2026-02-16T23:15:49.937Z</time>
	<hdop>9.94</hdop>
</trkpt>
<trkpt lat="-9.0481017" lon="148.4073755">
	<ele>876.67</ele>
	<time>2026-02-16T23:15:59.937Z</time>
	<hdop>10.04</hdop>
	<extensions>
		<gpxtpx:TrackPointExtension>
			<gpxtpx:course>72.0</gpxtpx:course>
		</gpxtpx:TrackPointExtension>
	</extensions>
</trkpt>
<trkpt lat="-9.0481084" lon="148.4074702">
	<ele>878.15</ele>
	<time>2026-02-16T23:16:16.937Z</time>
	<hdop>10.14</hdop>
	<extensions>
		<gpxtpx:TrackPointExtension>
			<gpxtpx:course>150.0</gpxtpx:course>
		</gpxtpx:TrackPointExtension>
	</extensions>
</trkpt>
<trkpt lat="-9.0481342" lon="148.4075687">
	<ele>874.89</ele>
	<time>2026-02-16T23:16:26.938Z</time>
	<hdop>10.76</hdop>
	<extensions>
		<gpxtpx:TrackPointExtension>
			<gpxtpx:course>87.0</gpxtpx:course>
		</gpxtpx:TrackPointExtension>
	</extensions>
</trkpt>
<trkpt lat="-9.0480797" lon="148.4076469">
	<ele>886.74</ele>
	<time>2026-02-16T23:16:44.937Z</time>
	<hdop>10.03</hdop>
</trkpt>
<trkpt lat="-9.0480469" lon="148.4077339">
	<ele>893.52</ele>
	<time>2026-02-16T23:17:09.937Z</time>
	<hdop>10.27</hdop>
	<extensions>
		<gpxtpx:TrackPointExtension>
			<gpxtpx:course>90.0</gpxtpx:course>
		</gpxtpx:TrackPointExtension>
	</extensions>
</trkpt>
<trkpt lat="-9.0480220" lon="148.4078342">
	<ele>893.11</ele>
	<time>2026-02-16T23:17:22.938Z</time>
	<hdop>10.05</hdop>
	<extensions>
		<gpxtpx:TrackPointExtension>
			<gpxtpx:course>47.0</gpxtpx:course>
		</gpxtpx:TrackPointExtension>
	</extensions>
</trkpt>
<trkpt lat="-9.0479750" lon="148.4079201">
	<ele>894.27</ele>
	<time>2026-02-16T23:17:34.938Z</time>
	<hdop>10.16</hdop>
	<extensions>
		<gpxtpx:TrackPointExtension>
			<gpxtpx:course>47.0</gpxtpx:course>
		</gpxtpx:TrackPointExtension>
	</extensions>
</trkpt>
<trkpt lat="-9.0479892" lon="148.4080196">
	<ele>896.35</ele>
	<time>2026-02-16T23:17:49.937Z</time>
	<hdop>10.42</hdop>
	<extensions>
		<gpxtpx:TrackPointExtension>
			<gpxtpx:course>67.0</gpxtpx:course>
		</gpxtpx:TrackPointExtension>
	</extensions>
</trkpt>
<trkpt lat="-9.0479609" lon="148.4081128">
	<ele>899.41</ele>
	<time>2026-02-16T23:17:59.937Z</time>
	<hdop>10.09</hdop>
	<extensions>
		<gpxtpx:TrackPointExtension>
			<gpxtpx:course>82.0</gpxtpx:course>
		</gpxtpx:TrackPointExtension>
	</extensions>
</trkpt>
<trkpt lat="-9.0479049" lon="148.4081936">
	<ele>903.18</ele>
	<time>2026-02-16T23:18:13.937Z</time>
	<hdop>9.94</hdop>
	<extensions>
		<gpxtpx:TrackPointExtension>
			<gpxtpx:course>55.0</gpxtpx:course>
		</gpxtpx:TrackPointExtension>
	</extensions>
</trkpt>
<trkpt lat="-9.0478648" lon="148.4082792">
	<ele>902.51</ele>
	<time>2026-02-16T23:18:23.938Z</time>
	<hdop>9.94</hdop>
	<extensions>
		<gpxtpx:TrackPointExtension>
			<gpxtpx:course>48.0</gpxtpx:course>
		</gpxtpx:TrackPointExtension>
	</extensions>
</trkpt>
<trkpt lat="-9.0477991" lon="148.4083436">
	<ele>902.53</ele>
	<time>2026-02-16T23:18:38.937Z</time>
	<hdop>9.94</hdop>
	<extensions>
		<gpxtpx:TrackPointExtension>
			<gpxtpx:course>48.0</gpxtpx:course>
		</gpxtpx:TrackPointExtension>
	</extensions>
</trkpt>
<trkpt lat="-9.0477396" lon="148.4084161">
	<ele>906.87</ele>
	<time>2026-02-16T23:18:50.937Z</time>
	<hdop>9.94</hdop>
	<extensions>
		<gpxtpx:TrackPointExtension>
			<gpxtpx:course>70.0</gpxtpx:course>
		</gpxtpx:TrackPointExtension>
	</extensions>
</trkpt>
<trkpt lat="-9.0476918" lon="148.4084980">
	<ele>905.49</ele>
	<time>2026-02-16T23:19:00.938Z</time>
	<hdop>9.94</hdop>
	<extensions>
		<gpxtpx:TrackPointExtension>
			<gpxtpx:course>70.0</gpxtpx:course>
		</gpxtpx:TrackPointExtension>
	</extensions>
</trkpt>
<trkpt lat="-9.0477110" lon="148.4085888">
	<ele>902.92</ele>
	<time>2026-02-16T23:19:10.938Z</time>
	<hdop>9.94</hdop>
	<extensions>
		<gpxtpx:TrackPointExtension>
			<gpxtpx:course>111.0</gpxtpx:course>
		</gpxtpx:TrackPointExtension>
	</extensions>
</trkpt>
<trkpt lat="-9.0477348" lon="148.4086795">
	<ele>904.43</ele>
	<time>2026-02-16T23:19:30.937Z</time>
	<hdop>10.49</hdop>
	<extensions>
		<gpxtpx:TrackPointExtension>
			<gpxtpx:course>56.0</gpxtpx:course>
		</gpxtpx:TrackPointExtension>
	</extensions>
</trkpt>
<trkpt lat="-9.0477509" lon="148.4087698">
	<ele>904.43</ele>
	<time>2026-02-16T23:19:40.938Z</time>
	<hdop>10.29</hdop>
</trkpt>
<trkpt lat="-9.0478114" lon="148.4088392">
	<ele>906.10</ele>
	<time>2026-02-16T23:19:56.937Z</time>
	<hdop>10.69</hdop>
	<extensions>
		<gpxtpx:TrackPointExtension>
			<gpxtpx:course>122.0</gpxtpx:course>
		</gpxtpx:TrackPointExtension>
	</extensions>
</trkpt>
<trkpt lat="-9.0478187" lon="148.4089310">
	<ele>904.99</ele>
	<time>2026-02-16T23:20:23.937Z</time>
	<hdop>9.94</hdop>
	<extensions>
		<gpxtpx:TrackPointExtension>
			<gpxtpx:course>92.0</gpxtpx:course>
		</gpxtpx:TrackPointExtension>
	</extensions>
</trkpt>
<trkpt lat="-9.0478422" lon="148.4090194">
	<ele>900.04</ele>
	<time>2026-02-16T23:20:46.937Z</time>
	<hdop>9.94</hdop>
</trkpt>
<trkpt lat="-9.0478555" lon="148.4091149">
	<ele>902.75</ele>
	<time>2026-02-16T23:21:06.938Z</time>
	<hdop>9.94</hdop>
	<extensions>
		<gpxtpx:TrackPointExtension>
			<gpxtpx:course>59.0</gpxtpx:course>
		</gpxtpx:TrackPointExtension>
	</extensions>
</trkpt>
<trkpt lat="-9.0478474" lon="148.4092060">
	<ele>904.33</ele>
	<time>2026-02-16T23:21:20.938Z</time>
	<hdop>9.98</hdop>
	<extensions>
		<gpxtpx:TrackPointExtension>
			<gpxtpx:course>78.0</gpxtpx:course>
		</gpxtpx:TrackPointExtension>
	</extensions>
</trkpt>
<trkpt lat="-9.0478535" lon="148.4092983">
	<ele>906.10</ele>
	<time>2026-02-16T23:21:40.938Z</time>
	<hdop>9.94</hdop>
	<extensions>
		<gpxtpx:TrackPointExtension>
			<gpxtpx:course>77.0</gpxtpx:course>
		</gpxtpx:TrackPointExtension>
	</extensions>
</trkpt>
<trkpt lat="-9.0478582" lon="148.4093897">
	<ele>904.07</ele>
	<time>2026-02-16T23:21:54.937Z</time>
	<hdop>10.20</hdop>
	<extensions>
		<gpxtpx:TrackPointExtension>
			<gpxtpx:course>81.0</gpxtpx:course>
		</gpxtpx:TrackPointExtension>
	</extensions>
</trkpt>
<trkpt lat="-9.0478587" lon="148.4094867">
	<ele>913.46</ele>
	<time>2026-02-16T23:42:07.938Z</time>
	<hdop>10.21</hdop>
	<extensions>
		<gpxtpx:TrackPointExtension>
			<gpxtpx:course>120.0</gpxtpx:course>
		</gpxtpx:TrackPointExtension>
	</extensions>
</trkpt>
<trkpt lat="-9.0478658" lon="148.4095806">
	<ele>929.30</ele>
	<time>2026-02-16T23:43:05.937Z</time>
	<hdop>9.94</hdop>
	<extensions>
		<gpxtpx:TrackPointExtension>
			<gpxtpx:course>71.0</gpxtpx:course>
		</gpxtpx:TrackPointExtension>
	</extensions>
</trkpt>
<trkpt lat="-9.0479202" lon="148.4096540">
	<ele>930.22</ele>
	<time>2026-02-16T23:43:32.938Z</time>
	<hdop>9.94</hdop>
</trkpt>
<trkpt lat="-9.0478970" lon="148.4097464">
	<ele>933.10</ele>
	<time>2026-02-16T23:44:00.938Z</time>
	<hdop>9.94</hdop>
	<extensions>
		<gpxtpx:TrackPointExtension>
			<gpxtpx:course>86.0</gpxtpx:course>
		</gpxtpx:TrackPointExtension>
	</extensions>
</trkpt>
<trkpt lat="-9.0479184" lon="148.4098359">
	<ele>932.11</ele>
	<time>2026-02-16T23:44:28.937Z</time>
	<hdop>9.94</hdop>
	<extensions>
		<gpxtpx:TrackPointExtension>
			<gpxtpx:course>100.0</gpxtpx:course>
		</gpxtpx:TrackPointExtension>
	</extensions>
</trkpt>
<trkpt lat="-9.0479785" lon="148.4099060">
	<ele>944.47</ele>
	<time>2026-02-16T23:45:16.937Z</time>
	<hdop>9.94</hdop>
	<extensions>
		<gpxtpx:TrackPointExtension>
			<gpxtpx:course>102.0</gpxtpx:course>
		</gpxtpx:TrackPointExtension>
	</extensions>
</trkpt>
<trkpt lat="-9.0480157" lon="148.4099894">
	<ele>952.25</ele>
	<time>2026-02-16T23:46:24.938Z</time>
	<hdop>9.94</hdop>
	<extensions>
		<gpxtpx:TrackPointExtension>
			<gpxtpx:course>115.0</gpxtpx:course>
		</gpxtpx:TrackPointExtension>
	</extensions>
</trkpt>
<trkpt lat="-9.0480203" lon="148.4100806">
	<ele>956.72</ele>
	<time>2026-02-16T23:46:59.937Z</time>
	<hdop>10.09</hdop>
	<extensions>
		<gpxtpx:TrackPointExtension>
			<gpxtpx:course>49.0</gpxtpx:course>
		</gpxtpx:TrackPointExtension>
	</extensions>
</trkpt>
<trkpt lat="-9.0479514" lon="148.4101474">
	<ele>963.68</ele>
	<time>2026-02-16T23:47:23.937Z</time>
	<hdop>9.94</hdop>
	<extensions>
		<gpxtpx:TrackPointExtension>
			<gpxtpx:course>64.0</gpxtpx:course>
		</gpxtpx:TrackPointExtension>
	</extensions>
</trkpt>
<trkpt lat="-9.0479747" lon="148.4102402">
	<ele>969.15</ele>
	<time>2026-02-16T23:47:40.937Z</time>
	<hdop>9.94</hdop>
	<extensions>
		<gpxtpx:TrackPointExtension>
			<gpxtpx:course>114.0</gpxtpx:course>
		</gpxtpx:TrackPointExtension>
	</extensions>
</trkpt>
<trkpt lat="-9.0479176" lon="148.4103173">
	<ele>973.69</ele>
	<time>2026-02-16T23:48:25.938Z</time>
	<hdop>9.94</hdop>
	<extensions>
		<gpxtpx:TrackPointExtension>
			<gpxtpx:course>25.0</gpxtpx:course>
		</gpxtpx:TrackPointExtension>
	</extensions>
</trkpt>
<trkpt lat="-9.0478945" lon="148.4104061">
	<ele>977.87</ele>
	<time>2026-02-16T23:48:46.937Z</time>
	<hdop>9.94</hdop>
</trkpt>
<trkpt lat="-9.0478454" lon="148.4104837">
	<ele>983.58</ele>
	<time>2026-02-16T23:49:17.937Z</time>
	<hdop>9.94</hdop>
</trkpt>
<trkpt lat="-9.0477937" lon="148.4105599">
	<ele>986.29</ele>
	<time>2026-02-16T23:49:42.937Z</time>
	<hdop>9.94</hdop>
	<extensions>
		<gpxtpx:TrackPointExtension>
			<gpxtpx:course>99.0</gpxtpx:course>
		</gpxtpx:TrackPointExtension>
	</extensions>
</trkpt>
<trkpt lat="-9.0477469" lon="148.4106388">
	<ele>991.39</ele>
	<time>2026-02-16T23:50:17.937Z</time>
	<hdop>9.94</hdop>
	<extensions>
		<gpxtpx:TrackPointExtension>
			<gpxtpx:course>42.0</gpxtpx:course>
		</gpxtpx:TrackPointExtension>
	</extensions>
</trkpt>
<trkpt lat="-9.0476710" lon="148.4106944">
	<ele>996.17</ele>
	<time>2026-02-16T23:50:33.938Z</time>
	<hdop>9.94</hdop>
	<extensions>
		<gpxtpx:TrackPointExtension>
			<gpxtpx:course>27.0</gpxtpx:course>
		</gpxtpx:TrackPointExtension>
	</extensions>
</trkpt>
<trkpt lat="-9.0476163" lon="148.4107715">
	<ele>1000.44</ele>
	<time>2026-02-16T23:50:53.937Z</time>
	<hdop>9.94</hdop>
	<extensions>
		<gpxtpx:TrackPointExtension>
			<gpxtpx:course>79.0</gpxtpx:course>
		</gpxtpx:TrackPointExtension>
	</extensions>
</trkpt>
<trkpt lat="-9.0475468" lon="148.4108340">
	<ele>1005.23</ele>
	<time>2026-02-16T23:51:47.938Z</time>
	<hdop>5.84</hdop>
	<extensions>
		<gpxtpx:TrackPointExtension>
			<gpxtpx:course>79.0</gpxtpx:course>
		</gpxtpx:TrackPointExtension>
	</extensions>
</trkpt>
<trkpt lat="-9.0475050" lon="148.4109166">
	<ele>1010.24</ele>
	<time>2026-02-16T23:52:37.937Z</time>
	<hdop>3.79</hdop>
	<extensions>
		<gpxtpx:TrackPointExtension>
			<gpxtpx:course>60.0</gpxtpx:course>
		</gpxtpx:TrackPointExtension>
	</extensions>
</trkpt>
<trkpt lat="-9.0474444" lon="148.4109909">
	<ele>1011.18</ele>
	<time>2026-02-16T23:53:23.938Z</time>
	<hdop>3.79</hdop>
	<extensions>
		<gpxtpx:TrackPointExtension>
			<gpxtpx:course>21.0</gpxtpx:course>
		</gpxtpx:TrackPointExtension>
	</extensions>
</trkpt>
<trkpt lat="-9.0474433" lon="148.4110828">
	<ele>1018.52</ele>
	<time>2026-02-16T23:53:44.937Z</time>
	<hdop>3.79</hdop>
</trkpt>
<trkpt lat="-9.0474146" lon="148.4111730">
	<ele>1022.40</ele>
	<time>2026-02-16T23:54:03.937Z</time>
	<hdop>3.79</hdop>
	<extensions>
		<gpxtpx:TrackPointExtension>
			<gpxtpx:course>89.0</gpxtpx:course>
		</gpxtpx:TrackPointExtension>
	</extensions>
</trkpt>
<trkpt lat="-9.0473993" lon="148.4112688">
	<ele>1027.81</ele>
	<time>2026-02-16T23:55:06.938Z</time>
	<hdop>3.79</hdop>
	<extensions>
		<gpxtpx:TrackPointExtension>
			<gpxtpx:course>103.0</gpxtpx:course>
		</gpxtpx:TrackPointExtension>
	</extensions>
</trkpt>
<trkpt lat="-9.0473856" lon="148.4113628">
	<ele>1031.66</ele>
	<time>2026-02-16T23:55:25.937Z</time>
	<hdop>3.79</hdop>
	<extensions>
		<gpxtpx:TrackPointExtension>
			<gpxtpx:course>81.0</gpxtpx:course>
		</gpxtpx:TrackPointExtension>
	</extensions>
</trkpt>
<trkpt lat="-9.0473607" lon="148.4114514">
	<ele>1032.04</ele>
	<time>2026-02-16T23:55:48.937Z</time>
	<hdop>3.79</hdop>
	<extensions>
		<gpxtpx:TrackPointExtension>
			<gpxtpx:course>60.0</gpxtpx:course>
		</gpxtpx:TrackPointExtension>
	</extensions>
</trkpt>
<trkpt lat="-9.0473081" lon="148.4115256">
	<ele>1035.01</ele>
	<time>2026-02-16T23:56:21.937Z</time>
	<hdop>9.94</hdop>
	<extensions>
		<gpxtpx:TrackPointExtension>
			<gpxtpx:course>61.0</gpxtpx:course>
		</gpxtpx:TrackPointExtension>
	</extensions>
</trkpt>
<trkpt lat="-9.0472617" lon="148.4116077">
	<ele>1040.88</ele>
	<time>2026-02-16T23:56:46.938Z</time>
	<hdop>9.94</hdop>
	<extensions>
		<gpxtpx:TrackPointExtension>
			<gpxtpx:course>61.0</gpxtpx:course>
		</gpxtpx:TrackPointExtension>
	</extensions>
</trkpt>
<trkpt lat="-9.0472630" lon="148.4117002">
	<ele>1045.95</ele>
	<time>2026-02-16T23:57:26.938Z</time>
	<hdop>9.94</hdop>
	<extensions>
		<gpxtpx:TrackPointExtension>
			<gpxtpx:course>179.0</gpxtpx:course>
		</gpxtpx:TrackPointExtension>
	</extensions>
</trkpt>
<trkpt lat="-9.0472136" lon="148.4117848">
	<ele>1050.68</ele>
	<time>2026-02-16T23:57:58.938Z</time>
	<hdop>9.94</hdop>
	<extensions>
		<gpxtpx:TrackPointExtension>
			<gpxtpx:course>28.0</gpxtpx:course>
		</gpxtpx:TrackPointExtension>
	</extensions>
</trkpt>
<trkpt lat="-9.0472194" lon="148.4118824">
	<ele>1058.64</ele>
	<time>2026-02-16T23:58:28.937Z</time>
	<hdop>9.94</hdop>
</trkpt>
<trkpt lat="-9.0472337" lon="148.4119723">
	<ele>1067.07</ele>
	<time>2026-02-16T23:59:42.937Z</time>
	<hdop>3.79</hdop>
	<extensions>
		<gpxtpx:TrackPointExtension>
			<gpxtpx:course>106.0</gpxtpx:course>
		</gpxtpx:TrackPointExtension>
	</extensions>
</trkpt>
<trkpt lat="-9.0472030" lon="148.4120620">
	<ele>1075.80</ele>
	<time>2026-02-17T00:00:10.937Z</time>
	<hdop>3.79</hdop>
	<extensions>
		<gpxtpx:TrackPointExtension>
			<gpxtpx:course>106.0</gpxtpx:course>
		</gpxtpx:TrackPointExtension>
	</extensions>
</trkpt>
<trkpt lat="-9.0471723" lon="148.4121564">
	<ele>1077.04</ele>
	<time>2026-02-17T00:00:22.937Z</time>
	<hdop>3.79</hdop>
</trkpt>
<trkpt lat="-9.0471357" lon="148.4122451">
	<ele>1079.83</ele>
	<time>2026-02-17T00:00:36.938Z</time>
	<hdop>3.79</hdop>
	<extensions>
		<gpxtpx:TrackPointExtension>
			<gpxtpx:course>56.0</gpxtpx:course>
		</gpxtpx:TrackPointExtension>
	</extensions>
</trkpt>
<trkpt lat="-9.0470757" lon="148.4123222">
	<ele>1085.60</ele>
	<time>2026-02-17T00:00:53.938Z</time>
	<hdop>3.79</hdop>
	<extensions>
		<gpxtpx:TrackPointExtension>
			<gpxtpx:course>49.0</gpxtpx:course>
		</gpxtpx:TrackPointExtension>
	</extensions>
</trkpt>
<trkpt lat="-9.0469978" lon="148.4123719">
	<ele>1088.38</ele>
	<time>2026-02-17T00:01:14.938Z</time>
	<hdop>9.94</hdop>
	<extensions>
		<gpxtpx:TrackPointExtension>
			<gpxtpx:course>50.0</gpxtpx:course>
		</gpxtpx:TrackPointExtension>
	</extensions>
</trkpt>
<trkpt lat="-9.0469607" lon="148.4124572">
	<ele>1087.86</ele>
	<time>2026-02-17T00:01:25.937Z</time>
	<hdop>9.94</hdop>
	<extensions>
		<gpxtpx:TrackPointExtension>
			<gpxtpx:course>50.0</gpxtpx:course>
		</gpxtpx:TrackPointExtension>
	</extensions>
</trkpt>
<trkpt lat="-9.0469183" lon="148.4125443">
	<ele>1085.14</ele>
	<time>2026-02-17T00:01:37.937Z</time>
	<hdop>5.84</hdop>
	<extensions>
		<gpxtpx:TrackPointExtension>
			<gpxtpx:course>103.0</gpxtpx:course>
		</gpxtpx:TrackPointExtension>
	</extensions>
</trkpt>
<trkpt lat="-9.0468382" lon="148.4125998">
	<ele>1081.38</ele>
	<time>2026-02-17T00:01:49.937Z</time>
	<hdop>3.79</hdop>
	<extensions>
		<gpxtpx:TrackPointExtension>
			<gpxtpx:course>62.0</gpxtpx:course>
		</gpxtpx:TrackPointExtension>
	</extensions>
</trkpt>
<trkpt lat="-9.0467626" lon="148.4126518">
	<ele>1079.41</ele>
	<time>2026-02-17T00:01:59.938Z</time>
	<hdop>3.79</hdop>
	<extensions>
		<gpxtpx:TrackPointExtension>
			<gpxtpx:course>32.0</gpxtpx:course>
		</gpxtpx:TrackPointExtension>
	</extensions>
</trkpt>
<trkpt lat="-9.0466728" lon="148.4126726">
	<ele>1081.08</ele>
	<time>2026-02-17T00:02:09.938Z</time>
	<hdop>3.79</hdop>
	<extensions>
		<gpxtpx:TrackPointExtension>
			<gpxtpx:course>6.0</gpxtpx:course>
		</gpxtpx:TrackPointExtension>
	</extensions>
</trkpt>
<trkpt lat="-9.0465815" lon="148.4126984">
	<ele>1081.79</ele>
	<time>2026-02-17T00:02:24.938Z</time>
	<hdop>3.79</hdop>
	<extensions>
		<gpxtpx:TrackPointExtension>
			<gpxtpx:course>27.0</gpxtpx:course>
		</gpxtpx:TrackPointExtension>
	</extensions>
</trkpt>
<trkpt lat="-9.0464882" lon="148.4127271">
	<ele>1083.92</ele>
	<time>2026-02-17T00:02:37.937Z</time>
	<hdop>3.79</hdop>
	<extensions>
		<gpxtpx:TrackPointExtension>
			<gpxtpx:course>26.0</gpxtpx:course>
		</gpxtpx:TrackPointExtension>
	</extensions>
</trkpt>
<trkpt lat="-9.0463998" lon="148.4127538">
	<ele>1084.08</ele>
	<time>2026-02-17T00:02:49.938Z</time>
	<hdop>3.79</hdop>
	<extensions>
		<gpxtpx:TrackPointExtension>
			<gpxtpx:course>21.0</gpxtpx:course>
		</gpxtpx:TrackPointExtension>
	</extensions>
</trkpt>
<trkpt lat="-9.0463118" lon="148.4127926">
	<ele>1086.45</ele>
	<time>2026-02-17T00:03:06.938Z</time>
	<hdop>3.79</hdop>
</trkpt>
<trkpt lat="-9.0462320" lon="148.4128417">
	<ele>1088.95</ele>
	<time>2026-02-17T00:03:24.938Z</time>
	<hdop>3.79</hdop>
</trkpt>
<trkpt lat="-9.0461423" lon="148.4128703">
	<ele>1092.49</ele>
	<time>2026-02-17T00:03:40.937Z</time>
	<hdop>3.79</hdop>
	<extensions>
		<gpxtpx:TrackPointExtension>
			<gpxtpx:course>340.0</gpxtpx:course>
		</gpxtpx:TrackPointExtension>
	</extensions>
</trkpt>
<trkpt lat="-9.0460546" lon="148.4129101">
	<ele>1092.90</ele>
	<time>2026-02-17T00:03:53.937Z</time>
	<hdop>3.79</hdop>
	<extensions>
		<gpxtpx:TrackPointExtension>
			<gpxtpx:course>47.0</gpxtpx:course>
		</gpxtpx:TrackPointExtension>
	</extensions>
</trkpt>
<trkpt lat="-9.0459658" lon="148.4129392">
	<ele>1096.49</ele>
	<time>2026-02-17T00:04:07.938Z</time>
	<hdop>3.79</hdop>
	<extensions>
		<gpxtpx:TrackPointExtension>
			<gpxtpx:course>25.0</gpxtpx:course>
		</gpxtpx:TrackPointExtension>
	</extensions>
</trkpt>
<trkpt lat="-9.0458744" lon="148.4129458">
	<ele>1101.05</ele>
	<time>2026-02-17T00:04:31.937Z</time>
	<hdop>3.79</hdop>
	<extensions>
		<gpxtpx:TrackPointExtension>
			<gpxtpx:course>9.0</gpxtpx:course>
		</gpxtpx:TrackPointExtension>
	</extensions>
</trkpt>
<trkpt lat="-9.0457826" lon="148.4129597">
	<ele>1104.13</ele>
	<time>2026-02-17T00:06:50.937Z</time>
	<hdop>3.79</hdop>
	<extensions>
		<gpxtpx:TrackPointExtension>
			<gpxtpx:course>359.0</gpxtpx:course>
		</gpxtpx:TrackPointExtension>
	</extensions>
</trkpt>
<trkpt lat="-9.0456914" lon="148.4129505">
	<ele>1108.76</ele>
	<time>2026-02-17T00:07:14.937Z</time>
	<hdop>3.79</hdop>
	<extensions>
		<gpxtpx:TrackPointExtension>
			<gpxtpx:course>1.0</gpxtpx:course>
		</gpxtpx:TrackPointExtension>
	</extensions>
</trkpt>
<trkpt lat="-9.0456070" lon="148.4129872">
	<ele>1112.51</ele>
	<time>2026-02-17T00:07:33.938Z</time>
	<hdop>3.79</hdop>
	<extensions>
		<gpxtpx:TrackPointExtension>
			<gpxtpx:course>55.0</gpxtpx:course>
		</gpxtpx:TrackPointExtension>
	</extensions>
</trkpt>
<trkpt lat="-9.0455310" lon="148.4130396">
	<ele>1117.22</ele>
	<time>2026-02-17T00:08:03.938Z</time>
	<hdop>3.79</hdop>
	<extensions>
		<gpxtpx:TrackPointExtension>
			<gpxtpx:course>43.0</gpxtpx:course>
		</gpxtpx:TrackPointExtension>
	</extensions>
</trkpt>
<trkpt lat="-9.0454455" lon="148.4130891">
	<ele>1117.87</ele>
	<time>2026-02-17T00:08:16.937Z</time>
	<hdop>3.79</hdop>
	<extensions>
		<gpxtpx:TrackPointExtension>
			<gpxtpx:course>44.0</gpxtpx:course>
		</gpxtpx:TrackPointExtension>
	</extensions>
</trkpt>
<trkpt lat="-9.0453690" lon="148.4131381">
	<ele>1120.38</ele>
	<time>2026-02-17T00:08:30.937Z</time>
	<hdop>3.79</hdop>
	<extensions>
		<gpxtpx:TrackPointExtension>
			<gpxtpx:course>36.0</gpxtpx:course>
		</gpxtpx:TrackPointExtension>
	</extensions>
</trkpt>
<trkpt lat="-9.0453099" lon="148.4132090">
	<ele>1122.06</ele>
	<time>2026-02-17T00:08:43.937Z</time>
	<hdop>3.79</hdop>
	<extensions>
		<gpxtpx:TrackPointExtension>
			<gpxtpx:course>72.0</gpxtpx:course>
		</gpxtpx:TrackPointExtension>
	</extensions>
</trkpt>
<trkpt lat="-9.0452421" lon="148.4132695">
	<ele>1124.35</ele>
	<time>2026-02-17T00:08:56.937Z</time>
	<hdop>3.79</hdop>
	<extensions>
		<gpxtpx:TrackPointExtension>
			<gpxtpx:course>338.0</gpxtpx:course>
		</gpxtpx:TrackPointExtension>
	</extensions>
</trkpt>
<trkpt lat="-9.0451565" lon="148.4133008">
	<ele>1125.18</ele>
	<time>2026-02-17T00:09:07.938Z</time>
	<hdop>3.79</hdop>
	<extensions>
		<gpxtpx:TrackPointExtension>
			<gpxtpx:course>16.0</gpxtpx:course>
		</gpxtpx:TrackPointExtension>
	</extensions>
</trkpt>
<trkpt lat="-9.0450838" lon="148.4133644">
	<ele>1126.94</ele>
	<time>2026-02-17T00:09:21.937Z</time>
	<hdop>3.79</hdop>
	<extensions>
		<gpxtpx:TrackPointExtension>
			<gpxtpx:course>25.0</gpxtpx:course>
		</gpxtpx:TrackPointExtension>
	</extensions>
</trkpt>
<trkpt lat="-9.0450117" lon="148.4134274">
	<ele>1132.02</ele>
	<time>2026-02-17T00:09:36.937Z</time>
	<hdop>3.79</hdop>
	<extensions>
		<gpxtpx:TrackPointExtension>
			<gpxtpx:course>30.0</gpxtpx:course>
		</gpxtpx:TrackPointExtension>
	</extensions>
</trkpt>
<trkpt lat="-9.0449416" lon="148.4134876">
	<ele>1133.14</ele>
	<time>2026-02-17T00:09:50.937Z</time>
	<hdop>3.79</hdop>
	<extensions>
		<gpxtpx:TrackPointExtension>
			<gpxtpx:course>31.0</gpxtpx:course>
		</gpxtpx:TrackPointExtension>
	</extensions>
</trkpt>
<trkpt lat="-9.0448719" lon="148.4135498">
	<ele>1134.48</ele>
	<time>2026-02-17T00:10:04.938Z</time>
	<hdop>3.79</hdop>
</trkpt>
<trkpt lat="-9.0448084" lon="148.4136273">
	<ele>1132.34</ele>
	<time>2026-02-17T00:10:15.938Z</time>
	<hdop>3.79</hdop>
	<extensions>
		<gpxtpx:TrackPointExtension>
			<gpxtpx:course>70.0</gpxtpx:course>
		</gpxtpx:TrackPointExtension>
	</extensions>
</trkpt>
<trkpt lat="-9.0447338" lon="148.4136814">
	<ele>1134.08</ele>
	<time>2026-02-17T00:10:27.938Z</time>
	<hdop>3.79</hdop>
	<extensions>
		<gpxtpx:TrackPointExtension>
			<gpxtpx:course>37.0</gpxtpx:course>
		</gpxtpx:TrackPointExtension>
	</extensions>
</trkpt>
<trkpt lat="-9.0446656" lon="148.4137512">
	<ele>1132.73</ele>
	<time>2026-02-17T00:10:48.937Z</time>
	<hdop>3.79</hdop>
	<extensions>
		<gpxtpx:TrackPointExtension>
			<gpxtpx:course>44.0</gpxtpx:course>
		</gpxtpx:TrackPointExtension>
	</extensions>
</trkpt>
<trkpt lat="-9.0446139" lon="148.4138263">
	<ele>1134.75</ele>
	<time>2026-02-17T00:11:00.937Z</time>
	<hdop>3.79</hdop>
	<extensions>
		<gpxtpx:TrackPointExtension>
			<gpxtpx:course>69.0</gpxtpx:course>
		</gpxtpx:TrackPointExtension>
	</extensions>
</trkpt>
<trkpt lat="-9.0445383" lon="148.4138838">
	<ele>1137.62</ele>
	<time>2026-02-17T00:11:13.937Z</time>
	<hdop>3.79</hdop>
</trkpt>
<trkpt lat="-9.0444748" lon="148.4139575">
	<ele>1142.45</ele>
	<time>2026-02-17T00:11:33.938Z</time>
	<hdop>8.91</hdop>
	<extensions>
		<gpxtpx:TrackPointExtension>
			<gpxtpx:course>8.0</gpxtpx:course>
		</gpxtpx:TrackPointExtension>
	</extensions>
</trkpt>
<trkpt lat="-9.0444143" lon="148.4140325">
	<ele>1147.33</ele>
	<time>2026-02-17T00:11:49.937Z</time>
	<hdop>3.79</hdop>
	<extensions>
		<gpxtpx:TrackPointExtension>
			<gpxtpx:course>86.0</gpxtpx:course>
		</gpxtpx:TrackPointExtension>
	</extensions>
</trkpt>
<trkpt lat="-9.0443556" lon="148.4141084">
	<ele>1153.11</ele>
	<time>2026-02-17T00:12:41.937Z</time>
	<hdop>3.79</hdop>
	<extensions>
		<gpxtpx:TrackPointExtension>
			<gpxtpx:course>50.0</gpxtpx:course>
		</gpxtpx:TrackPointExtension>
	</extensions>
</trkpt>
<trkpt lat="-9.0442686" lon="148.4141373">
	<ele>1158.28</ele>
	<time>2026-02-17T00:13:53.937Z</time>
	<hdop>3.79</hdop>
</trkpt>
<trkpt lat="-9.0441819" lon="148.4141047">
	<ele>1160.56</ele>
	<time>2026-02-17T00:14:12.938Z</time>
	<hdop>3.79</hdop>
	<extensions>
		<gpxtpx:TrackPointExtension>
			<gpxtpx:course>11.0</gpxtpx:course>
		</gpxtpx:TrackPointExtension>
	</extensions>
</trkpt>
<trkpt lat="-9.0440882" lon="148.4140940">
	<ele>1161.10</ele>
	<time>2026-02-17T00:14:31.938Z</time>
	<hdop>3.85</hdop>
	<extensions>
		<gpxtpx:TrackPointExtension>
			<gpxtpx:course>352.0</gpxtpx:course>
		</gpxtpx:TrackPointExtension>
	</extensions>
</trkpt>
<trkpt lat="-9.0439967" lon="148.4140911">
	<ele>1164.34</ele>
	<time>2026-02-17T00:15:20.938Z</time>
	<hdop>9.94</hdop>
</trkpt>
<trkpt lat="-9.0440140" lon="148.4141823">
	<ele>1174.55</ele>
	<time>2026-02-17T00:16:43.937Z</time>
	<hdop>3.79</hdop>
	<extensions>
		<gpxtpx:TrackPointExtension>
			<gpxtpx:course>68.0</gpxtpx:course>
		</gpxtpx:TrackPointExtension>
	</extensions>
</trkpt>
<trkpt lat="-9.0439706" lon="148.4142625">
	<ele>1183.89</ele>
	<time>2026-02-17T00:17:49.938Z</time>
	<hdop>3.79</hdop>
	<extensions>
		<gpxtpx:TrackPointExtension>
			<gpxtpx:course>68.0</gpxtpx:course>
		</gpxtpx:TrackPointExtension>
	</extensions>
</trkpt>
<trkpt lat="-9.0439684" lon="148.4143546">
	<ele>1197.77</ele>
	<time>2026-02-17T00:19:15.937Z</time>
	<hdop>3.79</hdop>
	<extensions>
		<gpxtpx:TrackPointExtension>
			<gpxtpx:course>113.0</gpxtpx:course>
		</gpxtpx:TrackPointExtension>
	</extensions>
</trkpt>
<trkpt lat="-9.0439133" lon="148.4144295">
	<ele>1203.26</ele>
	<time>2026-02-17T00:19:40.937Z</time>
	<hdop>3.79</hdop>
	<extensions>
		<gpxtpx:TrackPointExtension>
			<gpxtpx:course>58.0</gpxtpx:course>
		</gpxtpx:TrackPointExtension>
	</extensions>
</trkpt>
<trkpt lat="-9.0438523" lon="148.4144974">
	<ele>1210.83</ele>
	<time>2026-02-17T00:20:17.937Z</time>
	<hdop>3.79</hdop>
	<extensions>
		<gpxtpx:TrackPointExtension>
			<gpxtpx:course>69.0</gpxtpx:course>
		</gpxtpx:TrackPointExtension>
	</extensions>
</trkpt>
<trkpt lat="-9.0437874" lon="148.4145619">
	<ele>1218.53</ele>
	<time>2026-02-17T00:21:14.937Z</time>
	<hdop>3.79</hdop>
	<extensions>
		<gpxtpx:TrackPointExtension>
			<gpxtpx:course>339.0</gpxtpx:course>
		</gpxtpx:TrackPointExtension>
	</extensions>
</trkpt>
<trkpt lat="-9.0437509" lon="148.4146464">
	<ele>1225.41</ele>
	<time>2026-02-17T00:21:49.937Z</time>
	<hdop>3.79</hdop>
	<extensions>
		<gpxtpx:TrackPointExtension>
			<gpxtpx:course>62.0</gpxtpx:course>
		</gpxtpx:TrackPointExtension>
	</extensions>
</trkpt>
<trkpt lat="-9.0436713" lon="148.4146907">
	<ele>1227.16</ele>
	<time>2026-02-17T00:22:13.938Z</time>
	<hdop>3.79</hdop>
	<extensions>
		<gpxtpx:TrackPointExtension>
			<gpxtpx:course>8.0</gpxtpx:course>
		</gpxtpx:TrackPointExtension>
	</extensions>
</trkpt>
<trkpt lat="-9.0435774" lon="148.4146944">
	<ele>1232.30</ele>
	<time>2026-02-17T00:22:33.937Z</time>
	<hdop>3.79</hdop>
	<extensions>
		<gpxtpx:TrackPointExtension>
			<gpxtpx:course>0.0</gpxtpx:course>
		</gpxtpx:TrackPointExtension>
	</extensions>
</trkpt>
<trkpt lat="-9.0434846" lon="148.4147031">
	<ele>1234.26</ele>
	<time>2026-02-17T00:22:46.937Z</time>
	<hdop>3.79</hdop>
	<extensions>
		<gpxtpx:TrackPointExtension>
			<gpxtpx:course>349.0</gpxtpx:course>
		</gpxtpx:TrackPointExtension>
	</extensions>
</trkpt>
<trkpt lat="-9.0433889" lon="148.4146987">
	<ele>1239.07</ele>
	<time>2026-02-17T00:22:58.937Z</time>
	<hdop>3.79</hdop>
	<extensions>
		<gpxtpx:TrackPointExtension>
			<gpxtpx:course>4.0</gpxtpx:course>
		</gpxtpx:TrackPointExtension>
	</extensions>
</trkpt>
<trkpt lat="-9.0432991" lon="148.4147113">
	<ele>1243.07</ele>
	<time>2026-02-17T00:23:24.937Z</time>
	<hdop>3.79</hdop>
</trkpt>
<trkpt lat="-9.0432645" lon="148.4148000">
	<ele>1248.07</ele>
	<time>2026-02-17T01:22:22.938Z</time>
	<hdop>3.79</hdop>
	<extensions>
		<gpxtpx:TrackPointExtension>
			<gpxtpx:course>89.0</gpxtpx:course>
		</gpxtpx:TrackPointExtension>
	</extensions>
</trkpt>
<trkpt lat="-9.0432476" lon="148.4148992">
	<ele>1239.30</ele>
	<time>2026-02-17T01:22:57.937Z</time>
	<hdop>3.79</hdop>
	<extensions>
		<gpxtpx:TrackPointExtension>
			<gpxtpx:course>70.0</gpxtpx:course>
		</gpxtpx:TrackPointExtension>
	</extensions>
</trkpt>
<trkpt lat="-9.0431972" lon="148.4149819">
	<ele>1236.62</ele>
	<time>2026-02-17T01:23:22.937Z</time>
	<hdop>3.85</hdop>
	<extensions>
		<gpxtpx:TrackPointExtension>
			<gpxtpx:course>44.0</gpxtpx:course>
		</gpxtpx:TrackPointExtension>
	</extensions>
</trkpt>
<trkpt lat="-9.0431406" lon="148.4150532">
	<ele>1233.72</ele>
	<time>2026-02-17T01:23:36.938Z</time>
	<hdop>7.89</hdop>
	<extensions>
		<gpxtpx:TrackPointExtension>
			<gpxtpx:course>90.0</gpxtpx:course>
		</gpxtpx:TrackPointExtension>
	</extensions>
</trkpt>
<trkpt lat="-9.0430976" lon="148.4151428">
	<ele>1232.36</ele>
	<time>2026-02-17T01:23:46.938Z</time>
	<hdop>9.94</hdop>
</trkpt>
<trkpt lat="-9.0430474" lon="148.4152198">
	<ele>1231.30</ele>
	<time>2026-02-17T01:23:59.938Z</time>
	<hdop>9.94</hdop>
</trkpt>
<trkpt lat="-9.0429758" lon="148.4152831">
	<ele>1231.52</ele>
	<time>2026-02-17T01:24:09.938Z</time>
	<hdop>9.94</hdop>
	<extensions>
		<gpxtpx:TrackPointExtension>
			<gpxtpx:course>64.0</gpxtpx:course>
		</gpxtpx:TrackPointExtension>
	</extensions>
</trkpt>
<trkpt lat="-9.0429608" lon="148.4153785">
	<ele>1226.50</ele>
	<time>2026-02-17T01:24:24.938Z</time>
	<hdop>9.94</hdop>
	<extensions>
		<gpxtpx:TrackPointExtension>
			<gpxtpx:course>59.0</gpxtpx:course>
		</gpxtpx:TrackPointExtension>
	</extensions>
</trkpt>
<trkpt lat="-9.0429210" lon="148.4154612">
	<ele>1225.85</ele>
	<time>2026-02-17T01:24:35.938Z</time>
	<hdop>9.94</hdop>
	<extensions>
		<gpxtpx:TrackPointExtension>
			<gpxtpx:course>111.0</gpxtpx:course>
		</gpxtpx:TrackPointExtension>
	</extensions>
</trkpt>
<trkpt lat="-9.0428847" lon="148.4155463">
	<ele>1225.47</ele>
	<time>2026-02-17T01:24:48.938Z</time>
	<hdop>9.94</hdop>
</trkpt>
<trkpt lat="-9.0428384" lon="148.4156330">
	<ele>1221.94</ele>
	<time>2026-02-17T01:25:02.937Z</time>
	<hdop>9.94</hdop>
	<extensions>
		<gpxtpx:TrackPointExtension>
			<gpxtpx:course>104.0</gpxtpx:course>
		</gpxtpx:TrackPointExtension>
	</extensions>
</trkpt>
<trkpt lat="-9.0427657" lon="148.4156913">
	<ele>1220.69</ele>
	<time>2026-02-17T01:25:13.937Z</time>
	<hdop>9.94</hdop>
	<extensions>
		<gpxtpx:TrackPointExtension>
			<gpxtpx:course>39.0</gpxtpx:course>
		</gpxtpx:TrackPointExtension>
	</extensions>
</trkpt>
<trkpt lat="-9.0426796" lon="148.4157537">
	<ele>1216.63</ele>
	<time>2026-02-17T01:25:28.938Z</time>
	<hdop>9.94</hdop>
	<extensions>
		<gpxtpx:TrackPointExtension>
			<gpxtpx:course>23.0</gpxtpx:course>
		</gpxtpx:TrackPointExtension>
	</extensions>
</trkpt>
<trkpt lat="-9.0425750" lon="148.4158160">
	<ele>1217.82</ele>
	<time>2026-02-17T01:25:39.937Z</time>
	<hdop>9.94</hdop>
	<extensions>
		<gpxtpx:TrackPointExtension>
			<gpxtpx:course>31.720806</gpxtpx:course>
		</gpxtpx:TrackPointExtension>
	</extensions>
</trkpt>
<trkpt lat="-9.0425122" lon="148.4158836">
	<ele>1215.90</ele>
	<time>2026-02-17T01:25:55.937Z</time>
	<hdop>9.94</hdop>
	<extensions>
		<gpxtpx:TrackPointExtension>
			<gpxtpx:course>84.61846</gpxtpx:course>
		</gpxtpx:TrackPointExtension>
	</extensions>
</trkpt>
<trkpt lat="-9.0424841" lon="148.4159716">
	<ele>1212.93</ele>
	<time>2026-02-17T01:26:13.937Z</time>
	<hdop>3.79</hdop>
	<extensions>
		<gpxtpx:TrackPointExtension>
			<gpxtpx:course>102.360535</gpxtpx:course>
		</gpxtpx:TrackPointExtension>
	</extensions>
</trkpt>
<trkpt lat="-9.0424342" lon="148.4160505">
	<ele>1210.68</ele>
	<time>2026-02-17T01:26:32.937Z</time>
	<hdop>3.79</hdop>
	<extensions>
		<gpxtpx:TrackPointExtension>
			<gpxtpx:course>105.19516</gpxtpx:course>
		</gpxtpx:TrackPointExtension>
	</extensions>
</trkpt>
<trkpt lat="-9.0424051" lon="148.4161394">
	<ele>1213.52</ele>
	<time>2026-02-17T01:26:44.937Z</time>
	<hdop>3.79</hdop>
	<extensions>
		<gpxtpx:TrackPointExtension>
			<gpxtpx:course>103.319565</gpxtpx:course>
		</gpxtpx:TrackPointExtension>
	</extensions>
</trkpt>
<trkpt lat="-9.0423843" lon="148.4162315">
	<ele>1211.73</ele>
	<time>2026-02-17T01:26:59.937Z</time>
	<hdop>3.79</hdop>
	<extensions>
		<gpxtpx:TrackPointExtension>
			<gpxtpx:course>98.77806</gpxtpx:course>
		</gpxtpx:TrackPointExtension>
	</extensions>
</trkpt>
<trkpt lat="-9.0424161" lon="148.4163195">
	<ele>1209.62</ele>
	<time>2026-02-17T01:27:09.937Z</time>
	<hdop>3.79</hdop>
	<extensions>
		<gpxtpx:TrackPointExtension>
			<gpxtpx:course>95.676544</gpxtpx:course>
		</gpxtpx:TrackPointExtension>
	</extensions>
</trkpt>
<trkpt lat="-9.0424543" lon="148.4164042">
	<ele>1209.99</ele>
	<time>2026-02-17T01:27:19.938Z</time>
	<hdop>3.79</hdop>
	<extensions>
		<gpxtpx:TrackPointExtension>
			<gpxtpx:course>95.150185</gpxtpx:course>
		</gpxtpx:TrackPointExtension>
	</extensions>
</trkpt>
<trkpt lat="-9.0424872" lon="148.4164911">
	<ele>1210.32</ele>
	<time>2026-02-17T01:27:32.938Z</time>
	<hdop>3.79</hdop>
	<extensions>
		<gpxtpx:TrackPointExtension>
			<gpxtpx:course>111.171936</gpxtpx:course>
		</gpxtpx:TrackPointExtension>
	</extensions>
</trkpt>
<trkpt lat="-9.0424530" lon="148.4165803">
	<ele>1207.92</ele>
	<time>2026-02-17T01:27:56.938Z</time>
	<hdop>3.79</hdop>
	<extensions>
		<gpxtpx:TrackPointExtension>
			<gpxtpx:course>32.116947</gpxtpx:course>
		</gpxtpx:TrackPointExtension>
	</extensions>
</trkpt>
<trkpt lat="-9.0424350" lon="148.4166729">
	<ele>1206.58</ele>
	<time>2026-02-17T01:28:09.937Z</time>
	<hdop>3.79</hdop>
	<extensions>
		<gpxtpx:TrackPointExtension>
			<gpxtpx:course>87.360085</gpxtpx:course>
		</gpxtpx:TrackPointExtension>
	</extensions>
</trkpt>
<trkpt lat="-9.0424299" lon="148.4167683">
	<ele>1201.94</ele>
	<time>2026-02-17T01:28:24.937Z</time>
	<hdop>3.79</hdop>
	<extensions>
		<gpxtpx:TrackPointExtension>
			<gpxtpx:course>87.61682</gpxtpx:course>
		</gpxtpx:TrackPointExtension>
	</extensions>
</trkpt>
<trkpt lat="-9.0424329" lon="148.4168636">
	<ele>1202.11</ele>
	<time>2026-02-17T01:28:39.938Z</time>
	<hdop>3.79</hdop>
	<extensions>
		<gpxtpx:TrackPointExtension>
			<gpxtpx:course>99.04711</gpxtpx:course>
		</gpxtpx:TrackPointExtension>
	</extensions>
</trkpt>
<trkpt lat="-9.0423976" lon="148.4169526">
	<ele>1198.76</ele>
	<time>2026-02-17T01:29:04.937Z</time>
	<hdop>3.79</hdop>
	<extensions>
		<gpxtpx:TrackPointExtension>
			<gpxtpx:course>43.323593</gpxtpx:course>
		</gpxtpx:TrackPointExtension>
	</extensions>
</trkpt>
<trkpt lat="-9.0423858" lon="148.4170497">
	<ele>1196.20</ele>
	<time>2026-02-17T01:29:18.937Z</time>
	<hdop>3.79</hdop>
	<extensions>
		<gpxtpx:TrackPointExtension>
			<gpxtpx:course>72.039024</gpxtpx:course>
		</gpxtpx:TrackPointExtension>
	</extensions>
</trkpt>
<trkpt lat="-9.0423663" lon="148.4171425">
	<ele>1192.39</ele>
	<time>2026-02-17T01:29:28.938Z</time>
	<hdop>3.79</hdop>
	<extensions>
		<gpxtpx:TrackPointExtension>
			<gpxtpx:course>77.106476</gpxtpx:course>
		</gpxtpx:TrackPointExtension>
	</extensions>
</trkpt>
<trkpt lat="-9.0423611" lon="148.4172352">
	<ele>1192.28</ele>
	<time>2026-02-17T01:29:42.937Z</time>
	<hdop>3.79</hdop>
	<extensions>
		<gpxtpx:TrackPointExtension>
			<gpxtpx:course>72.51398</gpxtpx:course>
		</gpxtpx:TrackPointExtension>
	</extensions>
</trkpt>
<trkpt lat="-9.0423388" lon="148.4173266">
	<ele>1193.27</ele>
	<time>2026-02-17T01:29:57.937Z</time>
	<hdop>3.79</hdop>
	<extensions>
		<gpxtpx:TrackPointExtension>
			<gpxtpx:course>69.883064</gpxtpx:course>
		</gpxtpx:TrackPointExtension>
	</extensions>
</trkpt>
<trkpt lat="-9.0422880" lon="148.4174094">
	<ele>1193.34</ele>
	<time>2026-02-17T01:30:12.938Z</time>
	<hdop>3.79</hdop>
	<extensions>
		<gpxtpx:TrackPointExtension>
			<gpxtpx:course>57.319958</gpxtpx:course>
		</gpxtpx:TrackPointExtension>
	</extensions>
</trkpt>
<trkpt lat="-9.0422526" lon="148.4174971">
	<ele>1193.45</ele>
	<time>2026-02-17T01:30:22.938Z</time>
	<hdop>3.79</hdop>
	<extensions>
		<gpxtpx:TrackPointExtension>
			<gpxtpx:course>58.80572</gpxtpx:course>
		</gpxtpx:TrackPointExtension>
	</extensions>
</trkpt>
<trkpt lat="-9.0422104" lon="148.4175789">
	<ele>1196.79</ele>
	<time>2026-02-17T01:30:37.937Z</time>
	<hdop>3.79</hdop>
	<extensions>
		<gpxtpx:TrackPointExtension>
			<gpxtpx:course>58.162758</gpxtpx:course>
		</gpxtpx:TrackPointExtension>
	</extensions>
</trkpt>
<trkpt lat="-9.0421551" lon="148.4176560">
	<ele>1200.08</ele>
	<time>2026-02-17T01:30:49.937Z</time>
	<hdop>3.79</hdop>
	<extensions>
		<gpxtpx:TrackPointExtension>
			<gpxtpx:course>70.45356</gpxtpx:course>
		</gpxtpx:TrackPointExtension>
	</extensions>
</trkpt>
<trkpt lat="-9.0421134" lon="148.4177387">
	<ele>1199.40</ele>
	<time>2026-02-17T01:30:59.938Z</time>
	<hdop>3.79</hdop>
	<extensions>
		<gpxtpx:TrackPointExtension>
			<gpxtpx:course>96.67397</gpxtpx:course>
		</gpxtpx:TrackPointExtension>
	</extensions>
</trkpt>
<trkpt lat="-9.0420974" lon="148.4178306">
	<ele>1198.51</ele>
	<time>2026-02-17T01:31:28.937Z</time>
	<hdop>3.79</hdop>
	<extensions>
		<gpxtpx:TrackPointExtension>
			<gpxtpx:course>99.27386</gpxtpx:course>
		</gpxtpx:TrackPointExtension>
	</extensions>
</trkpt>
<trkpt lat="-9.0421383" lon="148.4179146">
	<ele>1197.15</ele>
	<time>2026-02-17T01:31:40.937Z</time>
	<hdop>3.79</hdop>
	<extensions>
		<gpxtpx:TrackPointExtension>
			<gpxtpx:course>188.16035</gpxtpx:course>
		</gpxtpx:TrackPointExtension>
	</extensions>
</trkpt>
<trkpt lat="-9.0421392" lon="148.4180081">
	<ele>1196.01</ele>
	<time>2026-02-17T01:31:50.938Z</time>
	<hdop>3.79</hdop>
	<extensions>
		<gpxtpx:TrackPointExtension>
			<gpxtpx:course>107.58712</gpxtpx:course>
		</gpxtpx:TrackPointExtension>
	</extensions>
</trkpt>
<trkpt lat="-9.0421658" lon="148.4180972">
	<ele>1192.81</ele>
	<time>2026-02-17T01:32:02.938Z</time>
	<hdop>3.79</hdop>
	<extensions>
		<gpxtpx:TrackPointExtension>
			<gpxtpx:course>114.06545</gpxtpx:course>
		</gpxtpx:TrackPointExtension>
	</extensions>
</trkpt>
<trkpt lat="-9.0421906" lon="148.4182085">
	<ele>1193.01</ele>
	<time>2026-02-17T01:32:13.937Z</time>
	<hdop>3.79</hdop>
	<extensions>
		<gpxtpx:TrackPointExtension>
			<gpxtpx:course>114.04147</gpxtpx:course>
		</gpxtpx:TrackPointExtension>
	</extensions>
</trkpt>
<trkpt lat="-9.0422622" lon="148.4182864">
	<ele>1191.39</ele>
	<time>2026-02-17T01:32:23.938Z</time>
	<hdop>5.84</hdop>
	<extensions>
		<gpxtpx:TrackPointExtension>
			<gpxtpx:course>113.99564</gpxtpx:course>
		</gpxtpx:TrackPointExtension>
	</extensions>
</trkpt>
<trkpt lat="-9.0422569" lon="148.4183831">
	<ele>1189.47</ele>
	<time>2026-02-17T01:32:36.938Z</time>
	<hdop>3.79</hdop>
	<extensions>
		<gpxtpx:TrackPointExtension>
			<gpxtpx:course>96.77251</gpxtpx:course>
		</gpxtpx:TrackPointExtension>
	</extensions>
</trkpt>
<trkpt lat="-9.0422321" lon="148.4184742">
	<ele>1187.95</ele>
	<time>2026-02-17T01:32:51.938Z</time>
	<hdop>3.79</hdop>
	<extensions>
		<gpxtpx:TrackPointExtension>
			<gpxtpx:course>60.757977</gpxtpx:course>
		</gpxtpx:TrackPointExtension>
	</extensions>
</trkpt>
<trkpt lat="-9.0421913" lon="148.4185593">
	<ele>1183.65</ele>
	<time>2026-02-17T01:33:37.938Z</time>
	<hdop>3.79</hdop>
	<extensions>
		<gpxtpx:TrackPointExtension>
			<gpxtpx:course>26.5979</gpxtpx:course>
		</gpxtpx:TrackPointExtension>
	</extensions>
</trkpt>
<trkpt lat="-9.0421381" lon="148.4186339">
	<ele>1178.19</ele>
	<time>2026-02-17T01:34:02.938Z</time>
	<hdop>3.79</hdop>
	<extensions>
		<gpxtpx:TrackPointExtension>
			<gpxtpx:course>75.28807</gpxtpx:course>
		</gpxtpx:TrackPointExtension>
	</extensions>
</trkpt>
<trkpt lat="-9.0421130" lon="148.4187228">
	<ele>1175.04</ele>
	<time>2026-02-17T01:34:18.938Z</time>
	<hdop>3.79</hdop>
	<extensions>
		<gpxtpx:TrackPointExtension>
			<gpxtpx:course>124.66717</gpxtpx:course>
		</gpxtpx:TrackPointExtension>
	</extensions>
</trkpt>
<trkpt lat="-9.0420574" lon="148.4187970">
	<ele>1170.99</ele>
	<time>2026-02-17T01:34:32.937Z</time>
	<hdop>3.79</hdop>
	<extensions>
		<gpxtpx:TrackPointExtension>
			<gpxtpx:course>49.176815</gpxtpx:course>
		</gpxtpx:TrackPointExtension>
	</extensions>
</trkpt>
<trkpt lat="-9.0420458" lon="148.4188898">
	<ele>1165.24</ele>
	<time>2026-02-17T01:35:03.938Z</time>
	<hdop>3.79</hdop>
	<extensions>
		<gpxtpx:TrackPointExtension>
			<gpxtpx:course>48.83642</gpxtpx:course>
		</gpxtpx:TrackPointExtension>
	</extensions>
</trkpt>
<trkpt lat="-9.0420552" lon="148.4189821">
	<ele>1160.68</ele>
	<time>2026-02-17T01:35:34.937Z</time>
	<hdop>3.79</hdop>
	<extensions>
		<gpxtpx:TrackPointExtension>
			<gpxtpx:course>111.65125</gpxtpx:course>
		</gpxtpx:TrackPointExtension>
	</extensions>
</trkpt>
<trkpt lat="-9.0420603" lon="148.4190804">
	<ele>1157.12</ele>
	<time>2026-02-17T01:35:52.937Z</time>
	<hdop>3.79</hdop>
	<extensions>
		<gpxtpx:TrackPointExtension>
			<gpxtpx:course>89.99558</gpxtpx:course>
		</gpxtpx:TrackPointExtension>
	</extensions>
</trkpt>
<trkpt lat="-9.0420446" lon="148.4191772">
	<ele>1153.72</ele>
	<time>2026-02-17T01:36:15.938Z</time>
	<hdop>3.79</hdop>
	<extensions>
		<gpxtpx:TrackPointExtension>
			<gpxtpx:course>106.59791</gpxtpx:course>
		</gpxtpx:TrackPointExtension>
	</extensions>
</trkpt>
<trkpt lat="-9.0420794" lon="148.4192673">
	<ele>1150.07</ele>
	<time>2026-02-17T01:36:32.938Z</time>
	<hdop>3.79</hdop>
	<extensions>
		<gpxtpx:TrackPointExtension>
			<gpxtpx:course>124.28923</gpxtpx:course>
		</gpxtpx:TrackPointExtension>
	</extensions>
</trkpt>
<trkpt lat="-9.0420947" lon="148.4193641">
	<ele>1148.01</ele>
	<time>2026-02-17T01:36:45.938Z</time>
	<hdop>3.79</hdop>
	<extensions>
		<gpxtpx:TrackPointExtension>
			<gpxtpx:course>101.15173</gpxtpx:course>
		</gpxtpx:TrackPointExtension>
	</extensions>
</trkpt>
<trkpt lat="-9.0421097" lon="148.4194605">
	<ele>1147.08</ele>
	<time>2026-02-17T01:36:56.937Z</time>
	<hdop>3.79</hdop>
	<extensions>
		<gpxtpx:TrackPointExtension>
			<gpxtpx:course>87.720764</gpxtpx:course>
		</gpxtpx:TrackPointExtension>
	</extensions>
</trkpt>
<trkpt lat="-9.0421172" lon="148.4195527">
	<ele>1146.87</ele>
	<time>2026-02-17T01:37:18.938Z</time>
	<hdop>3.79</hdop>
	<extensions>
		<gpxtpx:TrackPointExtension>
			<gpxtpx:course>90.00022</gpxtpx:course>
		</gpxtpx:TrackPointExtension>
	</extensions>
</trkpt>
<trkpt lat="-9.0420929" lon="148.4196405">
	<ele>1146.22</ele>
	<time>2026-02-17T01:37:48.938Z</time>
	<hdop>3.79</hdop>
	<extensions>
		<gpxtpx:TrackPointExtension>
			<gpxtpx:course>83.219734</gpxtpx:course>
		</gpxtpx:TrackPointExtension>
	</extensions>
</trkpt>
<trkpt lat="-9.0421198" lon="148.4197350">
	<ele>1149.90</ele>
	<time>2026-02-17T01:38:15.937Z</time>
	<hdop>3.79</hdop>
	<extensions>
		<gpxtpx:TrackPointExtension>
			<gpxtpx:course>116.34369</gpxtpx:course>
		</gpxtpx:TrackPointExtension>
	</extensions>
</trkpt>
<trkpt lat="-9.0421637" lon="148.4198157">
	<ele>1148.64</ele>
	<time>2026-02-17T01:38:32.937Z</time>
	<hdop>3.79</hdop>
	<extensions>
		<gpxtpx:TrackPointExtension>
			<gpxtpx:course>145.57562</gpxtpx:course>
		</gpxtpx:TrackPointExtension>
	</extensions>
</trkpt>
<trkpt lat="-9.0422224" lon="148.4198869">
	<ele>1150.26</ele>
	<time>2026-02-17T01:38:47.937Z</time>
	<hdop>9.94</hdop>
	<extensions>
		<gpxtpx:TrackPointExtension>
			<gpxtpx:course>120.74914</gpxtpx:course>
		</gpxtpx:TrackPointExtension>
	</extensions>
</trkpt>
<trkpt lat="-9.0423011" lon="148.4199420">
	<ele>1149.18</ele>
	<time>2026-02-17T01:39:01.937Z</time>
	<hdop>3.79</hdop>
	<extensions>
		<gpxtpx:TrackPointExtension>
			<gpxtpx:course>97.691</gpxtpx:course>
		</gpxtpx:TrackPointExtension>
	</extensions>
</trkpt>
<trkpt lat="-9.0423340" lon="148.4200288">
	<ele>1148.68</ele>
	<time>2026-02-17T01:39:15.938Z</time>
	<hdop>3.79</hdop>
	<extensions>
		<gpxtpx:TrackPointExtension>
			<gpxtpx:course>96.067825</gpxtpx:course>
		</gpxtpx:TrackPointExtension>
	</extensions>
</trkpt>
<trkpt lat="-9.0423553" lon="148.4201201">
	<ele>1148.57</ele>
	<time>2026-02-17T01:39:26.937Z</time>
	<hdop>3.79</hdop>
	<extensions>
		<gpxtpx:TrackPointExtension>
			<gpxtpx:course>103.86431</gpxtpx:course>
		</gpxtpx:TrackPointExtension>
	</extensions>
</trkpt>
<trkpt lat="-9.0424027" lon="148.4202015">
	<ele>1148.76</ele>
	<time>2026-02-17T01:39:38.937Z</time>
	<hdop>3.79</hdop>
	<extensions>
		<gpxtpx:TrackPointExtension>
			<gpxtpx:course>135.93811</gpxtpx:course>
		</gpxtpx:TrackPointExtension>
	</extensions>
</trkpt>
<trkpt lat="-9.0424179" lon="148.4203085">
	<ele>1150.01</ele>
	<time>2026-02-17T01:39:48.938Z</time>
	<hdop>3.79</hdop>
	<extensions>
		<gpxtpx:TrackPointExtension>
			<gpxtpx:course>98.50373</gpxtpx:course>
		</gpxtpx:TrackPointExtension>
	</extensions>
</trkpt>
<trkpt lat="-9.0424070" lon="148.4204060">
	<ele>1147.65</ele>
	<time>2026-02-17T01:40:50.937Z</time>
	<hdop>3.79</hdop>
	<extensions>
		<gpxtpx:TrackPointExtension>
			<gpxtpx:course>98.12614</gpxtpx:course>
		</gpxtpx:TrackPointExtension>
	</extensions>
</trkpt>
<trkpt lat="-9.0423671" lon="148.4204885">
	<ele>1142.82</ele>
	<time>2026-02-17T01:41:12.938Z</time>
	<hdop>3.79</hdop>
	<extensions>
		<gpxtpx:TrackPointExtension>
			<gpxtpx:course>85.6173</gpxtpx:course>
		</gpxtpx:TrackPointExtension>
	</extensions>
</trkpt>
<trkpt lat="-9.0423017" lon="148.4205544">
	<ele>1138.63</ele>
	<time>2026-02-17T01:41:37.937Z</time>
	<hdop>9.94</hdop>
	<extensions>
		<gpxtpx:TrackPointExtension>
			<gpxtpx:course>67.37815</gpxtpx:course>
		</gpxtpx:TrackPointExtension>
	</extensions>
</trkpt>
<trkpt lat="-9.0422619" lon="148.4206400">
	<ele>1136.98</ele>
	<time>2026-02-17T01:41:52.937Z</time>
	<hdop>9.94</hdop>
	<extensions>
		<gpxtpx:TrackPointExtension>
			<gpxtpx:course>54.472595</gpxtpx:course>
		</gpxtpx:TrackPointExtension>
	</extensions>
</trkpt>
<trkpt lat="-9.0421968" lon="148.4207053">
	<ele>1133.70</ele>
	<time>2026-02-17T01:42:21.938Z</time>
	<hdop>9.94</hdop>
	<extensions>
		<gpxtpx:TrackPointExtension>
			<gpxtpx:course>56.75341</gpxtpx:course>
		</gpxtpx:TrackPointExtension>
	</extensions>
</trkpt>
<trkpt lat="-9.0421157" lon="148.4207509">
	<ele>1132.88</ele>
	<time>2026-02-17T01:42:33.938Z</time>
	<hdop>9.94</hdop>
	<extensions>
		<gpxtpx:TrackPointExtension>
			<gpxtpx:course>49.323357</gpxtpx:course>
		</gpxtpx:TrackPointExtension>
	</extensions>
</trkpt>
<trkpt lat="-9.0420507" lon="148.4208281">
	<ele>1127.20</ele>
	<time>2026-02-17T01:42:50.938Z</time>
	<hdop>9.94</hdop>
	<extensions>
		<gpxtpx:TrackPointExtension>
			<gpxtpx:course>81.770676</gpxtpx:course>
		</gpxtpx:TrackPointExtension>
	</extensions>
</trkpt>
<trkpt lat="-9.0419975" lon="148.4209436">
	<ele>1128.17</ele>
	<time>2026-02-17T01:43:01.937Z</time>
	<hdop>9.94</hdop>
	<extensions>
		<gpxtpx:TrackPointExtension>
			<gpxtpx:course>88.73355</gpxtpx:course>
		</gpxtpx:TrackPointExtension>
	</extensions>
</trkpt>
<trkpt lat="-9.0419776" lon="148.4210366">
	<ele>1123.77</ele>
	<time>2026-02-17T01:43:18.938Z</time>
	<hdop>9.94</hdop>
	<extensions>
		<gpxtpx:TrackPointExtension>
			<gpxtpx:course>106.04547</gpxtpx:course>
		</gpxtpx:TrackPointExtension>
	</extensions>
</trkpt>
<trkpt lat="-9.0419142" lon="148.4211085">
	<ele>1120.55</ele>
	<time>2026-02-17T01:43:30.938Z</time>
	<hdop>9.94</hdop>
	<extensions>
		<gpxtpx:TrackPointExtension>
			<gpxtpx:course>77.1183</gpxtpx:course>
		</gpxtpx:TrackPointExtension>
	</extensions>
</trkpt>
<trkpt lat="-9.0418895" lon="148.4211964">
	<ele>1118.10</ele>
	<time>2026-02-17T01:43:48.937Z</time>
	<hdop>9.94</hdop>
	<extensions>
		<gpxtpx:TrackPointExtension>
			<gpxtpx:course>75.72301</gpxtpx:course>
		</gpxtpx:TrackPointExtension>
	</extensions>
</trkpt>
<trkpt lat="-9.0418566" lon="148.4212961">
	<ele>1116.82</ele>
	<time>2026-02-17T01:44:01.937Z</time>
	<hdop>9.94</hdop>
	<extensions>
		<gpxtpx:TrackPointExtension>
			<gpxtpx:course>94.84905</gpxtpx:course>
		</gpxtpx:TrackPointExtension>
	</extensions>
</trkpt>
<trkpt lat="-9.0418388" lon="148.4213856">
	<ele>1113.80</ele>
	<time>2026-02-17T01:44:15.938Z</time>
	<hdop>9.94</hdop>
	<extensions>
		<gpxtpx:TrackPointExtension>
			<gpxtpx:course>104.280815</gpxtpx:course>
		</gpxtpx:TrackPointExtension>
	</extensions>
</trkpt>
<trkpt lat="-9.0418464" lon="148.4214781">
	<ele>1111.00</ele>
	<time>2026-02-17T01:44:28.937Z</time>
	<hdop>9.94</hdop>
	<extensions>
		<gpxtpx:TrackPointExtension>
			<gpxtpx:course>63.39789</gpxtpx:course>
		</gpxtpx:TrackPointExtension>
	</extensions>
</trkpt>
<trkpt lat="-9.0418233" lon="148.4215676">
	<ele>1108.90</ele>
	<time>2026-02-17T01:44:40.937Z</time>
	<hdop>3.79</hdop>
	<extensions>
		<gpxtpx:TrackPointExtension>
			<gpxtpx:course>93.04302</gpxtpx:course>
		</gpxtpx:TrackPointExtension>
	</extensions>
</trkpt>
<trkpt lat="-9.0418013" lon="148.4216564">
	<ele>1108.62</ele>
	<time>2026-02-17T01:44:53.938Z</time>
	<hdop>3.79</hdop>
	<extensions>
		<gpxtpx:TrackPointExtension>
			<gpxtpx:course>91.002304</gpxtpx:course>
		</gpxtpx:TrackPointExtension>
	</extensions>
</trkpt>
<trkpt lat="-9.0417997" lon="148.4217502">
	<ele>1106.31</ele>
	<time>2026-02-17T01:45:06.937Z</time>
	<hdop>3.79</hdop>
	<extensions>
		<gpxtpx:TrackPointExtension>
			<gpxtpx:course>101.854126</gpxtpx:course>
		</gpxtpx:TrackPointExtension>
	</extensions>
</trkpt>
<trkpt lat="-9.0417966" lon="148.4218455">
	<ele>1102.99</ele>
	<time>2026-02-17T01:45:23.937Z</time>
	<hdop>3.79</hdop>
	<extensions>
		<gpxtpx:TrackPointExtension>
			<gpxtpx:course>148.95175</gpxtpx:course>
		</gpxtpx:TrackPointExtension>
	</extensions>
</trkpt>
<trkpt lat="-9.0418015" lon="148.4219373">
	<ele>1101.02</ele>
	<time>2026-02-17T01:45:52.938Z</time>
	<hdop>3.79</hdop>
	<extensions>
		<gpxtpx:TrackPointExtension>
			<gpxtpx:course>120.52744</gpxtpx:course>
		</gpxtpx:TrackPointExtension>
	</extensions>
</trkpt>
<trkpt lat="-9.0417968" lon="148.4220296">
	<ele>1098.29</ele>
	<time>2026-02-17T01:46:20.937Z</time>
	<hdop>3.79</hdop>
	<extensions>
		<gpxtpx:TrackPointExtension>
			<gpxtpx:course>115.73848</gpxtpx:course>
		</gpxtpx:TrackPointExtension>
	</extensions>
</trkpt>
<trkpt lat="-9.0418354" lon="148.4221146">
	<ele>1093.00</ele>
	<time>2026-02-17T01:46:31.938Z</time>
	<hdop>3.79</hdop>
	<extensions>
		<gpxtpx:TrackPointExtension>
			<gpxtpx:course>127.597206</gpxtpx:course>
		</gpxtpx:TrackPointExtension>
	</extensions>
</trkpt>
<trkpt lat="-9.0418574" lon="148.4222040">
	<ele>1089.29</ele>
	<time>2026-02-17T01:46:52.937Z</time>
	<hdop>3.79</hdop>
	<extensions>
		<gpxtpx:TrackPointExtension>
			<gpxtpx:course>130.99516</gpxtpx:course>
		</gpxtpx:TrackPointExtension>
	</extensions>
</trkpt>
<trkpt lat="-9.0418825" lon="148.4222972">
	<ele>1086.74</ele>
	<time>2026-02-17T01:47:03.938Z</time>
	<hdop>3.79</hdop>
	<extensions>
		<gpxtpx:TrackPointExtension>
			<gpxtpx:course>76.698784</gpxtpx:course>
		</gpxtpx:TrackPointExtension>
	</extensions>
</trkpt>
<trkpt lat="-9.0419073" lon="148.4223924">
	<ele>1083.01</ele>
	<time>2026-02-17T01:47:25.937Z</time>
	<hdop>3.79</hdop>
	<extensions>
		<gpxtpx:TrackPointExtension>
			<gpxtpx:course>120.50367</gpxtpx:course>
		</gpxtpx:TrackPointExtension>
	</extensions>
</trkpt>
<trkpt lat="-9.0419014" lon="148.4224941">
	<ele>1084.21</ele>
	<time>2026-02-17T01:47:35.937Z</time>
	<hdop>3.79</hdop>
	<extensions>
		<gpxtpx:TrackPointExtension>
			<gpxtpx:course>74.892365</gpxtpx:course>
		</gpxtpx:TrackPointExtension>
	</extensions>
</trkpt>
<trkpt lat="-9.0419406" lon="148.4225807">
	<ele>1082.73</ele>
	<time>2026-02-17T01:47:45.938Z</time>
	<hdop>3.79</hdop>
	<extensions>
		<gpxtpx:TrackPointExtension>
			<gpxtpx:course>111.8508</gpxtpx:course>
		</gpxtpx:TrackPointExtension>
	</extensions>
</trkpt>
<trkpt lat="-9.0419641" lon="148.4226736">
	<ele>1082.53</ele>
	<time>2026-02-17T01:47:56.937Z</time>
	<hdop>3.79</hdop>
	<extensions>
		<gpxtpx:TrackPointExtension>
			<gpxtpx:course>112.278694</gpxtpx:course>
		</gpxtpx:TrackPointExtension>
	</extensions>
</trkpt>
<trkpt lat="-9.0420479" lon="148.4227197">
	<ele>1077.85</ele>
	<time>2026-02-17T01:48:15.938Z</time>
	<hdop>3.79</hdop>
	<extensions>
		<gpxtpx:TrackPointExtension>
			<gpxtpx:course>127.12774</gpxtpx:course>
		</gpxtpx:TrackPointExtension>
	</extensions>
</trkpt>
<trkpt lat="-9.0421133" lon="148.4227994">
	<ele>1077.89</ele>
	<time>2026-02-17T01:48:26.938Z</time>
	<hdop>3.79</hdop>
	<extensions>
		<gpxtpx:TrackPointExtension>
			<gpxtpx:course>126.926056</gpxtpx:course>
		</gpxtpx:TrackPointExtension>
	</extensions>
</trkpt>
<trkpt lat="-9.0421917" lon="148.4228579">
	<ele>1074.62</ele>
	<time>2026-02-17T01:48:38.938Z</time>
	<hdop>3.79</hdop>
	<extensions>
		<gpxtpx:TrackPointExtension>
			<gpxtpx:course>136.64398</gpxtpx:course>
		</gpxtpx:TrackPointExtension>
	</extensions>
</trkpt>
<trkpt lat="-9.0422649" lon="148.4229241">
	<ele>1073.31</ele>
	<time>2026-02-17T01:48:50.938Z</time>
	<hdop>3.79</hdop>
	<extensions>
		<gpxtpx:TrackPointExtension>
			<gpxtpx:course>128.6846</gpxtpx:course>
		</gpxtpx:TrackPointExtension>
	</extensions>
</trkpt>
<trkpt lat="-9.0423190" lon="148.4230031">
	<ele>1071.15</ele>
	<time>2026-02-17T01:49:03.937Z</time>
	<hdop>3.79</hdop>
	<extensions>
		<gpxtpx:TrackPointExtension>
			<gpxtpx:course>131.41554</gpxtpx:course>
		</gpxtpx:TrackPointExtension>
	</extensions>
</trkpt>
<trkpt lat="-9.0423749" lon="148.4230785">
	<ele>1069.30</ele>
	<time>2026-02-17T01:49:24.938Z</time>
	<hdop>3.79</hdop>
	<extensions>
		<gpxtpx:TrackPointExtension>
			<gpxtpx:course>145.68088</gpxtpx:course>
		</gpxtpx:TrackPointExtension>
	</extensions>
</trkpt>
<trkpt lat="-9.0424562" lon="148.4231198">
	<ele>1065.12</ele>
	<time>2026-02-17T01:49:53.938Z</time>
	<hdop>3.79</hdop>
	<extensions>
		<gpxtpx:TrackPointExtension>
			<gpxtpx:course>155.67929</gpxtpx:course>
		</gpxtpx:TrackPointExtension>
	</extensions>
</trkpt>
<trkpt lat="-9.0425265" lon="148.4231810">
	<ele>1060.84</ele>
	<time>2026-02-17T01:50:28.938Z</time>
	<hdop>3.79</hdop>
	<extensions>
		<gpxtpx:TrackPointExtension>
			<gpxtpx:course>153.67307</gpxtpx:course>
		</gpxtpx:TrackPointExtension>
	</extensions>
</trkpt>
<trkpt lat="-9.0425794" lon="148.4232612">
	<ele>1058.24</ele>
	<time>2026-02-17T01:51:00.938Z</time>
	<hdop>3.79</hdop>
	<extensions>
		<gpxtpx:TrackPointExtension>
			<gpxtpx:course>109.62388</gpxtpx:course>
		</gpxtpx:TrackPointExtension>
	</extensions>
</trkpt>
<trkpt lat="-9.0426467" lon="148.4233251">
	<ele>1052.06</ele>
	<time>2026-02-17T01:51:29.938Z</time>
	<hdop>3.79</hdop>
	<extensions>
		<gpxtpx:TrackPointExtension>
			<gpxtpx:course>116.547226</gpxtpx:course>
		</gpxtpx:TrackPointExtension>
	</extensions>
</trkpt>
<trkpt lat="-9.0427115" lon="148.4233913">
	<ele>1042.30</ele>
	<time>2026-02-17T01:52:14.938Z</time>
	<hdop>3.79</hdop>
	<extensions>
		<gpxtpx:TrackPointExtension>
			<gpxtpx:course>112.39033</gpxtpx:course>
		</gpxtpx:TrackPointExtension>
	</extensions>
</trkpt>
<trkpt lat="-9.0427633" lon="148.4234688">
	<ele>1038.26</ele>
	<time>2026-02-17T01:52:36.937Z</time>
	<hdop>3.79</hdop>
	<extensions>
		<gpxtpx:TrackPointExtension>
			<gpxtpx:course>134.78697</gpxtpx:course>
		</gpxtpx:TrackPointExtension>
	</extensions>
</trkpt>
<trkpt lat="-9.0428469" lon="148.4235111">
	<ele>1035.30</ele>
	<time>2026-02-17T01:52:51.937Z</time>
	<hdop>3.79</hdop>
	<extensions>
		<gpxtpx:TrackPointExtension>
			<gpxtpx:course>138.82114</gpxtpx:course>
		</gpxtpx:TrackPointExtension>
	</extensions>
</trkpt>
<trkpt lat="-9.0429091" lon="148.4236000">
	<ele>1035.36</ele>
	<time>2026-02-17T01:53:01.937Z</time>
	<hdop>3.79</hdop>
	<extensions>
		<gpxtpx:TrackPointExtension>
			<gpxtpx:course>141.1534</gpxtpx:course>
		</gpxtpx:TrackPointExtension>
	</extensions>
</trkpt>
<trkpt lat="-9.0429912" lon="148.4236458">
	<ele>1033.28</ele>
	<time>2026-02-17T01:53:16.937Z</time>
	<hdop>3.79</hdop>
	<extensions>
		<gpxtpx:TrackPointExtension>
			<gpxtpx:course>137.04495</gpxtpx:course>
		</gpxtpx:TrackPointExtension>
	</extensions>
</trkpt>
<trkpt lat="-9.0430602" lon="148.4237071">
	<ele>1028.98</ele>
	<time>2026-02-17T01:53:45.938Z</time>
	<hdop>4.81</hdop>
	<extensions>
		<gpxtpx:TrackPointExtension>
			<gpxtpx:course>136.92107</gpxtpx:course>
		</gpxtpx:TrackPointExtension>
	</extensions>
</trkpt>
<trkpt lat="-9.0430412" lon="148.4238028">
	<ele>1028.72</ele>
	<time>2026-02-17T01:54:18.937Z</time>
	<hdop>9.94</hdop>
	<extensions>
		<gpxtpx:TrackPointExtension>
			<gpxtpx:course>89.298706</gpxtpx:course>
		</gpxtpx:TrackPointExtension>
	</extensions>
</trkpt>
<trkpt lat="-9.0430532" lon="148.4238971">
	<ele>1028.12</ele>
	<time>2026-02-17T01:54:31.938Z</time>
	<hdop>10.10</hdop>
	<extensions>
		<gpxtpx:TrackPointExtension>
			<gpxtpx:course>124.36066</gpxtpx:course>
		</gpxtpx:TrackPointExtension>
	</extensions>
</trkpt>
<trkpt lat="-9.0430592" lon="148.4239938">
	<ele>1027.19</ele>
	<time>2026-02-17T01:54:43.937Z</time>
	<hdop>10.44</hdop>
	<extensions>
		<gpxtpx:TrackPointExtension>
			<gpxtpx:course>118.699715</gpxtpx:course>
		</gpxtpx:TrackPointExtension>
	</extensions>
</trkpt>
<trkpt lat="-9.0430877" lon="148.4240870">
	<ele>1024.15</ele>
	<time>2026-02-17T01:57:10.937Z</time>
	<hdop>10.05</hdop>
	<extensions>
		<gpxtpx:TrackPointExtension>
			<gpxtpx:course>97.27618</gpxtpx:course>
		</gpxtpx:TrackPointExtension>
	</extensions>
</trkpt>
<trkpt lat="-9.0431101" lon="148.4241779">
	<ele>1024.08</ele>
	<time>2026-02-17T01:57:20.938Z</time>
	<hdop>9.94</hdop>
	<extensions>
		<gpxtpx:TrackPointExtension>
			<gpxtpx:course>126.50736</gpxtpx:course>
		</gpxtpx:TrackPointExtension>
	</extensions>
</trkpt>
<trkpt lat="-9.0430730" lon="148.4242636">
	<ele>1022.20</ele>
	<time>2026-02-17T01:58:31.938Z</time>
	<hdop>9.94</hdop>
	<extensions>
		<gpxtpx:TrackPointExtension>
			<gpxtpx:course>62.240288</gpxtpx:course>
		</gpxtpx:TrackPointExtension>
	</extensions>
</trkpt>
<trkpt lat="-9.0430565" lon="148.4243560">
	<ele>1020.26</ele>
	<time>2026-02-17T01:58:56.938Z</time>
	<hdop>9.94</hdop>
	<extensions>
		<gpxtpx:TrackPointExtension>
			<gpxtpx:course>63.437523</gpxtpx:course>
		</gpxtpx:TrackPointExtension>
	</extensions>
</trkpt>
<trkpt lat="-9.0430592" lon="148.4244494">
	<ele>1021.09</ele>
	<time>2026-02-17T01:59:24.937Z</time>
	<hdop>9.94</hdop>
	<extensions>
		<gpxtpx:TrackPointExtension>
			<gpxtpx:course>141.35402</gpxtpx:course>
		</gpxtpx:TrackPointExtension>
	</extensions>
</trkpt>
<trkpt lat="-9.0430425" lon="148.4245388">
	<ele>1017.66</ele>
	<time>2026-02-17T02:00:03.938Z</time>
	<hdop>9.94</hdop>
	<extensions>
		<gpxtpx:TrackPointExtension>
			<gpxtpx:course>51.884907</gpxtpx:course>
		</gpxtpx:TrackPointExtension>
	</extensions>
</trkpt>
<trkpt lat="-9.0429578" lon="148.4245801">
	<ele>1014.30</ele>
	<time>2026-02-17T02:01:09.938Z</time>
	<hdop>10.50</hdop>
	<extensions>
		<gpxtpx:TrackPointExtension>
			<gpxtpx:course>91.83495</gpxtpx:course>
		</gpxtpx:TrackPointExtension>
	</extensions>
</trkpt>
<trkpt lat="-9.0429148" lon="148.4246667">
	<ele>994.91</ele>
	<time>2026-02-17T02:02:37.937Z</time>
	<hdop>10.30</hdop>
	<extensions>
		<gpxtpx:TrackPointExtension>
			<gpxtpx:course>232.63794</gpxtpx:course>
		</gpxtpx:TrackPointExtension>
	</extensions>
</trkpt>
<trkpt lat="-9.0429139" lon="148.4247583">
	<ele>993.26</ele>
	<time>2026-02-17T02:02:55.938Z</time>
	<hdop>9.94</hdop>
	<extensions>
		<gpxtpx:TrackPointExtension>
			<gpxtpx:course>151.3732</gpxtpx:course>
		</gpxtpx:TrackPointExtension>
	</extensions>
</trkpt>
<trkpt lat="-9.0429662" lon="148.4248377">
	<ele>988.68</ele>
	<time>2026-02-17T02:03:16.938Z</time>
	<hdop>10.21</hdop>
	<extensions>
		<gpxtpx:TrackPointExtension>
			<gpxtpx:course>104.18223</gpxtpx:course>
		</gpxtpx:TrackPointExtension>
	</extensions>
</trkpt>
<trkpt lat="-9.0429715" lon="148.4249288">
	<ele>983.12</ele>
	<time>2026-02-17T02:04:24.937Z</time>
	<hdop>10.02</hdop>
	<extensions>
		<gpxtpx:TrackPointExtension>
			<gpxtpx:course>105.19533</gpxtpx:course>
		</gpxtpx:TrackPointExtension>
	</extensions>
</trkpt>
<trkpt lat="-9.0429161" lon="148.4250063">
	<ele>973.54</ele>
	<time>2026-02-17T02:05:42.938Z</time>
	<hdop>9.94</hdop>
	<extensions>
		<gpxtpx:TrackPointExtension>
			<gpxtpx:course>21.051193</gpxtpx:course>
		</gpxtpx:TrackPointExtension>
	</extensions>
</trkpt>
<trkpt lat="-9.0429105" lon="148.4251023">
	<ele>966.27</ele>
	<time>2026-02-17T02:08:39.938Z</time>
	<hdop>10.99</hdop>
	<extensions>
		<gpxtpx:TrackPointExtension>
			<gpxtpx:course>80.03661</gpxtpx:course>
		</gpxtpx:TrackPointExtension>
	</extensions>
</trkpt>
<trkpt lat="-9.0428706" lon="148.4251849">
	<ele>953.74</ele>
	<time>2026-02-17T02:10:07.937Z</time>
	<hdop>10.35</hdop>
	<extensions>
		<gpxtpx:TrackPointExtension>
			<gpxtpx:course>92.16296</gpxtpx:course>
		</gpxtpx:TrackPointExtension>
	</extensions>
</trkpt>
<trkpt lat="-9.0428420" lon="148.4252736">
	<ele>945.26</ele>
	<time>2026-02-17T02:10:46.938Z</time>
	<hdop>10.30</hdop>
	<extensions>
		<gpxtpx:TrackPointExtension>
			<gpxtpx:course>54.136444</gpxtpx:course>
		</gpxtpx:TrackPointExtension>
	</extensions>
</trkpt>
<trkpt lat="-9.0427939" lon="148.4253521">
	<ele>939.30</ele>
	<time>2026-02-17T02:11:12.937Z</time>
	<hdop>3.79</hdop>
	<extensions>
		<gpxtpx:TrackPointExtension>
			<gpxtpx:course>79.65811</gpxtpx:course>
		</gpxtpx:TrackPointExtension>
	</extensions>
</trkpt>
<trkpt lat="-9.0427322" lon="148.4254228">
	<ele>935.42</ele>
	<time>2026-02-17T02:11:30.938Z</time>
	<hdop>3.79</hdop>
	<extensions>
		<gpxtpx:TrackPointExtension>
			<gpxtpx:course>68.733696</gpxtpx:course>
		</gpxtpx:TrackPointExtension>
	</extensions>
</trkpt>
<trkpt lat="-9.0426437" lon="148.4253993">
	<ele>925.55</ele>
	<time>2026-02-17T02:12:11.937Z</time>
	<hdop>7.89</hdop>
	<extensions>
		<gpxtpx:TrackPointExtension>
			<gpxtpx:course>342.40244</gpxtpx:course>
		</gpxtpx:TrackPointExtension>
	</extensions>
</trkpt>
<trkpt lat="-9.0427032" lon="148.4254719">
	<ele>924.01</ele>
	<time>2026-02-17T02:12:46.938Z</time>
	<hdop>9.94</hdop>
	<extensions>
		<gpxtpx:TrackPointExtension>
			<gpxtpx:course>340.93152</gpxtpx:course>
		</gpxtpx:TrackPointExtension>
	</extensions>
</trkpt>
<trkpt lat="-9.0427627" lon="148.4255406">
	<ele>931.12</ele>
	<time>2026-02-17T02:12:57.938Z</time>
	<hdop>10.14</hdop>
	<extensions>
		<gpxtpx:TrackPointExtension>
			<gpxtpx:course>123.001595</gpxtpx:course>
		</gpxtpx:TrackPointExtension>
	</extensions>
</trkpt>
<trkpt lat="-9.0427104" lon="148.4256210">
	<ele>927.45</ele>
	<time>2026-02-17T02:13:37.938Z</time>
	<hdop>9.94</hdop>
	<extensions>
		<gpxtpx:TrackPointExtension>
			<gpxtpx:course>336.1855</gpxtpx:course>
		</gpxtpx:TrackPointExtension>
	</extensions>
</trkpt>
<trkpt lat="-9.0426554" lon="148.4257027">
	<ele>925.24</ele>
	<time>2026-02-17T02:13:47.938Z</time>
	<hdop>9.94</hdop>
	<extensions>
		<gpxtpx:TrackPointExtension>
			<gpxtpx:course>61.813644</gpxtpx:course>
		</gpxtpx:TrackPointExtension>
	</extensions>
</trkpt>
<trkpt lat="-9.0425745" lon="148.4257741">
	<ele>920.40</ele>
	<time>2026-02-17T02:13:57.938Z</time>
	<hdop>3.79</hdop>
	<extensions>
		<gpxtpx:TrackPointExtension>
			<gpxtpx:course>54.20871</gpxtpx:course>
		</gpxtpx:TrackPointExtension>
	</extensions>
</trkpt>
<trkpt lat="-9.0425018" lon="148.4258546">
	<ele>917.69</ele>
	<time>2026-02-17T02:14:07.938Z</time>
	<hdop>3.79</hdop>
	<extensions>
		<gpxtpx:TrackPointExtension>
			<gpxtpx:course>67.33534</gpxtpx:course>
		</gpxtpx:TrackPointExtension>
	</extensions>
</trkpt>
<trkpt lat="-9.0424240" lon="148.4259027">
	<ele>913.56</ele>
	<time>2026-02-17T02:15:03.938Z</time>
	<hdop>3.79</hdop>
	<extensions>
		<gpxtpx:TrackPointExtension>
			<gpxtpx:course>349.16226</gpxtpx:course>
		</gpxtpx:TrackPointExtension>
	</extensions>
</trkpt>
<trkpt lat="-9.0425132" lon="148.4259275">
	<ele>915.02</ele>
	<time>2026-02-17T02:17:03.938Z</time>
	<hdop>3.79</hdop>
	<extensions>
		<gpxtpx:TrackPointExtension>
			<gpxtpx:course>150.0158</gpxtpx:course>
		</gpxtpx:TrackPointExtension>
	</extensions>
</trkpt>
<trkpt lat="-9.0425225" lon="148.4260196">
	<ele>907.81</ele>
	<time>2026-02-17T02:17:26.937Z</time>
	<hdop>3.79</hdop>
	<extensions>
		<gpxtpx:TrackPointExtension>
			<gpxtpx:course>94.99369</gpxtpx:course>
		</gpxtpx:TrackPointExtension>
	</extensions>
</trkpt>
<trkpt lat="-9.0425327" lon="148.4261123">
	<ele>904.16</ele>
	<time>2026-02-17T02:17:45.937Z</time>
	<hdop>3.79</hdop>
	<extensions>
		<gpxtpx:TrackPointExtension>
			<gpxtpx:course>96.27723</gpxtpx:course>
		</gpxtpx:TrackPointExtension>
	</extensions>
</trkpt>
<trkpt lat="-9.0425184" lon="148.4262082">
	<ele>900.51</ele>
	<time>2026-02-17T02:18:11.937Z</time>
	<hdop>3.79</hdop>
	<extensions>
		<gpxtpx:TrackPointExtension>
			<gpxtpx:course>71.0924</gpxtpx:course>
		</gpxtpx:TrackPointExtension>
	</extensions>
</trkpt>
<trkpt lat="-9.0425052" lon="148.4262989">
	<ele>898.43</ele>
	<time>2026-02-17T02:18:34.938Z</time>
	<hdop>3.79</hdop>
	<extensions>
		<gpxtpx:TrackPointExtension>
			<gpxtpx:course>71.84302</gpxtpx:course>
		</gpxtpx:TrackPointExtension>
	</extensions>
</trkpt>
<trkpt lat="-9.0425288" lon="148.4263903">
	<ele>894.01</ele>
	<time>2026-02-17T02:18:52.937Z</time>
	<hdop>3.79</hdop>
	<extensions>
		<gpxtpx:TrackPointExtension>
			<gpxtpx:course>71.20288</gpxtpx:course>
		</gpxtpx:TrackPointExtension>
	</extensions>
</trkpt>
<trkpt lat="-9.0424839" lon="148.4264707">
	<ele>888.29</ele>
	<time>2026-02-17T02:19:16.937Z</time>
	<hdop>3.79</hdop>
	<extensions>
		<gpxtpx:TrackPointExtension>
			<gpxtpx:course>73.00055</gpxtpx:course>
		</gpxtpx:TrackPointExtension>
	</extensions>
</trkpt>
<trkpt lat="-9.0424584" lon="148.4265684">
	<ele>885.71</ele>
	<time>2026-02-17T02:19:41.937Z</time>
	<hdop>8.91</hdop>
	<extensions>
		<gpxtpx:TrackPointExtension>
			<gpxtpx:course>90.74547</gpxtpx:course>
		</gpxtpx:TrackPointExtension>
	</extensions>
</trkpt>
<trkpt lat="-9.0423979" lon="148.4266372">
	<ele>881.69</ele>
	<time>2026-02-17T02:20:17.937Z</time>
	<hdop>3.79</hdop>
	<extensions>
		<gpxtpx:TrackPointExtension>
			<gpxtpx:course>17.708546</gpxtpx:course>
		</gpxtpx:TrackPointExtension>
	</extensions>
</trkpt>
<trkpt lat="-9.0423312" lon="148.4267041">
	<ele>878.53</ele>
	<time>2026-02-17T02:20:45.937Z</time>
	<hdop>6.86</hdop>
	<extensions>
		<gpxtpx:TrackPointExtension>
			<gpxtpx:course>16.791012</gpxtpx:course>
		</gpxtpx:TrackPointExtension>
	</extensions>
</trkpt>
<trkpt lat="-9.0422548" lon="148.4267540">
	<ele>874.88</ele>
	<time>2026-02-17T02:21:05.937Z</time>
	<hdop>9.94</hdop>
	<extensions>
		<gpxtpx:TrackPointExtension>
			<gpxtpx:course>20.828505</gpxtpx:course>
		</gpxtpx:TrackPointExtension>
	</extensions>
</trkpt>
<trkpt lat="-9.0422131" lon="148.4268348">
	<ele>869.26</ele>
	<time>2026-02-17T02:21:30.937Z</time>
	<hdop>3.79</hdop>
	<extensions>
		<gpxtpx:TrackPointExtension>
			<gpxtpx:course>8.585162</gpxtpx:course>
		</gpxtpx:TrackPointExtension>
	</extensions>
</trkpt>
<trkpt lat="-9.0422441" lon="148.4269218">
	<ele>859.36</ele>
	<time>2026-02-17T02:22:03.938Z</time>
	<hdop>3.79</hdop>
	<extensions>
		<gpxtpx:TrackPointExtension>
			<gpxtpx:course>56.33665</gpxtpx:course>
		</gpxtpx:TrackPointExtension>
	</extensions>
</trkpt>
<trkpt lat="-9.0423118" lon="148.4269852">
	<ele>852.57</ele>
	<time>2026-02-17T02:22:24.937Z</time>
	<hdop>4.03</hdop>
	<extensions>
		<gpxtpx:TrackPointExtension>
			<gpxtpx:course>144.2642</gpxtpx:course>
		</gpxtpx:TrackPointExtension>
	</extensions>
</trkpt>
<trkpt lat="-9.0423577" lon="148.4270674">
	<ele>847.79</ele>
	<time>2026-02-17T02:22:51.937Z</time>
	<hdop>3.90</hdop>
	<extensions>
		<gpxtpx:TrackPointExtension>
			<gpxtpx:course>140.82397</gpxtpx:course>
		</gpxtpx:TrackPointExtension>
	</extensions>
</trkpt>
<trkpt lat="-9.0423644" lon="148.4271612">
	<ele>846.10</ele>
	<time>2026-02-17T02:23:08.937Z</time>
	<hdop>3.79</hdop>
	<extensions>
		<gpxtpx:TrackPointExtension>
			<gpxtpx:course>89.60078</gpxtpx:course>
		</gpxtpx:TrackPointExtension>
	</extensions>
</trkpt>
<trkpt lat="-9.0423617" lon="148.4272595">
	<ele>843.96</ele>
	<time>2026-02-17T02:23:31.937Z</time>
	<hdop>9.94</hdop>
	<extensions>
		<gpxtpx:TrackPointExtension>
			<gpxtpx:course>89.52949</gpxtpx:course>
		</gpxtpx:TrackPointExtension>
	</extensions>
</trkpt>
<trkpt lat="-9.0423441" lon="148.4273519">
	<ele>844.34</ele>
	<time>2026-02-17T02:23:43.938Z</time>
	<hdop>10.05</hdop>
	<extensions>
		<gpxtpx:TrackPointExtension>
			<gpxtpx:course>92.572754</gpxtpx:course>
		</gpxtpx:TrackPointExtension>
	</extensions>
</trkpt>
<trkpt lat="-9.0424111" lon="148.4274675">
	<ele>847.18</ele>
	<time>2026-02-17T02:23:53.938Z</time>
	<hdop>9.94</hdop>
	<extensions>
		<gpxtpx:TrackPointExtension>
			<gpxtpx:course>112.35159</gpxtpx:course>
		</gpxtpx:TrackPointExtension>
	</extensions>
</trkpt>
<trkpt lat="-9.0424549" lon="148.4275576">
	<ele>847.83</ele>
	<time>2026-02-17T02:24:03.938Z</time>
	<hdop>9.94</hdop>
	<extensions>
		<gpxtpx:TrackPointExtension>
			<gpxtpx:course>108.79865</gpxtpx:course>
		</gpxtpx:TrackPointExtension>
	</extensions>
</trkpt>
<trkpt lat="-9.0425249" lon="148.4276291">
	<ele>845.25</ele>
	<time>2026-02-17T02:24:17.938Z</time>
	<hdop>9.94</hdop>
	<extensions>
		<gpxtpx:TrackPointExtension>
			<gpxtpx:course>117.195595</gpxtpx:course>
		</gpxtpx:TrackPointExtension>
	</extensions>
</trkpt>
<trkpt lat="-9.0425584" lon="148.4277202">
	<ele>843.44</ele>
	<time>2026-02-17T02:24:29.938Z</time>
	<hdop>9.94</hdop>
	<extensions>
		<gpxtpx:TrackPointExtension>
			<gpxtpx:course>91.98551</gpxtpx:course>
		</gpxtpx:TrackPointExtension>
	</extensions>
</trkpt>
<trkpt lat="-9.0425828" lon="148.4278084">
	<ele>841.78</ele>
	<time>2026-02-17T02:24:43.938Z</time>
	<hdop>9.94</hdop>
	<extensions>
		<gpxtpx:TrackPointExtension>
			<gpxtpx:course>97.6256</gpxtpx:course>
		</gpxtpx:TrackPointExtension>
	</extensions>
</trkpt>
<trkpt lat="-9.0425686" lon="148.4279026">
	<ele>840.39</ele>
	<time>2026-02-17T02:24:56.938Z</time>
	<hdop>9.94</hdop>
	<extensions>
		<gpxtpx:TrackPointExtension>
			<gpxtpx:course>94.29614</gpxtpx:course>
		</gpxtpx:TrackPointExtension>
	</extensions>
</trkpt>
<trkpt lat="-9.0426320" lon="148.4279717">
	<ele>829.47</ele>
	<time>2026-02-17T02:25:29.938Z</time>
	<hdop>9.94</hdop>
	<extensions>
		<gpxtpx:TrackPointExtension>
			<gpxtpx:course>90.159035</gpxtpx:course>
		</gpxtpx:TrackPointExtension>
	</extensions>
</trkpt>
<trkpt lat="-9.0426415" lon="148.4280626">
	<ele>826.17</ele>
	<time>2026-02-17T02:26:02.937Z</time>
	<hdop>9.94</hdop>
	<extensions>
		<gpxtpx:TrackPointExtension>
			<gpxtpx:course>51.90648</gpxtpx:course>
		</gpxtpx:TrackPointExtension>
	</extensions>
</trkpt>
<trkpt lat="-9.0426468" lon="148.4281538">
	<ele>817.78</ele>
	<time>2026-02-17T02:26:28.937Z</time>
	<hdop>9.94</hdop>
	<extensions>
		<gpxtpx:TrackPointExtension>
			<gpxtpx:course>101.92882</gpxtpx:course>
		</gpxtpx:TrackPointExtension>
	</extensions>
</trkpt>
<trkpt lat="-9.0426792" lon="148.4282413">
	<ele>813.79</ele>
	<time>2026-02-17T02:27:01.937Z</time>
	<hdop>9.94</hdop>
	<extensions>
		<gpxtpx:TrackPointExtension>
			<gpxtpx:course>106.97933</gpxtpx:course>
		</gpxtpx:TrackPointExtension>
	</extensions>
</trkpt>
<trkpt lat="-9.0426784" lon="148.4283341">
	<ele>807.05</ele>
	<time>2026-02-17T02:27:39.937Z</time>
	<hdop>10.48</hdop>
	<extensions>
		<gpxtpx:TrackPointExtension>
			<gpxtpx:course>69.439865</gpxtpx:course>
		</gpxtpx:TrackPointExtension>
	</extensions>
</trkpt>
<trkpt lat="-9.0426833" lon="148.4284313">
	<ele>803.42</ele>
	<time>2026-02-17T02:28:00.937Z</time>
	<hdop>9.94</hdop>
	<extensions>
		<gpxtpx:TrackPointExtension>
			<gpxtpx:course>114.3146</gpxtpx:course>
		</gpxtpx:TrackPointExtension>
	</extensions>
</trkpt>
<trkpt lat="-9.0427096" lon="148.4285209">
	<ele>801.16</ele>
	<time>2026-02-17T02:28:21.937Z</time>
	<hdop>9.94</hdop>
	<extensions>
		<gpxtpx:TrackPointExtension>
			<gpxtpx:course>114.335846</gpxtpx:course>
		</gpxtpx:TrackPointExtension>
	</extensions>
</trkpt>
<trkpt lat="-9.0427063" lon="148.4286146">
	<ele>792.97</ele>
	<time>2026-02-17T02:29:45.938Z</time>
	<hdop>10.00</hdop>
	<extensions>
		<gpxtpx:TrackPointExtension>
			<gpxtpx:course>117.62103</gpxtpx:course>
		</gpxtpx:TrackPointExtension>
	</extensions>
</trkpt>
<trkpt lat="-9.0426762" lon="148.4287033">
	<ele>784.30</ele>
	<time>2026-02-17T02:30:26.938Z</time>
	<hdop>9.94</hdop>
	<extensions>
		<gpxtpx:TrackPointExtension>
			<gpxtpx:course>50.08119</gpxtpx:course>
		</gpxtpx:TrackPointExtension>
	</extensions>
</trkpt>
<trkpt lat="-9.0426371" lon="148.4287904">
	<ele>783.81</ele>
	<time>2026-02-17T02:30:52.938Z</time>
	<hdop>9.94</hdop>
	<extensions>
		<gpxtpx:TrackPointExtension>
			<gpxtpx:course>48.033195</gpxtpx:course>
		</gpxtpx:TrackPointExtension>
	</extensions>
</trkpt>
<trkpt lat="-9.0425718" lon="148.4288544">
	<ele>779.46</ele>
	<time>2026-02-17T02:31:34.938Z</time>
	<hdop>9.94</hdop>
	<extensions>
		<gpxtpx:TrackPointExtension>
			<gpxtpx:course>50.14879</gpxtpx:course>
		</gpxtpx:TrackPointExtension>
	</extensions>
</trkpt>
<trkpt lat="-9.0425229" lon="148.4289317">
	<ele>774.90</ele>
	<time>2026-02-17T02:32:10.938Z</time>
	<hdop>9.94</hdop>
	<extensions>
		<gpxtpx:TrackPointExtension>
			<gpxtpx:course>80.11979</gpxtpx:course>
		</gpxtpx:TrackPointExtension>
	</extensions>
</trkpt>
<trkpt lat="-9.0424545" lon="148.4289973">
	<ele>761.89</ele>
	<time>2026-02-17T02:33:41.938Z</time>
	<hdop>9.94</hdop>
	<extensions>
		<gpxtpx:TrackPointExtension>
			<gpxtpx:course>61.745186</gpxtpx:course>
		</gpxtpx:TrackPointExtension>
	</extensions>
</trkpt>
<trkpt lat="-9.0423790" lon="148.4290548">
	<ele>755.87</ele>
	<time>2026-02-17T02:34:15.938Z</time>
	<hdop>3.79</hdop>
	<extensions>
		<gpxtpx:TrackPointExtension>
			<gpxtpx:course>28.947834</gpxtpx:course>
		</gpxtpx:TrackPointExtension>
	</extensions>
</trkpt>
<trkpt lat="-9.0423219" lon="148.4291278">
	<ele>753.68</ele>
	<time>2026-02-17T02:34:57.938Z</time>
	<hdop>3.79</hdop>
	<extensions>
		<gpxtpx:TrackPointExtension>
			<gpxtpx:course>33.16968</gpxtpx:course>
		</gpxtpx:TrackPointExtension>
	</extensions>
</trkpt>
<trkpt lat="-9.0422958" lon="148.4292156">
	<ele>749.69</ele>
	<time>2026-02-17T02:35:42.938Z</time>
	<hdop>9.94</hdop>
	<extensions>
		<gpxtpx:TrackPointExtension>
			<gpxtpx:course>52.94805</gpxtpx:course>
		</gpxtpx:TrackPointExtension>
	</extensions>
</trkpt>
<trkpt lat="-9.0422380" lon="148.4292869">
	<ele>746.07</ele>
	<time>2026-02-17T02:36:09.938Z</time>
	<hdop>9.94</hdop>
	<extensions>
		<gpxtpx:TrackPointExtension>
			<gpxtpx:course>29.786291</gpxtpx:course>
		</gpxtpx:TrackPointExtension>
	</extensions>
</trkpt>
<trkpt lat="-9.0422379" lon="148.4293790">
	<ele>736.06</ele>
	<time>2026-02-17T02:36:51.938Z</time>
	<hdop>9.94</hdop>
	<extensions>
		<gpxtpx:TrackPointExtension>
			<gpxtpx:course>60.471447</gpxtpx:course>
		</gpxtpx:TrackPointExtension>
	</extensions>
</trkpt>
<trkpt lat="-9.0422067" lon="148.4294663">
	<ele>731.47</ele>
	<time>2026-02-17T02:37:23.938Z</time>
	<hdop>9.94</hdop>
	<extensions>
		<gpxtpx:TrackPointExtension>
			<gpxtpx:course>60.723095</gpxtpx:course>
		</gpxtpx:TrackPointExtension>
	</extensions>
</trkpt>
<trkpt lat="-9.0421488" lon="148.4295393">
	<ele>728.57</ele>
	<time>2026-02-17T02:37:44.937Z</time>
	<hdop>9.94</hdop>
	<extensions>
		<gpxtpx:TrackPointExtension>
			<gpxtpx:course>52.591057</gpxtpx:course>
		</gpxtpx:TrackPointExtension>
	</extensions>
</trkpt>
<trkpt lat="-9.0421144" lon="148.4296235">
	<ele>724.56</ele>
	<time>2026-02-17T02:38:03.937Z</time>
	<hdop>9.94</hdop>
	<extensions>
		<gpxtpx:TrackPointExtension>
			<gpxtpx:course>75.04236</gpxtpx:course>
		</gpxtpx:TrackPointExtension>
	</extensions>
</trkpt>
<trkpt lat="-9.0420566" lon="148.4296942">
	<ele>722.55</ele>
	<time>2026-02-17T02:38:17.938Z</time>
	<hdop>9.94</hdop>
	<extensions>
		<gpxtpx:TrackPointExtension>
			<gpxtpx:course>57.888992</gpxtpx:course>
		</gpxtpx:TrackPointExtension>
	</extensions>
</trkpt>
<trkpt lat="-9.0420364" lon="148.4297844">
	<ele>716.25</ele>
	<time>2026-02-17T02:38:38.938Z</time>
	<hdop>9.94</hdop>
	<extensions>
		<gpxtpx:TrackPointExtension>
			<gpxtpx:course>89.99751</gpxtpx:course>
		</gpxtpx:TrackPointExtension>
	</extensions>
</trkpt>
<trkpt lat="-9.0420088" lon="148.4298775">
	<ele>714.09</ele>
	<time>2026-02-17T02:38:58.937Z</time>
	<hdop>9.94</hdop>
	<extensions>
		<gpxtpx:TrackPointExtension>
			<gpxtpx:course>82.250305</gpxtpx:course>
		</gpxtpx:TrackPointExtension>
	</extensions>
</trkpt>
<trkpt lat="-9.0419790" lon="148.4299677">
	<ele>706.46</ele>
	<time>2026-02-17T02:39:17.938Z</time>
	<hdop>9.94</hdop>
	<extensions>
		<gpxtpx:TrackPointExtension>
			<gpxtpx:course>64.26889</gpxtpx:course>
		</gpxtpx:TrackPointExtension>
	</extensions>
</trkpt>
<trkpt lat="-9.0419321" lon="148.4300488">
	<ele>704.80</ele>
	<time>2026-02-17T02:39:29.938Z</time>
	<hdop>9.94</hdop>
	<extensions>
		<gpxtpx:TrackPointExtension>
			<gpxtpx:course>60.808662</gpxtpx:course>
		</gpxtpx:TrackPointExtension>
	</extensions>
</trkpt>
<trkpt lat="-9.0418781" lon="148.4301242">
	<ele>704.02</ele>
	<time>2026-02-17T02:39:42.938Z</time>
	<hdop>9.94</hdop>
	<extensions>
		<gpxtpx:TrackPointExtension>
			<gpxtpx:course>51.544796</gpxtpx:course>
		</gpxtpx:TrackPointExtension>
	</extensions>
</trkpt>
<trkpt lat="-9.0418127" lon="148.4301875">
	<ele>703.00</ele>
	<time>2026-02-17T02:39:54.938Z</time>
	<hdop>9.94</hdop>
	<extensions>
		<gpxtpx:TrackPointExtension>
			<gpxtpx:course>50.597443</gpxtpx:course>
		</gpxtpx:TrackPointExtension>
	</extensions>
</trkpt>
<trkpt lat="-9.0417537" lon="148.4302566">
	<ele>702.50</ele>
	<time>2026-02-17T02:40:04.938Z</time>
	<hdop>9.94</hdop>
	<extensions>
		<gpxtpx:TrackPointExtension>
			<gpxtpx:course>65.377815</gpxtpx:course>
		</gpxtpx:TrackPointExtension>
	</extensions>
</trkpt>
<trkpt lat="-9.0416990" lon="148.4303342">
	<ele>698.37</ele>
	<time>2026-02-17T02:40:15.938Z</time>
	<hdop>9.94</hdop>
	<extensions>
		<gpxtpx:TrackPointExtension>
			<gpxtpx:course>84.15173</gpxtpx:course>
		</gpxtpx:TrackPointExtension>
	</extensions>
</trkpt>
<trkpt lat="-9.0416447" lon="148.4304116">
	<ele>698.54</ele>
	<time>2026-02-17T02:41:32.937Z</time>
	<hdop>3.79</hdop>
	<extensions>
		<gpxtpx:TrackPointExtension>
			<gpxtpx:course>59.96182</gpxtpx:course>
		</gpxtpx:TrackPointExtension>
	</extensions>
</trkpt>
<trkpt lat="-9.0415948" lon="148.4304895">
	<ele>694.78</ele>
	<time>2026-02-17T02:41:47.938Z</time>
	<hdop>3.79</hdop>
	<extensions>
		<gpxtpx:TrackPointExtension>
			<gpxtpx:course>55.15167</gpxtpx:course>
		</gpxtpx:TrackPointExtension>
	</extensions>
</trkpt>
<trkpt lat="-9.0415573" lon="148.4305725">
	<ele>692.08</ele>
	<time>2026-02-17T02:42:19.938Z</time>
	<hdop>3.79</hdop>
	<extensions>
		<gpxtpx:TrackPointExtension>
			<gpxtpx:course>74.40093</gpxtpx:course>
		</gpxtpx:TrackPointExtension>
	</extensions>
</trkpt>
<trkpt lat="-9.0415485" lon="148.4306636">
	<ele>688.84</ele>
	<time>2026-02-17T02:42:40.938Z</time>
	<hdop>3.79</hdop>
	<extensions>
		<gpxtpx:TrackPointExtension>
			<gpxtpx:course>87.81632</gpxtpx:course>
		</gpxtpx:TrackPointExtension>
	</extensions>
</trkpt>
<trkpt lat="-9.0415546" lon="148.4307560">
	<ele>680.20</ele>
	<time>2026-02-17T02:42:59.938Z</time>
	<hdop>3.79</hdop>
	<extensions>
		<gpxtpx:TrackPointExtension>
			<gpxtpx:course>87.931175</gpxtpx:course>
		</gpxtpx:TrackPointExtension>
	</extensions>
</trkpt>
<trkpt lat="-9.0415309" lon="148.4308474">
	<ele>672.90</ele>
	<time>2026-02-17T02:43:27.938Z</time>
	<hdop>3.79</hdop>
	<extensions>
		<gpxtpx:TrackPointExtension>
			<gpxtpx:course>67.28141</gpxtpx:course>
		</gpxtpx:TrackPointExtension>
	</extensions>
</trkpt>
<trkpt lat="-9.0414959" lon="148.4309327">
	<ele>669.74</ele>
	<time>2026-02-17T02:43:59.938Z</time>
	<hdop>3.79</hdop>
	<extensions>
		<gpxtpx:TrackPointExtension>
			<gpxtpx:course>80.0479</gpxtpx:course>
		</gpxtpx:TrackPointExtension>
	</extensions>
</trkpt>
<trkpt lat="-9.0414337" lon="148.4310020">
	<ele>664.02</ele>
	<time>2026-02-17T02:44:31.937Z</time>
	<hdop>3.79</hdop>
	<extensions>
		<gpxtpx:TrackPointExtension>
			<gpxtpx:course>59.612396</gpxtpx:course>
		</gpxtpx:TrackPointExtension>
	</extensions>
</trkpt>
<trkpt lat="-9.0413492" lon="148.4310454">
	<ele>663.60</ele>
	<time>2026-02-17T02:44:47.938Z</time>
	<hdop>3.79</hdop>
	<extensions>
		<gpxtpx:TrackPointExtension>
			<gpxtpx:course>63.36004</gpxtpx:course>
		</gpxtpx:TrackPointExtension>
	</extensions>
</trkpt>
<trkpt lat="-9.0412971" lon="148.4311257">
	<ele>660.19</ele>
	<time>2026-02-17T02:44:58.937Z</time>
	<hdop>3.79</hdop>
	<extensions>
		<gpxtpx:TrackPointExtension>
			<gpxtpx:course>54.98981</gpxtpx:course>
		</gpxtpx:TrackPointExtension>
	</extensions>
</trkpt>
<trkpt lat="-9.0413251" lon="148.4312174">
	<ele>650.32</ele>
	<time>2026-02-17T02:45:39.938Z</time>
	<hdop>3.79</hdop>
	<extensions>
		<gpxtpx:TrackPointExtension>
			<gpxtpx:course>135.96588</gpxtpx:course>
		</gpxtpx:TrackPointExtension>
	</extensions>
</trkpt>
<trkpt lat="-9.0413333" lon="148.4313099">
	<ele>651.18</ele>
	<time>2026-02-17T02:46:08.937Z</time>
	<hdop>3.79</hdop>
	<extensions>
		<gpxtpx:TrackPointExtension>
			<gpxtpx:course>52.919968</gpxtpx:course>
		</gpxtpx:TrackPointExtension>
	</extensions>
</trkpt>
<trkpt lat="-9.0413709" lon="148.4313955">
	<ele>642.08</ele>
	<time>2026-02-17T02:46:37.937Z</time>
	<hdop>3.79</hdop>
	<extensions>
		<gpxtpx:TrackPointExtension>
			<gpxtpx:course>52.86985</gpxtpx:course>
		</gpxtpx:TrackPointExtension>
	</extensions>
</trkpt>
<trkpt lat="-9.0414249" lon="148.4314711">
	<ele>636.76</ele>
	<time>2026-02-17T02:47:09.937Z</time>
	<hdop>3.79</hdop>
	<extensions>
		<gpxtpx:TrackPointExtension>
			<gpxtpx:course>163.22626</gpxtpx:course>
		</gpxtpx:TrackPointExtension>
	</extensions>
</trkpt>
<trkpt lat="-9.0414588" lon="148.4315601">
	<ele>634.11</ele>
	<time>2026-02-17T02:47:31.938Z</time>
	<hdop>3.79</hdop>
	<extensions>
		<gpxtpx:TrackPointExtension>
			<gpxtpx:course>143.83763</gpxtpx:course>
		</gpxtpx:TrackPointExtension>
	</extensions>
</trkpt>
<trkpt lat="-9.0415178" lon="148.4316422">
	<ele>629.60</ele>
	<time>2026-02-17T02:47:57.938Z</time>
	<hdop>3.79</hdop>
	<extensions>
		<gpxtpx:TrackPointExtension>
			<gpxtpx:course>113.40941</gpxtpx:course>
		</gpxtpx:TrackPointExtension>
	</extensions>
</trkpt>
<trkpt lat="-9.0415262" lon="148.4317418">
	<ele>630.79</ele>
	<time>2026-02-17T02:48:13.938Z</time>
	<hdop>3.79</hdop>
	<extensions>
		<gpxtpx:TrackPointExtension>
			<gpxtpx:course>109.362816</gpxtpx:course>
		</gpxtpx:TrackPointExtension>
	</extensions>
</trkpt>
<trkpt lat="-9.0415071" lon="148.4318421">
	<ele>627.16</ele>
	<time>2026-02-17T02:48:23.938Z</time>
	<hdop>3.79</hdop>
	<extensions>
		<gpxtpx:TrackPointExtension>
			<gpxtpx:course>106.64661</gpxtpx:course>
		</gpxtpx:TrackPointExtension>
	</extensions>
</trkpt>
<trkpt lat="-9.0415327" lon="148.4319314">
	<ele>624.64</ele>
	<time>2026-02-17T02:48:33.938Z</time>
	<hdop>3.79</hdop>
	<extensions>
		<gpxtpx:TrackPointExtension>
			<gpxtpx:course>114.29449</gpxtpx:course>
		</gpxtpx:TrackPointExtension>
	</extensions>
</trkpt>
<trkpt lat="-9.0415742" lon="148.4320130">
	<ele>626.05</ele>
	<time>2026-02-17T02:48:45.938Z</time>
	<hdop>3.79</hdop>
	<extensions>
		<gpxtpx:TrackPointExtension>
			<gpxtpx:course>134.64435</gpxtpx:course>
		</gpxtpx:TrackPointExtension>
	</extensions>
</trkpt>
<trkpt lat="-9.0415478" lon="148.4321047">
	<ele>621.05</ele>
	<time>2026-02-17T02:49:01.938Z</time>
	<hdop>3.79</hdop>
	<extensions>
		<gpxtpx:TrackPointExtension>
			<gpxtpx:course>43.945747</gpxtpx:course>
		</gpxtpx:TrackPointExtension>
	</extensions>
</trkpt>
<trkpt lat="-9.0415840" lon="148.4321908">
	<ele>618.60</ele>
	<time>2026-02-17T02:50:40.938Z</time>
	<hdop>9.94</hdop>
	<extensions>
		<gpxtpx:TrackPointExtension>
			<gpxtpx:course>144.983</gpxtpx:course>
		</gpxtpx:TrackPointExtension>
	</extensions>
</trkpt>
<trkpt lat="-9.0415723" lon="148.4322834">
	<ele>619.87</ele>
	<time>2026-02-17T02:51:08.937Z</time>
	<hdop>9.94</hdop>
	<extensions>
		<gpxtpx:TrackPointExtension>
			<gpxtpx:course>143.81374</gpxtpx:course>
		</gpxtpx:TrackPointExtension>
	</extensions>
</trkpt>
<trkpt lat="-9.0415881" lon="148.4323732">
	<ele>620.81</ele>
	<time>2026-02-17T02:51:20.937Z</time>
	<hdop>9.94</hdop>
	<extensions>
		<gpxtpx:TrackPointExtension>
			<gpxtpx:course>327.05444</gpxtpx:course>
		</gpxtpx:TrackPointExtension>
	</extensions>
</trkpt>
<trkpt lat="-9.0416327" lon="148.4324828">
	<ele>619.49</ele>
	<time>2026-02-17T02:51:30.938Z</time>
	<hdop>9.94</hdop>
	<extensions>
		<gpxtpx:TrackPointExtension>
			<gpxtpx:course>327.05444</gpxtpx:course>
		</gpxtpx:TrackPointExtension>
	</extensions>
</trkpt>
<trkpt lat="-9.0416501" lon="148.4325786">
	<ele>619.72</ele>
	<time>2026-02-17T02:51:42.938Z</time>
	<hdop>9.94</hdop>
	<extensions>
		<gpxtpx:TrackPointExtension>
			<gpxtpx:course>97.30716</gpxtpx:course>
		</gpxtpx:TrackPointExtension>
	</extensions>
</trkpt>
<trkpt lat="-9.0416736" lon="148.4326683">
	<ele>621.55</ele>
	<time>2026-02-17T02:51:53.937Z</time>
	<hdop>9.94</hdop>
	<extensions>
		<gpxtpx:TrackPointExtension>
			<gpxtpx:course>120.10371</gpxtpx:course>
		</gpxtpx:TrackPointExtension>
	</extensions>
</trkpt>
<trkpt lat="-9.0416993" lon="148.4327562">
	<ele>615.54</ele>
	<time>2026-02-17T02:52:04.938Z</time>
	<hdop>9.94</hdop>
	<extensions>
		<gpxtpx:TrackPointExtension>
			<gpxtpx:course>118.78105</gpxtpx:course>
		</gpxtpx:TrackPointExtension>
	</extensions>
</trkpt>
<trkpt lat="-9.0417331" lon="148.4328492">
	<ele>614.05</ele>
	<time>2026-02-17T02:52:19.938Z</time>
	<hdop>9.94</hdop>
	<extensions>
		<gpxtpx:TrackPointExtension>
			<gpxtpx:course>115.744125</gpxtpx:course>
		</gpxtpx:TrackPointExtension>
	</extensions>
</trkpt>
<trkpt lat="-9.0417322" lon="148.4329438">
	<ele>610.19</ele>
	<time>2026-02-17T02:52:37.937Z</time>
	<hdop>9.94</hdop>
	<extensions>
		<gpxtpx:TrackPointExtension>
			<gpxtpx:course>126.48549</gpxtpx:course>
		</gpxtpx:TrackPointExtension>
	</extensions>
</trkpt>
<trkpt lat="-9.0417389" lon="148.4330930">
	<ele>608.79</ele>
	<time>2026-02-17T02:52:47.938Z</time>
	<hdop>9.94</hdop>
	<extensions>
		<gpxtpx:TrackPointExtension>
			<gpxtpx:course>106.0847</gpxtpx:course>
		</gpxtpx:TrackPointExtension>
	</extensions>
</trkpt>
<trkpt lat="-9.0417469" lon="148.4331901">
	<ele>607.53</ele>
	<time>2026-02-17T02:52:59.938Z</time>
	<hdop>5.84</hdop>
	<extensions>
		<gpxtpx:TrackPointExtension>
			<gpxtpx:course>99.47103</gpxtpx:course>
		</gpxtpx:TrackPointExtension>
	</extensions>
</trkpt>
<trkpt lat="-9.0417534" lon="148.4332889">
	<ele>603.46</ele>
	<time>2026-02-17T02:53:10.937Z</time>
	<hdop>3.79</hdop>
	<extensions>
		<gpxtpx:TrackPointExtension>
			<gpxtpx:course>48.70596</gpxtpx:course>
		</gpxtpx:TrackPointExtension>
	</extensions>
</trkpt>
<trkpt lat="-9.0417127" lon="148.4333707">
	<ele>600.79</ele>
	<time>2026-02-17T02:53:27.938Z</time>
	<hdop>3.79</hdop>
	<extensions>
		<gpxtpx:TrackPointExtension>
			<gpxtpx:course>81.64252</gpxtpx:course>
		</gpxtpx:TrackPointExtension>
	</extensions>
</trkpt>
<trkpt lat="-9.0417013" lon="148.4334653">
	<ele>598.64</ele>
	<time>2026-02-17T02:53:46.938Z</time>
	<hdop>3.79</hdop>
	<extensions>
		<gpxtpx:TrackPointExtension>
			<gpxtpx:course>80.08553</gpxtpx:course>
		</gpxtpx:TrackPointExtension>
	</extensions>
</trkpt>
<trkpt lat="-9.0416663" lon="148.4335533">
	<ele>595.78</ele>
	<time>2026-02-17T02:54:00.937Z</time>
	<hdop>3.79</hdop>
	<extensions>
		<gpxtpx:TrackPointExtension>
			<gpxtpx:course>76.31144</gpxtpx:course>
		</gpxtpx:TrackPointExtension>
	</extensions>
</trkpt>
<trkpt lat="-9.0416361" lon="148.4336433">
	<ele>595.46</ele>
	<time>2026-02-17T02:54:19.937Z</time>
	<hdop>3.79</hdop>
	<extensions>
		<gpxtpx:TrackPointExtension>
			<gpxtpx:course>67.98436</gpxtpx:course>
		</gpxtpx:TrackPointExtension>
	</extensions>
</trkpt>
<trkpt lat="-9.0415702" lon="148.4337109">
	<ele>589.74</ele>
	<time>2026-02-17T02:54:30.938Z</time>
	<hdop>9.94</hdop>
	<extensions>
		<gpxtpx:TrackPointExtension>
			<gpxtpx:course>62.76627</gpxtpx:course>
		</gpxtpx:TrackPointExtension>
	</extensions>
</trkpt>
<trkpt lat="-9.0415180" lon="148.4337903">
	<ele>589.81</ele>
	<time>2026-02-17T02:54:46.938Z</time>
	<hdop>9.94</hdop>
	<extensions>
		<gpxtpx:TrackPointExtension>
			<gpxtpx:course>66.714485</gpxtpx:course>
		</gpxtpx:TrackPointExtension>
	</extensions>
</trkpt>
<trkpt lat="-9.0415201" lon="148.4338814">
	<ele>589.27</ele>
	<time>2026-02-17T02:54:58.937Z</time>
	<hdop>9.94</hdop>
	<extensions>
		<gpxtpx:TrackPointExtension>
			<gpxtpx:course>90.22223</gpxtpx:course>
		</gpxtpx:TrackPointExtension>
	</extensions>
</trkpt>
<trkpt lat="-9.0414845" lon="148.4339687">
	<ele>586.91</ele>
	<time>2026-02-17T02:55:14.938Z</time>
	<hdop>9.94</hdop>
	<extensions>
		<gpxtpx:TrackPointExtension>
			<gpxtpx:course>104.15979</gpxtpx:course>
		</gpxtpx:TrackPointExtension>
	</extensions>
</trkpt>
<trkpt lat="-9.0414320" lon="148.4340491">
	<ele>585.77</ele>
	<time>2026-02-17T02:55:27.937Z</time>
	<hdop>9.94</hdop>
	<extensions>
		<gpxtpx:TrackPointExtension>
			<gpxtpx:course>23.993462</gpxtpx:course>
		</gpxtpx:TrackPointExtension>
	</extensions>
</trkpt>
<trkpt lat="-9.0413812" lon="148.4341254">
	<ele>587.44</ele>
	<time>2026-02-17T02:55:39.937Z</time>
	<hdop>9.94</hdop>
	<extensions>
		<gpxtpx:TrackPointExtension>
			<gpxtpx:course>39.218193</gpxtpx:course>
		</gpxtpx:TrackPointExtension>
	</extensions>
</trkpt>
<trkpt lat="-9.0413481" lon="148.4342103">
	<ele>584.60</ele>
	<time>2026-02-17T02:55:58.938Z</time>
	<hdop>9.94</hdop>
	<extensions>
		<gpxtpx:TrackPointExtension>
			<gpxtpx:course>43.043392</gpxtpx:course>
		</gpxtpx:TrackPointExtension>
	</extensions>
</trkpt>
<trkpt lat="-9.0413191" lon="148.4343007">
	<ele>583.78</ele>
	<time>2026-02-17T02:56:15.937Z</time>
	<hdop>9.94</hdop>
	<extensions>
		<gpxtpx:TrackPointExtension>
			<gpxtpx:course>44.01546</gpxtpx:course>
		</gpxtpx:TrackPointExtension>
	</extensions>
</trkpt>
<trkpt lat="-9.0413072" lon="148.4343984">
	<ele>580.88</ele>
	<time>2026-02-17T02:56:25.937Z</time>
	<hdop>9.94</hdop>
	<extensions>
		<gpxtpx:TrackPointExtension>
			<gpxtpx:course>91.69212</gpxtpx:course>
		</gpxtpx:TrackPointExtension>
	</extensions>
</trkpt>
<trkpt lat="-9.0412695" lon="148.4344873">
	<ele>582.23</ele>
	<time>2026-02-17T02:58:57.938Z</time>
	<hdop>9.94</hdop>
	<extensions>
		<gpxtpx:TrackPointExtension>
			<gpxtpx:course>55.833435</gpxtpx:course>
		</gpxtpx:TrackPointExtension>
	</extensions>
</trkpt>
<trkpt lat="-9.0412023" lon="148.4345594">
	<ele>584.03</ele>
	<time>2026-02-17T02:59:10.938Z</time>
	<hdop>9.94</hdop>
	<extensions>
		<gpxtpx:TrackPointExtension>
			<gpxtpx:course>44.378403</gpxtpx:course>
		</gpxtpx:TrackPointExtension>
	</extensions>
</trkpt>
<trkpt lat="-9.0411345" lon="148.4346198">
	<ele>579.86</ele>
	<time>2026-02-17T02:59:20.938Z</time>
	<hdop>9.94</hdop>
	<extensions>
		<gpxtpx:TrackPointExtension>
			<gpxtpx:course>13.450918</gpxtpx:course>
		</gpxtpx:TrackPointExtension>
	</extensions>
</trkpt>
<trkpt lat="-9.0410903" lon="148.4346995">
	<ele>580.09</ele>
	<time>2026-02-17T02:59:34.938Z</time>
	<hdop>9.94</hdop>
	<extensions>
		<gpxtpx:TrackPointExtension>
			<gpxtpx:course>56.771606</gpxtpx:course>
		</gpxtpx:TrackPointExtension>
	</extensions>
</trkpt>
<trkpt lat="-9.0410518" lon="148.4347828">
	<ele>578.30</ele>
	<time>2026-02-17T02:59:51.938Z</time>
	<hdop>9.94</hdop>
	<extensions>
		<gpxtpx:TrackPointExtension>
			<gpxtpx:course>58.060352</gpxtpx:course>
		</gpxtpx:TrackPointExtension>
	</extensions>
</trkpt>
<trkpt lat="-9.0409902" lon="148.4348497">
	<ele>578.19</ele>
	<time>2026-02-17T03:00:17.937Z</time>
	<hdop>9.94</hdop>
	<extensions>
		<gpxtpx:TrackPointExtension>
			<gpxtpx:course>57.698578</gpxtpx:course>
		</gpxtpx:TrackPointExtension>
	</extensions>
</trkpt>
<trkpt lat="-9.0409233" lon="148.4349117">
	<ele>577.97</ele>
	<time>2026-02-17T03:00:27.938Z</time>
	<hdop>9.94</hdop>
	<extensions>
		<gpxtpx:TrackPointExtension>
			<gpxtpx:course>60.986404</gpxtpx:course>
		</gpxtpx:TrackPointExtension>
	</extensions>
</trkpt>
<trkpt lat="-9.0408650" lon="148.4349821">
	<ele>576.44</ele>
	<time>2026-02-17T03:00:38.937Z</time>
	<hdop>9.94</hdop>
	<extensions>
		<gpxtpx:TrackPointExtension>
			<gpxtpx:course>64.367325</gpxtpx:course>
		</gpxtpx:TrackPointExtension>
	</extensions>
</trkpt>
<trkpt lat="-9.0407840" lon="148.4350369">
	<ele>571.60</ele>
	<time>2026-02-17T03:00:51.938Z</time>
	<hdop>9.94</hdop>
	<extensions>
		<gpxtpx:TrackPointExtension>
			<gpxtpx:course>64.09267</gpxtpx:course>
		</gpxtpx:TrackPointExtension>
	</extensions>
</trkpt>
<trkpt lat="-9.0407152" lon="148.4350988">
	<ele>569.66</ele>
	<time>2026-02-17T03:01:23.938Z</time>
	<hdop>9.94</hdop>
	<extensions>
		<gpxtpx:TrackPointExtension>
			<gpxtpx:course>62.39514</gpxtpx:course>
		</gpxtpx:TrackPointExtension>
	</extensions>
</trkpt>
<trkpt lat="-9.0406047" lon="148.4351821">
	<ele>564.24</ele>
	<time>2026-02-17T03:01:34.937Z</time>
	<hdop>9.94</hdop>
	<extensions>
		<gpxtpx:TrackPointExtension>
			<gpxtpx:course>47.977047</gpxtpx:course>
		</gpxtpx:TrackPointExtension>
	</extensions>
</trkpt>
<trkpt lat="-9.0405409" lon="148.4352513">
	<ele>563.56</ele>
	<time>2026-02-17T03:01:44.938Z</time>
	<hdop>9.94</hdop>
	<extensions>
		<gpxtpx:TrackPointExtension>
			<gpxtpx:course>58.048843</gpxtpx:course>
		</gpxtpx:TrackPointExtension>
	</extensions>
</trkpt>
<trkpt lat="-9.0404531" lon="148.4353051">
	<ele>561.75</ele>
	<time>2026-02-17T03:01:54.938Z</time>
	<hdop>9.94</hdop>
	<extensions>
		<gpxtpx:TrackPointExtension>
			<gpxtpx:course>36.45061</gpxtpx:course>
		</gpxtpx:TrackPointExtension>
	</extensions>
</trkpt>
<trkpt lat="-9.0403983" lon="148.4353820">
	<ele>561.40</ele>
	<time>2026-02-17T03:02:18.938Z</time>
	<hdop>9.94</hdop>
	<extensions>
		<gpxtpx:TrackPointExtension>
			<gpxtpx:course>65.9129</gpxtpx:course>
		</gpxtpx:TrackPointExtension>
	</extensions>
</trkpt>
<trkpt lat="-9.0403428" lon="148.4354684">
	<ele>562.60</ele>
	<time>2026-02-17T03:02:28.938Z</time>
	<hdop>9.94</hdop>
	<extensions>
		<gpxtpx:TrackPointExtension>
			<gpxtpx:course>80.15038</gpxtpx:course>
		</gpxtpx:TrackPointExtension>
	</extensions>
</trkpt>
<trkpt lat="-9.0403047" lon="148.4355987">
	<ele>558.18</ele>
	<time>2026-02-17T03:02:38.938Z</time>
	<hdop>9.94</hdop>
	<extensions>
		<gpxtpx:TrackPointExtension>
			<gpxtpx:course>47.147762</gpxtpx:course>
		</gpxtpx:TrackPointExtension>
	</extensions>
</trkpt>
<trkpt lat="-9.0402758" lon="148.4356876">
	<ele>562.67</ele>
	<time>2026-02-17T03:02:49.938Z</time>
	<hdop>9.94</hdop>
	<extensions>
		<gpxtpx:TrackPointExtension>
			<gpxtpx:course>45.08906</gpxtpx:course>
		</gpxtpx:TrackPointExtension>
	</extensions>
</trkpt>
<trkpt lat="-9.0402143" lon="148.4357564">
	<ele>561.39</ele>
	<time>2026-02-17T03:03:05.938Z</time>
	<hdop>10.09</hdop>
	<extensions>
		<gpxtpx:TrackPointExtension>
			<gpxtpx:course>45.08421</gpxtpx:course>
		</gpxtpx:TrackPointExtension>
	</extensions>
</trkpt>
<trkpt lat="-9.0401809" lon="148.4358516">
	<ele>558.73</ele>
	<time>2026-02-17T03:03:16.937Z</time>
	<hdop>9.94</hdop>
	<extensions>
		<gpxtpx:TrackPointExtension>
			<gpxtpx:course>71.97583</gpxtpx:course>
		</gpxtpx:TrackPointExtension>
	</extensions>
</trkpt>
<trkpt lat="-9.0401969" lon="148.4359462">
	<ele>555.90</ele>
	<time>2026-02-17T03:03:29.937Z</time>
	<hdop>10.21</hdop>
	<extensions>
		<gpxtpx:TrackPointExtension>
			<gpxtpx:course>130.3392</gpxtpx:course>
		</gpxtpx:TrackPointExtension>
	</extensions>
</trkpt>
<trkpt lat="-9.0402095" lon="148.4360410">
	<ele>559.13</ele>
	<time>2026-02-17T03:04:00.938Z</time>
	<hdop>9.94</hdop>
	<extensions>
		<gpxtpx:TrackPointExtension>
			<gpxtpx:course>138.97198</gpxtpx:course>
		</gpxtpx:TrackPointExtension>
	</extensions>
</trkpt>
<trkpt lat="-9.0402997" lon="148.4361148">
	<ele>563.82</ele>
	<time>2026-02-17T03:04:11.937Z</time>
	<hdop>9.94</hdop>
	<extensions>
		<gpxtpx:TrackPointExtension>
			<gpxtpx:course>154.37383</gpxtpx:course>
		</gpxtpx:TrackPointExtension>
	</extensions>
</trkpt>
<trkpt lat="-9.0403803" lon="148.4361680">
	<ele>565.96</ele>
	<time>2026-02-17T03:04:21.937Z</time>
	<hdop>9.94</hdop>
	<extensions>
		<gpxtpx:TrackPointExtension>
			<gpxtpx:course>121.75915</gpxtpx:course>
		</gpxtpx:TrackPointExtension>
	</extensions>
</trkpt>
<trkpt lat="-9.0404358" lon="148.4362406">
	<ele>568.02</ele>
	<time>2026-02-17T03:04:39.937Z</time>
	<hdop>9.94</hdop>
	<extensions>
		<gpxtpx:TrackPointExtension>
			<gpxtpx:course>126.398674</gpxtpx:course>
		</gpxtpx:TrackPointExtension>
	</extensions>
</trkpt>
<trkpt lat="-9.0404933" lon="148.4363150">
	<ele>570.29</ele>
	<time>2026-02-17T03:05:12.938Z</time>
	<hdop>9.94</hdop>
	<extensions>
		<gpxtpx:TrackPointExtension>
			<gpxtpx:course>93.07966</gpxtpx:course>
		</gpxtpx:TrackPointExtension>
	</extensions>
</trkpt>
<trkpt lat="-9.0405645" lon="148.4363729">
	<ele>565.31</ele>
	<time>2026-02-17T03:05:26.938Z</time>
	<hdop>9.94</hdop>
	<extensions>
		<gpxtpx:TrackPointExtension>
			<gpxtpx:course>101.72053</gpxtpx:course>
		</gpxtpx:TrackPointExtension>
	</extensions>
</trkpt>
<trkpt lat="-9.0405848" lon="148.4364644">
	<ele>567.31</ele>
	<time>2026-02-17T03:06:06.937Z</time>
	<hdop>9.94</hdop>
	<extensions>
		<gpxtpx:TrackPointExtension>
			<gpxtpx:course>93.02835</gpxtpx:course>
		</gpxtpx:TrackPointExtension>
	</extensions>
</trkpt>
<trkpt lat="-9.0406239" lon="148.4365525">
	<ele>568.77</ele>
	<time>2026-02-17T03:06:50.938Z</time>
	<hdop>9.94</hdop>
	<extensions>
		<gpxtpx:TrackPointExtension>
			<gpxtpx:course>81.63863</gpxtpx:course>
		</gpxtpx:TrackPointExtension>
	</extensions>
</trkpt>
<trkpt lat="-9.0406489" lon="148.4366404">
	<ele>580.49</ele>
	<time>2026-02-17T03:07:18.937Z</time>
	<hdop>9.94</hdop>
	<extensions>
		<gpxtpx:TrackPointExtension>
			<gpxtpx:course>111.291794</gpxtpx:course>
		</gpxtpx:TrackPointExtension>
	</extensions>
</trkpt>
<trkpt lat="-9.0407275" lon="148.4367000">
	<ele>591.56</ele>
	<time>2026-02-17T03:07:36.937Z</time>
	<hdop>9.94</hdop>
	<extensions>
		<gpxtpx:TrackPointExtension>
			<gpxtpx:course>111.934845</gpxtpx:course>
		</gpxtpx:TrackPointExtension>
	</extensions>
</trkpt>
<trkpt lat="-9.0407806" lon="148.4367755">
	<ele>594.52</ele>
	<time>2026-02-17T03:07:49.937Z</time>
	<hdop>9.94</hdop>
	<extensions>
		<gpxtpx:TrackPointExtension>
			<gpxtpx:course>122.309166</gpxtpx:course>
		</gpxtpx:TrackPointExtension>
	</extensions>
</trkpt>
<trkpt lat="-9.0408434" lon="148.4368507">
	<ele>594.63</ele>
	<time>2026-02-17T03:08:01.937Z</time>
	<hdop>9.94</hdop>
	<extensions>
		<gpxtpx:TrackPointExtension>
			<gpxtpx:course>110.7264</gpxtpx:course>
		</gpxtpx:TrackPointExtension>
	</extensions>
</trkpt>
<trkpt lat="-9.0408842" lon="148.4369348">
	<ele>595.31</ele>
	<time>2026-02-17T03:08:22.938Z</time>
	<hdop>9.94</hdop>
	<extensions>
		<gpxtpx:TrackPointExtension>
			<gpxtpx:course>95.914055</gpxtpx:course>
		</gpxtpx:TrackPointExtension>
	</extensions>
</trkpt>
<trkpt lat="-9.0408982" lon="148.4370271">
	<ele>591.99</ele>
	<time>2026-02-17T03:08:37.937Z</time>
	<hdop>9.94</hdop>
	<extensions>
		<gpxtpx:TrackPointExtension>
			<gpxtpx:course>69.97923</gpxtpx:course>
		</gpxtpx:TrackPointExtension>
	</extensions>
</trkpt>
<trkpt lat="-9.0409144" lon="148.4371234">
	<ele>598.85</ele>
	<time>2026-02-17T03:08:51.937Z</time>
	<hdop>9.94</hdop>
	<extensions>
		<gpxtpx:TrackPointExtension>
			<gpxtpx:course>79.76008</gpxtpx:course>
		</gpxtpx:TrackPointExtension>
	</extensions>
</trkpt>
<trkpt lat="-9.0409579" lon="148.4372382">
	<ele>596.71</ele>
	<time>2026-02-17T03:09:01.938Z</time>
	<hdop>3.79</hdop>
	<extensions>
		<gpxtpx:TrackPointExtension>
			<gpxtpx:course>100.45546</gpxtpx:course>
		</gpxtpx:TrackPointExtension>
	</extensions>
</trkpt>
<trkpt lat="-9.0409616" lon="148.4373407">
	<ele>594.36</ele>
	<time>2026-02-17T03:09:11.938Z</time>
	<hdop>3.79</hdop>
	<extensions>
		<gpxtpx:TrackPointExtension>
			<gpxtpx:course>97.97487</gpxtpx:course>
		</gpxtpx:TrackPointExtension>
	</extensions>
</trkpt>
<trkpt lat="-9.0410296" lon="148.4374011">
	<ele>591.79</ele>
	<time>2026-02-17T03:09:24.938Z</time>
	<hdop>3.79</hdop>
	<extensions>
		<gpxtpx:TrackPointExtension>
			<gpxtpx:course>180.9127</gpxtpx:course>
		</gpxtpx:TrackPointExtension>
	</extensions>
</trkpt>
<trkpt lat="-9.0411247" lon="148.4374136">
	<ele>590.93</ele>
	<time>2026-02-17T03:09:34.938Z</time>
	<hdop>3.79</hdop>
	<extensions>
		<gpxtpx:TrackPointExtension>
			<gpxtpx:course>169.91266</gpxtpx:course>
		</gpxtpx:TrackPointExtension>
	</extensions>
</trkpt>
</trkseg>
</trk>
</gpx>
