<?xml version="1.0" encoding="utf-8" standalone="yes"?>
<gpx version="1.1" creator="Locus Map, Android"
 xmlns="http://www.topografix.com/GPX/1/1"
 xmlns:xsi="http://www.w3.org/2001/XMLSchema-instance"
 xsi:schemaLocation="http://www.topografix.com/GPX/1/1 http://www.topografix.com/GPX/1/1/gpx.xsd"
 xmlns:gpxx="http://www.garmin.com/xmlschemas/GpxExtensions/v3"
 xmlns:gpxtrkx="http://www.garmin.com/xmlschemas/TrackStatsExtension/v1"
 xmlns:gpxtpx="http://www.garmin.com/xmlschemas/TrackPointExtension/v2"
 xmlns:locus="https://www.locusmap.app">
	<metadata>
		<desc>File with points/tracks from Locus Map/4.32.4</desc>
		<time>2026-04-19T07:46:38.780Z</time>
	</metadata>
<trk>
	<name>Kiara to Grid 63 and back</name>
	<extensions>
		<line xmlns="http://www.topografix.com/GPX/gpx_style/0/2">
			<color>0000FF</color>
			<opacity>0.70</opacity>
			<width>6.0</width>
			<extensions>
				<locus:lsColorBase>#B30000FF</locus:lsColorBase>
				<locus:lsWidth>6.0</locus:lsWidth>
				<locus:lsUnits>PIXELS</locus:lsUnits>
			</extensions>
		</line>
		<locus:activity>walking</locus:activity>
	</extensions>
<trkseg>
<trkpt lat="-9.0919504" lon="148.2857658">
	<ele>799.15</ele>
	<time>2026-04-17T23:24:05.000Z</time>
	<hdop>3.50</hdop>
	<extensions>
		<gpxtpx:TrackPointExtension>
			<gpxtpx:course>7.7</gpxtpx:course>
		</gpxtpx:TrackPointExtension>
	</extensions>
</trkpt>
<trkpt lat="-9.0918377" lon="148.2857739">
	<ele>799.91</ele>
	<time>2026-04-17T23:24:15.000Z</time>
	<hdop>4.00</hdop>
	<extensions>
		<gpxtpx:TrackPointExtension>
			<gpxtpx:course>20.9</gpxtpx:course>
		</gpxtpx:TrackPointExtension>
	</extensions>
</trkpt>
<trkpt lat="-9.0917016" lon="148.2857712">
	<ele>798.16</ele>
	<time>2026-04-17T23:24:25.000Z</time>
	<hdop>4.00</hdop>
	<extensions>
		<gpxtpx:TrackPointExtension>
			<gpxtpx:course>359.8</gpxtpx:course>
		</gpxtpx:TrackPointExtension>
	</extensions>
</trkpt>
<trkpt lat="-9.0915850" lon="148.2857736">
	<ele>798.70</ele>
	<time>2026-04-17T23:24:35.000Z</time>
	<hdop>3.50</hdop>
	<extensions>
		<gpxtpx:TrackPointExtension>
			<gpxtpx:course>8.4</gpxtpx:course>
		</gpxtpx:TrackPointExtension>
	</extensions>
</trkpt>
<trkpt lat="-9.0914734" lon="148.2857852">
	<ele>798.90</ele>
	<time>2026-04-17T23:24:45.000Z</time>
	<hdop>3.50</hdop>
	<extensions>
		<gpxtpx:TrackPointExtension>
			<gpxtpx:course>15.1</gpxtpx:course>
		</gpxtpx:TrackPointExtension>
	</extensions>
</trkpt>
<trkpt lat="-9.0913460" lon="148.2857889">
	<ele>798.90</ele>
	<time>2026-04-17T23:24:55.000Z</time>
	<hdop>3.50</hdop>
	<extensions>
		<gpxtpx:TrackPointExtension>
			<gpxtpx:course>18.5</gpxtpx:course>
		</gpxtpx:TrackPointExtension>
	</extensions>
</trkpt>
<trkpt lat="-9.0912205" lon="148.2858034">
	<ele>798.90</ele>
	<time>2026-04-17T23:25:05.000Z</time>
	<hdop>4.00</hdop>
	<extensions>
		<gpxtpx:TrackPointExtension>
			<gpxtpx:course>23.5</gpxtpx:course>
		</gpxtpx:TrackPointExtension>
	</extensions>
</trkpt>
<trkpt lat="-9.0911264" lon="148.2858202">
	<ele>801.88</ele>
	<time>2026-04-17T23:25:16.000Z</time>
	<hdop>4.00</hdop>
	<extensions>
		<gpxtpx:TrackPointExtension>
			<gpxtpx:course>46.7</gpxtpx:course>
		</gpxtpx:TrackPointExtension>
	</extensions>
</trkpt>
<trkpt lat="-9.0910145" lon="148.2858567">
	<ele>803.84</ele>
	<time>2026-04-17T23:25:26.000Z</time>
	<hdop>3.50</hdop>
	<extensions>
		<gpxtpx:TrackPointExtension>
			<gpxtpx:course>24.2</gpxtpx:course>
		</gpxtpx:TrackPointExtension>
	</extensions>
</trkpt>
<trkpt lat="-9.0908946" lon="148.2858924">
	<ele>805.89</ele>
	<time>2026-04-17T23:25:36.000Z</time>
	<hdop>4.00</hdop>
	<extensions>
		<gpxtpx:TrackPointExtension>
			<gpxtpx:course>10.6</gpxtpx:course>
		</gpxtpx:TrackPointExtension>
	</extensions>
</trkpt>
<trkpt lat="-9.0907900" lon="148.2858743">
	<ele>806.90</ele>
	<time>2026-04-17T23:25:46.000Z</time>
	<hdop>3.50</hdop>
	<extensions>
		<gpxtpx:TrackPointExtension>
			<gpxtpx:course>340.0</gpxtpx:course>
		</gpxtpx:TrackPointExtension>
	</extensions>
</trkpt>
<trkpt lat="-9.0906830" lon="148.2858075">
	<ele>807.90</ele>
	<time>2026-04-17T23:25:56.000Z</time>
	<hdop>3.50</hdop>
	<extensions>
		<gpxtpx:TrackPointExtension>
			<gpxtpx:course>330.0</gpxtpx:course>
		</gpxtpx:TrackPointExtension>
	</extensions>
</trkpt>
<trkpt lat="-9.0905954" lon="148.2857432">
	<ele>808.90</ele>
	<time>2026-04-17T23:26:06.000Z</time>
	<hdop>3.50</hdop>
	<extensions>
		<gpxtpx:TrackPointExtension>
			<gpxtpx:course>328.7</gpxtpx:course>
		</gpxtpx:TrackPointExtension>
	</extensions>
</trkpt>
<trkpt lat="-9.0904889" lon="148.2856780">
	<ele>809.65</ele>
	<time>2026-04-17T23:26:16.000Z</time>
	<hdop>3.50</hdop>
	<extensions>
		<gpxtpx:TrackPointExtension>
			<gpxtpx:course>321.7</gpxtpx:course>
		</gpxtpx:TrackPointExtension>
	</extensions>
</trkpt>
<trkpt lat="-9.0903759" lon="148.2855904">
	<ele>808.91</ele>
	<time>2026-04-17T23:26:26.000Z</time>
	<hdop>3.50</hdop>
	<extensions>
		<gpxtpx:TrackPointExtension>
			<gpxtpx:course>337.7</gpxtpx:course>
		</gpxtpx:TrackPointExtension>
	</extensions>
</trkpt>
<trkpt lat="-9.0902961" lon="148.2855433">
	<ele>809.70</ele>
	<time>2026-04-17T23:26:38.000Z</time>
	<hdop>4.00</hdop>
	<extensions>
		<gpxtpx:TrackPointExtension>
			<gpxtpx:course>3.1</gpxtpx:course>
		</gpxtpx:TrackPointExtension>
	</extensions>
</trkpt>
<trkpt lat="-9.0901749" lon="148.2855392">
	<ele>810.61</ele>
	<time>2026-04-17T23:26:48.000Z</time>
	<hdop>3.50</hdop>
	<extensions>
		<gpxtpx:TrackPointExtension>
			<gpxtpx:course>6.3</gpxtpx:course>
		</gpxtpx:TrackPointExtension>
	</extensions>
</trkpt>
<trkpt lat="-9.0900765" lon="148.2855373">
	<ele>809.91</ele>
	<time>2026-04-17T23:26:58.000Z</time>
	<hdop>3.50</hdop>
	<extensions>
		<gpxtpx:TrackPointExtension>
			<gpxtpx:course>355.6</gpxtpx:course>
		</gpxtpx:TrackPointExtension>
	</extensions>
</trkpt>
<trkpt lat="-9.0899824" lon="148.2855437">
	<ele>808.90</ele>
	<time>2026-04-17T23:27:08.000Z</time>
	<hdop>4.00</hdop>
	<extensions>
		<gpxtpx:TrackPointExtension>
			<gpxtpx:course>4.2</gpxtpx:course>
		</gpxtpx:TrackPointExtension>
	</extensions>
</trkpt>
<trkpt lat="-9.0898713" lon="148.2855200">
	<ele>807.92</ele>
	<time>2026-04-17T23:27:18.000Z</time>
	<hdop>4.00</hdop>
	<extensions>
		<gpxtpx:TrackPointExtension>
			<gpxtpx:course>359.0</gpxtpx:course>
		</gpxtpx:TrackPointExtension>
	</extensions>
</trkpt>
<trkpt lat="-9.0897675" lon="148.2854916">
	<ele>807.90</ele>
	<time>2026-04-17T23:27:28.000Z</time>
	<hdop>3.50</hdop>
	<extensions>
		<gpxtpx:TrackPointExtension>
			<gpxtpx:course>340.1</gpxtpx:course>
		</gpxtpx:TrackPointExtension>
	</extensions>
</trkpt>
<trkpt lat="-9.0896517" lon="148.2854754">
	<ele>806.90</ele>
	<time>2026-04-17T23:27:38.000Z</time>
	<hdop>3.50</hdop>
	<extensions>
		<gpxtpx:TrackPointExtension>
			<gpxtpx:course>2.0</gpxtpx:course>
		</gpxtpx:TrackPointExtension>
	</extensions>
</trkpt>
<trkpt lat="-9.0895288" lon="148.2854485">
	<ele>806.15</ele>
	<time>2026-04-17T23:27:48.000Z</time>
	<hdop>3.50</hdop>
	<extensions>
		<gpxtpx:TrackPointExtension>
			<gpxtpx:course>357.7</gpxtpx:course>
		</gpxtpx:TrackPointExtension>
	</extensions>
</trkpt>
<trkpt lat="-9.0894080" lon="148.2854151">
	<ele>807.15</ele>
	<time>2026-04-17T23:27:58.000Z</time>
	<hdop>3.50</hdop>
	<extensions>
		<gpxtpx:TrackPointExtension>
			<gpxtpx:course>350.9</gpxtpx:course>
		</gpxtpx:TrackPointExtension>
	</extensions>
</trkpt>
<trkpt lat="-9.0892965" lon="148.2853688">
	<ele>807.90</ele>
	<time>2026-04-17T23:28:08.000Z</time>
	<hdop>3.50</hdop>
	<extensions>
		<gpxtpx:TrackPointExtension>
			<gpxtpx:course>346.4</gpxtpx:course>
		</gpxtpx:TrackPointExtension>
	</extensions>
</trkpt>
<trkpt lat="-9.0891987" lon="148.2853169">
	<ele>806.90</ele>
	<time>2026-04-17T23:28:18.000Z</time>
	<hdop>3.50</hdop>
	<extensions>
		<gpxtpx:TrackPointExtension>
			<gpxtpx:course>343.0</gpxtpx:course>
		</gpxtpx:TrackPointExtension>
	</extensions>
</trkpt>
<trkpt lat="-9.0891038" lon="148.2852760">
	<ele>806.91</ele>
	<time>2026-04-17T23:28:28.000Z</time>
	<hdop>3.50</hdop>
	<extensions>
		<gpxtpx:TrackPointExtension>
			<gpxtpx:course>346.9</gpxtpx:course>
		</gpxtpx:TrackPointExtension>
	</extensions>
</trkpt>
<trkpt lat="-9.0889964" lon="148.2852370">
	<ele>807.89</ele>
	<time>2026-04-17T23:28:38.000Z</time>
	<hdop>3.50</hdop>
	<extensions>
		<gpxtpx:TrackPointExtension>
			<gpxtpx:course>342.8</gpxtpx:course>
		</gpxtpx:TrackPointExtension>
	</extensions>
</trkpt>
<trkpt lat="-9.0889000" lon="148.2852094">
	<ele>805.16</ele>
	<time>2026-04-17T23:28:48.000Z</time>
	<hdop>4.00</hdop>
	<extensions>
		<gpxtpx:TrackPointExtension>
			<gpxtpx:course>344.7</gpxtpx:course>
		</gpxtpx:TrackPointExtension>
	</extensions>
</trkpt>
<trkpt lat="-9.0887760" lon="148.2851738">
	<ele>804.91</ele>
	<time>2026-04-17T23:28:58.000Z</time>
	<hdop>3.50</hdop>
	<extensions>
		<gpxtpx:TrackPointExtension>
			<gpxtpx:course>353.2</gpxtpx:course>
		</gpxtpx:TrackPointExtension>
	</extensions>
</trkpt>
<trkpt lat="-9.0886533" lon="148.2851261">
	<ele>803.92</ele>
	<time>2026-04-17T23:29:08.000Z</time>
	<hdop>3.50</hdop>
	<extensions>
		<gpxtpx:TrackPointExtension>
			<gpxtpx:course>339.4</gpxtpx:course>
		</gpxtpx:TrackPointExtension>
	</extensions>
</trkpt>
<trkpt lat="-9.0885358" lon="148.2850769">
	<ele>806.84</ele>
	<time>2026-04-17T23:29:18.000Z</time>
	<hdop>3.50</hdop>
	<extensions>
		<gpxtpx:TrackPointExtension>
			<gpxtpx:course>355.6</gpxtpx:course>
		</gpxtpx:TrackPointExtension>
	</extensions>
</trkpt>
<trkpt lat="-9.0884201" lon="148.2850734">
	<ele>806.91</ele>
	<time>2026-04-17T23:29:28.000Z</time>
	<hdop>3.50</hdop>
	<extensions>
		<gpxtpx:TrackPointExtension>
			<gpxtpx:course>7.0</gpxtpx:course>
		</gpxtpx:TrackPointExtension>
	</extensions>
</trkpt>
<trkpt lat="-9.0883136" lon="148.2850963">
	<ele>806.92</ele>
	<time>2026-04-17T23:29:38.000Z</time>
	<hdop>4.00</hdop>
	<extensions>
		<gpxtpx:TrackPointExtension>
			<gpxtpx:course>14.8</gpxtpx:course>
		</gpxtpx:TrackPointExtension>
	</extensions>
</trkpt>
<trkpt lat="-9.0882185" lon="148.2851163">
	<ele>807.91</ele>
	<time>2026-04-17T23:29:50.000Z</time>
	<hdop>3.50</hdop>
	<extensions>
		<gpxtpx:TrackPointExtension>
			<gpxtpx:course>20.7</gpxtpx:course>
		</gpxtpx:TrackPointExtension>
	</extensions>
</trkpt>
<trkpt lat="-9.0881182" lon="148.2851406">
	<ele>808.91</ele>
	<time>2026-04-17T23:30:00.000Z</time>
	<hdop>3.50</hdop>
	<extensions>
		<gpxtpx:TrackPointExtension>
			<gpxtpx:course>15.3</gpxtpx:course>
		</gpxtpx:TrackPointExtension>
	</extensions>
</trkpt>
<trkpt lat="-9.0879931" lon="148.2851488">
	<ele>808.92</ele>
	<time>2026-04-17T23:30:10.000Z</time>
	<hdop>3.50</hdop>
	<extensions>
		<gpxtpx:TrackPointExtension>
			<gpxtpx:course>5.5</gpxtpx:course>
		</gpxtpx:TrackPointExtension>
	</extensions>
</trkpt>
<trkpt lat="-9.0878802" lon="148.2851421">
	<ele>809.67</ele>
	<time>2026-04-17T23:30:20.000Z</time>
	<hdop>3.50</hdop>
	<extensions>
		<gpxtpx:TrackPointExtension>
			<gpxtpx:course>355.3</gpxtpx:course>
		</gpxtpx:TrackPointExtension>
	</extensions>
</trkpt>
<trkpt lat="-9.0877808" lon="148.2851086">
	<ele>811.60</ele>
	<time>2026-04-17T23:30:30.000Z</time>
	<hdop>3.50</hdop>
	<extensions>
		<gpxtpx:TrackPointExtension>
			<gpxtpx:course>354.2</gpxtpx:course>
		</gpxtpx:TrackPointExtension>
	</extensions>
</trkpt>
<trkpt lat="-9.0876754" lon="148.2850785">
	<ele>810.86</ele>
	<time>2026-04-17T23:30:40.000Z</time>
	<hdop>3.50</hdop>
	<extensions>
		<gpxtpx:TrackPointExtension>
			<gpxtpx:course>348.8</gpxtpx:course>
		</gpxtpx:TrackPointExtension>
	</extensions>
</trkpt>
<trkpt lat="-9.0875704" lon="148.2850445">
	<ele>811.87</ele>
	<time>2026-04-17T23:30:50.000Z</time>
	<hdop>3.50</hdop>
	<extensions>
		<gpxtpx:TrackPointExtension>
			<gpxtpx:course>333.1</gpxtpx:course>
		</gpxtpx:TrackPointExtension>
	</extensions>
</trkpt>
<trkpt lat="-9.0874820" lon="148.2849789">
	<ele>813.85</ele>
	<time>2026-04-17T23:31:00.000Z</time>
	<hdop>3.50</hdop>
	<extensions>
		<gpxtpx:TrackPointExtension>
			<gpxtpx:course>327.5</gpxtpx:course>
		</gpxtpx:TrackPointExtension>
	</extensions>
</trkpt>
<trkpt lat="-9.0874040" lon="148.2849169">
	<ele>812.91</ele>
	<time>2026-04-17T23:31:40.000Z</time>
	<hdop>3.50</hdop>
	<extensions>
		<gpxtpx:TrackPointExtension>
			<gpxtpx:course>298.4</gpxtpx:course>
		</gpxtpx:TrackPointExtension>
	</extensions>
</trkpt>
<trkpt lat="-9.0873645" lon="148.2848298">
	<ele>812.66</ele>
	<time>2026-04-17T23:31:51.000Z</time>
	<hdop>3.50</hdop>
	<extensions>
		<gpxtpx:TrackPointExtension>
			<gpxtpx:course>319.8</gpxtpx:course>
		</gpxtpx:TrackPointExtension>
	</extensions>
</trkpt>
<trkpt lat="-9.0873043" lon="148.2847588">
	<ele>809.95</ele>
	<time>2026-04-17T23:33:09.000Z</time>
	<hdop>2.50</hdop>
	<extensions>
		<gpxtpx:TrackPointExtension>
			<gpxtpx:course>306.6</gpxtpx:course>
		</gpxtpx:TrackPointExtension>
	</extensions>
</trkpt>
<trkpt lat="-9.0872387" lon="148.2846896">
	<ele>811.16</ele>
	<time>2026-04-17T23:33:41.000Z</time>
	<hdop>3.00</hdop>
	<extensions>
		<gpxtpx:TrackPointExtension>
			<gpxtpx:course>316.0</gpxtpx:course>
		</gpxtpx:TrackPointExtension>
	</extensions>
</trkpt>
<trkpt lat="-9.0871864" lon="148.2846062">
	<ele>809.16</ele>
	<time>2026-04-17T23:33:51.000Z</time>
	<hdop>3.00</hdop>
	<extensions>
		<gpxtpx:TrackPointExtension>
			<gpxtpx:course>316.5</gpxtpx:course>
		</gpxtpx:TrackPointExtension>
	</extensions>
</trkpt>
<trkpt lat="-9.0871555" lon="148.2845192">
	<ele>806.16</ele>
	<time>2026-04-17T23:36:06.000Z</time>
	<hdop>3.00</hdop>
	<extensions>
		<gpxtpx:TrackPointExtension>
			<gpxtpx:course>256.1</gpxtpx:course>
		</gpxtpx:TrackPointExtension>
	</extensions>
</trkpt>
<trkpt lat="-9.0871825" lon="148.2844259">
	<ele>803.22</ele>
	<time>2026-04-17T23:36:26.000Z</time>
	<hdop>2.50</hdop>
	<extensions>
		<gpxtpx:TrackPointExtension>
			<gpxtpx:course>240.0</gpxtpx:course>
		</gpxtpx:TrackPointExtension>
	</extensions>
</trkpt>
<trkpt lat="-9.0872335" lon="148.2843507">
	<ele>797.22</ele>
	<time>2026-04-17T23:36:48.000Z</time>
	<hdop>3.00</hdop>
	<extensions>
		<gpxtpx:TrackPointExtension>
			<gpxtpx:course>239.2</gpxtpx:course>
		</gpxtpx:TrackPointExtension>
	</extensions>
</trkpt>
<trkpt lat="-9.0873049" lon="148.2842871">
	<ele>791.86</ele>
	<time>2026-04-17T23:37:06.000Z</time>
	<hdop>3.00</hdop>
	<extensions>
		<gpxtpx:TrackPointExtension>
			<gpxtpx:course>230.6</gpxtpx:course>
		</gpxtpx:TrackPointExtension>
	</extensions>
</trkpt>
<trkpt lat="-9.0873684" lon="148.2842220">
	<ele>791.84</ele>
	<time>2026-04-17T23:37:20.000Z</time>
	<hdop>3.00</hdop>
	<extensions>
		<gpxtpx:TrackPointExtension>
			<gpxtpx:course>211.2</gpxtpx:course>
		</gpxtpx:TrackPointExtension>
	</extensions>
</trkpt>
<trkpt lat="-9.0874637" lon="148.2842379">
	<ele>788.91</ele>
	<time>2026-04-17T23:37:34.000Z</time>
	<hdop>3.00</hdop>
	<extensions>
		<gpxtpx:TrackPointExtension>
			<gpxtpx:course>153.6</gpxtpx:course>
		</gpxtpx:TrackPointExtension>
	</extensions>
</trkpt>
<trkpt lat="-9.0875554" lon="148.2842456">
	<ele>787.14</ele>
	<time>2026-04-17T23:37:44.000Z</time>
	<hdop>2.50</hdop>
	<extensions>
		<gpxtpx:TrackPointExtension>
			<gpxtpx:course>220.9</gpxtpx:course>
		</gpxtpx:TrackPointExtension>
	</extensions>
</trkpt>
<trkpt lat="-9.0876460" lon="148.2842273">
	<ele>785.89</ele>
	<time>2026-04-17T23:38:26.000Z</time>
	<hdop>2.50</hdop>
	<extensions>
		<gpxtpx:TrackPointExtension>
			<gpxtpx:course>187.2</gpxtpx:course>
		</gpxtpx:TrackPointExtension>
	</extensions>
</trkpt>
<trkpt lat="-9.0877424" lon="148.2842334">
	<ele>779.92</ele>
	<time>2026-04-17T23:38:52.000Z</time>
	<hdop>3.00</hdop>
	<extensions>
		<gpxtpx:TrackPointExtension>
			<gpxtpx:course>184.2</gpxtpx:course>
		</gpxtpx:TrackPointExtension>
	</extensions>
</trkpt>
<trkpt lat="-9.0878225" lon="148.2841908">
	<ele>772.22</ele>
	<time>2026-04-17T23:39:43.000Z</time>
	<hdop>3.00</hdop>
	<extensions>
		<gpxtpx:TrackPointExtension>
			<gpxtpx:course>234.2</gpxtpx:course>
		</gpxtpx:TrackPointExtension>
	</extensions>
</trkpt>
<trkpt lat="-9.0879002" lon="148.2841379">
	<ele>763.91</ele>
	<time>2026-04-17T23:40:20.000Z</time>
	<hdop>3.00</hdop>
	<extensions>
		<gpxtpx:TrackPointExtension>
			<gpxtpx:course>224.2</gpxtpx:course>
		</gpxtpx:TrackPointExtension>
	</extensions>
</trkpt>
<trkpt lat="-9.0879341" lon="148.2840478">
	<ele>751.92</ele>
	<time>2026-04-17T23:41:12.000Z</time>
	<hdop>3.50</hdop>
	<extensions>
		<gpxtpx:TrackPointExtension>
			<gpxtpx:course>332.8</gpxtpx:course>
		</gpxtpx:TrackPointExtension>
	</extensions>
</trkpt>
<trkpt lat="-9.0879405" lon="148.2839571">
	<ele>749.90</ele>
	<time>2026-04-17T23:41:51.000Z</time>
	<hdop>3.50</hdop>
	<extensions>
		<gpxtpx:TrackPointExtension>
			<gpxtpx:course>239.4</gpxtpx:course>
		</gpxtpx:TrackPointExtension>
	</extensions>
</trkpt>
<trkpt lat="-9.0879497" lon="148.2838596">
	<ele>742.16</ele>
	<time>2026-04-17T23:42:28.000Z</time>
	<hdop>4.00</hdop>
	<extensions>
		<gpxtpx:TrackPointExtension>
			<gpxtpx:course>330.8</gpxtpx:course>
		</gpxtpx:TrackPointExtension>
	</extensions>
</trkpt>
<trkpt lat="-9.0879957" lon="148.2837752">
	<ele>736.83</ele>
	<time>2026-04-17T23:42:43.000Z</time>
	<hdop>4.00</hdop>
	<extensions>
		<gpxtpx:TrackPointExtension>
			<gpxtpx:course>256.6</gpxtpx:course>
		</gpxtpx:TrackPointExtension>
	</extensions>
</trkpt>
<trkpt lat="-9.0880410" lon="148.2836921">
	<ele>737.96</ele>
	<time>2026-04-17T23:43:05.000Z</time>
	<hdop>3.00</hdop>
	<extensions>
		<gpxtpx:TrackPointExtension>
			<gpxtpx:course>274.6</gpxtpx:course>
		</gpxtpx:TrackPointExtension>
	</extensions>
</trkpt>
<trkpt lat="-9.0880682" lon="148.2835997">
	<ele>736.88</ele>
	<time>2026-04-17T23:43:17.000Z</time>
	<hdop>3.50</hdop>
	<extensions>
		<gpxtpx:TrackPointExtension>
			<gpxtpx:course>271.1</gpxtpx:course>
		</gpxtpx:TrackPointExtension>
	</extensions>
</trkpt>
<trkpt lat="-9.0881080" lon="148.2835164">
	<ele>739.65</ele>
	<time>2026-04-17T23:43:34.000Z</time>
	<hdop>3.50</hdop>
	<extensions>
		<gpxtpx:TrackPointExtension>
			<gpxtpx:course>265.6</gpxtpx:course>
		</gpxtpx:TrackPointExtension>
	</extensions>
</trkpt>
<trkpt lat="-9.0880906" lon="148.2834243">
	<ele>750.63</ele>
	<time>2026-04-17T23:43:58.000Z</time>
	<hdop>3.50</hdop>
	<extensions>
		<gpxtpx:TrackPointExtension>
			<gpxtpx:course>224.9</gpxtpx:course>
		</gpxtpx:TrackPointExtension>
	</extensions>
</trkpt>
<trkpt lat="-9.0880291" lon="148.2833544">
	<ele>758.63</ele>
	<time>2026-04-17T23:44:21.000Z</time>
	<hdop>3.00</hdop>
	<extensions>
		<gpxtpx:TrackPointExtension>
			<gpxtpx:course>106.3</gpxtpx:course>
		</gpxtpx:TrackPointExtension>
	</extensions>
</trkpt>
<trkpt lat="-9.0880062" lon="148.2832586">
	<ele>760.65</ele>
	<time>2026-04-17T23:44:38.000Z</time>
	<hdop>3.00</hdop>
	<extensions>
		<gpxtpx:TrackPointExtension>
			<gpxtpx:course>308.4</gpxtpx:course>
		</gpxtpx:TrackPointExtension>
	</extensions>
</trkpt>
<trkpt lat="-9.0879698" lon="148.2831736">
	<ele>763.10</ele>
	<time>2026-04-17T23:44:58.000Z</time>
	<hdop>3.50</hdop>
	<extensions>
		<gpxtpx:TrackPointExtension>
			<gpxtpx:course>311.9</gpxtpx:course>
		</gpxtpx:TrackPointExtension>
	</extensions>
</trkpt>
<trkpt lat="-9.0879468" lon="148.2830829">
	<ele>770.65</ele>
	<time>2026-04-17T23:45:19.000Z</time>
	<hdop>3.50</hdop>
	<extensions>
		<gpxtpx:TrackPointExtension>
			<gpxtpx:course>307.2</gpxtpx:course>
		</gpxtpx:TrackPointExtension>
	</extensions>
</trkpt>
<trkpt lat="-9.0879527" lon="148.2829897">
	<ele>773.83</ele>
	<time>2026-04-17T23:45:34.000Z</time>
	<hdop>3.50</hdop>
	<extensions>
		<gpxtpx:TrackPointExtension>
			<gpxtpx:course>258.4</gpxtpx:course>
		</gpxtpx:TrackPointExtension>
	</extensions>
</trkpt>
<trkpt lat="-9.0879312" lon="148.2829002">
	<ele>773.90</ele>
	<time>2026-04-17T23:45:52.000Z</time>
	<hdop>3.00</hdop>
	<extensions>
		<gpxtpx:TrackPointExtension>
			<gpxtpx:course>288.9</gpxtpx:course>
		</gpxtpx:TrackPointExtension>
	</extensions>
</trkpt>
<trkpt lat="-9.0879043" lon="148.2828110">
	<ele>775.90</ele>
	<time>2026-04-17T23:46:02.000Z</time>
	<hdop>3.00</hdop>
	<extensions>
		<gpxtpx:TrackPointExtension>
			<gpxtpx:course>290.1</gpxtpx:course>
		</gpxtpx:TrackPointExtension>
	</extensions>
</trkpt>
<trkpt lat="-9.0878789" lon="148.2827230">
	<ele>778.88</ele>
	<time>2026-04-17T23:46:12.000Z</time>
	<hdop>3.50</hdop>
	<extensions>
		<gpxtpx:TrackPointExtension>
			<gpxtpx:course>290.2</gpxtpx:course>
		</gpxtpx:TrackPointExtension>
	</extensions>
</trkpt>
<trkpt lat="-9.0878652" lon="148.2826310">
	<ele>781.63</ele>
	<time>2026-04-17T23:46:23.000Z</time>
	<hdop>3.50</hdop>
	<extensions>
		<gpxtpx:TrackPointExtension>
			<gpxtpx:course>295.2</gpxtpx:course>
		</gpxtpx:TrackPointExtension>
	</extensions>
</trkpt>
<trkpt lat="-9.0878503" lon="148.2825359">
	<ele>783.89</ele>
	<time>2026-04-17T23:46:34.000Z</time>
	<hdop>3.00</hdop>
	<extensions>
		<gpxtpx:TrackPointExtension>
			<gpxtpx:course>285.2</gpxtpx:course>
		</gpxtpx:TrackPointExtension>
	</extensions>
</trkpt>
<trkpt lat="-9.0878306" lon="148.2824403">
	<ele>786.89</ele>
	<time>2026-04-17T23:46:44.000Z</time>
	<hdop>3.50</hdop>
	<extensions>
		<gpxtpx:TrackPointExtension>
			<gpxtpx:course>279.6</gpxtpx:course>
		</gpxtpx:TrackPointExtension>
	</extensions>
</trkpt>
<trkpt lat="-9.0878101" lon="148.2823460">
	<ele>787.85</ele>
	<time>2026-04-17T23:46:55.000Z</time>
	<hdop>3.50</hdop>
	<extensions>
		<gpxtpx:TrackPointExtension>
			<gpxtpx:course>303.7</gpxtpx:course>
		</gpxtpx:TrackPointExtension>
	</extensions>
</trkpt>
<trkpt lat="-9.0877720" lon="148.2822537">
	<ele>789.58</ele>
	<time>2026-04-17T23:47:07.000Z</time>
	<hdop>4.00</hdop>
	<extensions>
		<gpxtpx:TrackPointExtension>
			<gpxtpx:course>299.5</gpxtpx:course>
		</gpxtpx:TrackPointExtension>
	</extensions>
</trkpt>
<trkpt lat="-9.0877316" lon="148.2821666">
	<ele>788.65</ele>
	<time>2026-04-17T23:47:19.000Z</time>
	<hdop>3.50</hdop>
	<extensions>
		<gpxtpx:TrackPointExtension>
			<gpxtpx:course>303.1</gpxtpx:course>
		</gpxtpx:TrackPointExtension>
	</extensions>
</trkpt>
<trkpt lat="-9.0877064" lon="148.2820693">
	<ele>788.89</ele>
	<time>2026-04-17T23:47:33.000Z</time>
	<hdop>4.00</hdop>
	<extensions>
		<gpxtpx:TrackPointExtension>
			<gpxtpx:course>277.6</gpxtpx:course>
		</gpxtpx:TrackPointExtension>
	</extensions>
</trkpt>
<trkpt lat="-9.0877005" lon="148.2819544">
	<ele>788.95</ele>
	<time>2026-04-17T23:47:43.000Z</time>
	<hdop>3.00</hdop>
	<extensions>
		<gpxtpx:TrackPointExtension>
			<gpxtpx:course>289.7</gpxtpx:course>
		</gpxtpx:TrackPointExtension>
	</extensions>
</trkpt>
<trkpt lat="-9.0876877" lon="148.2818487">
	<ele>790.64</ele>
	<time>2026-04-17T23:47:53.000Z</time>
	<hdop>3.00</hdop>
	<extensions>
		<gpxtpx:TrackPointExtension>
			<gpxtpx:course>294.2</gpxtpx:course>
		</gpxtpx:TrackPointExtension>
	</extensions>
</trkpt>
<trkpt lat="-9.0876813" lon="148.2817483">
	<ele>791.83</ele>
	<time>2026-04-17T23:48:03.000Z</time>
	<hdop>3.00</hdop>
	<extensions>
		<gpxtpx:TrackPointExtension>
			<gpxtpx:course>280.6</gpxtpx:course>
		</gpxtpx:TrackPointExtension>
	</extensions>
</trkpt>
<trkpt lat="-9.0876846" lon="148.2816475">
	<ele>795.62</ele>
	<time>2026-04-17T23:48:13.000Z</time>
	<hdop>3.50</hdop>
	<extensions>
		<gpxtpx:TrackPointExtension>
			<gpxtpx:course>276.0</gpxtpx:course>
		</gpxtpx:TrackPointExtension>
	</extensions>
</trkpt>
<trkpt lat="-9.0877021" lon="148.2815578">
	<ele>799.64</ele>
	<time>2026-04-17T23:48:25.000Z</time>
	<hdop>3.00</hdop>
	<extensions>
		<gpxtpx:TrackPointExtension>
			<gpxtpx:course>268.8</gpxtpx:course>
		</gpxtpx:TrackPointExtension>
	</extensions>
</trkpt>
<trkpt lat="-9.0877051" lon="148.2814650">
	<ele>803.89</ele>
	<time>2026-04-17T23:48:41.000Z</time>
	<hdop>3.50</hdop>
	<extensions>
		<gpxtpx:TrackPointExtension>
			<gpxtpx:course>247.8</gpxtpx:course>
		</gpxtpx:TrackPointExtension>
	</extensions>
</trkpt>
<trkpt lat="-9.0876940" lon="148.2813733">
	<ele>809.64</ele>
	<time>2026-04-17T23:49:06.000Z</time>
	<hdop>3.50</hdop>
	<extensions>
		<gpxtpx:TrackPointExtension>
			<gpxtpx:course>282.4</gpxtpx:course>
		</gpxtpx:TrackPointExtension>
	</extensions>
</trkpt>
<trkpt lat="-9.0876504" lon="148.2812921">
	<ele>811.89</ele>
	<time>2026-04-17T23:49:19.000Z</time>
	<hdop>3.50</hdop>
	<extensions>
		<gpxtpx:TrackPointExtension>
			<gpxtpx:course>308.0</gpxtpx:course>
		</gpxtpx:TrackPointExtension>
	</extensions>
</trkpt>
<trkpt lat="-9.0876434" lon="148.2811945">
	<ele>815.90</ele>
	<time>2026-04-17T23:49:33.000Z</time>
	<hdop>3.50</hdop>
	<extensions>
		<gpxtpx:TrackPointExtension>
			<gpxtpx:course>283.6</gpxtpx:course>
		</gpxtpx:TrackPointExtension>
	</extensions>
</trkpt>
<trkpt lat="-9.0876099" lon="148.2811076">
	<ele>818.88</ele>
	<time>2026-04-17T23:49:43.000Z</time>
	<hdop>3.50</hdop>
	<extensions>
		<gpxtpx:TrackPointExtension>
			<gpxtpx:course>315.3</gpxtpx:course>
		</gpxtpx:TrackPointExtension>
	</extensions>
</trkpt>
<trkpt lat="-9.0875286" lon="148.2810673">
	<ele>826.89</ele>
	<time>2026-04-17T23:51:20.000Z</time>
	<hdop>2.50</hdop>
	<extensions>
		<gpxtpx:TrackPointExtension>
			<gpxtpx:course>140.5</gpxtpx:course>
		</gpxtpx:TrackPointExtension>
	</extensions>
</trkpt>
<trkpt lat="-9.0874531" lon="148.2810139">
	<ele>828.14</ele>
	<time>2026-04-18T00:05:31.000Z</time>
	<hdop>3.00</hdop>
	<extensions>
		<gpxtpx:TrackPointExtension>
			<gpxtpx:course>344.6</gpxtpx:course>
		</gpxtpx:TrackPointExtension>
	</extensions>
</trkpt>
<trkpt lat="-9.0873644" lon="148.2809586">
	<ele>829.08</ele>
	<time>2026-04-18T00:05:41.000Z</time>
	<hdop>3.00</hdop>
	<extensions>
		<gpxtpx:TrackPointExtension>
			<gpxtpx:course>338.2</gpxtpx:course>
		</gpxtpx:TrackPointExtension>
	</extensions>
</trkpt>
<trkpt lat="-9.0872614" lon="148.2809361">
	<ele>829.89</ele>
	<time>2026-04-18T00:05:51.000Z</time>
	<hdop>3.00</hdop>
	<extensions>
		<gpxtpx:TrackPointExtension>
			<gpxtpx:course>359.6</gpxtpx:course>
		</gpxtpx:TrackPointExtension>
	</extensions>
</trkpt>
<trkpt lat="-9.0871799" lon="148.2808808">
	<ele>831.64</ele>
	<time>2026-04-18T00:06:01.000Z</time>
	<hdop>3.50</hdop>
	<extensions>
		<gpxtpx:TrackPointExtension>
			<gpxtpx:course>323.4</gpxtpx:course>
		</gpxtpx:TrackPointExtension>
	</extensions>
</trkpt>
<trkpt lat="-9.0871179" lon="148.2808110">
	<ele>830.89</ele>
	<time>2026-04-18T00:06:11.000Z</time>
	<hdop>3.50</hdop>
	<extensions>
		<gpxtpx:TrackPointExtension>
			<gpxtpx:course>324.2</gpxtpx:course>
		</gpxtpx:TrackPointExtension>
	</extensions>
</trkpt>
<trkpt lat="-9.0870182" lon="148.2807652">
	<ele>830.87</ele>
	<time>2026-04-18T00:06:21.000Z</time>
	<hdop>3.50</hdop>
	<extensions>
		<gpxtpx:TrackPointExtension>
			<gpxtpx:course>340.2</gpxtpx:course>
		</gpxtpx:TrackPointExtension>
	</extensions>
</trkpt>
<trkpt lat="-9.0869428" lon="148.2806898">
	<ele>829.90</ele>
	<time>2026-04-18T00:06:31.000Z</time>
	<hdop>3.50</hdop>
	<extensions>
		<gpxtpx:TrackPointExtension>
			<gpxtpx:course>338.7</gpxtpx:course>
		</gpxtpx:TrackPointExtension>
	</extensions>
</trkpt>
<trkpt lat="-9.0868560" lon="148.2806295">
	<ele>831.87</ele>
	<time>2026-04-18T00:06:41.000Z</time>
	<hdop>3.50</hdop>
	<extensions>
		<gpxtpx:TrackPointExtension>
			<gpxtpx:course>330.3</gpxtpx:course>
		</gpxtpx:TrackPointExtension>
	</extensions>
</trkpt>
<trkpt lat="-9.0867877" lon="148.2805358">
	<ele>832.88</ele>
	<time>2026-04-18T00:06:51.000Z</time>
	<hdop>3.50</hdop>
	<extensions>
		<gpxtpx:TrackPointExtension>
			<gpxtpx:course>293.9</gpxtpx:course>
		</gpxtpx:TrackPointExtension>
	</extensions>
</trkpt>
<trkpt lat="-9.0867610" lon="148.2804064">
	<ele>832.89</ele>
	<time>2026-04-18T00:07:01.000Z</time>
	<hdop>3.50</hdop>
	<extensions>
		<gpxtpx:TrackPointExtension>
			<gpxtpx:course>309.3</gpxtpx:course>
		</gpxtpx:TrackPointExtension>
	</extensions>
</trkpt>
<trkpt lat="-9.0867380" lon="148.2802964">
	<ele>832.90</ele>
	<time>2026-04-18T00:07:11.000Z</time>
	<hdop>3.50</hdop>
	<extensions>
		<gpxtpx:TrackPointExtension>
			<gpxtpx:course>283.9</gpxtpx:course>
		</gpxtpx:TrackPointExtension>
	</extensions>
</trkpt>
<trkpt lat="-9.0867039" lon="148.2801826">
	<ele>830.90</ele>
	<time>2026-04-18T00:07:21.000Z</time>
	<hdop>3.50</hdop>
	<extensions>
		<gpxtpx:TrackPointExtension>
			<gpxtpx:course>276.0</gpxtpx:course>
		</gpxtpx:TrackPointExtension>
	</extensions>
</trkpt>
<trkpt lat="-9.0867421" lon="148.2800891">
	<ele>828.89</ele>
	<time>2026-04-18T00:07:31.000Z</time>
	<hdop>3.50</hdop>
	<extensions>
		<gpxtpx:TrackPointExtension>
			<gpxtpx:course>245.1</gpxtpx:course>
		</gpxtpx:TrackPointExtension>
	</extensions>
</trkpt>
<trkpt lat="-9.0867186" lon="148.2799946">
	<ele>828.88</ele>
	<time>2026-04-18T00:07:41.000Z</time>
	<hdop>3.50</hdop>
	<extensions>
		<gpxtpx:TrackPointExtension>
			<gpxtpx:course>314.6</gpxtpx:course>
		</gpxtpx:TrackPointExtension>
	</extensions>
</trkpt>
<trkpt lat="-9.0866305" lon="148.2799571">
	<ele>830.88</ele>
	<time>2026-04-18T00:07:53.000Z</time>
	<hdop>3.50</hdop>
	<extensions>
		<gpxtpx:TrackPointExtension>
			<gpxtpx:course>350.1</gpxtpx:course>
		</gpxtpx:TrackPointExtension>
	</extensions>
</trkpt>
<trkpt lat="-9.0865455" lon="148.2799252">
	<ele>827.14</ele>
	<time>2026-04-18T00:08:10.000Z</time>
	<hdop>3.50</hdop>
	<extensions>
		<gpxtpx:TrackPointExtension>
			<gpxtpx:course>358.5</gpxtpx:course>
		</gpxtpx:TrackPointExtension>
	</extensions>
</trkpt>
<trkpt lat="-9.0864492" lon="148.2799268">
	<ele>821.15</ele>
	<time>2026-04-18T00:08:26.000Z</time>
	<hdop>3.50</hdop>
	<extensions>
		<gpxtpx:TrackPointExtension>
			<gpxtpx:course>60.8</gpxtpx:course>
		</gpxtpx:TrackPointExtension>
	</extensions>
</trkpt>
<trkpt lat="-9.0863552" lon="148.2799007">
	<ele>818.09</ele>
	<time>2026-04-18T00:08:43.000Z</time>
	<hdop>3.00</hdop>
	<extensions>
		<gpxtpx:TrackPointExtension>
			<gpxtpx:course>353.4</gpxtpx:course>
		</gpxtpx:TrackPointExtension>
	</extensions>
</trkpt>
<trkpt lat="-9.0862628" lon="148.2798830">
	<ele>814.89</ele>
	<time>2026-04-18T00:09:03.000Z</time>
	<hdop>3.00</hdop>
	<extensions>
		<gpxtpx:TrackPointExtension>
			<gpxtpx:course>288.1</gpxtpx:course>
		</gpxtpx:TrackPointExtension>
	</extensions>
</trkpt>
<trkpt lat="-9.0861917" lon="148.2798188">
	<ele>809.90</ele>
	<time>2026-04-18T00:09:31.000Z</time>
	<hdop>3.00</hdop>
	<extensions>
		<gpxtpx:TrackPointExtension>
			<gpxtpx:course>84.9</gpxtpx:course>
		</gpxtpx:TrackPointExtension>
	</extensions>
</trkpt>
<trkpt lat="-9.0861156" lon="148.2797670">
	<ele>805.89</ele>
	<time>2026-04-18T00:09:51.000Z</time>
	<hdop>3.50</hdop>
	<extensions>
		<gpxtpx:TrackPointExtension>
			<gpxtpx:course>281.8</gpxtpx:course>
		</gpxtpx:TrackPointExtension>
	</extensions>
</trkpt>
<trkpt lat="-9.0860381" lon="148.2797124">
	<ele>800.65</ele>
	<time>2026-04-18T00:10:16.000Z</time>
	<hdop>3.50</hdop>
	<extensions>
		<gpxtpx:TrackPointExtension>
			<gpxtpx:course>300.8</gpxtpx:course>
		</gpxtpx:TrackPointExtension>
	</extensions>
</trkpt>
<trkpt lat="-9.0859593" lon="148.2796584">
	<ele>797.89</ele>
	<time>2026-04-18T00:10:41.000Z</time>
	<hdop>4.00</hdop>
	<extensions>
		<gpxtpx:TrackPointExtension>
			<gpxtpx:course>331.5</gpxtpx:course>
		</gpxtpx:TrackPointExtension>
	</extensions>
</trkpt>
<trkpt lat="-9.0859310" lon="148.2795665">
	<ele>792.89</ele>
	<time>2026-04-18T00:11:05.000Z</time>
	<hdop>4.00</hdop>
	<extensions>
		<gpxtpx:TrackPointExtension>
			<gpxtpx:course>274.3</gpxtpx:course>
		</gpxtpx:TrackPointExtension>
	</extensions>
</trkpt>
<trkpt lat="-9.0858804" lon="148.2794813">
	<ele>787.89</ele>
	<time>2026-04-18T00:11:27.000Z</time>
	<hdop>3.00</hdop>
	<extensions>
		<gpxtpx:TrackPointExtension>
			<gpxtpx:course>279.6</gpxtpx:course>
		</gpxtpx:TrackPointExtension>
	</extensions>
</trkpt>
<trkpt lat="-9.0857973" lon="148.2794289">
	<ele>783.89</ele>
	<time>2026-04-18T00:11:40.000Z</time>
	<hdop>3.50</hdop>
	<extensions>
		<gpxtpx:TrackPointExtension>
			<gpxtpx:course>340.1</gpxtpx:course>
		</gpxtpx:TrackPointExtension>
	</extensions>
</trkpt>
<trkpt lat="-9.0857091" lon="148.2793995">
	<ele>781.20</ele>
	<time>2026-04-18T00:12:16.000Z</time>
	<hdop>3.50</hdop>
	<extensions>
		<gpxtpx:TrackPointExtension>
			<gpxtpx:course>52.9</gpxtpx:course>
		</gpxtpx:TrackPointExtension>
	</extensions>
</trkpt>
<trkpt lat="-9.0856211" lon="148.2794215">
	<ele>775.14</ele>
	<time>2026-04-18T00:12:35.000Z</time>
	<hdop>3.50</hdop>
	<extensions>
		<gpxtpx:TrackPointExtension>
			<gpxtpx:course>67.5</gpxtpx:course>
		</gpxtpx:TrackPointExtension>
	</extensions>
</trkpt>
<trkpt lat="-9.0855243" lon="148.2794363">
	<ele>774.64</ele>
	<time>2026-04-18T00:12:51.000Z</time>
	<hdop>4.00</hdop>
	<extensions>
		<gpxtpx:TrackPointExtension>
			<gpxtpx:course>4.3</gpxtpx:course>
		</gpxtpx:TrackPointExtension>
	</extensions>
</trkpt>
<trkpt lat="-9.0854337" lon="148.2794079">
	<ele>774.89</ele>
	<time>2026-04-18T00:13:03.000Z</time>
	<hdop>4.00</hdop>
	<extensions>
		<gpxtpx:TrackPointExtension>
			<gpxtpx:course>32.3</gpxtpx:course>
		</gpxtpx:TrackPointExtension>
	</extensions>
</trkpt>
<trkpt lat="-9.0853431" lon="148.2793896">
	<ele>775.95</ele>
	<time>2026-04-18T00:13:27.000Z</time>
	<hdop>4.50</hdop>
	<extensions>
		<gpxtpx:TrackPointExtension>
			<gpxtpx:course>298.0</gpxtpx:course>
		</gpxtpx:TrackPointExtension>
	</extensions>
</trkpt>
<trkpt lat="-9.0852607" lon="148.2793463">
	<ele>776.89</ele>
	<time>2026-04-18T00:13:57.000Z</time>
	<hdop>4.50</hdop>
	<extensions>
		<gpxtpx:TrackPointExtension>
			<gpxtpx:course>337.0</gpxtpx:course>
		</gpxtpx:TrackPointExtension>
	</extensions>
</trkpt>
<trkpt lat="-9.0852605" lon="148.2792547">
	<ele>784.89</ele>
	<time>2026-04-18T00:14:38.000Z</time>
	<hdop>3.50</hdop>
	<extensions>
		<gpxtpx:TrackPointExtension>
			<gpxtpx:course>258.9</gpxtpx:course>
		</gpxtpx:TrackPointExtension>
	</extensions>
</trkpt>
<trkpt lat="-9.0852287" lon="148.2791691">
	<ele>789.82</ele>
	<time>2026-04-18T00:14:59.000Z</time>
	<hdop>3.50</hdop>
	<extensions>
		<gpxtpx:TrackPointExtension>
			<gpxtpx:course>288.6</gpxtpx:course>
		</gpxtpx:TrackPointExtension>
	</extensions>
</trkpt>
<trkpt lat="-9.0851805" lon="148.2790864">
	<ele>794.83</ele>
	<time>2026-04-18T00:15:17.000Z</time>
	<hdop>3.50</hdop>
	<extensions>
		<gpxtpx:TrackPointExtension>
			<gpxtpx:course>267.9</gpxtpx:course>
		</gpxtpx:TrackPointExtension>
	</extensions>
</trkpt>
<trkpt lat="-9.0851257" lon="148.2790063">
	<ele>800.57</ele>
	<time>2026-04-18T00:15:28.000Z</time>
	<hdop>4.00</hdop>
	<extensions>
		<gpxtpx:TrackPointExtension>
			<gpxtpx:course>295.7</gpxtpx:course>
		</gpxtpx:TrackPointExtension>
	</extensions>
</trkpt>
<trkpt lat="-9.0850759" lon="148.2789272">
	<ele>799.83</ele>
	<time>2026-04-18T00:15:42.000Z</time>
	<hdop>3.50</hdop>
	<extensions>
		<gpxtpx:TrackPointExtension>
			<gpxtpx:course>335.5</gpxtpx:course>
		</gpxtpx:TrackPointExtension>
	</extensions>
</trkpt>
<trkpt lat="-9.0850230" lon="148.2788492">
	<ele>801.88</ele>
	<time>2026-04-18T00:15:52.000Z</time>
	<hdop>3.50</hdop>
	<extensions>
		<gpxtpx:TrackPointExtension>
			<gpxtpx:course>311.9</gpxtpx:course>
		</gpxtpx:TrackPointExtension>
	</extensions>
</trkpt>
<trkpt lat="-9.0850373" lon="148.2787499">
	<ele>802.63</ele>
	<time>2026-04-18T00:16:02.000Z</time>
	<hdop>3.00</hdop>
	<extensions>
		<gpxtpx:TrackPointExtension>
			<gpxtpx:course>260.5</gpxtpx:course>
		</gpxtpx:TrackPointExtension>
	</extensions>
</trkpt>
<trkpt lat="-9.0850570" lon="148.2786520">
	<ele>803.82</ele>
	<time>2026-04-18T00:16:12.000Z</time>
	<hdop>3.50</hdop>
	<extensions>
		<gpxtpx:TrackPointExtension>
			<gpxtpx:course>276.8</gpxtpx:course>
		</gpxtpx:TrackPointExtension>
	</extensions>
</trkpt>
<trkpt lat="-9.0850268" lon="148.2785560">
	<ele>803.95</ele>
	<time>2026-04-18T00:16:25.000Z</time>
	<hdop>4.50</hdop>
	<extensions>
		<gpxtpx:TrackPointExtension>
			<gpxtpx:course>284.0</gpxtpx:course>
		</gpxtpx:TrackPointExtension>
	</extensions>
</trkpt>
<trkpt lat="-9.0850255" lon="148.2784587">
	<ele>802.88</ele>
	<time>2026-04-18T00:16:39.000Z</time>
	<hdop>4.00</hdop>
	<extensions>
		<gpxtpx:TrackPointExtension>
			<gpxtpx:course>284.7</gpxtpx:course>
		</gpxtpx:TrackPointExtension>
	</extensions>
</trkpt>
<trkpt lat="-9.0850032" lon="148.2783635">
	<ele>800.15</ele>
	<time>2026-04-18T00:17:00.000Z</time>
	<hdop>4.00</hdop>
	<extensions>
		<gpxtpx:TrackPointExtension>
			<gpxtpx:course>287.8</gpxtpx:course>
		</gpxtpx:TrackPointExtension>
	</extensions>
</trkpt>
<trkpt lat="-9.0849954" lon="148.2782612">
	<ele>800.88</ele>
	<time>2026-04-18T00:17:10.000Z</time>
	<hdop>4.50</hdop>
	<extensions>
		<gpxtpx:TrackPointExtension>
			<gpxtpx:course>286.1</gpxtpx:course>
		</gpxtpx:TrackPointExtension>
	</extensions>
</trkpt>
<trkpt lat="-9.0849568" lon="148.2781524">
	<ele>798.15</ele>
	<time>2026-04-18T00:17:20.000Z</time>
	<hdop>4.50</hdop>
	<extensions>
		<gpxtpx:TrackPointExtension>
			<gpxtpx:course>292.0</gpxtpx:course>
		</gpxtpx:TrackPointExtension>
	</extensions>
</trkpt>
<trkpt lat="-9.0849482" lon="148.2780197">
	<ele>795.13</ele>
	<time>2026-04-18T00:17:30.000Z</time>
	<hdop>3.50</hdop>
	<extensions>
		<gpxtpx:TrackPointExtension>
			<gpxtpx:course>280.8</gpxtpx:course>
		</gpxtpx:TrackPointExtension>
	</extensions>
</trkpt>
<trkpt lat="-9.0849384" lon="148.2779152">
	<ele>798.11</ele>
	<time>2026-04-18T00:17:40.000Z</time>
	<hdop>3.50</hdop>
	<extensions>
		<gpxtpx:TrackPointExtension>
			<gpxtpx:course>278.9</gpxtpx:course>
		</gpxtpx:TrackPointExtension>
	</extensions>
</trkpt>
<trkpt lat="-9.0849432" lon="148.2778225">
	<ele>797.88</ele>
	<time>2026-04-18T00:17:55.000Z</time>
	<hdop>3.50</hdop>
	<extensions>
		<gpxtpx:TrackPointExtension>
			<gpxtpx:course>312.7</gpxtpx:course>
		</gpxtpx:TrackPointExtension>
	</extensions>
</trkpt>
<trkpt lat="-9.0848702" lon="148.2777643">
	<ele>794.89</ele>
	<time>2026-04-18T00:18:27.000Z</time>
	<hdop>3.50</hdop>
	<extensions>
		<gpxtpx:TrackPointExtension>
			<gpxtpx:course>304.9</gpxtpx:course>
		</gpxtpx:TrackPointExtension>
	</extensions>
</trkpt>
<trkpt lat="-9.0847980" lon="148.2777058">
	<ele>785.95</ele>
	<time>2026-04-18T00:19:09.000Z</time>
	<hdop>4.00</hdop>
	<extensions>
		<gpxtpx:TrackPointExtension>
			<gpxtpx:course>6.2</gpxtpx:course>
		</gpxtpx:TrackPointExtension>
	</extensions>
</trkpt>
<trkpt lat="-9.0847106" lon="148.2776635">
	<ele>778.96</ele>
	<time>2026-04-18T00:19:22.000Z</time>
	<hdop>4.50</hdop>
	<extensions>
		<gpxtpx:TrackPointExtension>
			<gpxtpx:course>319.6</gpxtpx:course>
		</gpxtpx:TrackPointExtension>
	</extensions>
</trkpt>
<trkpt lat="-9.0846309" lon="148.2775742">
	<ele>778.14</ele>
	<time>2026-04-18T00:19:32.000Z</time>
	<hdop>4.50</hdop>
	<extensions>
		<gpxtpx:TrackPointExtension>
			<gpxtpx:course>303.2</gpxtpx:course>
		</gpxtpx:TrackPointExtension>
	</extensions>
</trkpt>
<trkpt lat="-9.0845934" lon="148.2774891">
	<ele>777.89</ele>
	<time>2026-04-18T00:19:44.000Z</time>
	<hdop>4.50</hdop>
	<extensions>
		<gpxtpx:TrackPointExtension>
			<gpxtpx:course>309.0</gpxtpx:course>
		</gpxtpx:TrackPointExtension>
	</extensions>
</trkpt>
<trkpt lat="-9.0845679" lon="148.2773797">
	<ele>776.88</ele>
	<time>2026-04-18T00:19:54.000Z</time>
	<hdop>4.50</hdop>
	<extensions>
		<gpxtpx:TrackPointExtension>
			<gpxtpx:course>251.3</gpxtpx:course>
		</gpxtpx:TrackPointExtension>
	</extensions>
</trkpt>
<trkpt lat="-9.0845507" lon="148.2772875">
	<ele>775.88</ele>
	<time>2026-04-18T00:20:05.000Z</time>
	<hdop>4.50</hdop>
	<extensions>
		<gpxtpx:TrackPointExtension>
			<gpxtpx:course>262.7</gpxtpx:course>
		</gpxtpx:TrackPointExtension>
	</extensions>
</trkpt>
<trkpt lat="-9.0845008" lon="148.2771878">
	<ele>774.94</ele>
	<time>2026-04-18T00:20:15.000Z</time>
	<hdop>4.50</hdop>
	<extensions>
		<gpxtpx:TrackPointExtension>
			<gpxtpx:course>310.5</gpxtpx:course>
		</gpxtpx:TrackPointExtension>
	</extensions>
</trkpt>
<trkpt lat="-9.0844554" lon="148.2771080">
	<ele>773.80</ele>
	<time>2026-04-18T00:20:27.000Z</time>
	<hdop>4.00</hdop>
	<extensions>
		<gpxtpx:TrackPointExtension>
			<gpxtpx:course>266.7</gpxtpx:course>
		</gpxtpx:TrackPointExtension>
	</extensions>
</trkpt>
<trkpt lat="-9.0844282" lon="148.2770130">
	<ele>771.69</ele>
	<time>2026-04-18T00:20:41.000Z</time>
	<hdop>5.00</hdop>
	<extensions>
		<gpxtpx:TrackPointExtension>
			<gpxtpx:course>252.5</gpxtpx:course>
		</gpxtpx:TrackPointExtension>
	</extensions>
</trkpt>
<trkpt lat="-9.0843761" lon="148.2769363">
	<ele>769.88</ele>
	<time>2026-04-18T00:21:03.000Z</time>
	<hdop>5.00</hdop>
	<extensions>
		<gpxtpx:TrackPointExtension>
			<gpxtpx:course>356.4</gpxtpx:course>
		</gpxtpx:TrackPointExtension>
	</extensions>
</trkpt>
<trkpt lat="-9.0843075" lon="148.2768767">
	<ele>764.88</ele>
	<time>2026-04-18T00:21:22.000Z</time>
	<hdop>4.00</hdop>
	<extensions>
		<gpxtpx:TrackPointExtension>
			<gpxtpx:course>37.2</gpxtpx:course>
		</gpxtpx:TrackPointExtension>
	</extensions>
</trkpt>
<trkpt lat="-9.0842092" lon="148.2768743">
	<ele>764.69</ele>
	<time>2026-04-18T00:21:34.000Z</time>
	<hdop>3.50</hdop>
	<extensions>
		<gpxtpx:TrackPointExtension>
			<gpxtpx:course>340.3</gpxtpx:course>
		</gpxtpx:TrackPointExtension>
	</extensions>
</trkpt>
<trkpt lat="-9.0841196" lon="148.2768558">
	<ele>764.88</ele>
	<time>2026-04-18T00:21:46.000Z</time>
	<hdop>4.00</hdop>
	<extensions>
		<gpxtpx:TrackPointExtension>
			<gpxtpx:course>340.4</gpxtpx:course>
		</gpxtpx:TrackPointExtension>
	</extensions>
</trkpt>
<trkpt lat="-9.0840265" lon="148.2768329">
	<ele>763.88</ele>
	<time>2026-04-18T00:22:02.000Z</time>
	<hdop>4.50</hdop>
	<extensions>
		<gpxtpx:TrackPointExtension>
			<gpxtpx:course>1.4</gpxtpx:course>
		</gpxtpx:TrackPointExtension>
	</extensions>
</trkpt>
<trkpt lat="-9.0839308" lon="148.2768424">
	<ele>766.63</ele>
	<time>2026-04-18T00:22:16.000Z</time>
	<hdop>4.00</hdop>
	<extensions>
		<gpxtpx:TrackPointExtension>
			<gpxtpx:course>6.6</gpxtpx:course>
		</gpxtpx:TrackPointExtension>
	</extensions>
</trkpt>
<trkpt lat="-9.0838350" lon="148.2768371">
	<ele>768.86</ele>
	<time>2026-04-18T00:22:28.000Z</time>
	<hdop>4.50</hdop>
	<extensions>
		<gpxtpx:TrackPointExtension>
			<gpxtpx:course>39.9</gpxtpx:course>
		</gpxtpx:TrackPointExtension>
	</extensions>
</trkpt>
<trkpt lat="-9.0837372" lon="148.2768273">
	<ele>769.83</ele>
	<time>2026-04-18T00:22:45.000Z</time>
	<hdop>5.00</hdop>
	<extensions>
		<gpxtpx:TrackPointExtension>
			<gpxtpx:course>341.2</gpxtpx:course>
		</gpxtpx:TrackPointExtension>
	</extensions>
</trkpt>
<trkpt lat="-9.0836541" lon="148.2767856">
	<ele>775.63</ele>
	<time>2026-04-18T00:23:13.000Z</time>
	<hdop>5.00</hdop>
	<extensions>
		<gpxtpx:TrackPointExtension>
			<gpxtpx:course>283.9</gpxtpx:course>
		</gpxtpx:TrackPointExtension>
	</extensions>
</trkpt>
<trkpt lat="-9.0835663" lon="148.2767531">
	<ele>776.86</ele>
	<time>2026-04-18T00:23:32.000Z</time>
	<hdop>5.00</hdop>
	<extensions>
		<gpxtpx:TrackPointExtension>
			<gpxtpx:course>4.7</gpxtpx:course>
		</gpxtpx:TrackPointExtension>
	</extensions>
</trkpt>
<trkpt lat="-9.0834737" lon="148.2767388">
	<ele>782.61</ele>
	<time>2026-04-18T00:23:46.000Z</time>
	<hdop>4.00</hdop>
	<extensions>
		<gpxtpx:TrackPointExtension>
			<gpxtpx:course>48.6</gpxtpx:course>
		</gpxtpx:TrackPointExtension>
	</extensions>
</trkpt>
<trkpt lat="-9.0834017" lon="148.2766764">
	<ele>784.83</ele>
	<time>2026-04-18T00:24:02.000Z</time>
	<hdop>4.00</hdop>
	<extensions>
		<gpxtpx:TrackPointExtension>
			<gpxtpx:course>286.8</gpxtpx:course>
		</gpxtpx:TrackPointExtension>
	</extensions>
</trkpt>
<trkpt lat="-9.0833664" lon="148.2765870">
	<ele>785.68</ele>
	<time>2026-04-18T00:25:18.000Z</time>
	<hdop>4.00</hdop>
	<extensions>
		<gpxtpx:TrackPointExtension>
			<gpxtpx:course>337.9</gpxtpx:course>
		</gpxtpx:TrackPointExtension>
	</extensions>
</trkpt>
<trkpt lat="-9.0832761" lon="148.2766084">
	<ele>776.88</ele>
	<time>2026-04-18T00:25:51.000Z</time>
	<hdop>3.50</hdop>
	<extensions>
		<gpxtpx:TrackPointExtension>
			<gpxtpx:course>72.3</gpxtpx:course>
		</gpxtpx:TrackPointExtension>
	</extensions>
</trkpt>
<trkpt lat="-9.0831969" lon="148.2766553">
	<ele>776.87</ele>
	<time>2026-04-18T00:26:06.000Z</time>
	<hdop>4.50</hdop>
	<extensions>
		<gpxtpx:TrackPointExtension>
			<gpxtpx:course>0.2</gpxtpx:course>
		</gpxtpx:TrackPointExtension>
	</extensions>
</trkpt>
<trkpt lat="-9.0831105" lon="148.2766184">
	<ele>771.94</ele>
	<time>2026-04-18T00:26:59.000Z</time>
	<hdop>4.50</hdop>
	<extensions>
		<gpxtpx:TrackPointExtension>
			<gpxtpx:course>301.5</gpxtpx:course>
		</gpxtpx:TrackPointExtension>
	</extensions>
</trkpt>
<trkpt lat="-9.0830205" lon="148.2766049">
	<ele>769.88</ele>
	<time>2026-04-18T00:27:24.000Z</time>
	<hdop>6.50</hdop>
	<extensions>
		<gpxtpx:TrackPointExtension>
			<gpxtpx:course>330.5</gpxtpx:course>
		</gpxtpx:TrackPointExtension>
	</extensions>
</trkpt>
<trkpt lat="-9.0829697" lon="148.2766812">
	<ele>772.88</ele>
	<time>2026-04-18T00:27:51.000Z</time>
	<hdop>5.50</hdop>
	<extensions>
		<gpxtpx:TrackPointExtension>
			<gpxtpx:course>84.5</gpxtpx:course>
		</gpxtpx:TrackPointExtension>
	</extensions>
</trkpt>
<trkpt lat="-9.0828792" lon="148.2767128">
	<ele>770.88</ele>
	<time>2026-04-18T00:28:09.000Z</time>
	<hdop>6.00</hdop>
	<extensions>
		<gpxtpx:TrackPointExtension>
			<gpxtpx:course>1.2</gpxtpx:course>
		</gpxtpx:TrackPointExtension>
	</extensions>
</trkpt>
<trkpt lat="-9.0827869" lon="148.2767376">
	<ele>770.81</ele>
	<time>2026-04-18T00:28:20.000Z</time>
	<hdop>6.00</hdop>
	<extensions>
		<gpxtpx:TrackPointExtension>
			<gpxtpx:course>26.0</gpxtpx:course>
		</gpxtpx:TrackPointExtension>
	</extensions>
</trkpt>
<trkpt lat="-9.0826979" lon="148.2767657">
	<ele>770.63</ele>
	<time>2026-04-18T00:28:36.000Z</time>
	<hdop>5.50</hdop>
	<extensions>
		<gpxtpx:TrackPointExtension>
			<gpxtpx:course>45.6</gpxtpx:course>
		</gpxtpx:TrackPointExtension>
	</extensions>
</trkpt>
<trkpt lat="-9.0825966" lon="148.2767641">
	<ele>776.80</ele>
	<time>2026-04-18T00:28:46.000Z</time>
	<hdop>5.50</hdop>
	<extensions>
		<gpxtpx:TrackPointExtension>
			<gpxtpx:course>324.7</gpxtpx:course>
		</gpxtpx:TrackPointExtension>
	</extensions>
</trkpt>
<trkpt lat="-9.0824995" lon="148.2767492">
	<ele>780.82</ele>
	<time>2026-04-18T00:28:56.000Z</time>
	<hdop>5.50</hdop>
	<extensions>
		<gpxtpx:TrackPointExtension>
			<gpxtpx:course>337.5</gpxtpx:course>
		</gpxtpx:TrackPointExtension>
	</extensions>
</trkpt>
<trkpt lat="-9.0824680" lon="148.2766612">
	<ele>789.86</ele>
	<time>2026-04-18T00:29:21.000Z</time>
	<hdop>4.50</hdop>
	<extensions>
		<gpxtpx:TrackPointExtension>
			<gpxtpx:course>325.7</gpxtpx:course>
		</gpxtpx:TrackPointExtension>
	</extensions>
</trkpt>
<trkpt lat="-9.0823777" lon="148.2766347">
	<ele>791.58</ele>
	<time>2026-04-18T00:29:35.000Z</time>
	<hdop>5.50</hdop>
	<extensions>
		<gpxtpx:TrackPointExtension>
			<gpxtpx:course>340.1</gpxtpx:course>
		</gpxtpx:TrackPointExtension>
	</extensions>
</trkpt>
<trkpt lat="-9.0823415" lon="148.2765389">
	<ele>790.87</ele>
	<time>2026-04-18T00:29:45.000Z</time>
	<hdop>5.50</hdop>
	<extensions>
		<gpxtpx:TrackPointExtension>
			<gpxtpx:course>272.2</gpxtpx:course>
		</gpxtpx:TrackPointExtension>
	</extensions>
</trkpt>
<trkpt lat="-9.0822672" lon="148.2764651">
	<ele>792.88</ele>
	<time>2026-04-18T00:29:55.000Z</time>
	<hdop>5.00</hdop>
	<extensions>
		<gpxtpx:TrackPointExtension>
			<gpxtpx:course>345.9</gpxtpx:course>
		</gpxtpx:TrackPointExtension>
	</extensions>
</trkpt>
<trkpt lat="-9.0822029" lon="148.2763908">
	<ele>791.94</ele>
	<time>2026-04-18T00:30:07.000Z</time>
	<hdop>5.00</hdop>
	<extensions>
		<gpxtpx:TrackPointExtension>
			<gpxtpx:course>294.4</gpxtpx:course>
		</gpxtpx:TrackPointExtension>
	</extensions>
</trkpt>
<trkpt lat="-9.0821203" lon="148.2763208">
	<ele>793.88</ele>
	<time>2026-04-18T00:30:17.000Z</time>
	<hdop>5.00</hdop>
	<extensions>
		<gpxtpx:TrackPointExtension>
			<gpxtpx:course>348.0</gpxtpx:course>
		</gpxtpx:TrackPointExtension>
	</extensions>
</trkpt>
<trkpt lat="-9.0820588" lon="148.2762459">
	<ele>796.63</ele>
	<time>2026-04-18T00:30:32.000Z</time>
	<hdop>5.50</hdop>
	<extensions>
		<gpxtpx:TrackPointExtension>
			<gpxtpx:course>24.2</gpxtpx:course>
		</gpxtpx:TrackPointExtension>
	</extensions>
</trkpt>
<trkpt lat="-9.0819930" lon="148.2761818">
	<ele>795.86</ele>
	<time>2026-04-18T00:30:44.000Z</time>
	<hdop>5.50</hdop>
	<extensions>
		<gpxtpx:TrackPointExtension>
			<gpxtpx:course>312.0</gpxtpx:course>
		</gpxtpx:TrackPointExtension>
	</extensions>
</trkpt>
<trkpt lat="-9.0819023" lon="148.2761282">
	<ele>796.81</ele>
	<time>2026-04-18T00:30:54.000Z</time>
	<hdop>5.50</hdop>
	<extensions>
		<gpxtpx:TrackPointExtension>
			<gpxtpx:course>5.3</gpxtpx:course>
		</gpxtpx:TrackPointExtension>
	</extensions>
</trkpt>
<trkpt lat="-9.0818235" lon="148.2760732">
	<ele>797.12</ele>
	<time>2026-04-18T00:31:07.000Z</time>
	<hdop>5.00</hdop>
	<extensions>
		<gpxtpx:TrackPointExtension>
			<gpxtpx:course>310.2</gpxtpx:course>
		</gpxtpx:TrackPointExtension>
	</extensions>
</trkpt>
<trkpt lat="-9.0817325" lon="148.2760748">
	<ele>802.83</ele>
	<time>2026-04-18T00:31:20.000Z</time>
	<hdop>4.50</hdop>
	<extensions>
		<gpxtpx:TrackPointExtension>
			<gpxtpx:course>55.1</gpxtpx:course>
		</gpxtpx:TrackPointExtension>
	</extensions>
</trkpt>
<trkpt lat="-9.0816335" lon="148.2760761">
	<ele>805.86</ele>
	<time>2026-04-18T00:31:34.000Z</time>
	<hdop>4.00</hdop>
	<extensions>
		<gpxtpx:TrackPointExtension>
			<gpxtpx:course>357.1</gpxtpx:course>
		</gpxtpx:TrackPointExtension>
	</extensions>
</trkpt>
<trkpt lat="-9.0815378" lon="148.2760892">
	<ele>807.86</ele>
	<time>2026-04-18T00:31:44.000Z</time>
	<hdop>4.50</hdop>
	<extensions>
		<gpxtpx:TrackPointExtension>
			<gpxtpx:course>20.9</gpxtpx:course>
		</gpxtpx:TrackPointExtension>
	</extensions>
</trkpt>
<trkpt lat="-9.0814463" lon="148.2760731">
	<ele>812.63</ele>
	<time>2026-04-18T00:31:55.000Z</time>
	<hdop>4.50</hdop>
	<extensions>
		<gpxtpx:TrackPointExtension>
			<gpxtpx:course>20.8</gpxtpx:course>
		</gpxtpx:TrackPointExtension>
	</extensions>
</trkpt>
<trkpt lat="-9.0813615" lon="148.2760402">
	<ele>815.64</ele>
	<time>2026-04-18T00:32:09.000Z</time>
	<hdop>3.50</hdop>
	<extensions>
		<gpxtpx:TrackPointExtension>
			<gpxtpx:course>1.5</gpxtpx:course>
		</gpxtpx:TrackPointExtension>
	</extensions>
</trkpt>
<trkpt lat="-9.0812708" lon="148.2760047">
	<ele>818.13</ele>
	<time>2026-04-18T00:33:07.000Z</time>
	<hdop>5.00</hdop>
	<extensions>
		<gpxtpx:TrackPointExtension>
			<gpxtpx:course>28.7</gpxtpx:course>
		</gpxtpx:TrackPointExtension>
	</extensions>
</trkpt>
<trkpt lat="-9.0811701" lon="148.2759719">
	<ele>817.88</ele>
	<time>2026-04-18T00:33:17.000Z</time>
	<hdop>6.00</hdop>
	<extensions>
		<gpxtpx:TrackPointExtension>
			<gpxtpx:course>7.2</gpxtpx:course>
		</gpxtpx:TrackPointExtension>
	</extensions>
</trkpt>
<trkpt lat="-9.0810733" lon="148.2759223">
	<ele>814.88</ele>
	<time>2026-04-18T00:33:27.000Z</time>
	<hdop>5.00</hdop>
	<extensions>
		<gpxtpx:TrackPointExtension>
			<gpxtpx:course>333.0</gpxtpx:course>
		</gpxtpx:TrackPointExtension>
	</extensions>
</trkpt>
<trkpt lat="-9.0809697" lon="148.2758247">
	<ele>810.89</ele>
	<time>2026-04-18T00:33:37.000Z</time>
	<hdop>5.00</hdop>
	<extensions>
		<gpxtpx:TrackPointExtension>
			<gpxtpx:course>300.8</gpxtpx:course>
		</gpxtpx:TrackPointExtension>
	</extensions>
</trkpt>
<trkpt lat="-9.0808843" lon="148.2757761">
	<ele>809.89</ele>
	<time>2026-04-18T00:33:47.000Z</time>
	<hdop>5.00</hdop>
	<extensions>
		<gpxtpx:TrackPointExtension>
			<gpxtpx:course>344.7</gpxtpx:course>
		</gpxtpx:TrackPointExtension>
	</extensions>
</trkpt>
<trkpt lat="-9.0808077" lon="148.2756891">
	<ele>810.88</ele>
	<time>2026-04-18T00:33:57.000Z</time>
	<hdop>5.00</hdop>
	<extensions>
		<gpxtpx:TrackPointExtension>
			<gpxtpx:course>312.4</gpxtpx:course>
		</gpxtpx:TrackPointExtension>
	</extensions>
</trkpt>
<trkpt lat="-9.0807526" lon="148.2755984">
	<ele>811.12</ele>
	<time>2026-04-18T00:34:07.000Z</time>
	<hdop>4.50</hdop>
	<extensions>
		<gpxtpx:TrackPointExtension>
			<gpxtpx:course>286.7</gpxtpx:course>
		</gpxtpx:TrackPointExtension>
	</extensions>
</trkpt>
<trkpt lat="-9.0806918" lon="148.2755025">
	<ele>812.88</ele>
	<time>2026-04-18T00:34:17.000Z</time>
	<hdop>4.50</hdop>
	<extensions>
		<gpxtpx:TrackPointExtension>
			<gpxtpx:course>346.7</gpxtpx:course>
		</gpxtpx:TrackPointExtension>
	</extensions>
</trkpt>
<trkpt lat="-9.0806345" lon="148.2754240">
	<ele>813.88</ele>
	<time>2026-04-18T00:34:27.000Z</time>
	<hdop>5.00</hdop>
	<extensions>
		<gpxtpx:TrackPointExtension>
			<gpxtpx:course>329.0</gpxtpx:course>
		</gpxtpx:TrackPointExtension>
	</extensions>
</trkpt>
<trkpt lat="-9.0805493" lon="148.2753814">
	<ele>815.88</ele>
	<time>2026-04-18T00:34:38.000Z</time>
	<hdop>4.50</hdop>
	<extensions>
		<gpxtpx:TrackPointExtension>
			<gpxtpx:course>359.4</gpxtpx:course>
		</gpxtpx:TrackPointExtension>
	</extensions>
</trkpt>
<trkpt lat="-9.0804783" lon="148.2753228">
	<ele>817.88</ele>
	<time>2026-04-18T00:34:54.000Z</time>
	<hdop>4.50</hdop>
	<extensions>
		<gpxtpx:TrackPointExtension>
			<gpxtpx:course>303.9</gpxtpx:course>
		</gpxtpx:TrackPointExtension>
	</extensions>
</trkpt>
<trkpt lat="-9.0803865" lon="148.2752256">
	<ele>823.56</ele>
	<time>2026-04-18T00:35:04.000Z</time>
	<hdop>3.50</hdop>
	<extensions>
		<gpxtpx:TrackPointExtension>
			<gpxtpx:course>342.7</gpxtpx:course>
		</gpxtpx:TrackPointExtension>
	</extensions>
</trkpt>
<trkpt lat="-9.0802719" lon="148.2751618">
	<ele>826.89</ele>
	<time>2026-04-18T00:35:14.000Z</time>
	<hdop>4.00</hdop>
	<extensions>
		<gpxtpx:TrackPointExtension>
			<gpxtpx:course>347.8</gpxtpx:course>
		</gpxtpx:TrackPointExtension>
	</extensions>
</trkpt>
<trkpt lat="-9.0801779" lon="148.2751046">
	<ele>825.88</ele>
	<time>2026-04-18T00:35:24.000Z</time>
	<hdop>3.50</hdop>
	<extensions>
		<gpxtpx:TrackPointExtension>
			<gpxtpx:course>328.8</gpxtpx:course>
		</gpxtpx:TrackPointExtension>
	</extensions>
</trkpt>
<trkpt lat="-9.0801446" lon="148.2750194">
	<ele>828.88</ele>
	<time>2026-04-18T00:35:52.000Z</time>
	<hdop>4.00</hdop>
	<extensions>
		<gpxtpx:TrackPointExtension>
			<gpxtpx:course>305.7</gpxtpx:course>
		</gpxtpx:TrackPointExtension>
	</extensions>
</trkpt>
<trkpt lat="-9.0800882" lon="148.2749187">
	<ele>828.88</ele>
	<time>2026-04-18T00:36:02.000Z</time>
	<hdop>4.00</hdop>
	<extensions>
		<gpxtpx:TrackPointExtension>
			<gpxtpx:course>284.1</gpxtpx:course>
		</gpxtpx:TrackPointExtension>
	</extensions>
</trkpt>
<trkpt lat="-9.0800405" lon="148.2748199">
	<ele>828.82</ele>
	<time>2026-04-18T00:36:12.000Z</time>
	<hdop>4.00</hdop>
	<extensions>
		<gpxtpx:TrackPointExtension>
			<gpxtpx:course>294.1</gpxtpx:course>
		</gpxtpx:TrackPointExtension>
	</extensions>
</trkpt>
<trkpt lat="-9.0799937" lon="148.2747154">
	<ele>827.88</ele>
	<time>2026-04-18T00:36:22.000Z</time>
	<hdop>5.50</hdop>
	<extensions>
		<gpxtpx:TrackPointExtension>
			<gpxtpx:course>283.0</gpxtpx:course>
		</gpxtpx:TrackPointExtension>
	</extensions>
</trkpt>
<trkpt lat="-9.0798948" lon="148.2746081">
	<ele>827.13</ele>
	<time>2026-04-18T00:36:32.000Z</time>
	<hdop>5.00</hdop>
	<extensions>
		<gpxtpx:TrackPointExtension>
			<gpxtpx:course>303.6</gpxtpx:course>
		</gpxtpx:TrackPointExtension>
	</extensions>
</trkpt>
<trkpt lat="-9.0798239" lon="148.2745388">
	<ele>826.86</ele>
	<time>2026-04-18T00:36:42.000Z</time>
	<hdop>4.00</hdop>
	<extensions>
		<gpxtpx:TrackPointExtension>
			<gpxtpx:course>354.8</gpxtpx:course>
		</gpxtpx:TrackPointExtension>
	</extensions>
</trkpt>
<trkpt lat="-9.0797570" lon="148.2744764">
	<ele>825.88</ele>
	<time>2026-04-18T00:36:53.000Z</time>
	<hdop>4.50</hdop>
	<extensions>
		<gpxtpx:TrackPointExtension>
			<gpxtpx:course>294.1</gpxtpx:course>
		</gpxtpx:TrackPointExtension>
	</extensions>
</trkpt>
<trkpt lat="-9.0797021" lon="148.2743696">
	<ele>827.63</ele>
	<time>2026-04-18T00:37:03.000Z</time>
	<hdop>4.00</hdop>
	<extensions>
		<gpxtpx:TrackPointExtension>
			<gpxtpx:course>287.4</gpxtpx:course>
		</gpxtpx:TrackPointExtension>
	</extensions>
</trkpt>
<trkpt lat="-9.0796741" lon="148.2742831">
	<ele>827.81</ele>
	<time>2026-04-18T00:37:22.000Z</time>
	<hdop>4.00</hdop>
	<extensions>
		<gpxtpx:TrackPointExtension>
			<gpxtpx:course>295.5</gpxtpx:course>
		</gpxtpx:TrackPointExtension>
	</extensions>
</trkpt>
<trkpt lat="-9.0796491" lon="148.2741896">
	<ele>832.62</ele>
	<time>2026-04-18T00:37:38.000Z</time>
	<hdop>4.50</hdop>
	<extensions>
		<gpxtpx:TrackPointExtension>
			<gpxtpx:course>247.7</gpxtpx:course>
		</gpxtpx:TrackPointExtension>
	</extensions>
</trkpt>
<trkpt lat="-9.0796464" lon="148.2740956">
	<ele>832.82</ele>
	<time>2026-04-18T00:37:51.000Z</time>
	<hdop>4.50</hdop>
	<extensions>
		<gpxtpx:TrackPointExtension>
			<gpxtpx:course>235.1</gpxtpx:course>
		</gpxtpx:TrackPointExtension>
	</extensions>
</trkpt>
<trkpt lat="-9.0796534" lon="148.2739784">
	<ele>830.88</ele>
	<time>2026-04-18T00:38:01.000Z</time>
	<hdop>3.50</hdop>
	<extensions>
		<gpxtpx:TrackPointExtension>
			<gpxtpx:course>248.2</gpxtpx:course>
		</gpxtpx:TrackPointExtension>
	</extensions>
</trkpt>
<trkpt lat="-9.0796511" lon="148.2738705">
	<ele>833.62</ele>
	<time>2026-04-18T00:38:11.000Z</time>
	<hdop>4.00</hdop>
	<extensions>
		<gpxtpx:TrackPointExtension>
			<gpxtpx:course>305.8</gpxtpx:course>
		</gpxtpx:TrackPointExtension>
	</extensions>
</trkpt>
<trkpt lat="-9.0796528" lon="148.2737766">
	<ele>838.61</ele>
	<time>2026-04-18T00:38:24.000Z</time>
	<hdop>3.50</hdop>
	<extensions>
		<gpxtpx:TrackPointExtension>
			<gpxtpx:course>292.3</gpxtpx:course>
		</gpxtpx:TrackPointExtension>
	</extensions>
</trkpt>
<trkpt lat="-9.0796433" lon="148.2736830">
	<ele>844.62</ele>
	<time>2026-04-18T00:38:36.000Z</time>
	<hdop>3.50</hdop>
	<extensions>
		<gpxtpx:TrackPointExtension>
			<gpxtpx:course>295.7</gpxtpx:course>
		</gpxtpx:TrackPointExtension>
	</extensions>
</trkpt>
<trkpt lat="-9.0795970" lon="148.2736042">
	<ele>846.62</ele>
	<time>2026-04-18T00:38:54.000Z</time>
	<hdop>3.50</hdop>
	<extensions>
		<gpxtpx:TrackPointExtension>
			<gpxtpx:course>320.1</gpxtpx:course>
		</gpxtpx:TrackPointExtension>
	</extensions>
</trkpt>
<trkpt lat="-9.0796325" lon="148.2735194">
	<ele>858.87</ele>
	<time>2026-04-18T00:40:09.000Z</time>
	<hdop>4.00</hdop>
	<extensions>
		<gpxtpx:TrackPointExtension>
			<gpxtpx:course>51.0</gpxtpx:course>
		</gpxtpx:TrackPointExtension>
	</extensions>
</trkpt>
<trkpt lat="-9.0796100" lon="148.2734231">
	<ele>860.83</ele>
	<time>2026-04-18T00:41:17.000Z</time>
	<hdop>3.50</hdop>
	<extensions>
		<gpxtpx:TrackPointExtension>
			<gpxtpx:course>253.6</gpxtpx:course>
		</gpxtpx:TrackPointExtension>
	</extensions>
</trkpt>
<trkpt lat="-9.0795338" lon="148.2733640">
	<ele>857.88</ele>
	<time>2026-04-18T00:41:31.000Z</time>
	<hdop>4.00</hdop>
	<extensions>
		<gpxtpx:TrackPointExtension>
			<gpxtpx:course>306.7</gpxtpx:course>
		</gpxtpx:TrackPointExtension>
	</extensions>
</trkpt>
<trkpt lat="-9.0794235" lon="148.2733316">
	<ele>860.86</ele>
	<time>2026-04-18T00:41:41.000Z</time>
	<hdop>4.00</hdop>
	<extensions>
		<gpxtpx:TrackPointExtension>
			<gpxtpx:course>17.0</gpxtpx:course>
		</gpxtpx:TrackPointExtension>
	</extensions>
</trkpt>
<trkpt lat="-9.0793281" lon="148.2732913">
	<ele>860.69</ele>
	<time>2026-04-18T00:41:51.000Z</time>
	<hdop>4.00</hdop>
	<extensions>
		<gpxtpx:TrackPointExtension>
			<gpxtpx:course>351.9</gpxtpx:course>
		</gpxtpx:TrackPointExtension>
	</extensions>
</trkpt>
<trkpt lat="-9.0792366" lon="148.2732614">
	<ele>858.87</ele>
	<time>2026-04-18T00:42:02.000Z</time>
	<hdop>4.00</hdop>
	<extensions>
		<gpxtpx:TrackPointExtension>
			<gpxtpx:course>342.6</gpxtpx:course>
		</gpxtpx:TrackPointExtension>
	</extensions>
</trkpt>
<trkpt lat="-9.0791442" lon="148.2731893">
	<ele>857.87</ele>
	<time>2026-04-18T00:42:12.000Z</time>
	<hdop>4.00</hdop>
	<extensions>
		<gpxtpx:TrackPointExtension>
			<gpxtpx:course>330.1</gpxtpx:course>
		</gpxtpx:TrackPointExtension>
	</extensions>
</trkpt>
<trkpt lat="-9.0790351" lon="148.2731572">
	<ele>859.81</ele>
	<time>2026-04-18T00:42:22.000Z</time>
	<hdop>4.00</hdop>
	<extensions>
		<gpxtpx:TrackPointExtension>
			<gpxtpx:course>25.7</gpxtpx:course>
		</gpxtpx:TrackPointExtension>
	</extensions>
</trkpt>
<trkpt lat="-9.0789380" lon="148.2731252">
	<ele>858.08</ele>
	<time>2026-04-18T00:42:32.000Z</time>
	<hdop>4.00</hdop>
	<extensions>
		<gpxtpx:TrackPointExtension>
			<gpxtpx:course>347.3</gpxtpx:course>
		</gpxtpx:TrackPointExtension>
	</extensions>
</trkpt>
<trkpt lat="-9.0788469" lon="148.2730963">
	<ele>855.87</ele>
	<time>2026-04-18T00:42:44.000Z</time>
	<hdop>4.00</hdop>
	<extensions>
		<gpxtpx:TrackPointExtension>
			<gpxtpx:course>343.5</gpxtpx:course>
		</gpxtpx:TrackPointExtension>
	</extensions>
</trkpt>
<trkpt lat="-9.0787513" lon="148.2731185">
	<ele>852.14</ele>
	<time>2026-04-18T00:42:54.000Z</time>
	<hdop>5.00</hdop>
	<extensions>
		<gpxtpx:TrackPointExtension>
			<gpxtpx:course>30.1</gpxtpx:course>
		</gpxtpx:TrackPointExtension>
	</extensions>
</trkpt>
<trkpt lat="-9.0786559" lon="148.2731782">
	<ele>849.94</ele>
	<time>2026-04-18T00:43:04.000Z</time>
	<hdop>3.00</hdop>
	<extensions>
		<gpxtpx:TrackPointExtension>
			<gpxtpx:course>58.1</gpxtpx:course>
		</gpxtpx:TrackPointExtension>
	</extensions>
</trkpt>
<trkpt lat="-9.0785427" lon="148.2732167">
	<ele>847.63</ele>
	<time>2026-04-18T00:43:14.000Z</time>
	<hdop>3.50</hdop>
	<extensions>
		<gpxtpx:TrackPointExtension>
			<gpxtpx:course>24.4</gpxtpx:course>
		</gpxtpx:TrackPointExtension>
	</extensions>
</trkpt>
<trkpt lat="-9.0784419" lon="148.2732354">
	<ele>849.93</ele>
	<time>2026-04-18T00:43:26.000Z</time>
	<hdop>4.00</hdop>
	<extensions>
		<gpxtpx:TrackPointExtension>
			<gpxtpx:course>352.9</gpxtpx:course>
		</gpxtpx:TrackPointExtension>
	</extensions>
</trkpt>
<trkpt lat="-9.0783502" lon="148.2732643">
	<ele>850.63</ele>
	<time>2026-04-18T00:43:39.000Z</time>
	<hdop>4.00</hdop>
	<extensions>
		<gpxtpx:TrackPointExtension>
			<gpxtpx:course>29.7</gpxtpx:course>
		</gpxtpx:TrackPointExtension>
	</extensions>
</trkpt>
<trkpt lat="-9.0782448" lon="148.2732905">
	<ele>852.63</ele>
	<time>2026-04-18T00:43:49.000Z</time>
	<hdop>4.00</hdop>
	<extensions>
		<gpxtpx:TrackPointExtension>
			<gpxtpx:course>60.1</gpxtpx:course>
		</gpxtpx:TrackPointExtension>
	</extensions>
</trkpt>
<trkpt lat="-9.0781238" lon="148.2732793">
	<ele>852.13</ele>
	<time>2026-04-18T00:43:59.000Z</time>
	<hdop>3.50</hdop>
	<extensions>
		<gpxtpx:TrackPointExtension>
			<gpxtpx:course>6.8</gpxtpx:course>
		</gpxtpx:TrackPointExtension>
	</extensions>
</trkpt>
<trkpt lat="-9.0780059" lon="148.2732634">
	<ele>851.88</ele>
	<time>2026-04-18T00:44:09.000Z</time>
	<hdop>4.00</hdop>
	<extensions>
		<gpxtpx:TrackPointExtension>
			<gpxtpx:course>22.1</gpxtpx:course>
		</gpxtpx:TrackPointExtension>
	</extensions>
</trkpt>
<trkpt lat="-9.0778754" lon="148.2732266">
	<ele>853.81</ele>
	<time>2026-04-18T00:44:19.000Z</time>
	<hdop>3.00</hdop>
	<extensions>
		<gpxtpx:TrackPointExtension>
			<gpxtpx:course>15.5</gpxtpx:course>
		</gpxtpx:TrackPointExtension>
	</extensions>
</trkpt>
<trkpt lat="-9.0777553" lon="148.2732195">
	<ele>856.63</ele>
	<time>2026-04-18T00:44:29.000Z</time>
	<hdop>3.50</hdop>
	<extensions>
		<gpxtpx:TrackPointExtension>
			<gpxtpx:course>23.8</gpxtpx:course>
		</gpxtpx:TrackPointExtension>
	</extensions>
</trkpt>
<trkpt lat="-9.0776236" lon="148.2732297">
	<ele>857.88</ele>
	<time>2026-04-18T00:44:39.000Z</time>
	<hdop>3.00</hdop>
	<extensions>
		<gpxtpx:TrackPointExtension>
			<gpxtpx:course>2.1</gpxtpx:course>
		</gpxtpx:TrackPointExtension>
	</extensions>
</trkpt>
<trkpt lat="-9.0775052" lon="148.2732198">
	<ele>860.62</ele>
	<time>2026-04-18T00:44:49.000Z</time>
	<hdop>3.00</hdop>
	<extensions>
		<gpxtpx:TrackPointExtension>
			<gpxtpx:course>12.2</gpxtpx:course>
		</gpxtpx:TrackPointExtension>
	</extensions>
</trkpt>
<trkpt lat="-9.0774034" lon="148.2732367">
	<ele>862.82</ele>
	<time>2026-04-18T00:44:59.000Z</time>
	<hdop>3.00</hdop>
	<extensions>
		<gpxtpx:TrackPointExtension>
			<gpxtpx:course>30.1</gpxtpx:course>
		</gpxtpx:TrackPointExtension>
	</extensions>
</trkpt>
<trkpt lat="-9.0773081" lon="148.2732464">
	<ele>862.89</ele>
	<time>2026-04-18T00:45:24.000Z</time>
	<hdop>3.50</hdop>
	<extensions>
		<gpxtpx:TrackPointExtension>
			<gpxtpx:course>41.3</gpxtpx:course>
		</gpxtpx:TrackPointExtension>
	</extensions>
</trkpt>
<trkpt lat="-9.0772119" lon="148.2732245">
	<ele>862.12</ele>
	<time>2026-04-18T00:45:34.000Z</time>
	<hdop>3.00</hdop>
	<extensions>
		<gpxtpx:TrackPointExtension>
			<gpxtpx:course>339.8</gpxtpx:course>
		</gpxtpx:TrackPointExtension>
	</extensions>
</trkpt>
<trkpt lat="-9.0771112" lon="148.2731460">
	<ele>864.88</ele>
	<time>2026-04-18T00:45:44.000Z</time>
	<hdop>3.00</hdop>
	<extensions>
		<gpxtpx:TrackPointExtension>
			<gpxtpx:course>340.4</gpxtpx:course>
		</gpxtpx:TrackPointExtension>
	</extensions>
</trkpt>
<trkpt lat="-9.0770055" lon="148.2731016">
	<ele>862.95</ele>
	<time>2026-04-18T00:45:54.000Z</time>
	<hdop>3.00</hdop>
	<extensions>
		<gpxtpx:TrackPointExtension>
			<gpxtpx:course>340.7</gpxtpx:course>
		</gpxtpx:TrackPointExtension>
	</extensions>
</trkpt>
<trkpt lat="-9.0769015" lon="148.2730611">
	<ele>860.89</ele>
	<time>2026-04-18T00:46:04.000Z</time>
	<hdop>3.00</hdop>
	<extensions>
		<gpxtpx:TrackPointExtension>
			<gpxtpx:course>340.6</gpxtpx:course>
		</gpxtpx:TrackPointExtension>
	</extensions>
</trkpt>
<trkpt lat="-9.0768104" lon="148.2730319">
	<ele>860.82</ele>
	<time>2026-04-18T00:46:14.000Z</time>
	<hdop>3.50</hdop>
	<extensions>
		<gpxtpx:TrackPointExtension>
			<gpxtpx:course>18.2</gpxtpx:course>
		</gpxtpx:TrackPointExtension>
	</extensions>
</trkpt>
<trkpt lat="-9.0767110" lon="148.2730450">
	<ele>861.07</ele>
	<time>2026-04-18T00:46:25.000Z</time>
	<hdop>3.50</hdop>
	<extensions>
		<gpxtpx:TrackPointExtension>
			<gpxtpx:course>31.7</gpxtpx:course>
		</gpxtpx:TrackPointExtension>
	</extensions>
</trkpt>
<trkpt lat="-9.0765789" lon="148.2730697">
	<ele>858.90</ele>
	<time>2026-04-18T00:46:35.000Z</time>
	<hdop>3.50</hdop>
	<extensions>
		<gpxtpx:TrackPointExtension>
			<gpxtpx:course>28.2</gpxtpx:course>
		</gpxtpx:TrackPointExtension>
	</extensions>
</trkpt>
<trkpt lat="-9.0764884" lon="148.2731049">
	<ele>860.63</ele>
	<time>2026-04-18T00:46:45.000Z</time>
	<hdop>4.00</hdop>
	<extensions>
		<gpxtpx:TrackPointExtension>
			<gpxtpx:course>56.0</gpxtpx:course>
		</gpxtpx:TrackPointExtension>
	</extensions>
</trkpt>
<trkpt lat="-9.0763965" lon="148.2731166">
	<ele>863.88</ele>
	<time>2026-04-18T00:46:58.000Z</time>
	<hdop>4.00</hdop>
	<extensions>
		<gpxtpx:TrackPointExtension>
			<gpxtpx:course>12.3</gpxtpx:course>
		</gpxtpx:TrackPointExtension>
	</extensions>
</trkpt>
<trkpt lat="-9.0762972" lon="148.2730949">
	<ele>864.89</ele>
	<time>2026-04-18T00:47:08.000Z</time>
	<hdop>4.00</hdop>
	<extensions>
		<gpxtpx:TrackPointExtension>
			<gpxtpx:course>8.6</gpxtpx:course>
		</gpxtpx:TrackPointExtension>
	</extensions>
</trkpt>
<trkpt lat="-9.0762070" lon="148.2730525">
	<ele>864.88</ele>
	<time>2026-04-18T00:47:19.000Z</time>
	<hdop>4.00</hdop>
	<extensions>
		<gpxtpx:TrackPointExtension>
			<gpxtpx:course>297.9</gpxtpx:course>
		</gpxtpx:TrackPointExtension>
	</extensions>
</trkpt>
<trkpt lat="-9.0761408" lon="148.2729853">
	<ele>869.62</ele>
	<time>2026-04-18T00:47:42.000Z</time>
	<hdop>3.00</hdop>
	<extensions>
		<gpxtpx:TrackPointExtension>
			<gpxtpx:course>326.7</gpxtpx:course>
		</gpxtpx:TrackPointExtension>
	</extensions>
</trkpt>
<trkpt lat="-9.0760948" lon="148.2729061">
	<ele>869.88</ele>
	<time>2026-04-18T00:47:52.000Z</time>
	<hdop>3.00</hdop>
	<extensions>
		<gpxtpx:TrackPointExtension>
			<gpxtpx:course>280.0</gpxtpx:course>
		</gpxtpx:TrackPointExtension>
	</extensions>
</trkpt>
<trkpt lat="-9.0760784" lon="148.2728157">
	<ele>870.94</ele>
	<time>2026-04-18T00:48:04.000Z</time>
	<hdop>3.00</hdop>
	<extensions>
		<gpxtpx:TrackPointExtension>
			<gpxtpx:course>276.5</gpxtpx:course>
		</gpxtpx:TrackPointExtension>
	</extensions>
</trkpt>
<trkpt lat="-9.0760206" lon="148.2727427">
	<ele>870.88</ele>
	<time>2026-04-18T00:48:27.000Z</time>
	<hdop>3.50</hdop>
	<extensions>
		<gpxtpx:TrackPointExtension>
			<gpxtpx:course>324.1</gpxtpx:course>
		</gpxtpx:TrackPointExtension>
	</extensions>
</trkpt>
<trkpt lat="-9.0759563" lon="148.2726759">
	<ele>873.88</ele>
	<time>2026-04-18T00:48:41.000Z</time>
	<hdop>3.50</hdop>
	<extensions>
		<gpxtpx:TrackPointExtension>
			<gpxtpx:course>10.3</gpxtpx:course>
		</gpxtpx:TrackPointExtension>
	</extensions>
</trkpt>
<trkpt lat="-9.0759014" lon="148.2726005">
	<ele>876.08</ele>
	<time>2026-04-18T00:48:55.000Z</time>
	<hdop>3.00</hdop>
	<extensions>
		<gpxtpx:TrackPointExtension>
			<gpxtpx:course>304.9</gpxtpx:course>
		</gpxtpx:TrackPointExtension>
	</extensions>
</trkpt>
<trkpt lat="-9.0758543" lon="148.2725209">
	<ele>886.57</ele>
	<time>2026-04-18T00:49:56.000Z</time>
	<hdop>4.00</hdop>
	<extensions>
		<gpxtpx:TrackPointExtension>
			<gpxtpx:course>296.2</gpxtpx:course>
		</gpxtpx:TrackPointExtension>
	</extensions>
</trkpt>
<trkpt lat="-9.0757899" lon="148.2724507">
	<ele>885.88</ele>
	<time>2026-04-18T00:50:09.000Z</time>
	<hdop>4.00</hdop>
	<extensions>
		<gpxtpx:TrackPointExtension>
			<gpxtpx:course>314.4</gpxtpx:course>
		</gpxtpx:TrackPointExtension>
	</extensions>
</trkpt>
<trkpt lat="-9.0757116" lon="148.2723991">
	<ele>887.63</ele>
	<time>2026-04-18T00:50:19.000Z</time>
	<hdop>4.50</hdop>
	<extensions>
		<gpxtpx:TrackPointExtension>
			<gpxtpx:course>338.0</gpxtpx:course>
		</gpxtpx:TrackPointExtension>
	</extensions>
</trkpt>
<trkpt lat="-9.0756364" lon="148.2723484">
	<ele>885.13</ele>
	<time>2026-04-18T00:50:29.000Z</time>
	<hdop>4.50</hdop>
	<extensions>
		<gpxtpx:TrackPointExtension>
			<gpxtpx:course>350.1</gpxtpx:course>
		</gpxtpx:TrackPointExtension>
	</extensions>
</trkpt>
<trkpt lat="-9.0755404" lon="148.2723327">
	<ele>884.14</ele>
	<time>2026-04-18T00:50:41.000Z</time>
	<hdop>4.50</hdop>
	<extensions>
		<gpxtpx:TrackPointExtension>
			<gpxtpx:course>348.1</gpxtpx:course>
		</gpxtpx:TrackPointExtension>
	</extensions>
</trkpt>
<trkpt lat="-9.0754375" lon="148.2722936">
	<ele>883.88</ele>
	<time>2026-04-18T00:50:51.000Z</time>
	<hdop>4.50</hdop>
	<extensions>
		<gpxtpx:TrackPointExtension>
			<gpxtpx:course>3.5</gpxtpx:course>
		</gpxtpx:TrackPointExtension>
	</extensions>
</trkpt>
<trkpt lat="-9.0753347" lon="148.2722606">
	<ele>882.83</ele>
	<time>2026-04-18T00:51:01.000Z</time>
	<hdop>5.50</hdop>
	<extensions>
		<gpxtpx:TrackPointExtension>
			<gpxtpx:course>0.7</gpxtpx:course>
		</gpxtpx:TrackPointExtension>
	</extensions>
</trkpt>
<trkpt lat="-9.0752390" lon="148.2722710">
	<ele>882.89</ele>
	<time>2026-04-18T00:51:14.000Z</time>
	<hdop>5.00</hdop>
	<extensions>
		<gpxtpx:TrackPointExtension>
			<gpxtpx:course>13.4</gpxtpx:course>
		</gpxtpx:TrackPointExtension>
	</extensions>
</trkpt>
<trkpt lat="-9.0751461" lon="148.2722478">
	<ele>882.88</ele>
	<time>2026-04-18T00:51:25.000Z</time>
	<hdop>4.50</hdop>
	<extensions>
		<gpxtpx:TrackPointExtension>
			<gpxtpx:course>8.7</gpxtpx:course>
		</gpxtpx:TrackPointExtension>
	</extensions>
</trkpt>
<trkpt lat="-9.0750522" lon="148.2722496">
	<ele>883.88</ele>
	<time>2026-04-18T00:51:37.000Z</time>
	<hdop>4.00</hdop>
	<extensions>
		<gpxtpx:TrackPointExtension>
			<gpxtpx:course>41.6</gpxtpx:course>
		</gpxtpx:TrackPointExtension>
	</extensions>
</trkpt>
<trkpt lat="-9.0749628" lon="148.2722765">
	<ele>883.88</ele>
	<time>2026-04-18T00:51:51.000Z</time>
	<hdop>4.50</hdop>
	<extensions>
		<gpxtpx:TrackPointExtension>
			<gpxtpx:course>32.1</gpxtpx:course>
		</gpxtpx:TrackPointExtension>
	</extensions>
</trkpt>
<trkpt lat="-9.0748606" lon="148.2723066">
	<ele>884.63</ele>
	<time>2026-04-18T00:52:01.000Z</time>
	<hdop>4.50</hdop>
	<extensions>
		<gpxtpx:TrackPointExtension>
			<gpxtpx:course>18.7</gpxtpx:course>
		</gpxtpx:TrackPointExtension>
	</extensions>
</trkpt>
<trkpt lat="-9.0748385" lon="148.2723952">
	<ele>886.88</ele>
	<time>2026-04-18T00:52:12.000Z</time>
	<hdop>3.50</hdop>
	<extensions>
		<gpxtpx:TrackPointExtension>
			<gpxtpx:course>104.9</gpxtpx:course>
		</gpxtpx:TrackPointExtension>
	</extensions>
</trkpt>
<trkpt lat="-9.0748375" lon="148.2725090">
	<ele>888.87</ele>
	<time>2026-04-18T00:52:22.000Z</time>
	<hdop>3.50</hdop>
	<extensions>
		<gpxtpx:TrackPointExtension>
			<gpxtpx:course>108.2</gpxtpx:course>
		</gpxtpx:TrackPointExtension>
	</extensions>
</trkpt>
<trkpt lat="-9.0749167" lon="148.2725578">
	<ele>890.95</ele>
	<time>2026-04-18T00:52:51.000Z</time>
	<hdop>2.50</hdop>
	<extensions>
		<gpxtpx:TrackPointExtension>
			<gpxtpx:course>175.0</gpxtpx:course>
		</gpxtpx:TrackPointExtension>
	</extensions>
</trkpt>
<trkpt lat="-9.0748338" lon="148.2725950">
	<ele>895.63</ele>
	<time>2026-04-18T00:54:53.000Z</time>
	<hdop>2.50</hdop>
	<extensions>
		<gpxtpx:TrackPointExtension>
			<gpxtpx:course>30.7</gpxtpx:course>
		</gpxtpx:TrackPointExtension>
	</extensions>
</trkpt>
<trkpt lat="-9.0748222" lon="148.2725005">
	<ele>893.87</ele>
	<time>2026-04-18T00:56:02.000Z</time>
	<hdop>3.50</hdop>
	<extensions>
		<gpxtpx:TrackPointExtension>
			<gpxtpx:course>281.1</gpxtpx:course>
		</gpxtpx:TrackPointExtension>
	</extensions>
</trkpt>
<trkpt lat="-9.0747934" lon="148.2724130">
	<ele>894.57</ele>
	<time>2026-04-18T00:56:12.000Z</time>
	<hdop>4.00</hdop>
	<extensions>
		<gpxtpx:TrackPointExtension>
			<gpxtpx:course>271.5</gpxtpx:course>
		</gpxtpx:TrackPointExtension>
	</extensions>
</trkpt>
<trkpt lat="-9.0747129" lon="148.2723582">
	<ele>894.88</ele>
	<time>2026-04-18T00:56:23.000Z</time>
	<hdop>4.00</hdop>
	<extensions>
		<gpxtpx:TrackPointExtension>
			<gpxtpx:course>7.8</gpxtpx:course>
		</gpxtpx:TrackPointExtension>
	</extensions>
</trkpt>
<trkpt lat="-9.0746257" lon="148.2723251">
	<ele>892.15</ele>
	<time>2026-04-18T00:56:37.000Z</time>
	<hdop>5.00</hdop>
	<extensions>
		<gpxtpx:TrackPointExtension>
			<gpxtpx:course>312.4</gpxtpx:course>
		</gpxtpx:TrackPointExtension>
	</extensions>
</trkpt>
<trkpt lat="-9.0745438" lon="148.2722801">
	<ele>890.88</ele>
	<time>2026-04-18T00:56:50.000Z</time>
	<hdop>4.50</hdop>
	<extensions>
		<gpxtpx:TrackPointExtension>
			<gpxtpx:course>327.3</gpxtpx:course>
		</gpxtpx:TrackPointExtension>
	</extensions>
</trkpt>
<trkpt lat="-9.0744597" lon="148.2722429">
	<ele>886.15</ele>
	<time>2026-04-18T00:57:07.000Z</time>
	<hdop>5.00</hdop>
	<extensions>
		<gpxtpx:TrackPointExtension>
			<gpxtpx:course>341.7</gpxtpx:course>
		</gpxtpx:TrackPointExtension>
	</extensions>
</trkpt>
<trkpt lat="-9.0743682" lon="148.2722698">
	<ele>886.88</ele>
	<time>2026-04-18T00:57:18.000Z</time>
	<hdop>4.50</hdop>
	<extensions>
		<gpxtpx:TrackPointExtension>
			<gpxtpx:course>343.3</gpxtpx:course>
		</gpxtpx:TrackPointExtension>
	</extensions>
</trkpt>
<trkpt lat="-9.0742770" lon="148.2722569">
	<ele>887.14</ele>
	<time>2026-04-18T00:57:36.000Z</time>
	<hdop>5.50</hdop>
	<extensions>
		<gpxtpx:TrackPointExtension>
			<gpxtpx:course>22.5</gpxtpx:course>
		</gpxtpx:TrackPointExtension>
	</extensions>
</trkpt>
<trkpt lat="-9.0741767" lon="148.2722301">
	<ele>888.07</ele>
	<time>2026-04-18T00:57:46.000Z</time>
	<hdop>5.00</hdop>
	<extensions>
		<gpxtpx:TrackPointExtension>
			<gpxtpx:course>10.6</gpxtpx:course>
		</gpxtpx:TrackPointExtension>
	</extensions>
</trkpt>
<trkpt lat="-9.0740932" lon="148.2721826">
	<ele>885.88</ele>
	<time>2026-04-18T00:57:57.000Z</time>
	<hdop>5.50</hdop>
	<extensions>
		<gpxtpx:TrackPointExtension>
			<gpxtpx:course>355.4</gpxtpx:course>
		</gpxtpx:TrackPointExtension>
	</extensions>
</trkpt>
<trkpt lat="-9.0740221" lon="148.2721166">
	<ele>882.90</ele>
	<time>2026-04-18T00:58:10.000Z</time>
	<hdop>6.50</hdop>
	<extensions>
		<gpxtpx:TrackPointExtension>
			<gpxtpx:course>340.0</gpxtpx:course>
		</gpxtpx:TrackPointExtension>
	</extensions>
</trkpt>
<trkpt lat="-9.0739063" lon="148.2721023">
	<ele>879.90</ele>
	<time>2026-04-18T00:58:20.000Z</time>
	<hdop>6.50</hdop>
	<extensions>
		<gpxtpx:TrackPointExtension>
			<gpxtpx:course>13.1</gpxtpx:course>
		</gpxtpx:TrackPointExtension>
	</extensions>
</trkpt>
<trkpt lat="-9.0738118" lon="148.2720572">
	<ele>882.89</ele>
	<time>2026-04-18T00:58:30.000Z</time>
	<hdop>6.00</hdop>
	<extensions>
		<gpxtpx:TrackPointExtension>
			<gpxtpx:course>336.9</gpxtpx:course>
		</gpxtpx:TrackPointExtension>
	</extensions>
</trkpt>
<trkpt lat="-9.0736965" lon="148.2720252">
	<ele>880.88</ele>
	<time>2026-04-18T00:58:40.000Z</time>
	<hdop>6.00</hdop>
	<extensions>
		<gpxtpx:TrackPointExtension>
			<gpxtpx:course>328.3</gpxtpx:course>
		</gpxtpx:TrackPointExtension>
	</extensions>
</trkpt>
<trkpt lat="-9.0736054" lon="148.2720143">
	<ele>881.93</ele>
	<time>2026-04-18T00:58:56.000Z</time>
	<hdop>6.50</hdop>
	<extensions>
		<gpxtpx:TrackPointExtension>
			<gpxtpx:course>5.1</gpxtpx:course>
		</gpxtpx:TrackPointExtension>
	</extensions>
</trkpt>
<trkpt lat="-9.0735346" lon="148.2719511">
	<ele>879.09</ele>
	<time>2026-04-18T00:59:10.000Z</time>
	<hdop>6.50</hdop>
	<extensions>
		<gpxtpx:TrackPointExtension>
			<gpxtpx:course>259.7</gpxtpx:course>
		</gpxtpx:TrackPointExtension>
	</extensions>
</trkpt>
<trkpt lat="-9.0734857" lon="148.2718718">
	<ele>878.13</ele>
	<time>2026-04-18T00:59:20.000Z</time>
	<hdop>7.00</hdop>
	<extensions>
		<gpxtpx:TrackPointExtension>
			<gpxtpx:course>296.5</gpxtpx:course>
		</gpxtpx:TrackPointExtension>
	</extensions>
</trkpt>
<trkpt lat="-9.0734364" lon="148.2717853">
	<ele>878.63</ele>
	<time>2026-04-18T00:59:31.000Z</time>
	<hdop>7.00</hdop>
	<extensions>
		<gpxtpx:TrackPointExtension>
			<gpxtpx:course>315.0</gpxtpx:course>
		</gpxtpx:TrackPointExtension>
	</extensions>
</trkpt>
<trkpt lat="-9.0733588" lon="148.2717302">
	<ele>879.93</ele>
	<time>2026-04-18T00:59:44.000Z</time>
	<hdop>7.00</hdop>
	<extensions>
		<gpxtpx:TrackPointExtension>
			<gpxtpx:course>331.5</gpxtpx:course>
		</gpxtpx:TrackPointExtension>
	</extensions>
</trkpt>
<trkpt lat="-9.0732648" lon="148.2717513">
	<ele>879.82</ele>
	<time>2026-04-18T01:00:02.000Z</time>
	<hdop>6.50</hdop>
	<extensions>
		<gpxtpx:TrackPointExtension>
			<gpxtpx:course>33.9</gpxtpx:course>
		</gpxtpx:TrackPointExtension>
	</extensions>
</trkpt>
<trkpt lat="-9.0731314" lon="148.2717363">
	<ele>880.88</ele>
	<time>2026-04-18T01:00:12.000Z</time>
	<hdop>7.00</hdop>
	<extensions>
		<gpxtpx:TrackPointExtension>
			<gpxtpx:course>347.6</gpxtpx:course>
		</gpxtpx:TrackPointExtension>
	</extensions>
</trkpt>
<trkpt lat="-9.0730405" lon="148.2717502">
	<ele>879.15</ele>
	<time>2026-04-18T01:00:30.000Z</time>
	<hdop>7.50</hdop>
	<extensions>
		<gpxtpx:TrackPointExtension>
			<gpxtpx:course>58.1</gpxtpx:course>
		</gpxtpx:TrackPointExtension>
	</extensions>
</trkpt>
<trkpt lat="-9.0729509" lon="148.2717745">
	<ele>874.89</ele>
	<time>2026-04-18T01:00:40.000Z</time>
	<hdop>7.50</hdop>
	<extensions>
		<gpxtpx:TrackPointExtension>
			<gpxtpx:course>35.7</gpxtpx:course>
		</gpxtpx:TrackPointExtension>
	</extensions>
</trkpt>
<trkpt lat="-9.0728574" lon="148.2718103">
	<ele>874.88</ele>
	<time>2026-04-18T01:00:50.000Z</time>
	<hdop>8.00</hdop>
	<extensions>
		<gpxtpx:TrackPointExtension>
			<gpxtpx:course>23.5</gpxtpx:course>
		</gpxtpx:TrackPointExtension>
	</extensions>
</trkpt>
<trkpt lat="-9.0727554" lon="148.2718347">
	<ele>873.89</ele>
	<time>2026-04-18T01:01:00.000Z</time>
	<hdop>8.50</hdop>
	<extensions>
		<gpxtpx:TrackPointExtension>
			<gpxtpx:course>60.2</gpxtpx:course>
		</gpxtpx:TrackPointExtension>
	</extensions>
</trkpt>
<trkpt lat="-9.0726613" lon="148.2718442">
	<ele>872.84</ele>
	<time>2026-04-18T01:01:13.000Z</time>
	<hdop>7.00</hdop>
	<extensions>
		<gpxtpx:TrackPointExtension>
			<gpxtpx:course>350.9</gpxtpx:course>
		</gpxtpx:TrackPointExtension>
	</extensions>
</trkpt>
<trkpt lat="-9.0725688" lon="148.2718324">
	<ele>871.70</ele>
	<time>2026-04-18T01:01:24.000Z</time>
	<hdop>8.00</hdop>
	<extensions>
		<gpxtpx:TrackPointExtension>
			<gpxtpx:course>6.0</gpxtpx:course>
		</gpxtpx:TrackPointExtension>
	</extensions>
</trkpt>
<trkpt lat="-9.0724566" lon="148.2718374">
	<ele>873.82</ele>
	<time>2026-04-18T01:01:34.000Z</time>
	<hdop>7.50</hdop>
	<extensions>
		<gpxtpx:TrackPointExtension>
			<gpxtpx:course>347.2</gpxtpx:course>
		</gpxtpx:TrackPointExtension>
	</extensions>
</trkpt>
<trkpt lat="-9.0723603" lon="148.2718204">
	<ele>875.12</ele>
	<time>2026-04-18T01:01:46.000Z</time>
	<hdop>9.00</hdop>
	<extensions>
		<gpxtpx:TrackPointExtension>
			<gpxtpx:course>11.6</gpxtpx:course>
		</gpxtpx:TrackPointExtension>
	</extensions>
</trkpt>
<trkpt lat="-9.0722689" lon="148.2717819">
	<ele>874.95</ele>
	<time>2026-04-18T01:01:57.000Z</time>
	<hdop>8.00</hdop>
	<extensions>
		<gpxtpx:TrackPointExtension>
			<gpxtpx:course>6.3</gpxtpx:course>
		</gpxtpx:TrackPointExtension>
	</extensions>
</trkpt>
<trkpt lat="-9.0721553" lon="148.2717503">
	<ele>872.70</ele>
	<time>2026-04-18T01:02:07.000Z</time>
	<hdop>8.00</hdop>
	<extensions>
		<gpxtpx:TrackPointExtension>
			<gpxtpx:course>325.3</gpxtpx:course>
		</gpxtpx:TrackPointExtension>
	</extensions>
</trkpt>
<trkpt lat="-9.0720606" lon="148.2717974">
	<ele>876.90</ele>
	<time>2026-04-18T01:02:18.000Z</time>
	<hdop>8.00</hdop>
	<extensions>
		<gpxtpx:TrackPointExtension>
			<gpxtpx:course>1.9</gpxtpx:course>
		</gpxtpx:TrackPointExtension>
	</extensions>
</trkpt>
<trkpt lat="-9.0719669" lon="148.2718202">
	<ele>875.94</ele>
	<time>2026-04-18T01:02:29.000Z</time>
	<hdop>8.00</hdop>
	<extensions>
		<gpxtpx:TrackPointExtension>
			<gpxtpx:course>289.6</gpxtpx:course>
		</gpxtpx:TrackPointExtension>
	</extensions>
</trkpt>
<trkpt lat="-9.0718712" lon="148.2718413">
	<ele>875.64</ele>
	<time>2026-04-18T01:02:39.000Z</time>
	<hdop>9.50</hdop>
	<extensions>
		<gpxtpx:TrackPointExtension>
			<gpxtpx:course>10.7</gpxtpx:course>
		</gpxtpx:TrackPointExtension>
	</extensions>
</trkpt>
<trkpt lat="-9.0717778" lon="148.2718315">
	<ele>871.14</ele>
	<time>2026-04-18T01:02:50.000Z</time>
	<hdop>8.50</hdop>
	<extensions>
		<gpxtpx:TrackPointExtension>
			<gpxtpx:course>26.6</gpxtpx:course>
		</gpxtpx:TrackPointExtension>
	</extensions>
</trkpt>
<trkpt lat="-9.0716856" lon="148.2718243">
	<ele>869.95</ele>
	<time>2026-04-18T01:03:01.000Z</time>
	<hdop>9.00</hdop>
	<extensions>
		<gpxtpx:TrackPointExtension>
			<gpxtpx:course>9.1</gpxtpx:course>
		</gpxtpx:TrackPointExtension>
	</extensions>
</trkpt>
<trkpt lat="-9.0715257" lon="148.2717519">
	<ele>868.84</ele>
	<time>2026-04-18T01:03:11.000Z</time>
	<hdop>7.00</hdop>
	<extensions>
		<gpxtpx:TrackPointExtension>
			<gpxtpx:course>286.7</gpxtpx:course>
		</gpxtpx:TrackPointExtension>
	</extensions>
</trkpt>
<trkpt lat="-9.0713823" lon="148.2716650">
	<ele>870.89</ele>
	<time>2026-04-18T01:03:21.000Z</time>
	<hdop>9.50</hdop>
	<extensions>
		<gpxtpx:TrackPointExtension>
			<gpxtpx:course>340.4</gpxtpx:course>
		</gpxtpx:TrackPointExtension>
	</extensions>
</trkpt>
<trkpt lat="-9.0712801" lon="148.2716327">
	<ele>872.87</ele>
	<time>2026-04-18T01:03:31.000Z</time>
	<hdop>8.50</hdop>
	<extensions>
		<gpxtpx:TrackPointExtension>
			<gpxtpx:course>333.5</gpxtpx:course>
		</gpxtpx:TrackPointExtension>
	</extensions>
</trkpt>
<trkpt lat="-9.0711935" lon="148.2715766">
	<ele>870.09</ele>
	<time>2026-04-18T01:03:49.000Z</time>
	<hdop>9.00</hdop>
	<extensions>
		<gpxtpx:TrackPointExtension>
			<gpxtpx:course>307.0</gpxtpx:course>
		</gpxtpx:TrackPointExtension>
	</extensions>
</trkpt>
<trkpt lat="-9.0711022" lon="148.2715714">
	<ele>868.66</ele>
	<time>2026-04-18T01:03:59.000Z</time>
	<hdop>9.00</hdop>
	<extensions>
		<gpxtpx:TrackPointExtension>
			<gpxtpx:course>357.0</gpxtpx:course>
		</gpxtpx:TrackPointExtension>
	</extensions>
</trkpt>
<trkpt lat="-9.0709892" lon="148.2715630">
	<ele>866.95</ele>
	<time>2026-04-18T01:04:09.000Z</time>
	<hdop>8.00</hdop>
	<extensions>
		<gpxtpx:TrackPointExtension>
			<gpxtpx:course>337.8</gpxtpx:course>
		</gpxtpx:TrackPointExtension>
	</extensions>
</trkpt>
<trkpt lat="-9.0708893" lon="148.2715521">
	<ele>865.09</ele>
	<time>2026-04-18T01:04:22.000Z</time>
	<hdop>8.00</hdop>
	<extensions>
		<gpxtpx:TrackPointExtension>
			<gpxtpx:course>334.7</gpxtpx:course>
		</gpxtpx:TrackPointExtension>
	</extensions>
</trkpt>
<trkpt lat="-9.0707974" lon="148.2715658">
	<ele>865.09</ele>
	<time>2026-04-18T01:04:34.000Z</time>
	<hdop>7.50</hdop>
	<extensions>
		<gpxtpx:TrackPointExtension>
			<gpxtpx:course>329.0</gpxtpx:course>
		</gpxtpx:TrackPointExtension>
	</extensions>
</trkpt>
<trkpt lat="-9.0706967" lon="148.2715214">
	<ele>865.08</ele>
	<time>2026-04-18T01:04:44.000Z</time>
	<hdop>8.00</hdop>
	<extensions>
		<gpxtpx:TrackPointExtension>
			<gpxtpx:course>312.1</gpxtpx:course>
		</gpxtpx:TrackPointExtension>
	</extensions>
</trkpt>
<trkpt lat="-9.0706034" lon="148.2714638">
	<ele>862.89</ele>
	<time>2026-04-18T01:04:56.000Z</time>
	<hdop>9.00</hdop>
	<extensions>
		<gpxtpx:TrackPointExtension>
			<gpxtpx:course>286.0</gpxtpx:course>
		</gpxtpx:TrackPointExtension>
	</extensions>
</trkpt>
<trkpt lat="-9.0704948" lon="148.2713685">
	<ele>864.65</ele>
	<time>2026-04-18T01:05:06.000Z</time>
	<hdop>9.00</hdop>
	<extensions>
		<gpxtpx:TrackPointExtension>
			<gpxtpx:course>307.9</gpxtpx:course>
		</gpxtpx:TrackPointExtension>
	</extensions>
</trkpt>
<trkpt lat="-9.0703982" lon="148.2712953">
	<ele>867.62</ele>
	<time>2026-04-18T01:05:16.000Z</time>
	<hdop>8.50</hdop>
	<extensions>
		<gpxtpx:TrackPointExtension>
			<gpxtpx:course>288.2</gpxtpx:course>
		</gpxtpx:TrackPointExtension>
	</extensions>
</trkpt>
<trkpt lat="-9.0702840" lon="148.2712246">
	<ele>868.69</ele>
	<time>2026-04-18T01:05:26.000Z</time>
	<hdop>9.00</hdop>
	<extensions>
		<gpxtpx:TrackPointExtension>
			<gpxtpx:course>136.3</gpxtpx:course>
		</gpxtpx:TrackPointExtension>
	</extensions>
</trkpt>
<trkpt lat="-9.0701398" lon="148.2710506">
	<ele>876.01</ele>
	<time>2026-04-18T01:05:36.000Z</time>
	<hdop>7.50</hdop>
	<extensions>
		<gpxtpx:TrackPointExtension>
			<gpxtpx:course>318.7</gpxtpx:course>
		</gpxtpx:TrackPointExtension>
	</extensions>
</trkpt>
<trkpt lat="-9.0700760" lon="148.2709241">
	<ele>879.88</ele>
	<time>2026-04-18T01:05:46.000Z</time>
	<hdop>6.50</hdop>
	<extensions>
		<gpxtpx:TrackPointExtension>
			<gpxtpx:course>284.5</gpxtpx:course>
		</gpxtpx:TrackPointExtension>
	</extensions>
</trkpt>
<trkpt lat="-9.0700091" lon="148.2708571">
	<ele>880.84</ele>
	<time>2026-04-18T01:05:58.000Z</time>
	<hdop>7.00</hdop>
	<extensions>
		<gpxtpx:TrackPointExtension>
			<gpxtpx:course>353.6</gpxtpx:course>
		</gpxtpx:TrackPointExtension>
	</extensions>
</trkpt>
<trkpt lat="-9.0699759" lon="148.2707686">
	<ele>880.14</ele>
	<time>2026-04-18T01:06:08.000Z</time>
	<hdop>6.50</hdop>
	<extensions>
		<gpxtpx:TrackPointExtension>
			<gpxtpx:course>305.1</gpxtpx:course>
		</gpxtpx:TrackPointExtension>
	</extensions>
</trkpt>
<trkpt lat="-9.0698978" lon="148.2707119">
	<ele>880.90</ele>
	<time>2026-04-18T01:06:23.000Z</time>
	<hdop>7.00</hdop>
	<extensions>
		<gpxtpx:TrackPointExtension>
			<gpxtpx:course>324.1</gpxtpx:course>
		</gpxtpx:TrackPointExtension>
	</extensions>
</trkpt>
<trkpt lat="-9.0698123" lon="148.2706541">
	<ele>878.91</ele>
	<time>2026-04-18T01:06:33.000Z</time>
	<hdop>7.00</hdop>
	<extensions>
		<gpxtpx:TrackPointExtension>
			<gpxtpx:course>326.0</gpxtpx:course>
		</gpxtpx:TrackPointExtension>
	</extensions>
</trkpt>
<trkpt lat="-9.0697132" lon="148.2706341">
	<ele>875.89</ele>
	<time>2026-04-18T01:06:49.000Z</time>
	<hdop>7.00</hdop>
	<extensions>
		<gpxtpx:TrackPointExtension>
			<gpxtpx:course>344.1</gpxtpx:course>
		</gpxtpx:TrackPointExtension>
	</extensions>
</trkpt>
<trkpt lat="-9.0696209" lon="148.2706385">
	<ele>874.83</ele>
	<time>2026-04-18T01:06:59.000Z</time>
	<hdop>8.50</hdop>
	<extensions>
		<gpxtpx:TrackPointExtension>
			<gpxtpx:course>4.2</gpxtpx:course>
		</gpxtpx:TrackPointExtension>
	</extensions>
</trkpt>
<trkpt lat="-9.0695291" lon="148.2706013">
	<ele>872.87</ele>
	<time>2026-04-18T01:07:14.000Z</time>
	<hdop>8.00</hdop>
	<extensions>
		<gpxtpx:TrackPointExtension>
			<gpxtpx:course>18.3</gpxtpx:course>
		</gpxtpx:TrackPointExtension>
	</extensions>
</trkpt>
<trkpt lat="-9.0694378" lon="148.2705857">
	<ele>874.09</ele>
	<time>2026-04-18T01:07:26.000Z</time>
	<hdop>8.50</hdop>
	<extensions>
		<gpxtpx:TrackPointExtension>
			<gpxtpx:course>18.4</gpxtpx:course>
		</gpxtpx:TrackPointExtension>
	</extensions>
</trkpt>
<trkpt lat="-9.0693542" lon="148.2705427">
	<ele>874.64</ele>
	<time>2026-04-18T01:07:36.000Z</time>
	<hdop>8.00</hdop>
	<extensions>
		<gpxtpx:TrackPointExtension>
			<gpxtpx:course>322.4</gpxtpx:course>
		</gpxtpx:TrackPointExtension>
	</extensions>
</trkpt>
<trkpt lat="-9.0692733" lon="148.2704956">
	<ele>873.71</ele>
	<time>2026-04-18T01:07:46.000Z</time>
	<hdop>8.00</hdop>
	<extensions>
		<gpxtpx:TrackPointExtension>
			<gpxtpx:course>342.5</gpxtpx:course>
		</gpxtpx:TrackPointExtension>
	</extensions>
</trkpt>
<trkpt lat="-9.0691673" lon="148.2704387">
	<ele>871.96</ele>
	<time>2026-04-18T01:07:56.000Z</time>
	<hdop>9.50</hdop>
	<extensions>
		<gpxtpx:TrackPointExtension>
			<gpxtpx:course>355.7</gpxtpx:course>
		</gpxtpx:TrackPointExtension>
	</extensions>
</trkpt>
<trkpt lat="-9.0690768" lon="148.2704079">
	<ele>872.83</ele>
	<time>2026-04-18T01:08:09.000Z</time>
	<hdop>8.50</hdop>
	<extensions>
		<gpxtpx:TrackPointExtension>
			<gpxtpx:course>21.3</gpxtpx:course>
		</gpxtpx:TrackPointExtension>
	</extensions>
</trkpt>
<trkpt lat="-9.0689840" lon="148.2704309">
	<ele>872.66</ele>
	<time>2026-04-18T01:08:20.000Z</time>
	<hdop>7.50</hdop>
	<extensions>
		<gpxtpx:TrackPointExtension>
			<gpxtpx:course>25.6</gpxtpx:course>
		</gpxtpx:TrackPointExtension>
	</extensions>
</trkpt>
<trkpt lat="-9.0688918" lon="148.2704639">
	<ele>873.88</ele>
	<time>2026-04-18T01:08:32.000Z</time>
	<hdop>8.00</hdop>
	<extensions>
		<gpxtpx:TrackPointExtension>
			<gpxtpx:course>43.8</gpxtpx:course>
		</gpxtpx:TrackPointExtension>
	</extensions>
</trkpt>
<trkpt lat="-9.0687897" lon="148.2703998">
	<ele>876.65</ele>
	<time>2026-04-18T01:08:42.000Z</time>
	<hdop>8.00</hdop>
	<extensions>
		<gpxtpx:TrackPointExtension>
			<gpxtpx:course>323.8</gpxtpx:course>
		</gpxtpx:TrackPointExtension>
	</extensions>
</trkpt>
<trkpt lat="-9.0686949" lon="148.2703091">
	<ele>878.84</ele>
	<time>2026-04-18T01:08:52.000Z</time>
	<hdop>7.50</hdop>
	<extensions>
		<gpxtpx:TrackPointExtension>
			<gpxtpx:course>326.3</gpxtpx:course>
		</gpxtpx:TrackPointExtension>
	</extensions>
</trkpt>
<trkpt lat="-9.0686092" lon="148.2702563">
	<ele>877.14</ele>
	<time>2026-04-18T01:09:02.000Z</time>
	<hdop>7.50</hdop>
	<extensions>
		<gpxtpx:TrackPointExtension>
			<gpxtpx:course>299.5</gpxtpx:course>
		</gpxtpx:TrackPointExtension>
	</extensions>
</trkpt>
<trkpt lat="-9.0685377" lon="148.2701887">
	<ele>875.94</ele>
	<time>2026-04-18T01:09:18.000Z</time>
	<hdop>8.00</hdop>
	<extensions>
		<gpxtpx:TrackPointExtension>
			<gpxtpx:course>359.4</gpxtpx:course>
		</gpxtpx:TrackPointExtension>
	</extensions>
</trkpt>
<trkpt lat="-9.0684621" lon="148.2701309">
	<ele>875.14</ele>
	<time>2026-04-18T01:09:32.000Z</time>
	<hdop>8.00</hdop>
	<extensions>
		<gpxtpx:TrackPointExtension>
			<gpxtpx:course>275.7</gpxtpx:course>
		</gpxtpx:TrackPointExtension>
	</extensions>
</trkpt>
<trkpt lat="-9.0683586" lon="148.2701183">
	<ele>875.64</ele>
	<time>2026-04-18T01:09:44.000Z</time>
	<hdop>9.50</hdop>
	<extensions>
		<gpxtpx:TrackPointExtension>
			<gpxtpx:course>7.0</gpxtpx:course>
		</gpxtpx:TrackPointExtension>
	</extensions>
</trkpt>
<trkpt lat="-9.0682348" lon="148.2701222">
	<ele>874.89</ele>
	<time>2026-04-18T01:09:54.000Z</time>
	<hdop>8.50</hdop>
	<extensions>
		<gpxtpx:TrackPointExtension>
			<gpxtpx:course>2.6</gpxtpx:course>
		</gpxtpx:TrackPointExtension>
	</extensions>
</trkpt>
<trkpt lat="-9.0681538" lon="148.2700729">
	<ele>868.99</ele>
	<time>2026-04-18T01:10:05.000Z</time>
	<hdop>8.00</hdop>
	<extensions>
		<gpxtpx:TrackPointExtension>
			<gpxtpx:course>320.7</gpxtpx:course>
		</gpxtpx:TrackPointExtension>
	</extensions>
</trkpt>
<trkpt lat="-9.0680631" lon="148.2700451">
	<ele>868.83</ele>
	<time>2026-04-18T01:10:15.000Z</time>
	<hdop>9.50</hdop>
	<extensions>
		<gpxtpx:TrackPointExtension>
			<gpxtpx:course>335.6</gpxtpx:course>
		</gpxtpx:TrackPointExtension>
	</extensions>
</trkpt>
<trkpt lat="-9.0679767" lon="148.2699986">
	<ele>869.88</ele>
	<time>2026-04-18T01:10:25.000Z</time>
	<hdop>9.00</hdop>
	<extensions>
		<gpxtpx:TrackPointExtension>
			<gpxtpx:course>355.3</gpxtpx:course>
		</gpxtpx:TrackPointExtension>
	</extensions>
</trkpt>
<trkpt lat="-9.0678893" lon="148.2699656">
	<ele>867.89</ele>
	<time>2026-04-18T01:10:37.000Z</time>
	<hdop>9.00</hdop>
	<extensions>
		<gpxtpx:TrackPointExtension>
			<gpxtpx:course>351.4</gpxtpx:course>
		</gpxtpx:TrackPointExtension>
	</extensions>
</trkpt>
<trkpt lat="-9.0677535" lon="148.2699284">
	<ele>871.63</ele>
	<time>2026-04-18T01:10:47.000Z</time>
	<hdop>8.00</hdop>
	<extensions>
		<gpxtpx:TrackPointExtension>
			<gpxtpx:course>343.7</gpxtpx:course>
		</gpxtpx:TrackPointExtension>
	</extensions>
</trkpt>
<trkpt lat="-9.0676351" lon="148.2698636">
	<ele>873.08</ele>
	<time>2026-04-18T01:10:57.000Z</time>
	<hdop>10.00</hdop>
	<extensions>
		<gpxtpx:TrackPointExtension>
			<gpxtpx:course>356.0</gpxtpx:course>
		</gpxtpx:TrackPointExtension>
	</extensions>
</trkpt>
<trkpt lat="-9.0675625" lon="148.2697896">
	<ele>865.93</ele>
	<time>2026-04-18T01:11:11.000Z</time>
	<hdop>13.50</hdop>
	<extensions>
		<gpxtpx:TrackPointExtension>
			<gpxtpx:course>239.2</gpxtpx:course>
		</gpxtpx:TrackPointExtension>
	</extensions>
</trkpt>
<trkpt lat="-9.0674755" lon="148.2697567">
	<ele>863.78</ele>
	<time>2026-04-18T01:11:22.000Z</time>
	<hdop>12.50</hdop>
	<extensions>
		<gpxtpx:TrackPointExtension>
			<gpxtpx:course>359.8</gpxtpx:course>
		</gpxtpx:TrackPointExtension>
	</extensions>
</trkpt>
<trkpt lat="-9.0673514" lon="148.2697392">
	<ele>875.26</ele>
	<time>2026-04-18T01:11:32.000Z</time>
	<hdop>12.50</hdop>
	<extensions>
		<gpxtpx:TrackPointExtension>
			<gpxtpx:course>312.1</gpxtpx:course>
		</gpxtpx:TrackPointExtension>
	</extensions>
</trkpt>
<trkpt lat="-9.0672596" lon="148.2697410">
	<ele>868.85</ele>
	<time>2026-04-18T01:11:42.000Z</time>
	<hdop>11.00</hdop>
	<extensions>
		<gpxtpx:TrackPointExtension>
			<gpxtpx:course>353.6</gpxtpx:course>
		</gpxtpx:TrackPointExtension>
	</extensions>
</trkpt>
<trkpt lat="-9.0671565" lon="148.2697232">
	<ele>879.37</ele>
	<time>2026-04-18T01:11:55.000Z</time>
	<hdop>10.00</hdop>
	<extensions>
		<gpxtpx:TrackPointExtension>
			<gpxtpx:course>333.6</gpxtpx:course>
		</gpxtpx:TrackPointExtension>
	</extensions>
</trkpt>
<trkpt lat="-9.0670214" lon="148.2696346">
	<ele>891.86</ele>
	<time>2026-04-18T01:12:05.000Z</time>
	<hdop>8.00</hdop>
	<extensions>
		<gpxtpx:TrackPointExtension>
			<gpxtpx:course>262.8</gpxtpx:course>
		</gpxtpx:TrackPointExtension>
	</extensions>
</trkpt>
<trkpt lat="-9.0669317" lon="148.2696034">
	<ele>889.91</ele>
	<time>2026-04-18T01:12:24.000Z</time>
	<hdop>7.50</hdop>
	<extensions>
		<gpxtpx:TrackPointExtension>
			<gpxtpx:course>343.8</gpxtpx:course>
		</gpxtpx:TrackPointExtension>
	</extensions>
</trkpt>
<trkpt lat="-9.0668405" lon="148.2695519">
	<ele>892.88</ele>
	<time>2026-04-18T01:12:39.000Z</time>
	<hdop>8.00</hdop>
	<extensions>
		<gpxtpx:TrackPointExtension>
			<gpxtpx:course>345.8</gpxtpx:course>
		</gpxtpx:TrackPointExtension>
	</extensions>
</trkpt>
<trkpt lat="-9.0667595" lon="148.2694918">
	<ele>892.08</ele>
	<time>2026-04-18T01:12:50.000Z</time>
	<hdop>10.50</hdop>
	<extensions>
		<gpxtpx:TrackPointExtension>
			<gpxtpx:course>322.4</gpxtpx:course>
		</gpxtpx:TrackPointExtension>
	</extensions>
</trkpt>
<trkpt lat="-9.0666742" lon="148.2694425">
	<ele>893.63</ele>
	<time>2026-04-18T01:13:03.000Z</time>
	<hdop>10.50</hdop>
	<extensions>
		<gpxtpx:TrackPointExtension>
			<gpxtpx:course>328.7</gpxtpx:course>
		</gpxtpx:TrackPointExtension>
	</extensions>
</trkpt>
<trkpt lat="-9.0665943" lon="148.2693984">
	<ele>892.94</ele>
	<time>2026-04-18T01:13:25.000Z</time>
	<hdop>12.00</hdop>
	<extensions>
		<gpxtpx:TrackPointExtension>
			<gpxtpx:course>8.7</gpxtpx:course>
		</gpxtpx:TrackPointExtension>
	</extensions>
</trkpt>
<trkpt lat="-9.0664504" lon="148.2693546">
	<ele>893.72</ele>
	<time>2026-04-18T01:13:35.000Z</time>
	<hdop>9.00</hdop>
	<extensions>
		<gpxtpx:TrackPointExtension>
			<gpxtpx:course>320.3</gpxtpx:course>
		</gpxtpx:TrackPointExtension>
	</extensions>
</trkpt>
<trkpt lat="-9.0663518" lon="148.2693196">
	<ele>893.91</ele>
	<time>2026-04-18T01:13:47.000Z</time>
	<hdop>9.00</hdop>
	<extensions>
		<gpxtpx:TrackPointExtension>
			<gpxtpx:course>358.3</gpxtpx:course>
		</gpxtpx:TrackPointExtension>
	</extensions>
</trkpt>
<trkpt lat="-9.0662583" lon="148.2692850">
	<ele>893.91</ele>
	<time>2026-04-18T01:13:59.000Z</time>
	<hdop>9.00</hdop>
	<extensions>
		<gpxtpx:TrackPointExtension>
			<gpxtpx:course>272.4</gpxtpx:course>
		</gpxtpx:TrackPointExtension>
	</extensions>
</trkpt>
<trkpt lat="-9.0661688" lon="148.2693001">
	<ele>896.83</ele>
	<time>2026-04-18T01:14:11.000Z</time>
	<hdop>9.00</hdop>
	<extensions>
		<gpxtpx:TrackPointExtension>
			<gpxtpx:course>2.0</gpxtpx:course>
		</gpxtpx:TrackPointExtension>
	</extensions>
</trkpt>
<trkpt lat="-9.0661140" lon="148.2692197">
	<ele>897.70</ele>
	<time>2026-04-18T01:14:25.000Z</time>
	<hdop>10.50</hdop>
	<extensions>
		<gpxtpx:TrackPointExtension>
			<gpxtpx:course>232.7</gpxtpx:course>
		</gpxtpx:TrackPointExtension>
	</extensions>
</trkpt>
<trkpt lat="-9.0660486" lon="148.2692871">
	<ele>897.94</ele>
	<time>2026-04-18T01:14:37.000Z</time>
	<hdop>9.00</hdop>
	<extensions>
		<gpxtpx:TrackPointExtension>
			<gpxtpx:course>11.1</gpxtpx:course>
		</gpxtpx:TrackPointExtension>
	</extensions>
</trkpt>
<trkpt lat="-9.0659536" lon="148.2692961">
	<ele>895.91</ele>
	<time>2026-04-18T01:14:47.000Z</time>
	<hdop>10.50</hdop>
	<extensions>
		<gpxtpx:TrackPointExtension>
			<gpxtpx:course>350.8</gpxtpx:course>
		</gpxtpx:TrackPointExtension>
	</extensions>
</trkpt>
<trkpt lat="-9.0658628" lon="148.2692812">
	<ele>896.91</ele>
	<time>2026-04-18T01:14:57.000Z</time>
	<hdop>10.50</hdop>
	<extensions>
		<gpxtpx:TrackPointExtension>
			<gpxtpx:course>41.7</gpxtpx:course>
		</gpxtpx:TrackPointExtension>
	</extensions>
</trkpt>
<trkpt lat="-9.0657448" lon="148.2692312">
	<ele>897.89</ele>
	<time>2026-04-18T01:15:07.000Z</time>
	<hdop>12.00</hdop>
	<extensions>
		<gpxtpx:TrackPointExtension>
			<gpxtpx:course>318.6</gpxtpx:course>
		</gpxtpx:TrackPointExtension>
	</extensions>
</trkpt>
<trkpt lat="-9.0656347" lon="148.2691887">
	<ele>896.14</ele>
	<time>2026-04-18T01:15:17.000Z</time>
	<hdop>12.00</hdop>
	<extensions>
		<gpxtpx:TrackPointExtension>
			<gpxtpx:course>8.1</gpxtpx:course>
		</gpxtpx:TrackPointExtension>
	</extensions>
</trkpt>
<trkpt lat="-9.0655462" lon="148.2692110">
	<ele>895.16</ele>
	<time>2026-04-18T01:15:30.000Z</time>
	<hdop>10.00</hdop>
	<extensions>
		<gpxtpx:TrackPointExtension>
			<gpxtpx:course>25.0</gpxtpx:course>
		</gpxtpx:TrackPointExtension>
	</extensions>
</trkpt>
<trkpt lat="-9.0654625" lon="148.2691761">
	<ele>895.83</ele>
	<time>2026-04-18T01:16:02.000Z</time>
	<hdop>8.00</hdop>
	<extensions>
		<gpxtpx:TrackPointExtension>
			<gpxtpx:course>286.3</gpxtpx:course>
		</gpxtpx:TrackPointExtension>
	</extensions>
</trkpt>
<trkpt lat="-9.0655121" lon="148.2690997">
	<ele>895.89</ele>
	<time>2026-04-18T01:16:45.000Z</time>
	<hdop>16.00</hdop>
	<extensions>
		<gpxtpx:TrackPointExtension>
			<gpxtpx:course>182.5</gpxtpx:course>
		</gpxtpx:TrackPointExtension>
	</extensions>
</trkpt>
<trkpt lat="-9.0654113" lon="148.2690758">
	<ele>899.62</ele>
	<time>2026-04-18T01:16:58.000Z</time>
	<hdop>11.00</hdop>
	<extensions>
		<gpxtpx:TrackPointExtension>
			<gpxtpx:course>25.7</gpxtpx:course>
		</gpxtpx:TrackPointExtension>
	</extensions>
</trkpt>
<trkpt lat="-9.0653335" lon="148.2691237">
	<ele>924.96</ele>
	<time>2026-04-18T01:18:12.000Z</time>
	<hdop>7.00</hdop>
	<extensions>
		<gpxtpx:TrackPointExtension>
			<gpxtpx:course>0.8</gpxtpx:course>
		</gpxtpx:TrackPointExtension>
	</extensions>
</trkpt>
<trkpt lat="-9.0652548" lon="148.2691759">
	<ele>922.15</ele>
	<time>2026-04-18T01:18:52.000Z</time>
	<hdop>8.00</hdop>
	<extensions>
		<gpxtpx:TrackPointExtension>
			<gpxtpx:course>47.0</gpxtpx:course>
		</gpxtpx:TrackPointExtension>
	</extensions>
</trkpt>
<trkpt lat="-9.0651912" lon="148.2692464">
	<ele>916.90</ele>
	<time>2026-04-18T01:19:07.000Z</time>
	<hdop>8.00</hdop>
	<extensions>
		<gpxtpx:TrackPointExtension>
			<gpxtpx:course>81.6</gpxtpx:course>
		</gpxtpx:TrackPointExtension>
	</extensions>
</trkpt>
<trkpt lat="-9.0651056" lon="148.2692813">
	<ele>911.91</ele>
	<time>2026-04-18T01:19:18.000Z</time>
	<hdop>9.00</hdop>
	<extensions>
		<gpxtpx:TrackPointExtension>
			<gpxtpx:course>33.5</gpxtpx:course>
		</gpxtpx:TrackPointExtension>
	</extensions>
</trkpt>
<trkpt lat="-9.0650261" lon="148.2693342">
	<ele>910.13</ele>
	<time>2026-04-18T01:19:29.000Z</time>
	<hdop>9.50</hdop>
	<extensions>
		<gpxtpx:TrackPointExtension>
			<gpxtpx:course>73.6</gpxtpx:course>
		</gpxtpx:TrackPointExtension>
	</extensions>
</trkpt>
<trkpt lat="-9.0649606" lon="148.2694024">
	<ele>910.08</ele>
	<time>2026-04-18T01:19:48.000Z</time>
	<hdop>9.00</hdop>
	<extensions>
		<gpxtpx:TrackPointExtension>
			<gpxtpx:course>77.6</gpxtpx:course>
		</gpxtpx:TrackPointExtension>
	</extensions>
</trkpt>
<trkpt lat="-9.0648790" lon="148.2694631">
	<ele>906.96</ele>
	<time>2026-04-18T01:20:00.000Z</time>
	<hdop>8.50</hdop>
	<extensions>
		<gpxtpx:TrackPointExtension>
			<gpxtpx:course>58.8</gpxtpx:course>
		</gpxtpx:TrackPointExtension>
	</extensions>
</trkpt>
<trkpt lat="-9.0647861" lon="148.2695034">
	<ele>901.96</ele>
	<time>2026-04-18T01:20:11.000Z</time>
	<hdop>8.00</hdop>
	<extensions>
		<gpxtpx:TrackPointExtension>
			<gpxtpx:course>353.9</gpxtpx:course>
		</gpxtpx:TrackPointExtension>
	</extensions>
</trkpt>
<trkpt lat="-9.0646887" lon="148.2695344">
	<ele>900.73</ele>
	<time>2026-04-18T01:20:21.000Z</time>
	<hdop>8.50</hdop>
	<extensions>
		<gpxtpx:TrackPointExtension>
			<gpxtpx:course>351.5</gpxtpx:course>
		</gpxtpx:TrackPointExtension>
	</extensions>
</trkpt>
<trkpt lat="-9.0645991" lon="148.2695481">
	<ele>900.15</ele>
	<time>2026-04-18T01:20:32.000Z</time>
	<hdop>8.00</hdop>
	<extensions>
		<gpxtpx:TrackPointExtension>
			<gpxtpx:course>326.4</gpxtpx:course>
		</gpxtpx:TrackPointExtension>
	</extensions>
</trkpt>
<trkpt lat="-9.0645053" lon="148.2695207">
	<ele>901.88</ele>
	<time>2026-04-18T01:20:44.000Z</time>
	<hdop>8.50</hdop>
	<extensions>
		<gpxtpx:TrackPointExtension>
			<gpxtpx:course>340.4</gpxtpx:course>
		</gpxtpx:TrackPointExtension>
	</extensions>
</trkpt>
<trkpt lat="-9.0643431" lon="148.2695549">
	<ele>904.91</ele>
	<time>2026-04-18T01:20:54.000Z</time>
	<hdop>13.50</hdop>
	<extensions>
		<gpxtpx:TrackPointExtension>
			<gpxtpx:course>10.3</gpxtpx:course>
		</gpxtpx:TrackPointExtension>
	</extensions>
</trkpt>
<trkpt lat="-9.0642600" lon="148.2695042">
	<ele>903.90</ele>
	<time>2026-04-18T01:21:10.000Z</time>
	<hdop>12.00</hdop>
	<extensions>
		<gpxtpx:TrackPointExtension>
			<gpxtpx:course>8.5</gpxtpx:course>
		</gpxtpx:TrackPointExtension>
	</extensions>
</trkpt>
<trkpt lat="-9.0641781" lon="148.2694649">
	<ele>902.96</ele>
	<time>2026-04-18T01:21:41.000Z</time>
	<hdop>11.00</hdop>
	<extensions>
		<gpxtpx:TrackPointExtension>
			<gpxtpx:course>242.1</gpxtpx:course>
		</gpxtpx:TrackPointExtension>
	</extensions>
</trkpt>
<trkpt lat="-9.0640819" lon="148.2694499">
	<ele>903.92</ele>
	<time>2026-04-18T01:21:54.000Z</time>
	<hdop>11.00</hdop>
	<extensions>
		<gpxtpx:TrackPointExtension>
			<gpxtpx:course>60.6</gpxtpx:course>
		</gpxtpx:TrackPointExtension>
	</extensions>
</trkpt>
<trkpt lat="-9.0639714" lon="148.2694487">
	<ele>901.90</ele>
	<time>2026-04-18T01:22:04.000Z</time>
	<hdop>9.50</hdop>
	<extensions>
		<gpxtpx:TrackPointExtension>
			<gpxtpx:course>38.0</gpxtpx:course>
		</gpxtpx:TrackPointExtension>
	</extensions>
</trkpt>
<trkpt lat="-9.0638756" lon="148.2694607">
	<ele>900.22</ele>
	<time>2026-04-18T01:22:14.000Z</time>
	<hdop>9.50</hdop>
	<extensions>
		<gpxtpx:TrackPointExtension>
			<gpxtpx:course>7.2</gpxtpx:course>
		</gpxtpx:TrackPointExtension>
	</extensions>
</trkpt>
<trkpt lat="-9.0637746" lon="148.2694767">
	<ele>898.16</ele>
	<time>2026-04-18T01:22:24.000Z</time>
	<hdop>9.00</hdop>
	<extensions>
		<gpxtpx:TrackPointExtension>
			<gpxtpx:course>17.3</gpxtpx:course>
		</gpxtpx:TrackPointExtension>
	</extensions>
</trkpt>
<trkpt lat="-9.0636847" lon="148.2694525">
	<ele>902.65</ele>
	<time>2026-04-18T01:22:53.000Z</time>
	<hdop>10.00</hdop>
	<extensions>
		<gpxtpx:TrackPointExtension>
			<gpxtpx:course>289.8</gpxtpx:course>
		</gpxtpx:TrackPointExtension>
	</extensions>
</trkpt>
<trkpt lat="-9.0635942" lon="148.2694282">
	<ele>900.96</ele>
	<time>2026-04-18T01:23:15.000Z</time>
	<hdop>12.50</hdop>
	<extensions>
		<gpxtpx:TrackPointExtension>
			<gpxtpx:course>45.0</gpxtpx:course>
		</gpxtpx:TrackPointExtension>
	</extensions>
</trkpt>
<trkpt lat="-9.0634795" lon="148.2694586">
	<ele>901.15</ele>
	<time>2026-04-18T01:23:25.000Z</time>
	<hdop>12.00</hdop>
	<extensions>
		<gpxtpx:TrackPointExtension>
			<gpxtpx:course>40.4</gpxtpx:course>
		</gpxtpx:TrackPointExtension>
	</extensions>
</trkpt>
<trkpt lat="-9.0634600" lon="148.2693498">
	<ele>899.85</ele>
	<time>2026-04-18T01:23:40.000Z</time>
	<hdop>14.00</hdop>
	<extensions>
		<gpxtpx:TrackPointExtension>
			<gpxtpx:course>285.7</gpxtpx:course>
		</gpxtpx:TrackPointExtension>
	</extensions>
</trkpt>
<trkpt lat="-9.0633749" lon="148.2694047">
	<ele>903.15</ele>
	<time>2026-04-18T01:23:50.000Z</time>
	<hdop>11.50</hdop>
	<extensions>
		<gpxtpx:TrackPointExtension>
			<gpxtpx:course>54.3</gpxtpx:course>
		</gpxtpx:TrackPointExtension>
	</extensions>
</trkpt>
<trkpt lat="-9.0632862" lon="148.2694508">
	<ele>901.90</ele>
	<time>2026-04-18T01:24:06.000Z</time>
	<hdop>17.50</hdop>
	<extensions>
		<gpxtpx:TrackPointExtension>
			<gpxtpx:course>43.7</gpxtpx:course>
		</gpxtpx:TrackPointExtension>
	</extensions>
</trkpt>
<trkpt lat="-9.0632055" lon="148.2693829">
	<ele>899.96</ele>
	<time>2026-04-18T01:24:16.000Z</time>
	<hdop>17.50</hdop>
	<extensions>
		<gpxtpx:TrackPointExtension>
			<gpxtpx:course>226.2</gpxtpx:course>
		</gpxtpx:TrackPointExtension>
	</extensions>
</trkpt>
<trkpt lat="-9.0631492" lon="148.2693023">
	<ele>896.85</ele>
	<time>2026-04-18T01:24:27.000Z</time>
	<hdop>14.50</hdop>
	<extensions>
		<gpxtpx:TrackPointExtension>
			<gpxtpx:course>81.9</gpxtpx:course>
		</gpxtpx:TrackPointExtension>
	</extensions>
</trkpt>
<trkpt lat="-9.0630509" lon="148.2692964">
	<ele>894.21</ele>
	<time>2026-04-18T01:24:43.000Z</time>
	<hdop>15.00</hdop>
	<extensions>
		<gpxtpx:TrackPointExtension>
			<gpxtpx:course>342.3</gpxtpx:course>
		</gpxtpx:TrackPointExtension>
	</extensions>
</trkpt>
<trkpt lat="-9.0629585" lon="148.2692612">
	<ele>895.41</ele>
	<time>2026-04-18T01:24:57.000Z</time>
	<hdop>17.50</hdop>
	<extensions>
		<gpxtpx:TrackPointExtension>
			<gpxtpx:course>328.2</gpxtpx:course>
		</gpxtpx:TrackPointExtension>
	</extensions>
</trkpt>
<trkpt lat="-9.0628652" lon="148.2692260">
	<ele>891.90</ele>
	<time>2026-04-18T01:25:14.000Z</time>
	<hdop>13.00</hdop>
	<extensions>
		<gpxtpx:TrackPointExtension>
			<gpxtpx:course>61.1</gpxtpx:course>
		</gpxtpx:TrackPointExtension>
	</extensions>
</trkpt>
<trkpt lat="-9.0627720" lon="148.2692192">
	<ele>898.67</ele>
	<time>2026-04-18T01:25:28.000Z</time>
	<hdop>13.00</hdop>
	<extensions>
		<gpxtpx:TrackPointExtension>
			<gpxtpx:course>343.8</gpxtpx:course>
		</gpxtpx:TrackPointExtension>
	</extensions>
</trkpt>
<trkpt lat="-9.0626975" lon="148.2691654">
	<ele>896.89</ele>
	<time>2026-04-18T01:25:53.000Z</time>
	<hdop>14.00</hdop>
	<extensions>
		<gpxtpx:TrackPointExtension>
			<gpxtpx:course>299.1</gpxtpx:course>
		</gpxtpx:TrackPointExtension>
	</extensions>
</trkpt>
<trkpt lat="-9.0626689" lon="148.2690563">
	<ele>897.66</ele>
	<time>2026-04-18T01:26:03.000Z</time>
	<hdop>15.50</hdop>
	<extensions>
		<gpxtpx:TrackPointExtension>
			<gpxtpx:course>274.0</gpxtpx:course>
		</gpxtpx:TrackPointExtension>
	</extensions>
</trkpt>
<trkpt lat="-9.0625842" lon="148.2690175">
	<ele>909.41</ele>
	<time>2026-04-18T01:26:39.000Z</time>
	<hdop>18.50</hdop>
	<extensions>
		<gpxtpx:TrackPointExtension>
			<gpxtpx:course>321.3</gpxtpx:course>
		</gpxtpx:TrackPointExtension>
	</extensions>
</trkpt>
<trkpt lat="-9.0624964" lon="148.2690604">
	<ele>911.96</ele>
	<time>2026-04-18T01:26:58.000Z</time>
	<hdop>16.00</hdop>
	<extensions>
		<gpxtpx:TrackPointExtension>
			<gpxtpx:course>63.6</gpxtpx:course>
		</gpxtpx:TrackPointExtension>
	</extensions>
</trkpt>
<trkpt lat="-9.0624004" lon="148.2690653">
	<ele>908.98</ele>
	<time>2026-04-18T01:27:10.000Z</time>
	<hdop>13.50</hdop>
	<extensions>
		<gpxtpx:TrackPointExtension>
			<gpxtpx:course>39.3</gpxtpx:course>
		</gpxtpx:TrackPointExtension>
	</extensions>
</trkpt>
<trkpt lat="-9.0623208" lon="148.2690110">
	<ele>927.54</ele>
	<time>2026-04-18T01:27:25.000Z</time>
	<hdop>7.00</hdop>
	<extensions>
		<gpxtpx:TrackPointExtension>
			<gpxtpx:course>38.5</gpxtpx:course>
		</gpxtpx:TrackPointExtension>
	</extensions>
</trkpt>
<trkpt lat="-9.0622361" lon="148.2689761">
	<ele>939.15</ele>
	<time>2026-04-18T01:29:57.000Z</time>
	<hdop>7.00</hdop>
	<extensions>
		<gpxtpx:TrackPointExtension>
			<gpxtpx:course>305.5</gpxtpx:course>
		</gpxtpx:TrackPointExtension>
	</extensions>
</trkpt>
<trkpt lat="-9.0622131" lon="148.2688713">
	<ele>936.15</ele>
	<time>2026-04-18T01:30:07.000Z</time>
	<hdop>7.00</hdop>
	<extensions>
		<gpxtpx:TrackPointExtension>
			<gpxtpx:course>278.7</gpxtpx:course>
		</gpxtpx:TrackPointExtension>
	</extensions>
</trkpt>
<trkpt lat="-9.0621874" lon="148.2687802">
	<ele>936.90</ele>
	<time>2026-04-18T01:30:20.000Z</time>
	<hdop>7.50</hdop>
	<extensions>
		<gpxtpx:TrackPointExtension>
			<gpxtpx:course>295.4</gpxtpx:course>
		</gpxtpx:TrackPointExtension>
	</extensions>
</trkpt>
<trkpt lat="-9.0621803" lon="148.2686872">
	<ele>934.90</ele>
	<time>2026-04-18T01:30:33.000Z</time>
	<hdop>8.00</hdop>
	<extensions>
		<gpxtpx:TrackPointExtension>
			<gpxtpx:course>327.6</gpxtpx:course>
		</gpxtpx:TrackPointExtension>
	</extensions>
</trkpt>
<trkpt lat="-9.0622115" lon="148.2686004">
	<ele>937.65</ele>
	<time>2026-04-18T01:31:06.000Z</time>
	<hdop>7.50</hdop>
	<extensions>
		<gpxtpx:TrackPointExtension>
			<gpxtpx:course>259.8</gpxtpx:course>
		</gpxtpx:TrackPointExtension>
	</extensions>
</trkpt>
<trkpt lat="-9.0621635" lon="148.2685164">
	<ele>934.84</ele>
	<time>2026-04-18T01:31:20.000Z</time>
	<hdop>7.50</hdop>
	<extensions>
		<gpxtpx:TrackPointExtension>
			<gpxtpx:course>338.0</gpxtpx:course>
		</gpxtpx:TrackPointExtension>
	</extensions>
</trkpt>
<trkpt lat="-9.0621056" lon="148.2684446">
	<ele>933.20</ele>
	<time>2026-04-18T01:31:30.000Z</time>
	<hdop>7.00</hdop>
	<extensions>
		<gpxtpx:TrackPointExtension>
			<gpxtpx:course>312.3</gpxtpx:course>
		</gpxtpx:TrackPointExtension>
	</extensions>
</trkpt>
<trkpt lat="-9.0620363" lon="148.2683728">
	<ele>929.17</ele>
	<time>2026-04-18T01:31:40.000Z</time>
	<hdop>7.50</hdop>
	<extensions>
		<gpxtpx:TrackPointExtension>
			<gpxtpx:course>305.8</gpxtpx:course>
		</gpxtpx:TrackPointExtension>
	</extensions>
</trkpt>
<trkpt lat="-9.0620089" lon="148.2682748">
	<ele>928.90</ele>
	<time>2026-04-18T01:31:50.000Z</time>
	<hdop>7.50</hdop>
	<extensions>
		<gpxtpx:TrackPointExtension>
			<gpxtpx:course>231.7</gpxtpx:course>
		</gpxtpx:TrackPointExtension>
	</extensions>
</trkpt>
<trkpt lat="-9.0620035" lon="148.2681584">
	<ele>929.15</ele>
	<time>2026-04-18T01:32:00.000Z</time>
	<hdop>8.00</hdop>
	<extensions>
		<gpxtpx:TrackPointExtension>
			<gpxtpx:course>246.1</gpxtpx:course>
		</gpxtpx:TrackPointExtension>
	</extensions>
</trkpt>
<trkpt lat="-9.0619512" lon="148.2680805">
	<ele>925.96</ele>
	<time>2026-04-18T01:32:15.000Z</time>
	<hdop>7.00</hdop>
	<extensions>
		<gpxtpx:TrackPointExtension>
			<gpxtpx:course>292.1</gpxtpx:course>
		</gpxtpx:TrackPointExtension>
	</extensions>
</trkpt>
<trkpt lat="-9.0619561" lon="148.2679594">
	<ele>923.16</ele>
	<time>2026-04-18T01:32:25.000Z</time>
	<hdop>7.00</hdop>
	<extensions>
		<gpxtpx:TrackPointExtension>
			<gpxtpx:course>299.1</gpxtpx:course>
		</gpxtpx:TrackPointExtension>
	</extensions>
</trkpt>
<trkpt lat="-9.0619461" lon="148.2678586">
	<ele>925.88</ele>
	<time>2026-04-18T01:32:36.000Z</time>
	<hdop>6.00</hdop>
	<extensions>
		<gpxtpx:TrackPointExtension>
			<gpxtpx:course>304.5</gpxtpx:course>
		</gpxtpx:TrackPointExtension>
	</extensions>
</trkpt>
<trkpt lat="-9.0619364" lon="148.2677661">
	<ele>927.90</ele>
	<time>2026-04-18T01:32:49.000Z</time>
	<hdop>6.00</hdop>
	<extensions>
		<gpxtpx:TrackPointExtension>
			<gpxtpx:course>283.3</gpxtpx:course>
		</gpxtpx:TrackPointExtension>
	</extensions>
</trkpt>
<trkpt lat="-9.0618681" lon="148.2677038">
	<ele>928.15</ele>
	<time>2026-04-18T01:33:00.000Z</time>
	<hdop>6.50</hdop>
	<extensions>
		<gpxtpx:TrackPointExtension>
			<gpxtpx:course>354.6</gpxtpx:course>
		</gpxtpx:TrackPointExtension>
	</extensions>
</trkpt>
<trkpt lat="-9.0617893" lon="148.2676453">
	<ele>924.90</ele>
	<time>2026-04-18T01:33:11.000Z</time>
	<hdop>6.00</hdop>
	<extensions>
		<gpxtpx:TrackPointExtension>
			<gpxtpx:course>351.8</gpxtpx:course>
		</gpxtpx:TrackPointExtension>
	</extensions>
</trkpt>
<trkpt lat="-9.0617057" lon="148.2675920">
	<ele>920.91</ele>
	<time>2026-04-18T01:33:34.000Z</time>
	<hdop>7.50</hdop>
	<extensions>
		<gpxtpx:TrackPointExtension>
			<gpxtpx:course>332.2</gpxtpx:course>
		</gpxtpx:TrackPointExtension>
	</extensions>
</trkpt>
<trkpt lat="-9.0616565" lon="148.2675038">
	<ele>919.90</ele>
	<time>2026-04-18T01:33:44.000Z</time>
	<hdop>7.50</hdop>
	<extensions>
		<gpxtpx:TrackPointExtension>
			<gpxtpx:course>259.7</gpxtpx:course>
		</gpxtpx:TrackPointExtension>
	</extensions>
</trkpt>
<trkpt lat="-9.0615581" lon="148.2674034">
	<ele>914.17</ele>
	<time>2026-04-18T01:33:54.000Z</time>
	<hdop>8.50</hdop>
	<extensions>
		<gpxtpx:TrackPointExtension>
			<gpxtpx:course>324.5</gpxtpx:course>
		</gpxtpx:TrackPointExtension>
	</extensions>
</trkpt>
<trkpt lat="-9.0614848" lon="148.2672825">
	<ele>913.88</ele>
	<time>2026-04-18T01:34:04.000Z</time>
	<hdop>8.00</hdop>
	<extensions>
		<gpxtpx:TrackPointExtension>
			<gpxtpx:course>303.0</gpxtpx:course>
		</gpxtpx:TrackPointExtension>
	</extensions>
</trkpt>
<trkpt lat="-9.0614070" lon="148.2671586">
	<ele>913.89</ele>
	<time>2026-04-18T01:34:14.000Z</time>
	<hdop>7.50</hdop>
	<extensions>
		<gpxtpx:TrackPointExtension>
			<gpxtpx:course>261.1</gpxtpx:course>
		</gpxtpx:TrackPointExtension>
	</extensions>
</trkpt>
<trkpt lat="-9.0614083" lon="148.2670200">
	<ele>916.14</ele>
	<time>2026-04-18T01:34:24.000Z</time>
	<hdop>7.00</hdop>
	<extensions>
		<gpxtpx:TrackPointExtension>
			<gpxtpx:course>280.9</gpxtpx:course>
		</gpxtpx:TrackPointExtension>
	</extensions>
</trkpt>
<trkpt lat="-9.0614177" lon="148.2669141">
	<ele>916.89</ele>
	<time>2026-04-18T01:34:34.000Z</time>
	<hdop>6.50</hdop>
	<extensions>
		<gpxtpx:TrackPointExtension>
			<gpxtpx:course>216.4</gpxtpx:course>
		</gpxtpx:TrackPointExtension>
	</extensions>
</trkpt>
<trkpt lat="-9.0614665" lon="148.2668096">
	<ele>916.91</ele>
	<time>2026-04-18T01:34:44.000Z</time>
	<hdop>8.00</hdop>
	<extensions>
		<gpxtpx:TrackPointExtension>
			<gpxtpx:course>267.3</gpxtpx:course>
		</gpxtpx:TrackPointExtension>
	</extensions>
</trkpt>
<trkpt lat="-9.0614501" lon="148.2667138">
	<ele>913.91</ele>
	<time>2026-04-18T01:34:58.000Z</time>
	<hdop>7.00</hdop>
	<extensions>
		<gpxtpx:TrackPointExtension>
			<gpxtpx:course>288.8</gpxtpx:course>
		</gpxtpx:TrackPointExtension>
	</extensions>
</trkpt>
<trkpt lat="-9.0614706" lon="148.2666149">
	<ele>913.89</ele>
	<time>2026-04-18T01:35:08.000Z</time>
	<hdop>7.00</hdop>
	<extensions>
		<gpxtpx:TrackPointExtension>
			<gpxtpx:course>281.7</gpxtpx:course>
		</gpxtpx:TrackPointExtension>
	</extensions>
</trkpt>
<trkpt lat="-9.0614995" lon="148.2665277">
	<ele>913.69</ele>
	<time>2026-04-18T01:35:18.000Z</time>
	<hdop>8.50</hdop>
	<extensions>
		<gpxtpx:TrackPointExtension>
			<gpxtpx:course>286.1</gpxtpx:course>
		</gpxtpx:TrackPointExtension>
	</extensions>
</trkpt>
<trkpt lat="-9.0615766" lon="148.2664004">
	<ele>912.89</ele>
	<time>2026-04-18T01:35:28.000Z</time>
	<hdop>7.00</hdop>
	<extensions>
		<gpxtpx:TrackPointExtension>
			<gpxtpx:course>256.2</gpxtpx:course>
		</gpxtpx:TrackPointExtension>
	</extensions>
</trkpt>
<trkpt lat="-9.0615305" lon="148.2663164">
	<ele>908.90</ele>
	<time>2026-04-18T01:36:11.000Z</time>
	<hdop>8.00</hdop>
	<extensions>
		<gpxtpx:TrackPointExtension>
			<gpxtpx:course>294.6</gpxtpx:course>
		</gpxtpx:TrackPointExtension>
	</extensions>
</trkpt>
<trkpt lat="-9.0615026" lon="148.2662298">
	<ele>903.20</ele>
	<time>2026-04-18T01:36:25.000Z</time>
	<hdop>8.50</hdop>
	<extensions>
		<gpxtpx:TrackPointExtension>
			<gpxtpx:course>26.5</gpxtpx:course>
		</gpxtpx:TrackPointExtension>
	</extensions>
</trkpt>
<trkpt lat="-9.0614707" lon="148.2661293">
	<ele>905.87</ele>
	<time>2026-04-18T01:36:39.000Z</time>
	<hdop>8.00</hdop>
	<extensions>
		<gpxtpx:TrackPointExtension>
			<gpxtpx:course>105.7</gpxtpx:course>
		</gpxtpx:TrackPointExtension>
	</extensions>
</trkpt>
<trkpt lat="-9.0614856" lon="148.2660272">
	<ele>904.95</ele>
	<time>2026-04-18T01:36:49.000Z</time>
	<hdop>8.50</hdop>
	<extensions>
		<gpxtpx:TrackPointExtension>
			<gpxtpx:course>266.1</gpxtpx:course>
		</gpxtpx:TrackPointExtension>
	</extensions>
</trkpt>
<trkpt lat="-9.0614878" lon="148.2659335">
	<ele>904.89</ele>
	<time>2026-04-18T01:37:05.000Z</time>
	<hdop>7.50</hdop>
	<extensions>
		<gpxtpx:TrackPointExtension>
			<gpxtpx:course>221.1</gpxtpx:course>
		</gpxtpx:TrackPointExtension>
	</extensions>
</trkpt>
<trkpt lat="-9.0615165" lon="148.2658470">
	<ele>908.88</ele>
	<time>2026-04-18T01:37:18.000Z</time>
	<hdop>7.00</hdop>
	<extensions>
		<gpxtpx:TrackPointExtension>
			<gpxtpx:course>281.9</gpxtpx:course>
		</gpxtpx:TrackPointExtension>
	</extensions>
</trkpt>
<trkpt lat="-9.0615183" lon="148.2657521">
	<ele>910.95</ele>
	<time>2026-04-18T01:37:29.000Z</time>
	<hdop>8.50</hdop>
	<extensions>
		<gpxtpx:TrackPointExtension>
			<gpxtpx:course>296.9</gpxtpx:course>
		</gpxtpx:TrackPointExtension>
	</extensions>
</trkpt>
<trkpt lat="-9.0615194" lon="148.2656595">
	<ele>908.75</ele>
	<time>2026-04-18T01:37:45.000Z</time>
	<hdop>8.00</hdop>
	<extensions>
		<gpxtpx:TrackPointExtension>
			<gpxtpx:course>267.3</gpxtpx:course>
		</gpxtpx:TrackPointExtension>
	</extensions>
</trkpt>
<trkpt lat="-9.0615337" lon="148.2655579">
	<ele>910.62</ele>
	<time>2026-04-18T01:37:56.000Z</time>
	<hdop>10.00</hdop>
	<extensions>
		<gpxtpx:TrackPointExtension>
			<gpxtpx:course>270.9</gpxtpx:course>
		</gpxtpx:TrackPointExtension>
	</extensions>
</trkpt>
<trkpt lat="-9.0615455" lon="148.2654601">
	<ele>905.84</ele>
	<time>2026-04-18T01:38:21.000Z</time>
	<hdop>6.50</hdop>
	<extensions>
		<gpxtpx:TrackPointExtension>
			<gpxtpx:course>359.9</gpxtpx:course>
		</gpxtpx:TrackPointExtension>
	</extensions>
</trkpt>
<trkpt lat="-9.0614998" lon="148.2653766">
	<ele>904.14</ele>
	<time>2026-04-18T01:38:38.000Z</time>
	<hdop>7.00</hdop>
	<extensions>
		<gpxtpx:TrackPointExtension>
			<gpxtpx:course>312.0</gpxtpx:course>
		</gpxtpx:TrackPointExtension>
	</extensions>
</trkpt>
<trkpt lat="-9.0614962" lon="148.2652760">
	<ele>904.64</ele>
	<time>2026-04-18T01:38:51.000Z</time>
	<hdop>6.50</hdop>
	<extensions>
		<gpxtpx:TrackPointExtension>
			<gpxtpx:course>294.4</gpxtpx:course>
		</gpxtpx:TrackPointExtension>
	</extensions>
</trkpt>
<trkpt lat="-9.0614832" lon="148.2651764">
	<ele>902.93</ele>
	<time>2026-04-18T01:39:01.000Z</time>
	<hdop>6.00</hdop>
	<extensions>
		<gpxtpx:TrackPointExtension>
			<gpxtpx:course>276.3</gpxtpx:course>
		</gpxtpx:TrackPointExtension>
	</extensions>
</trkpt>
<trkpt lat="-9.0615061" lon="148.2650798">
	<ele>902.88</ele>
	<time>2026-04-18T01:39:11.000Z</time>
	<hdop>7.00</hdop>
	<extensions>
		<gpxtpx:TrackPointExtension>
			<gpxtpx:course>265.9</gpxtpx:course>
		</gpxtpx:TrackPointExtension>
	</extensions>
</trkpt>
<trkpt lat="-9.0614860" lon="148.2649848">
	<ele>901.88</ele>
	<time>2026-04-18T01:39:23.000Z</time>
	<hdop>8.00</hdop>
	<extensions>
		<gpxtpx:TrackPointExtension>
			<gpxtpx:course>303.0</gpxtpx:course>
		</gpxtpx:TrackPointExtension>
	</extensions>
</trkpt>
<trkpt lat="-9.0614663" lon="148.2648899">
	<ele>903.94</ele>
	<time>2026-04-18T01:39:51.000Z</time>
	<hdop>8.00</hdop>
	<extensions>
		<gpxtpx:TrackPointExtension>
			<gpxtpx:course>324.8</gpxtpx:course>
		</gpxtpx:TrackPointExtension>
	</extensions>
</trkpt>
<trkpt lat="-9.0614309" lon="148.2648045">
	<ele>902.12</ele>
	<time>2026-04-18T01:40:01.000Z</time>
	<hdop>7.50</hdop>
	<extensions>
		<gpxtpx:TrackPointExtension>
			<gpxtpx:course>270.3</gpxtpx:course>
		</gpxtpx:TrackPointExtension>
	</extensions>
</trkpt>
<trkpt lat="-9.0613637" lon="148.2647373">
	<ele>896.88</ele>
	<time>2026-04-18T01:40:27.000Z</time>
	<hdop>7.50</hdop>
	<extensions>
		<gpxtpx:TrackPointExtension>
			<gpxtpx:course>345.2</gpxtpx:course>
		</gpxtpx:TrackPointExtension>
	</extensions>
</trkpt>
<trkpt lat="-9.0613089" lon="148.2646537">
	<ele>901.88</ele>
	<time>2026-04-18T01:40:39.000Z</time>
	<hdop>7.50</hdop>
	<extensions>
		<gpxtpx:TrackPointExtension>
			<gpxtpx:course>287.0</gpxtpx:course>
		</gpxtpx:TrackPointExtension>
	</extensions>
</trkpt>
<trkpt lat="-9.0612871" lon="148.2645592">
	<ele>903.83</ele>
	<time>2026-04-18T01:40:53.000Z</time>
	<hdop>7.50</hdop>
	<extensions>
		<gpxtpx:TrackPointExtension>
			<gpxtpx:course>277.0</gpxtpx:course>
		</gpxtpx:TrackPointExtension>
	</extensions>
</trkpt>
<trkpt lat="-9.0612477" lon="148.2644723">
	<ele>898.90</ele>
	<time>2026-04-18T01:41:23.000Z</time>
	<hdop>9.00</hdop>
	<extensions>
		<gpxtpx:TrackPointExtension>
			<gpxtpx:course>339.2</gpxtpx:course>
		</gpxtpx:TrackPointExtension>
	</extensions>
</trkpt>
<trkpt lat="-9.0612490" lon="148.2643757">
	<ele>890.69</ele>
	<time>2026-04-18T01:41:35.000Z</time>
	<hdop>8.50</hdop>
	<extensions>
		<gpxtpx:TrackPointExtension>
			<gpxtpx:course>220.2</gpxtpx:course>
		</gpxtpx:TrackPointExtension>
	</extensions>
</trkpt>
<trkpt lat="-9.0612334" lon="148.2642799">
	<ele>890.90</ele>
	<time>2026-04-18T01:41:57.000Z</time>
	<hdop>8.00</hdop>
	<extensions>
		<gpxtpx:TrackPointExtension>
			<gpxtpx:course>308.6</gpxtpx:course>
		</gpxtpx:TrackPointExtension>
	</extensions>
</trkpt>
<trkpt lat="-9.0612210" lon="148.2641873">
	<ele>891.68</ele>
	<time>2026-04-18T01:42:09.000Z</time>
	<hdop>7.00</hdop>
	<extensions>
		<gpxtpx:TrackPointExtension>
			<gpxtpx:course>257.2</gpxtpx:course>
		</gpxtpx:TrackPointExtension>
	</extensions>
</trkpt>
<trkpt lat="-9.0612634" lon="148.2640908">
	<ele>890.88</ele>
	<time>2026-04-18T01:42:19.000Z</time>
	<hdop>7.50</hdop>
	<extensions>
		<gpxtpx:TrackPointExtension>
			<gpxtpx:course>242.5</gpxtpx:course>
		</gpxtpx:TrackPointExtension>
	</extensions>
</trkpt>
<trkpt lat="-9.0612985" lon="148.2639930">
	<ele>891.94</ele>
	<time>2026-04-18T01:42:38.000Z</time>
	<hdop>7.50</hdop>
	<extensions>
		<gpxtpx:TrackPointExtension>
			<gpxtpx:course>221.5</gpxtpx:course>
		</gpxtpx:TrackPointExtension>
	</extensions>
</trkpt>
<trkpt lat="-9.0613636" lon="148.2639289">
	<ele>893.61</ele>
	<time>2026-04-18T01:42:49.000Z</time>
	<hdop>8.00</hdop>
	<extensions>
		<gpxtpx:TrackPointExtension>
			<gpxtpx:course>254.4</gpxtpx:course>
		</gpxtpx:TrackPointExtension>
	</extensions>
</trkpt>
<trkpt lat="-9.0614281" lon="148.2638527">
	<ele>894.86</ele>
	<time>2026-04-18T01:42:59.000Z</time>
	<hdop>7.00</hdop>
	<extensions>
		<gpxtpx:TrackPointExtension>
			<gpxtpx:course>254.6</gpxtpx:course>
		</gpxtpx:TrackPointExtension>
	</extensions>
</trkpt>
<trkpt lat="-9.0614833" lon="148.2637712">
	<ele>894.88</ele>
	<time>2026-04-18T01:43:13.000Z</time>
	<hdop>7.50</hdop>
	<extensions>
		<gpxtpx:TrackPointExtension>
			<gpxtpx:course>252.0</gpxtpx:course>
		</gpxtpx:TrackPointExtension>
	</extensions>
</trkpt>
<trkpt lat="-9.0615555" lon="148.2637067">
	<ele>892.94</ele>
	<time>2026-04-18T01:43:30.000Z</time>
	<hdop>8.00</hdop>
	<extensions>
		<gpxtpx:TrackPointExtension>
			<gpxtpx:course>245.9</gpxtpx:course>
		</gpxtpx:TrackPointExtension>
	</extensions>
</trkpt>
<trkpt lat="-9.0616021" lon="148.2636216">
	<ele>891.13</ele>
	<time>2026-04-18T01:43:49.000Z</time>
	<hdop>7.50</hdop>
	<extensions>
		<gpxtpx:TrackPointExtension>
			<gpxtpx:course>235.2</gpxtpx:course>
		</gpxtpx:TrackPointExtension>
	</extensions>
</trkpt>
<trkpt lat="-9.0616946" lon="148.2635881">
	<ele>890.87</ele>
	<time>2026-04-18T01:44:07.000Z</time>
	<hdop>7.00</hdop>
	<extensions>
		<gpxtpx:TrackPointExtension>
			<gpxtpx:course>151.9</gpxtpx:course>
		</gpxtpx:TrackPointExtension>
	</extensions>
</trkpt>
<trkpt lat="-9.0617705" lon="148.2635357">
	<ele>893.95</ele>
	<time>2026-04-18T01:44:33.000Z</time>
	<hdop>6.50</hdop>
	<extensions>
		<gpxtpx:TrackPointExtension>
			<gpxtpx:course>242.9</gpxtpx:course>
		</gpxtpx:TrackPointExtension>
	</extensions>
</trkpt>
<trkpt lat="-9.0618404" lon="148.2634755">
	<ele>904.32</ele>
	<time>2026-04-18T01:44:56.000Z</time>
	<hdop>5.50</hdop>
	<extensions>
		<gpxtpx:TrackPointExtension>
			<gpxtpx:course>305.4</gpxtpx:course>
		</gpxtpx:TrackPointExtension>
	</extensions>
</trkpt>
<trkpt lat="-9.0619113" lon="148.2634156">
	<ele>909.81</ele>
	<time>2026-04-18T01:45:13.000Z</time>
	<hdop>7.00</hdop>
	<extensions>
		<gpxtpx:TrackPointExtension>
			<gpxtpx:course>250.9</gpxtpx:course>
		</gpxtpx:TrackPointExtension>
	</extensions>
</trkpt>
<trkpt lat="-9.0619794" lon="148.2633501">
	<ele>909.87</ele>
	<time>2026-04-18T01:45:28.000Z</time>
	<hdop>8.00</hdop>
	<extensions>
		<gpxtpx:TrackPointExtension>
			<gpxtpx:course>148.5</gpxtpx:course>
		</gpxtpx:TrackPointExtension>
	</extensions>
</trkpt>
<trkpt lat="-9.0620178" lon="148.2632614">
	<ele>908.87</ele>
	<time>2026-04-18T01:45:46.000Z</time>
	<hdop>7.50</hdop>
	<extensions>
		<gpxtpx:TrackPointExtension>
			<gpxtpx:course>258.0</gpxtpx:course>
		</gpxtpx:TrackPointExtension>
	</extensions>
</trkpt>
<trkpt lat="-9.0620555" lon="148.2631761">
	<ele>907.89</ele>
	<time>2026-04-18T01:45:59.000Z</time>
	<hdop>8.50</hdop>
	<extensions>
		<gpxtpx:TrackPointExtension>
			<gpxtpx:course>275.1</gpxtpx:course>
		</gpxtpx:TrackPointExtension>
	</extensions>
</trkpt>
<trkpt lat="-9.0621299" lon="148.2631155">
	<ele>907.87</ele>
	<time>2026-04-18T01:46:10.000Z</time>
	<hdop>7.50</hdop>
	<extensions>
		<gpxtpx:TrackPointExtension>
			<gpxtpx:course>200.7</gpxtpx:course>
		</gpxtpx:TrackPointExtension>
	</extensions>
</trkpt>
<trkpt lat="-9.0621630" lon="148.2630273">
	<ele>908.81</ele>
	<time>2026-04-18T01:46:23.000Z</time>
	<hdop>7.00</hdop>
	<extensions>
		<gpxtpx:TrackPointExtension>
			<gpxtpx:course>304.5</gpxtpx:course>
		</gpxtpx:TrackPointExtension>
	</extensions>
</trkpt>
<trkpt lat="-9.0621483" lon="148.2629351">
	<ele>906.93</ele>
	<time>2026-04-18T01:46:47.000Z</time>
	<hdop>7.00</hdop>
	<extensions>
		<gpxtpx:TrackPointExtension>
			<gpxtpx:course>23.8</gpxtpx:course>
		</gpxtpx:TrackPointExtension>
	</extensions>
</trkpt>
<trkpt lat="-9.0621804" lon="148.2628477">
	<ele>903.87</ele>
	<time>2026-04-18T01:47:01.000Z</time>
	<hdop>7.00</hdop>
	<extensions>
		<gpxtpx:TrackPointExtension>
			<gpxtpx:course>250.4</gpxtpx:course>
		</gpxtpx:TrackPointExtension>
	</extensions>
</trkpt>
<trkpt lat="-9.0621769" lon="148.2627493">
	<ele>897.86</ele>
	<time>2026-04-18T01:47:41.000Z</time>
	<hdop>6.50</hdop>
	<extensions>
		<gpxtpx:TrackPointExtension>
			<gpxtpx:course>322.8</gpxtpx:course>
		</gpxtpx:TrackPointExtension>
	</extensions>
</trkpt>
<trkpt lat="-9.0621893" lon="148.2626474">
	<ele>897.92</ele>
	<time>2026-04-18T01:47:56.000Z</time>
	<hdop>7.00</hdop>
	<extensions>
		<gpxtpx:TrackPointExtension>
			<gpxtpx:course>297.7</gpxtpx:course>
		</gpxtpx:TrackPointExtension>
	</extensions>
</trkpt>
<trkpt lat="-9.0622515" lon="148.2625799">
	<ele>901.55</ele>
	<time>2026-04-18T01:48:14.000Z</time>
	<hdop>6.00</hdop>
	<extensions>
		<gpxtpx:TrackPointExtension>
			<gpxtpx:course>291.5</gpxtpx:course>
		</gpxtpx:TrackPointExtension>
	</extensions>
</trkpt>
<trkpt lat="-9.0623128" lon="148.2625061">
	<ele>918.60</ele>
	<time>2026-04-18T01:49:53.000Z</time>
	<hdop>5.00</hdop>
	<extensions>
		<gpxtpx:TrackPointExtension>
			<gpxtpx:course>35.7</gpxtpx:course>
		</gpxtpx:TrackPointExtension>
	</extensions>
</trkpt>
<trkpt lat="-9.0623174" lon="148.2624131">
	<ele>920.93</ele>
	<time>2026-04-18T01:50:38.000Z</time>
	<hdop>5.50</hdop>
	<extensions>
		<gpxtpx:TrackPointExtension>
			<gpxtpx:course>267.9</gpxtpx:course>
		</gpxtpx:TrackPointExtension>
	</extensions>
</trkpt>
<trkpt lat="-9.0622519" lon="148.2623401">
	<ele>913.93</ele>
	<time>2026-04-18T01:51:00.000Z</time>
	<hdop>6.00</hdop>
	<extensions>
		<gpxtpx:TrackPointExtension>
			<gpxtpx:course>318.4</gpxtpx:course>
		</gpxtpx:TrackPointExtension>
	</extensions>
</trkpt>
<trkpt lat="-9.0621774" lon="148.2622863">
	<ele>910.62</ele>
	<time>2026-04-18T01:51:21.000Z</time>
	<hdop>7.50</hdop>
	<extensions>
		<gpxtpx:TrackPointExtension>
			<gpxtpx:course>308.3</gpxtpx:course>
		</gpxtpx:TrackPointExtension>
	</extensions>
</trkpt>
<trkpt lat="-9.0621014" lon="148.2622341">
	<ele>907.88</ele>
	<time>2026-04-18T01:51:31.000Z</time>
	<hdop>7.00</hdop>
	<extensions>
		<gpxtpx:TrackPointExtension>
			<gpxtpx:course>358.9</gpxtpx:course>
		</gpxtpx:TrackPointExtension>
	</extensions>
</trkpt>
<trkpt lat="-9.0620382" lon="148.2621673">
	<ele>904.87</ele>
	<time>2026-04-18T01:51:46.000Z</time>
	<hdop>6.50</hdop>
	<extensions>
		<gpxtpx:TrackPointExtension>
			<gpxtpx:course>256.5</gpxtpx:course>
		</gpxtpx:TrackPointExtension>
	</extensions>
</trkpt>
<trkpt lat="-9.0619607" lon="148.2621132">
	<ele>905.12</ele>
	<time>2026-04-18T01:52:05.000Z</time>
	<hdop>6.50</hdop>
	<extensions>
		<gpxtpx:TrackPointExtension>
			<gpxtpx:course>263.0</gpxtpx:course>
		</gpxtpx:TrackPointExtension>
	</extensions>
</trkpt>
<trkpt lat="-9.0618868" lon="148.2620350">
	<ele>906.80</ele>
	<time>2026-04-18T01:52:15.000Z</time>
	<hdop>6.50</hdop>
	<extensions>
		<gpxtpx:TrackPointExtension>
			<gpxtpx:course>355.6</gpxtpx:course>
		</gpxtpx:TrackPointExtension>
	</extensions>
</trkpt>
<trkpt lat="-9.0618533" lon="148.2619480">
	<ele>905.87</ele>
	<time>2026-04-18T01:52:29.000Z</time>
	<hdop>6.50</hdop>
	<extensions>
		<gpxtpx:TrackPointExtension>
			<gpxtpx:course>316.2</gpxtpx:course>
		</gpxtpx:TrackPointExtension>
	</extensions>
</trkpt>
<trkpt lat="-9.0617591" lon="148.2619341">
	<ele>897.93</ele>
	<time>2026-04-18T01:52:52.000Z</time>
	<hdop>5.50</hdop>
	<extensions>
		<gpxtpx:TrackPointExtension>
			<gpxtpx:course>52.4</gpxtpx:course>
		</gpxtpx:TrackPointExtension>
	</extensions>
</trkpt>
<trkpt lat="-9.0617096" lon="148.2618488">
	<ele>892.87</ele>
	<time>2026-04-18T01:53:25.000Z</time>
	<hdop>7.00</hdop>
	<extensions>
		<gpxtpx:TrackPointExtension>
			<gpxtpx:course>301.1</gpxtpx:course>
		</gpxtpx:TrackPointExtension>
	</extensions>
</trkpt>
<trkpt lat="-9.0616746" lon="148.2617592">
	<ele>884.93</ele>
	<time>2026-04-18T01:54:25.000Z</time>
	<hdop>6.50</hdop>
	<extensions>
		<gpxtpx:TrackPointExtension>
			<gpxtpx:course>291.9</gpxtpx:course>
		</gpxtpx:TrackPointExtension>
	</extensions>
</trkpt>
<trkpt lat="-9.0615860" lon="148.2617316">
	<ele>879.85</ele>
	<time>2026-04-18T01:55:08.000Z</time>
	<hdop>6.00</hdop>
	<extensions>
		<gpxtpx:TrackPointExtension>
			<gpxtpx:course>217.7</gpxtpx:course>
		</gpxtpx:TrackPointExtension>
	</extensions>
</trkpt>
<trkpt lat="-9.0614959" lon="148.2616930">
	<ele>875.88</ele>
	<time>2026-04-18T01:55:43.000Z</time>
	<hdop>6.00</hdop>
	<extensions>
		<gpxtpx:TrackPointExtension>
			<gpxtpx:course>337.8</gpxtpx:course>
		</gpxtpx:TrackPointExtension>
	</extensions>
</trkpt>
<trkpt lat="-9.0614000" lon="148.2617209">
	<ele>873.12</ele>
	<time>2026-04-18T01:56:02.000Z</time>
	<hdop>7.00</hdop>
	<extensions>
		<gpxtpx:TrackPointExtension>
			<gpxtpx:course>80.5</gpxtpx:course>
		</gpxtpx:TrackPointExtension>
	</extensions>
</trkpt>
<trkpt lat="-9.0613164" lon="148.2616847">
	<ele>870.87</ele>
	<time>2026-04-18T01:56:35.000Z</time>
	<hdop>8.50</hdop>
	<extensions>
		<gpxtpx:TrackPointExtension>
			<gpxtpx:course>265.2</gpxtpx:course>
		</gpxtpx:TrackPointExtension>
	</extensions>
</trkpt>
<trkpt lat="-9.0612249" lon="148.2616717">
	<ele>862.13</ele>
	<time>2026-04-18T01:57:17.000Z</time>
	<hdop>7.50</hdop>
	<extensions>
		<gpxtpx:TrackPointExtension>
			<gpxtpx:course>11.7</gpxtpx:course>
		</gpxtpx:TrackPointExtension>
	</extensions>
</trkpt>
<trkpt lat="-9.0611315" lon="148.2616377">
	<ele>859.87</ele>
	<time>2026-04-18T01:57:41.000Z</time>
	<hdop>9.00</hdop>
	<extensions>
		<gpxtpx:TrackPointExtension>
			<gpxtpx:course>349.9</gpxtpx:course>
		</gpxtpx:TrackPointExtension>
	</extensions>
</trkpt>
<trkpt lat="-9.0610715" lon="148.2615664">
	<ele>856.12</ele>
	<time>2026-04-18T01:58:02.000Z</time>
	<hdop>8.50</hdop>
	<extensions>
		<gpxtpx:TrackPointExtension>
			<gpxtpx:course>318.3</gpxtpx:course>
		</gpxtpx:TrackPointExtension>
	</extensions>
</trkpt>
<trkpt lat="-9.0609857" lon="148.2615361">
	<ele>856.87</ele>
	<time>2026-04-18T01:58:21.000Z</time>
	<hdop>9.00</hdop>
	<extensions>
		<gpxtpx:TrackPointExtension>
			<gpxtpx:course>356.9</gpxtpx:course>
		</gpxtpx:TrackPointExtension>
	</extensions>
</trkpt>
<trkpt lat="-9.0608970" lon="148.2615156">
	<ele>855.85</ele>
	<time>2026-04-18T01:58:37.000Z</time>
	<hdop>8.50</hdop>
	<extensions>
		<gpxtpx:TrackPointExtension>
			<gpxtpx:course>330.6</gpxtpx:course>
		</gpxtpx:TrackPointExtension>
	</extensions>
</trkpt>
<trkpt lat="-9.0608193" lon="148.2614551">
	<ele>850.13</ele>
	<time>2026-04-18T01:59:07.000Z</time>
	<hdop>7.50</hdop>
	<extensions>
		<gpxtpx:TrackPointExtension>
			<gpxtpx:course>311.7</gpxtpx:course>
		</gpxtpx:TrackPointExtension>
	</extensions>
</trkpt>
<trkpt lat="-9.0607261" lon="148.2614560">
	<ele>851.05</ele>
	<time>2026-04-18T01:59:21.000Z</time>
	<hdop>5.50</hdop>
	<extensions>
		<gpxtpx:TrackPointExtension>
			<gpxtpx:course>60.1</gpxtpx:course>
		</gpxtpx:TrackPointExtension>
	</extensions>
</trkpt>
<trkpt lat="-9.0606494" lon="148.2615047">
	<ele>850.88</ele>
	<time>2026-04-18T01:59:37.000Z</time>
	<hdop>7.00</hdop>
	<extensions>
		<gpxtpx:TrackPointExtension>
			<gpxtpx:course>41.3</gpxtpx:course>
		</gpxtpx:TrackPointExtension>
	</extensions>
</trkpt>
<trkpt lat="-9.0605569" lon="148.2614797">
	<ele>848.11</ele>
	<time>2026-04-18T02:00:02.000Z</time>
	<hdop>7.00</hdop>
	<extensions>
		<gpxtpx:TrackPointExtension>
			<gpxtpx:course>287.7</gpxtpx:course>
		</gpxtpx:TrackPointExtension>
	</extensions>
</trkpt>
<trkpt lat="-9.0604936" lon="148.2614111">
	<ele>846.87</ele>
	<time>2026-04-18T02:00:55.000Z</time>
	<hdop>8.50</hdop>
	<extensions>
		<gpxtpx:TrackPointExtension>
			<gpxtpx:course>207.8</gpxtpx:course>
		</gpxtpx:TrackPointExtension>
	</extensions>
</trkpt>
<trkpt lat="-9.0604130" lon="148.2613559">
	<ele>842.94</ele>
	<time>2026-04-18T02:01:16.000Z</time>
	<hdop>9.50</hdop>
	<extensions>
		<gpxtpx:TrackPointExtension>
			<gpxtpx:course>315.7</gpxtpx:course>
		</gpxtpx:TrackPointExtension>
	</extensions>
</trkpt>
<trkpt lat="-9.0603563" lon="148.2612757">
	<ele>839.12</ele>
	<time>2026-04-18T02:01:34.000Z</time>
	<hdop>7.50</hdop>
	<extensions>
		<gpxtpx:TrackPointExtension>
			<gpxtpx:course>335.8</gpxtpx:course>
		</gpxtpx:TrackPointExtension>
	</extensions>
</trkpt>
<trkpt lat="-9.0602837" lon="148.2612136">
	<ele>826.88</ele>
	<time>2026-04-18T02:02:46.000Z</time>
	<hdop>8.00</hdop>
	<extensions>
		<gpxtpx:TrackPointExtension>
			<gpxtpx:course>329.0</gpxtpx:course>
		</gpxtpx:TrackPointExtension>
	</extensions>
</trkpt>
<trkpt lat="-9.0602941" lon="148.2611200">
	<ele>825.87</ele>
	<time>2026-04-18T02:03:11.000Z</time>
	<hdop>8.50</hdop>
	<extensions>
		<gpxtpx:TrackPointExtension>
			<gpxtpx:course>182.4</gpxtpx:course>
		</gpxtpx:TrackPointExtension>
	</extensions>
</trkpt>
<trkpt lat="-9.0603195" lon="148.2610239">
	<ele>814.93</ele>
	<time>2026-04-18T02:03:39.000Z</time>
	<hdop>7.00</hdop>
	<extensions>
		<gpxtpx:TrackPointExtension>
			<gpxtpx:course>250.4</gpxtpx:course>
		</gpxtpx:TrackPointExtension>
	</extensions>
</trkpt>
<trkpt lat="-9.0602837" lon="148.2609389">
	<ele>811.86</ele>
	<time>2026-04-18T02:04:01.000Z</time>
	<hdop>7.00</hdop>
	<extensions>
		<gpxtpx:TrackPointExtension>
			<gpxtpx:course>257.2</gpxtpx:course>
		</gpxtpx:TrackPointExtension>
	</extensions>
</trkpt>
<trkpt lat="-9.0602734" lon="148.2610412">
	<ele>820.86</ele>
	<time>2026-04-18T02:05:12.000Z</time>
	<hdop>12.50</hdop>
	<extensions>
		<gpxtpx:TrackPointExtension>
			<gpxtpx:course>90.1</gpxtpx:course>
		</gpxtpx:TrackPointExtension>
	</extensions>
</trkpt>
<trkpt lat="-9.0602648" lon="148.2611352">
	<ele>821.43</ele>
	<time>2026-04-18T02:05:22.000Z</time>
	<hdop>14.00</hdop>
	<extensions>
		<gpxtpx:TrackPointExtension>
			<gpxtpx:course>63.1</gpxtpx:course>
		</gpxtpx:TrackPointExtension>
	</extensions>
</trkpt>
<trkpt lat="-9.0602883" lon="148.2610164">
	<ele>821.88</ele>
	<time>2026-04-18T02:05:36.000Z</time>
	<hdop>15.50</hdop>
	<extensions>
		<gpxtpx:TrackPointExtension>
			<gpxtpx:course>247.4</gpxtpx:course>
		</gpxtpx:TrackPointExtension>
	</extensions>
</trkpt>
<trkpt lat="-9.0602715" lon="148.2609222">
	<ele>822.84</ele>
	<time>2026-04-18T02:05:48.000Z</time>
	<hdop>9.50</hdop>
	<extensions>
		<gpxtpx:TrackPointExtension>
			<gpxtpx:course>252.4</gpxtpx:course>
		</gpxtpx:TrackPointExtension>
	</extensions>
</trkpt>
<trkpt lat="-9.0603162" lon="148.2610021">
	<ele>822.62</ele>
	<time>2026-04-18T02:06:58.000Z</time>
	<hdop>5.50</hdop>
	<extensions>
		<gpxtpx:TrackPointExtension>
			<gpxtpx:course>106.5</gpxtpx:course>
		</gpxtpx:TrackPointExtension>
	</extensions>
</trkpt>
<trkpt lat="-9.0604003" lon="148.2609677">
	<ele>826.11</ele>
	<time>2026-04-18T02:12:36.000Z</time>
	<hdop>9.00</hdop>
	<extensions>
		<gpxtpx:TrackPointExtension>
			<gpxtpx:course>322.8</gpxtpx:course>
		</gpxtpx:TrackPointExtension>
	</extensions>
</trkpt>
<trkpt lat="-9.0604784" lon="148.2610291">
	<ele>823.11</ele>
	<time>2026-04-18T02:13:09.000Z</time>
	<hdop>7.50</hdop>
	<extensions>
		<gpxtpx:TrackPointExtension>
			<gpxtpx:course>136.3</gpxtpx:course>
		</gpxtpx:TrackPointExtension>
	</extensions>
</trkpt>
<trkpt lat="-9.0605581" lon="148.2610882">
	<ele>820.12</ele>
	<time>2026-04-18T02:13:34.000Z</time>
	<hdop>8.50</hdop>
	<extensions>
		<gpxtpx:TrackPointExtension>
			<gpxtpx:course>208.6</gpxtpx:course>
		</gpxtpx:TrackPointExtension>
	</extensions>
</trkpt>
<trkpt lat="-9.0606606" lon="148.2610905">
	<ele>812.87</ele>
	<time>2026-04-18T02:14:13.000Z</time>
	<hdop>12.00</hdop>
	<extensions>
		<gpxtpx:TrackPointExtension>
			<gpxtpx:course>272.3</gpxtpx:course>
		</gpxtpx:TrackPointExtension>
	</extensions>
</trkpt>
<trkpt lat="-9.0607338" lon="148.2610206">
	<ele>809.87</ele>
	<time>2026-04-18T02:14:31.000Z</time>
	<hdop>8.50</hdop>
	<extensions>
		<gpxtpx:TrackPointExtension>
			<gpxtpx:course>232.2</gpxtpx:course>
		</gpxtpx:TrackPointExtension>
	</extensions>
</trkpt>
<trkpt lat="-9.0608085" lon="148.2609640">
	<ele>804.87</ele>
	<time>2026-04-18T02:14:53.000Z</time>
	<hdop>10.50</hdop>
	<extensions>
		<gpxtpx:TrackPointExtension>
			<gpxtpx:course>193.3</gpxtpx:course>
		</gpxtpx:TrackPointExtension>
	</extensions>
</trkpt>
<trkpt lat="-9.0608985" lon="148.2609377">
	<ele>802.62</ele>
	<time>2026-04-18T02:15:14.000Z</time>
	<hdop>10.00</hdop>
	<extensions>
		<gpxtpx:TrackPointExtension>
			<gpxtpx:course>170.8</gpxtpx:course>
		</gpxtpx:TrackPointExtension>
	</extensions>
</trkpt>
<trkpt lat="-9.0609696" lon="148.2608799">
	<ele>802.12</ele>
	<time>2026-04-18T02:15:24.000Z</time>
	<hdop>8.00</hdop>
	<extensions>
		<gpxtpx:TrackPointExtension>
			<gpxtpx:course>221.0</gpxtpx:course>
		</gpxtpx:TrackPointExtension>
	</extensions>
</trkpt>
<trkpt lat="-9.0610487" lon="148.2608178">
	<ele>800.11</ele>
	<time>2026-04-18T02:15:38.000Z</time>
	<hdop>10.50</hdop>
	<extensions>
		<gpxtpx:TrackPointExtension>
			<gpxtpx:course>177.6</gpxtpx:course>
		</gpxtpx:TrackPointExtension>
	</extensions>
</trkpt>
<trkpt lat="-9.0611490" lon="148.2608633">
	<ele>799.11</ele>
	<time>2026-04-18T02:16:35.000Z</time>
	<hdop>11.50</hdop>
	<extensions>
		<gpxtpx:TrackPointExtension>
			<gpxtpx:course>37.1</gpxtpx:course>
		</gpxtpx:TrackPointExtension>
	</extensions>
</trkpt>
<trkpt lat="-9.0611361" lon="148.2607730">
	<ele>801.86</ele>
	<time>2026-04-18T02:17:38.000Z</time>
	<hdop>6.00</hdop>
	<extensions>
		<gpxtpx:TrackPointExtension>
			<gpxtpx:course>279.7</gpxtpx:course>
		</gpxtpx:TrackPointExtension>
	</extensions>
</trkpt>
<trkpt lat="-9.0611658" lon="148.2606837">
	<ele>810.54</ele>
	<time>2026-04-18T02:18:56.000Z</time>
	<hdop>5.50</hdop>
	<extensions>
		<gpxtpx:TrackPointExtension>
			<gpxtpx:course>255.5</gpxtpx:course>
		</gpxtpx:TrackPointExtension>
	</extensions>
</trkpt>
<trkpt lat="-9.0610901" lon="148.2607343">
	<ele>812.17</ele>
	<time>2026-04-18T02:19:37.000Z</time>
	<hdop>11.50</hdop>
	<extensions>
		<gpxtpx:TrackPointExtension>
			<gpxtpx:course>41.5</gpxtpx:course>
		</gpxtpx:TrackPointExtension>
	</extensions>
</trkpt>
<trkpt lat="-9.0610887" lon="148.2608410">
	<ele>800.11</ele>
	<time>2026-04-18T02:21:18.000Z</time>
	<hdop>7.50</hdop>
	<extensions>
		<gpxtpx:TrackPointExtension>
			<gpxtpx:course>57.2</gpxtpx:course>
		</gpxtpx:TrackPointExtension>
	</extensions>
</trkpt>
<trkpt lat="-9.0611455" lon="148.2607657">
	<ele>796.84</ele>
	<time>2026-04-18T02:22:25.000Z</time>
	<hdop>10.00</hdop>
	<extensions>
		<gpxtpx:TrackPointExtension>
			<gpxtpx:course>352.8</gpxtpx:course>
		</gpxtpx:TrackPointExtension>
	</extensions>
</trkpt>
<trkpt lat="-9.0612250" lon="148.2607218">
	<ele>795.10</ele>
	<time>2026-04-18T02:22:48.000Z</time>
	<hdop>14.50</hdop>
	<extensions>
		<gpxtpx:TrackPointExtension>
			<gpxtpx:course>262.4</gpxtpx:course>
		</gpxtpx:TrackPointExtension>
	</extensions>
</trkpt>
<trkpt lat="-9.0612579" lon="148.2608119">
	<ele>795.91</ele>
	<time>2026-04-18T02:23:04.000Z</time>
	<hdop>12.50</hdop>
	<extensions>
		<gpxtpx:TrackPointExtension>
			<gpxtpx:course>77.7</gpxtpx:course>
		</gpxtpx:TrackPointExtension>
	</extensions>
</trkpt>
<trkpt lat="-9.0613555" lon="148.2607772">
	<ele>795.86</ele>
	<time>2026-04-18T02:23:21.000Z</time>
	<hdop>13.50</hdop>
	<extensions>
		<gpxtpx:TrackPointExtension>
			<gpxtpx:course>183.2</gpxtpx:course>
		</gpxtpx:TrackPointExtension>
	</extensions>
</trkpt>
<trkpt lat="-9.0614606" lon="148.2607654">
	<ele>793.80</ele>
	<time>2026-04-18T02:23:40.000Z</time>
	<hdop>13.00</hdop>
	<extensions>
		<gpxtpx:TrackPointExtension>
			<gpxtpx:course>165.3</gpxtpx:course>
		</gpxtpx:TrackPointExtension>
	</extensions>
</trkpt>
<trkpt lat="-9.0615257" lon="148.2606889">
	<ele>791.86</ele>
	<time>2026-04-18T02:23:53.000Z</time>
	<hdop>15.00</hdop>
	<extensions>
		<gpxtpx:TrackPointExtension>
			<gpxtpx:course>264.7</gpxtpx:course>
		</gpxtpx:TrackPointExtension>
	</extensions>
</trkpt>
<trkpt lat="-9.0614785" lon="148.2605151">
	<ele>790.11</ele>
	<time>2026-04-18T02:24:03.000Z</time>
	<hdop>15.00</hdop>
	<extensions>
		<gpxtpx:TrackPointExtension>
			<gpxtpx:course>311.0</gpxtpx:course>
		</gpxtpx:TrackPointExtension>
	</extensions>
</trkpt>
<trkpt lat="-9.0615459" lon="148.2604381">
	<ele>790.65</ele>
	<time>2026-04-18T02:24:13.000Z</time>
	<hdop>11.00</hdop>
	<extensions>
		<gpxtpx:TrackPointExtension>
			<gpxtpx:course>229.8</gpxtpx:course>
		</gpxtpx:TrackPointExtension>
	</extensions>
</trkpt>
<trkpt lat="-9.0616293" lon="148.2604841">
	<ele>792.61</ele>
	<time>2026-04-18T02:24:27.000Z</time>
	<hdop>8.00</hdop>
	<extensions>
		<gpxtpx:TrackPointExtension>
			<gpxtpx:course>188.6</gpxtpx:course>
		</gpxtpx:TrackPointExtension>
	</extensions>
</trkpt>
<trkpt lat="-9.0616474" lon="148.2603861">
	<ele>788.54</ele>
	<time>2026-04-18T02:25:02.000Z</time>
	<hdop>8.50</hdop>
	<extensions>
		<gpxtpx:TrackPointExtension>
			<gpxtpx:course>200.2</gpxtpx:course>
		</gpxtpx:TrackPointExtension>
	</extensions>
</trkpt>
<trkpt lat="-9.0616236" lon="148.2602970">
	<ele>788.87</ele>
	<time>2026-04-18T02:25:19.000Z</time>
	<hdop>9.50</hdop>
	<extensions>
		<gpxtpx:TrackPointExtension>
			<gpxtpx:course>276.5</gpxtpx:course>
		</gpxtpx:TrackPointExtension>
	</extensions>
</trkpt>
<trkpt lat="-9.0616510" lon="148.2602072">
	<ele>789.61</ele>
	<time>2026-04-18T02:25:38.000Z</time>
	<hdop>11.50</hdop>
	<extensions>
		<gpxtpx:TrackPointExtension>
			<gpxtpx:course>212.1</gpxtpx:course>
		</gpxtpx:TrackPointExtension>
	</extensions>
</trkpt>
<trkpt lat="-9.0615857" lon="148.2601422">
	<ele>789.92</ele>
	<time>2026-04-18T02:25:49.000Z</time>
	<hdop>9.00</hdop>
	<extensions>
		<gpxtpx:TrackPointExtension>
			<gpxtpx:course>270.9</gpxtpx:course>
		</gpxtpx:TrackPointExtension>
	</extensions>
</trkpt>
<trkpt lat="-9.0615051" lon="148.2600914">
	<ele>789.86</ele>
	<time>2026-04-18T02:26:07.000Z</time>
	<hdop>9.00</hdop>
	<extensions>
		<gpxtpx:TrackPointExtension>
			<gpxtpx:course>1.8</gpxtpx:course>
		</gpxtpx:TrackPointExtension>
	</extensions>
</trkpt>
<trkpt lat="-9.0614822" lon="148.2599919">
	<ele>789.11</ele>
	<time>2026-04-18T02:26:17.000Z</time>
	<hdop>9.00</hdop>
	<extensions>
		<gpxtpx:TrackPointExtension>
			<gpxtpx:course>303.2</gpxtpx:course>
		</gpxtpx:TrackPointExtension>
	</extensions>
</trkpt>
<trkpt lat="-9.0614614" lon="148.2598883">
	<ele>787.12</ele>
	<time>2026-04-18T02:26:35.000Z</time>
	<hdop>8.50</hdop>
	<extensions>
		<gpxtpx:TrackPointExtension>
			<gpxtpx:course>305.7</gpxtpx:course>
		</gpxtpx:TrackPointExtension>
	</extensions>
</trkpt>
<trkpt lat="-9.0614245" lon="148.2598014">
	<ele>789.04</ele>
	<time>2026-04-18T02:26:46.000Z</time>
	<hdop>8.50</hdop>
	<extensions>
		<gpxtpx:TrackPointExtension>
			<gpxtpx:course>319.3</gpxtpx:course>
		</gpxtpx:TrackPointExtension>
	</extensions>
</trkpt>
<trkpt lat="-9.0614223" lon="148.2597027">
	<ele>794.57</ele>
	<time>2026-04-18T02:26:57.000Z</time>
	<hdop>8.00</hdop>
	<extensions>
		<gpxtpx:TrackPointExtension>
			<gpxtpx:course>319.8</gpxtpx:course>
		</gpxtpx:TrackPointExtension>
	</extensions>
</trkpt>
<trkpt lat="-9.0614130" lon="148.2596087">
	<ele>796.10</ele>
	<time>2026-04-18T02:27:16.000Z</time>
	<hdop>8.00</hdop>
	<extensions>
		<gpxtpx:TrackPointExtension>
			<gpxtpx:course>259.4</gpxtpx:course>
		</gpxtpx:TrackPointExtension>
	</extensions>
</trkpt>
<trkpt lat="-9.0613977" lon="148.2595163">
	<ele>786.92</ele>
	<time>2026-04-18T02:28:11.000Z</time>
	<hdop>9.50</hdop>
	<extensions>
		<gpxtpx:TrackPointExtension>
			<gpxtpx:course>214.8</gpxtpx:course>
		</gpxtpx:TrackPointExtension>
	</extensions>
</trkpt>
<trkpt lat="-9.0613683" lon="148.2594299">
	<ele>795.91</ele>
	<time>2026-04-18T02:29:01.000Z</time>
	<hdop>6.50</hdop>
	<extensions>
		<gpxtpx:TrackPointExtension>
			<gpxtpx:course>176.6</gpxtpx:course>
		</gpxtpx:TrackPointExtension>
	</extensions>
</trkpt>
<trkpt lat="-9.0613042" lon="148.2593556">
	<ele>808.66</ele>
	<time>2026-04-18T02:29:42.000Z</time>
	<hdop>8.50</hdop>
	<extensions>
		<gpxtpx:TrackPointExtension>
			<gpxtpx:course>276.6</gpxtpx:course>
		</gpxtpx:TrackPointExtension>
	</extensions>
</trkpt>
<trkpt lat="-9.0612747" lon="148.2592693">
	<ele>809.10</ele>
	<time>2026-04-18T02:30:12.000Z</time>
	<hdop>11.50</hdop>
	<extensions>
		<gpxtpx:TrackPointExtension>
			<gpxtpx:course>279.4</gpxtpx:course>
		</gpxtpx:TrackPointExtension>
	</extensions>
</trkpt>
<trkpt lat="-9.0612783" lon="148.2591503">
	<ele>809.85</ele>
	<time>2026-04-18T02:30:22.000Z</time>
	<hdop>11.50</hdop>
	<extensions>
		<gpxtpx:TrackPointExtension>
			<gpxtpx:course>251.3</gpxtpx:course>
		</gpxtpx:TrackPointExtension>
	</extensions>
</trkpt>
<trkpt lat="-9.0612553" lon="148.2592394">
	<ele>803.86</ele>
	<time>2026-04-18T02:30:58.000Z</time>
	<hdop>7.50</hdop>
	<extensions>
		<gpxtpx:TrackPointExtension>
			<gpxtpx:course>128.6</gpxtpx:course>
		</gpxtpx:TrackPointExtension>
	</extensions>
</trkpt>
<trkpt lat="-9.0613535" lon="148.2592268">
	<ele>812.84</ele>
	<time>2026-04-18T02:31:51.000Z</time>
	<hdop>6.50</hdop>
	<extensions>
		<gpxtpx:TrackPointExtension>
			<gpxtpx:course>140.8</gpxtpx:course>
		</gpxtpx:TrackPointExtension>
	</extensions>
</trkpt>
<trkpt lat="-9.0614224" lon="148.2591623">
	<ele>811.86</ele>
	<time>2026-04-18T02:32:07.000Z</time>
	<hdop>7.00</hdop>
	<extensions>
		<gpxtpx:TrackPointExtension>
			<gpxtpx:course>255.4</gpxtpx:course>
		</gpxtpx:TrackPointExtension>
	</extensions>
</trkpt>
<trkpt lat="-9.0615130" lon="148.2591715">
	<ele>805.85</ele>
	<time>2026-04-18T02:33:25.000Z</time>
	<hdop>6.00</hdop>
	<extensions>
		<gpxtpx:TrackPointExtension>
			<gpxtpx:course>153.1</gpxtpx:course>
		</gpxtpx:TrackPointExtension>
	</extensions>
</trkpt>
<trkpt lat="-9.0615594" lon="148.2590859">
	<ele>801.91</ele>
	<time>2026-04-18T02:33:44.000Z</time>
	<hdop>9.00</hdop>
	<extensions>
		<gpxtpx:TrackPointExtension>
			<gpxtpx:course>281.2</gpxtpx:course>
		</gpxtpx:TrackPointExtension>
	</extensions>
</trkpt>
<trkpt lat="-9.0616488" lon="148.2590725">
	<ele>794.84</ele>
	<time>2026-04-18T02:34:14.000Z</time>
	<hdop>8.00</hdop>
	<extensions>
		<gpxtpx:TrackPointExtension>
			<gpxtpx:course>229.6</gpxtpx:course>
		</gpxtpx:TrackPointExtension>
	</extensions>
</trkpt>
<trkpt lat="-9.0617318" lon="148.2591192">
	<ele>794.08</ele>
	<time>2026-04-18T02:34:32.000Z</time>
	<hdop>7.50</hdop>
	<extensions>
		<gpxtpx:TrackPointExtension>
			<gpxtpx:course>160.9</gpxtpx:course>
		</gpxtpx:TrackPointExtension>
	</extensions>
</trkpt>
<trkpt lat="-9.0618247" lon="148.2591564">
	<ele>793.85</ele>
	<time>2026-04-18T02:34:51.000Z</time>
	<hdop>7.00</hdop>
	<extensions>
		<gpxtpx:TrackPointExtension>
			<gpxtpx:course>173.9</gpxtpx:course>
		</gpxtpx:TrackPointExtension>
	</extensions>
</trkpt>
<trkpt lat="-9.0619104" lon="148.2591202">
	<ele>796.85</ele>
	<time>2026-04-18T02:35:31.000Z</time>
	<hdop>7.00</hdop>
	<extensions>
		<gpxtpx:TrackPointExtension>
			<gpxtpx:course>320.9</gpxtpx:course>
		</gpxtpx:TrackPointExtension>
	</extensions>
</trkpt>
<trkpt lat="-9.0620043" lon="148.2591414">
	<ele>795.91</ele>
	<time>2026-04-18T02:36:06.000Z</time>
	<hdop>8.50</hdop>
	<extensions>
		<gpxtpx:TrackPointExtension>
			<gpxtpx:course>166.2</gpxtpx:course>
		</gpxtpx:TrackPointExtension>
	</extensions>
</trkpt>
<trkpt lat="-9.0620979" lon="148.2591246">
	<ele>801.79</ele>
	<time>2026-04-18T02:36:47.000Z</time>
	<hdop>7.50</hdop>
	<extensions>
		<gpxtpx:TrackPointExtension>
			<gpxtpx:course>267.3</gpxtpx:course>
		</gpxtpx:TrackPointExtension>
	</extensions>
</trkpt>
<trkpt lat="-9.0621921" lon="148.2591258">
	<ele>810.78</ele>
	<time>2026-04-18T02:37:05.000Z</time>
	<hdop>6.50</hdop>
	<extensions>
		<gpxtpx:TrackPointExtension>
			<gpxtpx:course>187.0</gpxtpx:course>
		</gpxtpx:TrackPointExtension>
	</extensions>
</trkpt>
<trkpt lat="-9.0621876" lon="148.2590273">
	<ele>811.84</ele>
	<time>2026-04-18T02:40:36.000Z</time>
	<hdop>13.00</hdop>
	<extensions>
		<gpxtpx:TrackPointExtension>
			<gpxtpx:course>265.1</gpxtpx:course>
		</gpxtpx:TrackPointExtension>
	</extensions>
</trkpt>
<trkpt lat="-9.0622660" lon="148.2590968">
	<ele>815.52</ele>
	<time>2026-04-18T02:41:02.000Z</time>
	<hdop>15.50</hdop>
	<extensions>
		<gpxtpx:TrackPointExtension>
			<gpxtpx:course>79.1</gpxtpx:course>
		</gpxtpx:TrackPointExtension>
	</extensions>
</trkpt>
<trkpt lat="-9.0623704" lon="148.2590992">
	<ele>821.80</ele>
	<time>2026-04-18T02:41:32.000Z</time>
	<hdop>14.50</hdop>
	<extensions>
		<gpxtpx:TrackPointExtension>
			<gpxtpx:course>103.9</gpxtpx:course>
		</gpxtpx:TrackPointExtension>
	</extensions>
</trkpt>
<trkpt lat="-9.0624192" lon="148.2590160">
	<ele>826.57</ele>
	<time>2026-04-18T02:42:03.000Z</time>
	<hdop>11.00</hdop>
	<extensions>
		<gpxtpx:TrackPointExtension>
			<gpxtpx:course>184.1</gpxtpx:course>
		</gpxtpx:TrackPointExtension>
	</extensions>
</trkpt>
<trkpt lat="-9.0624033" lon="148.2589184">
	<ele>830.36</ele>
	<time>2026-04-18T02:42:45.000Z</time>
	<hdop>19.00</hdop>
	<extensions>
		<gpxtpx:TrackPointExtension>
			<gpxtpx:course>264.4</gpxtpx:course>
		</gpxtpx:TrackPointExtension>
	</extensions>
</trkpt>
<trkpt lat="-9.0623112" lon="148.2588969">
	<ele>838.91</ele>
	<time>2026-04-18T02:44:24.000Z</time>
	<hdop>11.00</hdop>
	<extensions>
		<gpxtpx:TrackPointExtension>
			<gpxtpx:course>313.0</gpxtpx:course>
		</gpxtpx:TrackPointExtension>
	</extensions>
</trkpt>
<trkpt lat="-9.0623241" lon="148.2588002">
	<ele>836.85</ele>
	<time>2026-04-18T02:44:34.000Z</time>
	<hdop>10.00</hdop>
	<extensions>
		<gpxtpx:TrackPointExtension>
			<gpxtpx:course>289.6</gpxtpx:course>
		</gpxtpx:TrackPointExtension>
	</extensions>
</trkpt>
<trkpt lat="-9.0623331" lon="148.2587032">
	<ele>843.53</ele>
	<time>2026-04-18T02:45:00.000Z</time>
	<hdop>15.00</hdop>
	<extensions>
		<gpxtpx:TrackPointExtension>
			<gpxtpx:course>186.5</gpxtpx:course>
		</gpxtpx:TrackPointExtension>
	</extensions>
</trkpt>
<trkpt lat="-9.0623857" lon="148.2586213">
	<ele>844.78</ele>
	<time>2026-04-18T02:45:10.000Z</time>
	<hdop>11.50</hdop>
	<extensions>
		<gpxtpx:TrackPointExtension>
			<gpxtpx:course>236.9</gpxtpx:course>
		</gpxtpx:TrackPointExtension>
	</extensions>
</trkpt>
<trkpt lat="-9.0622972" lon="148.2585899">
	<ele>843.60</ele>
	<time>2026-04-18T02:45:40.000Z</time>
	<hdop>10.00</hdop>
	<extensions>
		<gpxtpx:TrackPointExtension>
			<gpxtpx:course>261.1</gpxtpx:course>
		</gpxtpx:TrackPointExtension>
	</extensions>
</trkpt>
<trkpt lat="-9.0621944" lon="148.2585801">
	<ele>848.78</ele>
	<time>2026-04-18T02:46:33.000Z</time>
	<hdop>10.50</hdop>
	<extensions>
		<gpxtpx:TrackPointExtension>
			<gpxtpx:course>16.9</gpxtpx:course>
		</gpxtpx:TrackPointExtension>
	</extensions>
</trkpt>
<trkpt lat="-9.0621873" lon="148.2584732">
	<ele>850.79</ele>
	<time>2026-04-18T02:46:45.000Z</time>
	<hdop>16.00</hdop>
	<extensions>
		<gpxtpx:TrackPointExtension>
			<gpxtpx:course>275.3</gpxtpx:course>
		</gpxtpx:TrackPointExtension>
	</extensions>
</trkpt>
<trkpt lat="-9.0621568" lon="148.2583861">
	<ele>852.84</ele>
	<time>2026-04-18T02:47:46.000Z</time>
	<hdop>8.50</hdop>
	<extensions>
		<gpxtpx:TrackPointExtension>
			<gpxtpx:course>236.7</gpxtpx:course>
		</gpxtpx:TrackPointExtension>
	</extensions>
</trkpt>
<trkpt lat="-9.0621480" lon="148.2582943">
	<ele>859.59</ele>
	<time>2026-04-18T02:48:04.000Z</time>
	<hdop>9.00</hdop>
	<extensions>
		<gpxtpx:TrackPointExtension>
			<gpxtpx:course>266.1</gpxtpx:course>
		</gpxtpx:TrackPointExtension>
	</extensions>
</trkpt>
<trkpt lat="-9.0620770" lon="148.2582353">
	<ele>861.80</ele>
	<time>2026-04-18T02:49:25.000Z</time>
	<hdop>7.50</hdop>
	<extensions>
		<gpxtpx:TrackPointExtension>
			<gpxtpx:course>323.6</gpxtpx:course>
		</gpxtpx:TrackPointExtension>
	</extensions>
</trkpt>
<trkpt lat="-9.0621167" lon="148.2581430">
	<ele>859.85</ele>
	<time>2026-04-18T02:49:47.000Z</time>
	<hdop>13.50</hdop>
	<extensions>
		<gpxtpx:TrackPointExtension>
			<gpxtpx:course>257.9</gpxtpx:course>
		</gpxtpx:TrackPointExtension>
	</extensions>
</trkpt>
<trkpt lat="-9.0620288" lon="148.2581789">
	<ele>863.84</ele>
	<time>2026-04-18T02:50:04.000Z</time>
	<hdop>13.50</hdop>
	<extensions>
		<gpxtpx:TrackPointExtension>
			<gpxtpx:course>115.3</gpxtpx:course>
		</gpxtpx:TrackPointExtension>
	</extensions>
</trkpt>
<trkpt lat="-9.0619357" lon="148.2581810">
	<ele>867.84</ele>
	<time>2026-04-18T02:51:29.000Z</time>
	<hdop>8.00</hdop>
	<extensions>
		<gpxtpx:TrackPointExtension>
			<gpxtpx:course>326.9</gpxtpx:course>
		</gpxtpx:TrackPointExtension>
	</extensions>
</trkpt>
<trkpt lat="-9.0618341" lon="148.2582011">
	<ele>868.91</ele>
	<time>2026-04-18T02:51:51.000Z</time>
	<hdop>8.00</hdop>
	<extensions>
		<gpxtpx:TrackPointExtension>
			<gpxtpx:course>9.1</gpxtpx:course>
		</gpxtpx:TrackPointExtension>
	</extensions>
</trkpt>
<trkpt lat="-9.0617575" lon="148.2581508">
	<ele>870.09</ele>
	<time>2026-04-18T02:52:26.000Z</time>
	<hdop>8.50</hdop>
	<extensions>
		<gpxtpx:TrackPointExtension>
			<gpxtpx:course>263.1</gpxtpx:course>
		</gpxtpx:TrackPointExtension>
	</extensions>
</trkpt>
<trkpt lat="-9.0618168" lon="148.2580675">
	<ele>870.84</ele>
	<time>2026-04-18T02:53:31.000Z</time>
	<hdop>10.00</hdop>
	<extensions>
		<gpxtpx:TrackPointExtension>
			<gpxtpx:course>274.3</gpxtpx:course>
		</gpxtpx:TrackPointExtension>
	</extensions>
</trkpt>
<trkpt lat="-9.0617463" lon="148.2580022">
	<ele>871.83</ele>
	<time>2026-04-18T02:53:49.000Z</time>
	<hdop>8.50</hdop>
	<extensions>
		<gpxtpx:TrackPointExtension>
			<gpxtpx:course>313.4</gpxtpx:course>
		</gpxtpx:TrackPointExtension>
	</extensions>
</trkpt>
<trkpt lat="-9.0617065" lon="148.2579198">
	<ele>868.59</ele>
	<time>2026-04-18T02:54:32.000Z</time>
	<hdop>5.00</hdop>
	<extensions>
		<gpxtpx:TrackPointExtension>
			<gpxtpx:course>232.8</gpxtpx:course>
		</gpxtpx:TrackPointExtension>
	</extensions>
</trkpt>
<trkpt lat="-9.0616627" lon="148.2578383">
	<ele>873.78</ele>
	<time>2026-04-18T02:54:51.000Z</time>
	<hdop>6.00</hdop>
	<extensions>
		<gpxtpx:TrackPointExtension>
			<gpxtpx:course>264.9</gpxtpx:course>
		</gpxtpx:TrackPointExtension>
	</extensions>
</trkpt>
<trkpt lat="-9.0616314" lon="148.2577484">
	<ele>881.64</ele>
	<time>2026-04-18T02:55:10.000Z</time>
	<hdop>6.50</hdop>
	<extensions>
		<gpxtpx:TrackPointExtension>
			<gpxtpx:course>314.6</gpxtpx:course>
		</gpxtpx:TrackPointExtension>
	</extensions>
</trkpt>
<trkpt lat="-9.0616532" lon="148.2576597">
	<ele>886.84</ele>
	<time>2026-04-18T02:55:51.000Z</time>
	<hdop>7.00</hdop>
	<extensions>
		<gpxtpx:TrackPointExtension>
			<gpxtpx:course>307.1</gpxtpx:course>
		</gpxtpx:TrackPointExtension>
	</extensions>
</trkpt>
<trkpt lat="-9.0616809" lon="148.2575713">
	<ele>887.84</ele>
	<time>2026-04-18T02:56:10.000Z</time>
	<hdop>7.50</hdop>
	<extensions>
		<gpxtpx:TrackPointExtension>
			<gpxtpx:course>211.1</gpxtpx:course>
		</gpxtpx:TrackPointExtension>
	</extensions>
</trkpt>
<trkpt lat="-9.0617175" lon="148.2574831">
	<ele>885.90</ele>
	<time>2026-04-18T02:56:29.000Z</time>
	<hdop>7.50</hdop>
	<extensions>
		<gpxtpx:TrackPointExtension>
			<gpxtpx:course>271.1</gpxtpx:course>
		</gpxtpx:TrackPointExtension>
	</extensions>
</trkpt>
<trkpt lat="-9.0617538" lon="148.2573939">
	<ele>886.84</ele>
	<time>2026-04-18T02:56:42.000Z</time>
	<hdop>7.00</hdop>
	<extensions>
		<gpxtpx:TrackPointExtension>
			<gpxtpx:course>215.6</gpxtpx:course>
		</gpxtpx:TrackPointExtension>
	</extensions>
</trkpt>
<trkpt lat="-9.0617634" lon="148.2572989">
	<ele>884.90</ele>
	<time>2026-04-18T02:56:54.000Z</time>
	<hdop>7.50</hdop>
	<extensions>
		<gpxtpx:TrackPointExtension>
			<gpxtpx:course>270.0</gpxtpx:course>
		</gpxtpx:TrackPointExtension>
	</extensions>
</trkpt>
<trkpt lat="-9.0618115" lon="148.2572171">
	<ele>884.84</ele>
	<time>2026-04-18T02:57:06.000Z</time>
	<hdop>7.50</hdop>
	<extensions>
		<gpxtpx:TrackPointExtension>
			<gpxtpx:course>262.0</gpxtpx:course>
		</gpxtpx:TrackPointExtension>
	</extensions>
</trkpt>
<trkpt lat="-9.0618740" lon="148.2571410">
	<ele>885.84</ele>
	<time>2026-04-18T02:57:23.000Z</time>
	<hdop>8.00</hdop>
	<extensions>
		<gpxtpx:TrackPointExtension>
			<gpxtpx:course>199.1</gpxtpx:course>
		</gpxtpx:TrackPointExtension>
	</extensions>
</trkpt>
<trkpt lat="-9.0619188" lon="148.2570590">
	<ele>885.90</ele>
	<time>2026-04-18T02:57:34.000Z</time>
	<hdop>8.00</hdop>
	<extensions>
		<gpxtpx:TrackPointExtension>
			<gpxtpx:course>258.7</gpxtpx:course>
		</gpxtpx:TrackPointExtension>
	</extensions>
</trkpt>
<trkpt lat="-9.0619629" lon="148.2569716">
	<ele>884.82</ele>
	<time>2026-04-18T02:57:51.000Z</time>
	<hdop>8.00</hdop>
	<extensions>
		<gpxtpx:TrackPointExtension>
			<gpxtpx:course>207.6</gpxtpx:course>
		</gpxtpx:TrackPointExtension>
	</extensions>
</trkpt>
<trkpt lat="-9.0620607" lon="148.2569028">
	<ele>886.88</ele>
	<time>2026-04-18T02:58:01.000Z</time>
	<hdop>8.50</hdop>
	<extensions>
		<gpxtpx:TrackPointExtension>
			<gpxtpx:course>243.0</gpxtpx:course>
		</gpxtpx:TrackPointExtension>
	</extensions>
</trkpt>
<trkpt lat="-9.0621630" lon="148.2568945">
	<ele>886.84</ele>
	<time>2026-04-18T02:58:12.000Z</time>
	<hdop>8.50</hdop>
	<extensions>
		<gpxtpx:TrackPointExtension>
			<gpxtpx:course>196.3</gpxtpx:course>
		</gpxtpx:TrackPointExtension>
	</extensions>
</trkpt>
<trkpt lat="-9.0622391" lon="148.2568424">
	<ele>884.84</ele>
	<time>2026-04-18T02:58:23.000Z</time>
	<hdop>8.50</hdop>
	<extensions>
		<gpxtpx:TrackPointExtension>
			<gpxtpx:course>171.0</gpxtpx:course>
		</gpxtpx:TrackPointExtension>
	</extensions>
</trkpt>
<trkpt lat="-9.0623274" lon="148.2568189">
	<ele>885.65</ele>
	<time>2026-04-18T02:58:37.000Z</time>
	<hdop>8.50</hdop>
	<extensions>
		<gpxtpx:TrackPointExtension>
			<gpxtpx:course>184.2</gpxtpx:course>
		</gpxtpx:TrackPointExtension>
	</extensions>
</trkpt>
<trkpt lat="-9.0623329" lon="148.2567206">
	<ele>883.08</ele>
	<time>2026-04-18T02:58:54.000Z</time>
	<hdop>8.50</hdop>
	<extensions>
		<gpxtpx:TrackPointExtension>
			<gpxtpx:course>297.2</gpxtpx:course>
		</gpxtpx:TrackPointExtension>
	</extensions>
</trkpt>
<trkpt lat="-9.0623744" lon="148.2566358">
	<ele>883.83</ele>
	<time>2026-04-18T02:59:04.000Z</time>
	<hdop>9.00</hdop>
	<extensions>
		<gpxtpx:TrackPointExtension>
			<gpxtpx:course>292.3</gpxtpx:course>
		</gpxtpx:TrackPointExtension>
	</extensions>
</trkpt>
<trkpt lat="-9.0623948" lon="148.2565413">
	<ele>883.02</ele>
	<time>2026-04-18T02:59:20.000Z</time>
	<hdop>8.50</hdop>
	<extensions>
		<gpxtpx:TrackPointExtension>
			<gpxtpx:course>293.1</gpxtpx:course>
		</gpxtpx:TrackPointExtension>
	</extensions>
</trkpt>
<trkpt lat="-9.0624454" lon="148.2564534">
	<ele>882.83</ele>
	<time>2026-04-18T02:59:30.000Z</time>
	<hdop>9.50</hdop>
	<extensions>
		<gpxtpx:TrackPointExtension>
			<gpxtpx:course>225.3</gpxtpx:course>
		</gpxtpx:TrackPointExtension>
	</extensions>
</trkpt>
<trkpt lat="-9.0624764" lon="148.2563678">
	<ele>882.83</ele>
	<time>2026-04-18T02:59:53.000Z</time>
	<hdop>11.50</hdop>
	<extensions>
		<gpxtpx:TrackPointExtension>
			<gpxtpx:course>306.3</gpxtpx:course>
		</gpxtpx:TrackPointExtension>
	</extensions>
</trkpt>
<trkpt lat="-9.0625334" lon="148.2562854">
	<ele>881.64</ele>
	<time>2026-04-18T03:00:07.000Z</time>
	<hdop>9.50</hdop>
	<extensions>
		<gpxtpx:TrackPointExtension>
			<gpxtpx:course>231.3</gpxtpx:course>
		</gpxtpx:TrackPointExtension>
	</extensions>
</trkpt>
<trkpt lat="-9.0626100" lon="148.2562162">
	<ele>881.59</ele>
	<time>2026-04-18T03:00:23.000Z</time>
	<hdop>10.00</hdop>
	<extensions>
		<gpxtpx:TrackPointExtension>
			<gpxtpx:course>249.1</gpxtpx:course>
		</gpxtpx:TrackPointExtension>
	</extensions>
</trkpt>
<trkpt lat="-9.0626740" lon="148.2561493">
	<ele>880.83</ele>
	<time>2026-04-18T03:00:34.000Z</time>
	<hdop>8.00</hdop>
	<extensions>
		<gpxtpx:TrackPointExtension>
			<gpxtpx:course>239.6</gpxtpx:course>
		</gpxtpx:TrackPointExtension>
	</extensions>
</trkpt>
<trkpt lat="-9.0627556" lon="148.2561098">
	<ele>880.03</ele>
	<time>2026-04-18T03:00:48.000Z</time>
	<hdop>8.00</hdop>
	<extensions>
		<gpxtpx:TrackPointExtension>
			<gpxtpx:course>184.7</gpxtpx:course>
		</gpxtpx:TrackPointExtension>
	</extensions>
</trkpt>
<trkpt lat="-9.0628261" lon="148.2560427">
	<ele>884.83</ele>
	<time>2026-04-18T03:01:11.000Z</time>
	<hdop>8.50</hdop>
	<extensions>
		<gpxtpx:TrackPointExtension>
			<gpxtpx:course>241.0</gpxtpx:course>
		</gpxtpx:TrackPointExtension>
	</extensions>
</trkpt>
<trkpt lat="-9.0628722" lon="148.2559637">
	<ele>886.08</ele>
	<time>2026-04-18T03:01:24.000Z</time>
	<hdop>7.00</hdop>
	<extensions>
		<gpxtpx:TrackPointExtension>
			<gpxtpx:course>278.4</gpxtpx:course>
		</gpxtpx:TrackPointExtension>
	</extensions>
</trkpt>
<trkpt lat="-9.0629446" lon="148.2559043">
	<ele>886.83</ele>
	<time>2026-04-18T03:01:37.000Z</time>
	<hdop>7.00</hdop>
	<extensions>
		<gpxtpx:TrackPointExtension>
			<gpxtpx:course>202.2</gpxtpx:course>
		</gpxtpx:TrackPointExtension>
	</extensions>
</trkpt>
<trkpt lat="-9.0630346" lon="148.2558653">
	<ele>887.77</ele>
	<time>2026-04-18T03:01:48.000Z</time>
	<hdop>7.00</hdop>
	<extensions>
		<gpxtpx:TrackPointExtension>
			<gpxtpx:course>179.4</gpxtpx:course>
		</gpxtpx:TrackPointExtension>
	</extensions>
</trkpt>
<trkpt lat="-9.0631154" lon="148.2558231">
	<ele>891.75</ele>
	<time>2026-04-18T03:01:58.000Z</time>
	<hdop>7.50</hdop>
	<extensions>
		<gpxtpx:TrackPointExtension>
			<gpxtpx:course>242.1</gpxtpx:course>
		</gpxtpx:TrackPointExtension>
	</extensions>
</trkpt>
<trkpt lat="-9.0632160" lon="148.2558101">
	<ele>893.58</ele>
	<time>2026-04-18T03:02:11.000Z</time>
	<hdop>7.50</hdop>
	<extensions>
		<gpxtpx:TrackPointExtension>
			<gpxtpx:course>162.2</gpxtpx:course>
		</gpxtpx:TrackPointExtension>
	</extensions>
</trkpt>
<trkpt lat="-9.0633083" lon="148.2558039">
	<ele>896.77</ele>
	<time>2026-04-18T03:02:33.000Z</time>
	<hdop>8.00</hdop>
	<extensions>
		<gpxtpx:TrackPointExtension>
			<gpxtpx:course>171.4</gpxtpx:course>
		</gpxtpx:TrackPointExtension>
	</extensions>
</trkpt>
<trkpt lat="-9.0634007" lon="148.2557777">
	<ele>895.83</ele>
	<time>2026-04-18T03:02:50.000Z</time>
	<hdop>7.50</hdop>
	<extensions>
		<gpxtpx:TrackPointExtension>
			<gpxtpx:course>158.6</gpxtpx:course>
		</gpxtpx:TrackPointExtension>
	</extensions>
</trkpt>
<trkpt lat="-9.0634830" lon="148.2557314">
	<ele>892.65</ele>
	<time>2026-04-18T03:03:06.000Z</time>
	<hdop>7.50</hdop>
	<extensions>
		<gpxtpx:TrackPointExtension>
			<gpxtpx:course>246.5</gpxtpx:course>
		</gpxtpx:TrackPointExtension>
	</extensions>
</trkpt>
<trkpt lat="-9.0635792" lon="148.2557493">
	<ele>894.83</ele>
	<time>2026-04-18T03:03:20.000Z</time>
	<hdop>8.50</hdop>
	<extensions>
		<gpxtpx:TrackPointExtension>
			<gpxtpx:course>151.9</gpxtpx:course>
		</gpxtpx:TrackPointExtension>
	</extensions>
</trkpt>
<trkpt lat="-9.0636679" lon="148.2557713">
	<ele>893.89</ele>
	<time>2026-04-18T03:03:30.000Z</time>
	<hdop>9.00</hdop>
	<extensions>
		<gpxtpx:TrackPointExtension>
			<gpxtpx:course>144.6</gpxtpx:course>
		</gpxtpx:TrackPointExtension>
	</extensions>
</trkpt>
<trkpt lat="-9.0637488" lon="148.2558238">
	<ele>893.83</ele>
	<time>2026-04-18T03:03:41.000Z</time>
	<hdop>7.50</hdop>
	<extensions>
		<gpxtpx:TrackPointExtension>
			<gpxtpx:course>117.7</gpxtpx:course>
		</gpxtpx:TrackPointExtension>
	</extensions>
</trkpt>
<trkpt lat="-9.0638646" lon="148.2558422">
	<ele>892.83</ele>
	<time>2026-04-18T03:03:51.000Z</time>
	<hdop>7.00</hdop>
	<extensions>
		<gpxtpx:TrackPointExtension>
			<gpxtpx:course>179.7</gpxtpx:course>
		</gpxtpx:TrackPointExtension>
	</extensions>
</trkpt>
<trkpt lat="-9.0639477" lon="148.2559050">
	<ele>890.81</ele>
	<time>2026-04-18T03:04:11.000Z</time>
	<hdop>7.00</hdop>
	<extensions>
		<gpxtpx:TrackPointExtension>
			<gpxtpx:course>118.7</gpxtpx:course>
		</gpxtpx:TrackPointExtension>
	</extensions>
</trkpt>
<trkpt lat="-9.0640375" lon="148.2559270">
	<ele>890.83</ele>
	<time>2026-04-18T03:04:23.000Z</time>
	<hdop>7.00</hdop>
	<extensions>
		<gpxtpx:TrackPointExtension>
			<gpxtpx:course>164.8</gpxtpx:course>
		</gpxtpx:TrackPointExtension>
	</extensions>
</trkpt>
<trkpt lat="-9.0641292" lon="148.2559528">
	<ele>892.58</ele>
	<time>2026-04-18T03:04:37.000Z</time>
	<hdop>7.50</hdop>
	<extensions>
		<gpxtpx:TrackPointExtension>
			<gpxtpx:course>150.4</gpxtpx:course>
		</gpxtpx:TrackPointExtension>
	</extensions>
</trkpt>
<trkpt lat="-9.0642199" lon="148.2559532">
	<ele>894.64</ele>
	<time>2026-04-18T03:04:48.000Z</time>
	<hdop>8.00</hdop>
	<extensions>
		<gpxtpx:TrackPointExtension>
			<gpxtpx:course>204.3</gpxtpx:course>
		</gpxtpx:TrackPointExtension>
	</extensions>
</trkpt>
<trkpt lat="-9.0643177" lon="148.2559723">
	<ele>890.81</ele>
	<time>2026-04-18T03:05:12.000Z</time>
	<hdop>8.00</hdop>
	<extensions>
		<gpxtpx:TrackPointExtension>
			<gpxtpx:course>201.7</gpxtpx:course>
		</gpxtpx:TrackPointExtension>
	</extensions>
</trkpt>
<trkpt lat="-9.0644104" lon="148.2560168">
	<ele>890.07</ele>
	<time>2026-04-18T03:05:45.000Z</time>
	<hdop>7.50</hdop>
	<extensions>
		<gpxtpx:TrackPointExtension>
			<gpxtpx:course>163.8</gpxtpx:course>
		</gpxtpx:TrackPointExtension>
	</extensions>
</trkpt>
<trkpt lat="-9.0644883" lon="148.2559655">
	<ele>889.81</ele>
	<time>2026-04-18T03:05:57.000Z</time>
	<hdop>8.00</hdop>
	<extensions>
		<gpxtpx:TrackPointExtension>
			<gpxtpx:course>322.9</gpxtpx:course>
		</gpxtpx:TrackPointExtension>
	</extensions>
</trkpt>
<trkpt lat="-9.0645801" lon="148.2559370">
	<ele>892.06</ele>
	<time>2026-04-18T03:06:17.000Z</time>
	<hdop>7.50</hdop>
	<extensions>
		<gpxtpx:TrackPointExtension>
			<gpxtpx:course>179.7</gpxtpx:course>
		</gpxtpx:TrackPointExtension>
	</extensions>
</trkpt>
<trkpt lat="-9.0646681" lon="148.2559035">
	<ele>890.82</ele>
	<time>2026-04-18T03:06:42.000Z</time>
	<hdop>6.00</hdop>
	<extensions>
		<gpxtpx:TrackPointExtension>
			<gpxtpx:course>166.2</gpxtpx:course>
		</gpxtpx:TrackPointExtension>
	</extensions>
</trkpt>
<trkpt lat="-9.0647306" lon="148.2558304">
	<ele>892.78</ele>
	<time>2026-04-18T03:07:10.000Z</time>
	<hdop>7.50</hdop>
	<extensions>
		<gpxtpx:TrackPointExtension>
			<gpxtpx:course>241.3</gpxtpx:course>
		</gpxtpx:TrackPointExtension>
	</extensions>
</trkpt>
<trkpt lat="-9.0647734" lon="148.2557457">
	<ele>891.62</ele>
	<time>2026-04-18T03:07:23.000Z</time>
	<hdop>6.50</hdop>
	<extensions>
		<gpxtpx:TrackPointExtension>
			<gpxtpx:course>271.2</gpxtpx:course>
		</gpxtpx:TrackPointExtension>
	</extensions>
</trkpt>
<trkpt lat="-9.0648527" lon="148.2556978">
	<ele>894.63</ele>
	<time>2026-04-18T03:07:50.000Z</time>
	<hdop>7.50</hdop>
	<extensions>
		<gpxtpx:TrackPointExtension>
			<gpxtpx:course>259.9</gpxtpx:course>
		</gpxtpx:TrackPointExtension>
	</extensions>
</trkpt>
<trkpt lat="-9.0649139" lon="148.2556251">
	<ele>899.88</ele>
	<time>2026-04-18T03:08:13.000Z</time>
	<hdop>7.00</hdop>
	<extensions>
		<gpxtpx:TrackPointExtension>
			<gpxtpx:course>169.4</gpxtpx:course>
		</gpxtpx:TrackPointExtension>
	</extensions>
</trkpt>
<trkpt lat="-9.0649534" lon="148.2555417">
	<ele>894.83</ele>
	<time>2026-04-18T03:09:01.000Z</time>
	<hdop>3.50</hdop>
	<extensions>
		<gpxtpx:TrackPointExtension>
			<gpxtpx:course>206.8</gpxtpx:course>
		</gpxtpx:TrackPointExtension>
	</extensions>
</trkpt>
<trkpt lat="-9.0650435" lon="148.2555323">
	<ele>902.82</ele>
	<time>2026-04-18T03:10:17.000Z</time>
	<hdop>10.50</hdop>
	<extensions>
		<gpxtpx:TrackPointExtension>
			<gpxtpx:course>161.1</gpxtpx:course>
		</gpxtpx:TrackPointExtension>
	</extensions>
</trkpt>
<trkpt lat="-9.0649701" lon="148.2554759">
	<ele>903.82</ele>
	<time>2026-04-18T03:10:48.000Z</time>
	<hdop>7.50</hdop>
	<extensions>
		<gpxtpx:TrackPointExtension>
			<gpxtpx:course>153.8</gpxtpx:course>
		</gpxtpx:TrackPointExtension>
	</extensions>
</trkpt>
<trkpt lat="-9.0650647" lon="148.2554718">
	<ele>905.07</ele>
	<time>2026-04-18T03:11:36.000Z</time>
	<hdop>10.00</hdop>
	<extensions>
		<gpxtpx:TrackPointExtension>
			<gpxtpx:course>141.8</gpxtpx:course>
		</gpxtpx:TrackPointExtension>
	</extensions>
</trkpt>
<trkpt lat="-9.0651117" lon="148.2555515">
	<ele>908.57</ele>
	<time>2026-04-18T03:17:35.000Z</time>
	<hdop>7.50</hdop>
	<extensions>
		<gpxtpx:TrackPointExtension>
			<gpxtpx:course>119.3</gpxtpx:course>
		</gpxtpx:TrackPointExtension>
	</extensions>
</trkpt>
<trkpt lat="-9.0651921" lon="148.2555091">
	<ele>903.15</ele>
	<time>2026-04-18T03:17:51.000Z</time>
	<hdop>6.50</hdop>
	<extensions>
		<gpxtpx:TrackPointExtension>
			<gpxtpx:course>237.4</gpxtpx:course>
		</gpxtpx:TrackPointExtension>
	</extensions>
</trkpt>
<trkpt lat="-9.0652745" lon="148.2555682">
	<ele>903.83</ele>
	<time>2026-04-18T03:18:10.000Z</time>
	<hdop>7.50</hdop>
	<extensions>
		<gpxtpx:TrackPointExtension>
			<gpxtpx:course>121.3</gpxtpx:course>
		</gpxtpx:TrackPointExtension>
	</extensions>
</trkpt>
<trkpt lat="-9.0653692" lon="148.2555675">
	<ele>899.06</ele>
	<time>2026-04-18T03:19:12.000Z</time>
	<hdop>9.00</hdop>
	<extensions>
		<gpxtpx:TrackPointExtension>
			<gpxtpx:course>52.8</gpxtpx:course>
		</gpxtpx:TrackPointExtension>
	</extensions>
</trkpt>
<trkpt lat="-9.0654629" lon="148.2555619">
	<ele>893.82</ele>
	<time>2026-04-18T03:19:40.000Z</time>
	<hdop>9.50</hdop>
	<extensions>
		<gpxtpx:TrackPointExtension>
			<gpxtpx:course>130.8</gpxtpx:course>
		</gpxtpx:TrackPointExtension>
	</extensions>
</trkpt>
<trkpt lat="-9.0655488" lon="148.2556033">
	<ele>888.88</ele>
	<time>2026-04-18T03:19:59.000Z</time>
	<hdop>8.00</hdop>
	<extensions>
		<gpxtpx:TrackPointExtension>
			<gpxtpx:course>140.7</gpxtpx:course>
		</gpxtpx:TrackPointExtension>
	</extensions>
</trkpt>
<trkpt lat="-9.0656366" lon="148.2555811">
	<ele>884.07</ele>
	<time>2026-04-18T03:20:19.000Z</time>
	<hdop>8.50</hdop>
	<extensions>
		<gpxtpx:TrackPointExtension>
			<gpxtpx:course>250.8</gpxtpx:course>
		</gpxtpx:TrackPointExtension>
	</extensions>
</trkpt>
<trkpt lat="-9.0657233" lon="148.2555420">
	<ele>879.82</ele>
	<time>2026-04-18T03:20:47.000Z</time>
	<hdop>10.50</hdop>
	<extensions>
		<gpxtpx:TrackPointExtension>
			<gpxtpx:course>318.7</gpxtpx:course>
		</gpxtpx:TrackPointExtension>
	</extensions>
</trkpt>
<trkpt lat="-9.0658004" lon="148.2554866">
	<ele>879.05</ele>
	<time>2026-04-18T03:21:04.000Z</time>
	<hdop>9.50</hdop>
	<extensions>
		<gpxtpx:TrackPointExtension>
			<gpxtpx:course>221.8</gpxtpx:course>
		</gpxtpx:TrackPointExtension>
	</extensions>
</trkpt>
<trkpt lat="-9.0658856" lon="148.2554323">
	<ele>876.88</ele>
	<time>2026-04-18T03:21:14.000Z</time>
	<hdop>10.00</hdop>
	<extensions>
		<gpxtpx:TrackPointExtension>
			<gpxtpx:course>215.2</gpxtpx:course>
		</gpxtpx:TrackPointExtension>
	</extensions>
</trkpt>
<trkpt lat="-9.0659755" lon="148.2554003">
	<ele>875.83</ele>
	<time>2026-04-18T03:21:24.000Z</time>
	<hdop>8.50</hdop>
	<extensions>
		<gpxtpx:TrackPointExtension>
			<gpxtpx:course>190.6</gpxtpx:course>
		</gpxtpx:TrackPointExtension>
	</extensions>
</trkpt>
<trkpt lat="-9.0660582" lon="148.2553579">
	<ele>878.82</ele>
	<time>2026-04-18T03:21:51.000Z</time>
	<hdop>11.00</hdop>
	<extensions>
		<gpxtpx:TrackPointExtension>
			<gpxtpx:course>211.9</gpxtpx:course>
		</gpxtpx:TrackPointExtension>
	</extensions>
</trkpt>
<trkpt lat="-9.0661419" lon="148.2553193">
	<ele>877.89</ele>
	<time>2026-04-18T03:22:10.000Z</time>
	<hdop>9.00</hdop>
	<extensions>
		<gpxtpx:TrackPointExtension>
			<gpxtpx:course>180.4</gpxtpx:course>
		</gpxtpx:TrackPointExtension>
	</extensions>
</trkpt>
<trkpt lat="-9.0662473" lon="148.2552984">
	<ele>875.82</ele>
	<time>2026-04-18T03:22:20.000Z</time>
	<hdop>9.00</hdop>
	<extensions>
		<gpxtpx:TrackPointExtension>
			<gpxtpx:course>191.7</gpxtpx:course>
		</gpxtpx:TrackPointExtension>
	</extensions>
</trkpt>
<trkpt lat="-9.0663382" lon="148.2553073">
	<ele>878.55</ele>
	<time>2026-04-18T03:22:32.000Z</time>
	<hdop>8.00</hdop>
	<extensions>
		<gpxtpx:TrackPointExtension>
			<gpxtpx:course>160.8</gpxtpx:course>
		</gpxtpx:TrackPointExtension>
	</extensions>
</trkpt>
<trkpt lat="-9.0664055" lon="148.2552463">
	<ele>879.56</ele>
	<time>2026-04-18T03:22:51.000Z</time>
	<hdop>8.50</hdop>
	<extensions>
		<gpxtpx:TrackPointExtension>
			<gpxtpx:course>259.5</gpxtpx:course>
		</gpxtpx:TrackPointExtension>
	</extensions>
</trkpt>
<trkpt lat="-9.0664868" lon="148.2551877">
	<ele>878.06</ele>
	<time>2026-04-18T03:23:07.000Z</time>
	<hdop>8.00</hdop>
	<extensions>
		<gpxtpx:TrackPointExtension>
			<gpxtpx:course>274.4</gpxtpx:course>
		</gpxtpx:TrackPointExtension>
	</extensions>
</trkpt>
<trkpt lat="-9.0665671" lon="148.2551268">
	<ele>878.51</ele>
	<time>2026-04-18T03:23:18.000Z</time>
	<hdop>8.00</hdop>
	<extensions>
		<gpxtpx:TrackPointExtension>
			<gpxtpx:course>244.4</gpxtpx:course>
		</gpxtpx:TrackPointExtension>
	</extensions>
</trkpt>
<trkpt lat="-9.0666714" lon="148.2551077">
	<ele>879.51</ele>
	<time>2026-04-18T03:23:28.000Z</time>
	<hdop>8.00</hdop>
	<extensions>
		<gpxtpx:TrackPointExtension>
			<gpxtpx:course>175.0</gpxtpx:course>
		</gpxtpx:TrackPointExtension>
	</extensions>
</trkpt>
<trkpt lat="-9.0667622" lon="148.2550824">
	<ele>879.63</ele>
	<time>2026-04-18T03:23:38.000Z</time>
	<hdop>8.50</hdop>
	<extensions>
		<gpxtpx:TrackPointExtension>
			<gpxtpx:course>186.1</gpxtpx:course>
		</gpxtpx:TrackPointExtension>
	</extensions>
</trkpt>
<trkpt lat="-9.0668573" lon="148.2550641">
	<ele>877.06</ele>
	<time>2026-04-18T03:23:55.000Z</time>
	<hdop>8.00</hdop>
	<extensions>
		<gpxtpx:TrackPointExtension>
			<gpxtpx:course>188.3</gpxtpx:course>
		</gpxtpx:TrackPointExtension>
	</extensions>
</trkpt>
<trkpt lat="-9.0669471" lon="148.2550805">
	<ele>877.61</ele>
	<time>2026-04-18T03:24:19.000Z</time>
	<hdop>8.00</hdop>
	<extensions>
		<gpxtpx:TrackPointExtension>
			<gpxtpx:course>145.7</gpxtpx:course>
		</gpxtpx:TrackPointExtension>
	</extensions>
</trkpt>
<trkpt lat="-9.0670236" lon="148.2551332">
	<ele>877.06</ele>
	<time>2026-04-18T03:25:15.000Z</time>
	<hdop>7.50</hdop>
	<extensions>
		<gpxtpx:TrackPointExtension>
			<gpxtpx:course>118.4</gpxtpx:course>
		</gpxtpx:TrackPointExtension>
	</extensions>
</trkpt>
<trkpt lat="-9.0671123" lon="148.2551687">
	<ele>879.81</ele>
	<time>2026-04-18T03:25:33.000Z</time>
	<hdop>8.00</hdop>
	<extensions>
		<gpxtpx:TrackPointExtension>
			<gpxtpx:course>127.6</gpxtpx:course>
		</gpxtpx:TrackPointExtension>
	</extensions>
</trkpt>
<trkpt lat="-9.0672082" lon="148.2551675">
	<ele>876.81</ele>
	<time>2026-04-18T03:25:58.000Z</time>
	<hdop>9.50</hdop>
	<extensions>
		<gpxtpx:TrackPointExtension>
			<gpxtpx:course>151.2</gpxtpx:course>
		</gpxtpx:TrackPointExtension>
	</extensions>
</trkpt>
<trkpt lat="-9.0672887" lon="148.2552312">
	<ele>871.83</ele>
	<time>2026-04-18T03:26:15.000Z</time>
	<hdop>9.00</hdop>
	<extensions>
		<gpxtpx:TrackPointExtension>
			<gpxtpx:course>236.8</gpxtpx:course>
		</gpxtpx:TrackPointExtension>
	</extensions>
</trkpt>
<trkpt lat="-9.0673602" lon="148.2552904">
	<ele>868.88</ele>
	<time>2026-04-18T03:26:27.000Z</time>
	<hdop>9.50</hdop>
	<extensions>
		<gpxtpx:TrackPointExtension>
			<gpxtpx:course>145.3</gpxtpx:course>
		</gpxtpx:TrackPointExtension>
	</extensions>
</trkpt>
<trkpt lat="-9.0674292" lon="148.2553494">
	<ele>864.81</ele>
	<time>2026-04-18T03:26:39.000Z</time>
	<hdop>9.00</hdop>
	<extensions>
		<gpxtpx:TrackPointExtension>
			<gpxtpx:course>138.0</gpxtpx:course>
		</gpxtpx:TrackPointExtension>
	</extensions>
</trkpt>
<trkpt lat="-9.0675219" lon="148.2553495">
	<ele>863.11</ele>
	<time>2026-04-18T03:26:49.000Z</time>
	<hdop>8.50</hdop>
	<extensions>
		<gpxtpx:TrackPointExtension>
			<gpxtpx:course>198.3</gpxtpx:course>
		</gpxtpx:TrackPointExtension>
	</extensions>
</trkpt>
<trkpt lat="-9.0675971" lon="148.2554076">
	<ele>862.81</ele>
	<time>2026-04-18T03:27:01.000Z</time>
	<hdop>9.50</hdop>
	<extensions>
		<gpxtpx:TrackPointExtension>
			<gpxtpx:course>152.9</gpxtpx:course>
		</gpxtpx:TrackPointExtension>
	</extensions>
</trkpt>
<trkpt lat="-9.0676909" lon="148.2554280">
	<ele>859.86</ele>
	<time>2026-04-18T03:27:23.000Z</time>
	<hdop>8.00</hdop>
	<extensions>
		<gpxtpx:TrackPointExtension>
			<gpxtpx:course>194.0</gpxtpx:course>
		</gpxtpx:TrackPointExtension>
	</extensions>
</trkpt>
<trkpt lat="-9.0677573" lon="148.2554900">
	<ele>857.75</ele>
	<time>2026-04-18T03:27:37.000Z</time>
	<hdop>9.50</hdop>
	<extensions>
		<gpxtpx:TrackPointExtension>
			<gpxtpx:course>123.4</gpxtpx:course>
		</gpxtpx:TrackPointExtension>
	</extensions>
</trkpt>
<trkpt lat="-9.0679000" lon="148.2555624">
	<ele>856.77</ele>
	<time>2026-04-18T03:27:47.000Z</time>
	<hdop>9.50</hdop>
	<extensions>
		<gpxtpx:TrackPointExtension>
			<gpxtpx:course>131.9</gpxtpx:course>
		</gpxtpx:TrackPointExtension>
	</extensions>
</trkpt>
<trkpt lat="-9.0680058" lon="148.2556404">
	<ele>854.82</ele>
	<time>2026-04-18T03:27:57.000Z</time>
	<hdop>13.00</hdop>
	<extensions>
		<gpxtpx:TrackPointExtension>
			<gpxtpx:course>133.1</gpxtpx:course>
		</gpxtpx:TrackPointExtension>
	</extensions>
</trkpt>
<trkpt lat="-9.0680856" lon="148.2556884">
	<ele>853.06</ele>
	<time>2026-04-18T03:28:13.000Z</time>
	<hdop>10.50</hdop>
	<extensions>
		<gpxtpx:TrackPointExtension>
			<gpxtpx:course>139.3</gpxtpx:course>
		</gpxtpx:TrackPointExtension>
	</extensions>
</trkpt>
<trkpt lat="-9.0681739" lon="148.2557217">
	<ele>852.56</ele>
	<time>2026-04-18T03:28:24.000Z</time>
	<hdop>12.50</hdop>
	<extensions>
		<gpxtpx:TrackPointExtension>
			<gpxtpx:course>181.3</gpxtpx:course>
		</gpxtpx:TrackPointExtension>
	</extensions>
</trkpt>
<trkpt lat="-9.0682559" lon="148.2557650">
	<ele>849.77</ele>
	<time>2026-04-18T03:28:35.000Z</time>
	<hdop>10.50</hdop>
	<extensions>
		<gpxtpx:TrackPointExtension>
			<gpxtpx:course>171.7</gpxtpx:course>
		</gpxtpx:TrackPointExtension>
	</extensions>
</trkpt>
<trkpt lat="-9.0683588" lon="148.2557517">
	<ele>844.83</ele>
	<time>2026-04-18T03:28:53.000Z</time>
	<hdop>8.00</hdop>
	<extensions>
		<gpxtpx:TrackPointExtension>
			<gpxtpx:course>176.6</gpxtpx:course>
		</gpxtpx:TrackPointExtension>
	</extensions>
</trkpt>
<trkpt lat="-9.0684377" lon="148.2557044">
	<ele>836.88</ele>
	<time>2026-04-18T03:29:08.000Z</time>
	<hdop>9.50</hdop>
	<extensions>
		<gpxtpx:TrackPointExtension>
			<gpxtpx:course>227.9</gpxtpx:course>
		</gpxtpx:TrackPointExtension>
	</extensions>
</trkpt>
<trkpt lat="-9.0685272" lon="148.2556755">
	<ele>830.06</ele>
	<time>2026-04-18T03:29:37.000Z</time>
	<hdop>10.00</hdop>
	<extensions>
		<gpxtpx:TrackPointExtension>
			<gpxtpx:course>192.2</gpxtpx:course>
		</gpxtpx:TrackPointExtension>
	</extensions>
</trkpt>
<trkpt lat="-9.0685898" lon="148.2556048">
	<ele>824.62</ele>
	<time>2026-04-18T03:29:54.000Z</time>
	<hdop>10.00</hdop>
	<extensions>
		<gpxtpx:TrackPointExtension>
			<gpxtpx:course>285.5</gpxtpx:course>
		</gpxtpx:TrackPointExtension>
	</extensions>
</trkpt>
<trkpt lat="-9.0686441" lon="148.2555220">
	<ele>824.61</ele>
	<time>2026-04-18T03:30:08.000Z</time>
	<hdop>13.50</hdop>
	<extensions>
		<gpxtpx:TrackPointExtension>
			<gpxtpx:course>200.6</gpxtpx:course>
		</gpxtpx:TrackPointExtension>
	</extensions>
</trkpt>
<trkpt lat="-9.0687232" lon="148.2554452">
	<ele>824.06</ele>
	<time>2026-04-18T03:30:22.000Z</time>
	<hdop>13.50</hdop>
	<extensions>
		<gpxtpx:TrackPointExtension>
			<gpxtpx:course>300.3</gpxtpx:course>
		</gpxtpx:TrackPointExtension>
	</extensions>
</trkpt>
<trkpt lat="-9.0687382" lon="148.2553496">
	<ele>821.81</ele>
	<time>2026-04-18T03:30:36.000Z</time>
	<hdop>11.50</hdop>
	<extensions>
		<gpxtpx:TrackPointExtension>
			<gpxtpx:course>319.2</gpxtpx:course>
		</gpxtpx:TrackPointExtension>
	</extensions>
</trkpt>
<trkpt lat="-9.0688723" lon="148.2553168">
	<ele>815.75</ele>
	<time>2026-04-18T03:30:46.000Z</time>
	<hdop>11.50</hdop>
	<extensions>
		<gpxtpx:TrackPointExtension>
			<gpxtpx:course>169.8</gpxtpx:course>
		</gpxtpx:TrackPointExtension>
	</extensions>
</trkpt>
<trkpt lat="-9.0689451" lon="148.2552563">
	<ele>813.06</ele>
	<time>2026-04-18T03:30:57.000Z</time>
	<hdop>10.50</hdop>
	<extensions>
		<gpxtpx:TrackPointExtension>
			<gpxtpx:course>217.8</gpxtpx:course>
		</gpxtpx:TrackPointExtension>
	</extensions>
</trkpt>
<trkpt lat="-9.0689205" lon="148.2551656">
	<ele>815.05</ele>
	<time>2026-04-18T03:31:07.000Z</time>
	<hdop>14.50</hdop>
	<extensions>
		<gpxtpx:TrackPointExtension>
			<gpxtpx:course>283.9</gpxtpx:course>
		</gpxtpx:TrackPointExtension>
	</extensions>
</trkpt>
<trkpt lat="-9.0689962" lon="148.2551149">
	<ele>810.82</ele>
	<time>2026-04-18T03:31:20.000Z</time>
	<hdop>12.00</hdop>
	<extensions>
		<gpxtpx:TrackPointExtension>
			<gpxtpx:course>224.0</gpxtpx:course>
		</gpxtpx:TrackPointExtension>
	</extensions>
</trkpt>
<trkpt lat="-9.0691007" lon="148.2551000">
	<ele>809.69</ele>
	<time>2026-04-18T03:31:30.000Z</time>
	<hdop>10.50</hdop>
	<extensions>
		<gpxtpx:TrackPointExtension>
			<gpxtpx:course>190.1</gpxtpx:course>
		</gpxtpx:TrackPointExtension>
	</extensions>
</trkpt>
<trkpt lat="-9.0691885" lon="148.2550376">
	<ele>813.79</ele>
	<time>2026-04-18T03:31:40.000Z</time>
	<hdop>9.50</hdop>
	<extensions>
		<gpxtpx:TrackPointExtension>
			<gpxtpx:course>206.5</gpxtpx:course>
		</gpxtpx:TrackPointExtension>
	</extensions>
</trkpt>
<trkpt lat="-9.0692774" lon="148.2550075">
	<ele>816.05</ele>
	<time>2026-04-18T03:31:53.000Z</time>
	<hdop>12.00</hdop>
	<extensions>
		<gpxtpx:TrackPointExtension>
			<gpxtpx:course>184.9</gpxtpx:course>
		</gpxtpx:TrackPointExtension>
	</extensions>
</trkpt>
<trkpt lat="-9.0693820" lon="148.2549802">
	<ele>815.84</ele>
	<time>2026-04-18T03:32:03.000Z</time>
	<hdop>9.00</hdop>
	<extensions>
		<gpxtpx:TrackPointExtension>
			<gpxtpx:course>226.0</gpxtpx:course>
		</gpxtpx:TrackPointExtension>
	</extensions>
</trkpt>
<trkpt lat="-9.0694734" lon="148.2549557">
	<ele>817.05</ele>
	<time>2026-04-18T03:32:13.000Z</time>
	<hdop>10.50</hdop>
	<extensions>
		<gpxtpx:TrackPointExtension>
			<gpxtpx:course>244.9</gpxtpx:course>
		</gpxtpx:TrackPointExtension>
	</extensions>
</trkpt>
<trkpt lat="-9.0696263" lon="148.2549641">
	<ele>815.99</ele>
	<time>2026-04-18T03:32:23.000Z</time>
	<hdop>8.50</hdop>
	<extensions>
		<gpxtpx:TrackPointExtension>
			<gpxtpx:course>175.9</gpxtpx:course>
		</gpxtpx:TrackPointExtension>
	</extensions>
</trkpt>
<trkpt lat="-9.0697098" lon="148.2549101">
	<ele>814.99</ele>
	<time>2026-04-18T03:32:33.000Z</time>
	<hdop>9.00</hdop>
	<extensions>
		<gpxtpx:TrackPointExtension>
			<gpxtpx:course>244.3</gpxtpx:course>
		</gpxtpx:TrackPointExtension>
	</extensions>
</trkpt>
<trkpt lat="-9.0697589" lon="148.2548312">
	<ele>814.80</ele>
	<time>2026-04-18T03:32:49.000Z</time>
	<hdop>8.50</hdop>
	<extensions>
		<gpxtpx:TrackPointExtension>
			<gpxtpx:course>305.2</gpxtpx:course>
		</gpxtpx:TrackPointExtension>
	</extensions>
</trkpt>
<trkpt lat="-9.0698540" lon="148.2548482">
	<ele>811.07</ele>
	<time>2026-04-18T03:33:05.000Z</time>
	<hdop>7.00</hdop>
	<extensions>
		<gpxtpx:TrackPointExtension>
			<gpxtpx:course>138.8</gpxtpx:course>
		</gpxtpx:TrackPointExtension>
	</extensions>
</trkpt>
<trkpt lat="-9.0699496" lon="148.2548393">
	<ele>807.01</ele>
	<time>2026-04-18T03:33:17.000Z</time>
	<hdop>6.50</hdop>
	<extensions>
		<gpxtpx:TrackPointExtension>
			<gpxtpx:course>203.4</gpxtpx:course>
		</gpxtpx:TrackPointExtension>
	</extensions>
</trkpt>
<trkpt lat="-9.0700434" lon="148.2548495">
	<ele>798.82</ele>
	<time>2026-04-18T03:33:53.000Z</time>
	<hdop>6.50</hdop>
	<extensions>
		<gpxtpx:TrackPointExtension>
			<gpxtpx:course>213.1</gpxtpx:course>
		</gpxtpx:TrackPointExtension>
	</extensions>
</trkpt>
<trkpt lat="-9.0701210" lon="148.2549064">
	<ele>796.88</ele>
	<time>2026-04-18T03:34:05.000Z</time>
	<hdop>6.00</hdop>
	<extensions>
		<gpxtpx:TrackPointExtension>
			<gpxtpx:course>169.4</gpxtpx:course>
		</gpxtpx:TrackPointExtension>
	</extensions>
</trkpt>
<trkpt lat="-9.0702135" lon="148.2548663">
	<ele>792.06</ele>
	<time>2026-04-18T03:34:46.000Z</time>
	<hdop>8.50</hdop>
	<extensions>
		<gpxtpx:TrackPointExtension>
			<gpxtpx:course>239.9</gpxtpx:course>
		</gpxtpx:TrackPointExtension>
	</extensions>
</trkpt>
<trkpt lat="-9.0702753" lon="148.2547939">
	<ele>790.82</ele>
	<time>2026-04-18T03:35:01.000Z</time>
	<hdop>8.50</hdop>
	<extensions>
		<gpxtpx:TrackPointExtension>
			<gpxtpx:course>192.3</gpxtpx:course>
		</gpxtpx:TrackPointExtension>
	</extensions>
</trkpt>
<trkpt lat="-9.0703659" lon="148.2547715">
	<ele>792.55</ele>
	<time>2026-04-18T03:35:13.000Z</time>
	<hdop>6.00</hdop>
	<extensions>
		<gpxtpx:TrackPointExtension>
			<gpxtpx:course>120.9</gpxtpx:course>
		</gpxtpx:TrackPointExtension>
	</extensions>
</trkpt>
<trkpt lat="-9.0704527" lon="148.2548015">
	<ele>776.80</ele>
	<time>2026-04-18T03:36:06.000Z</time>
	<hdop>4.00</hdop>
	<extensions>
		<gpxtpx:TrackPointExtension>
			<gpxtpx:course>257.5</gpxtpx:course>
		</gpxtpx:TrackPointExtension>
	</extensions>
</trkpt>
<trkpt lat="-9.0703782" lon="148.2547409">
	<ele>779.78</ele>
	<time>2026-04-18T03:40:02.000Z</time>
	<hdop>6.50</hdop>
	<extensions>
		<gpxtpx:TrackPointExtension>
			<gpxtpx:course>286.1</gpxtpx:course>
		</gpxtpx:TrackPointExtension>
	</extensions>
</trkpt>
<trkpt lat="-9.0703989" lon="148.2546497">
	<ele>781.05</ele>
	<time>2026-04-18T03:40:17.000Z</time>
	<hdop>6.00</hdop>
	<extensions>
		<gpxtpx:TrackPointExtension>
			<gpxtpx:course>247.5</gpxtpx:course>
		</gpxtpx:TrackPointExtension>
	</extensions>
</trkpt>
<trkpt lat="-9.0704406" lon="148.2545668">
	<ele>786.74</ele>
	<time>2026-04-18T03:40:43.000Z</time>
	<hdop>5.50</hdop>
	<extensions>
		<gpxtpx:TrackPointExtension>
			<gpxtpx:course>252.6</gpxtpx:course>
		</gpxtpx:TrackPointExtension>
	</extensions>
</trkpt>
<trkpt lat="-9.0704378" lon="148.2544727">
	<ele>786.78</ele>
	<time>2026-04-18T03:40:54.000Z</time>
	<hdop>5.50</hdop>
	<extensions>
		<gpxtpx:TrackPointExtension>
			<gpxtpx:course>286.4</gpxtpx:course>
		</gpxtpx:TrackPointExtension>
	</extensions>
</trkpt>
<trkpt lat="-9.0705033" lon="148.2544036">
	<ele>788.81</ele>
	<time>2026-04-18T03:41:07.000Z</time>
	<hdop>6.00</hdop>
	<extensions>
		<gpxtpx:TrackPointExtension>
			<gpxtpx:course>176.5</gpxtpx:course>
		</gpxtpx:TrackPointExtension>
	</extensions>
</trkpt>
<trkpt lat="-9.0705844" lon="148.2543626">
	<ele>787.74</ele>
	<time>2026-04-18T03:41:46.000Z</time>
	<hdop>9.00</hdop>
	<extensions>
		<gpxtpx:TrackPointExtension>
			<gpxtpx:course>289.4</gpxtpx:course>
		</gpxtpx:TrackPointExtension>
	</extensions>
</trkpt>
<trkpt lat="-9.0706606" lon="148.2543069">
	<ele>786.80</ele>
	<time>2026-04-18T03:42:05.000Z</time>
	<hdop>8.50</hdop>
	<extensions>
		<gpxtpx:TrackPointExtension>
			<gpxtpx:course>224.4</gpxtpx:course>
		</gpxtpx:TrackPointExtension>
	</extensions>
</trkpt>
<trkpt lat="-9.0707539" lon="148.2542848">
	<ele>784.99</ele>
	<time>2026-04-18T03:42:22.000Z</time>
	<hdop>7.50</hdop>
	<extensions>
		<gpxtpx:TrackPointExtension>
			<gpxtpx:course>245.1</gpxtpx:course>
		</gpxtpx:TrackPointExtension>
	</extensions>
</trkpt>
<trkpt lat="-9.0708188" lon="148.2542213">
	<ele>783.81</ele>
	<time>2026-04-18T03:42:34.000Z</time>
	<hdop>7.00</hdop>
	<extensions>
		<gpxtpx:TrackPointExtension>
			<gpxtpx:course>258.7</gpxtpx:course>
		</gpxtpx:TrackPointExtension>
	</extensions>
</trkpt>
<trkpt lat="-9.0708957" lon="148.2541648">
	<ele>780.85</ele>
	<time>2026-04-18T03:43:00.000Z</time>
	<hdop>6.00</hdop>
	<extensions>
		<gpxtpx:TrackPointExtension>
			<gpxtpx:course>300.0</gpxtpx:course>
		</gpxtpx:TrackPointExtension>
	</extensions>
</trkpt>
<trkpt lat="-9.0709434" lon="148.2540836">
	<ele>777.86</ele>
	<time>2026-04-18T03:43:19.000Z</time>
	<hdop>7.00</hdop>
	<extensions>
		<gpxtpx:TrackPointExtension>
			<gpxtpx:course>285.6</gpxtpx:course>
		</gpxtpx:TrackPointExtension>
	</extensions>
</trkpt>
<trkpt lat="-9.0710239" lon="148.2540409">
	<ele>772.79</ele>
	<time>2026-04-18T03:43:40.000Z</time>
	<hdop>7.00</hdop>
	<extensions>
		<gpxtpx:TrackPointExtension>
			<gpxtpx:course>189.6</gpxtpx:course>
		</gpxtpx:TrackPointExtension>
	</extensions>
</trkpt>
<trkpt lat="-9.0711076" lon="148.2540000">
	<ele>774.61</ele>
	<time>2026-04-18T03:43:58.000Z</time>
	<hdop>8.00</hdop>
	<extensions>
		<gpxtpx:TrackPointExtension>
			<gpxtpx:course>168.7</gpxtpx:course>
		</gpxtpx:TrackPointExtension>
	</extensions>
</trkpt>
<trkpt lat="-9.0711813" lon="148.2539414">
	<ele>770.75</ele>
	<time>2026-04-18T03:44:13.000Z</time>
	<hdop>7.00</hdop>
	<extensions>
		<gpxtpx:TrackPointExtension>
			<gpxtpx:course>210.3</gpxtpx:course>
		</gpxtpx:TrackPointExtension>
	</extensions>
</trkpt>
<trkpt lat="-9.0712308" lon="148.2538647">
	<ele>771.84</ele>
	<time>2026-04-18T03:44:28.000Z</time>
	<hdop>7.50</hdop>
	<extensions>
		<gpxtpx:TrackPointExtension>
			<gpxtpx:course>282.9</gpxtpx:course>
		</gpxtpx:TrackPointExtension>
	</extensions>
</trkpt>
<trkpt lat="-9.0713008" lon="148.2537968">
	<ele>769.54</ele>
	<time>2026-04-18T03:44:41.000Z</time>
	<hdop>8.00</hdop>
	<extensions>
		<gpxtpx:TrackPointExtension>
			<gpxtpx:course>235.3</gpxtpx:course>
		</gpxtpx:TrackPointExtension>
	</extensions>
</trkpt>
<trkpt lat="-9.0713802" lon="148.2537394">
	<ele>768.84</ele>
	<time>2026-04-18T03:44:52.000Z</time>
	<hdop>7.50</hdop>
	<extensions>
		<gpxtpx:TrackPointExtension>
			<gpxtpx:course>202.0</gpxtpx:course>
		</gpxtpx:TrackPointExtension>
	</extensions>
</trkpt>
<trkpt lat="-9.0714545" lon="148.2536808">
	<ele>771.79</ele>
	<time>2026-04-18T03:45:02.000Z</time>
	<hdop>7.00</hdop>
	<extensions>
		<gpxtpx:TrackPointExtension>
			<gpxtpx:course>266.5</gpxtpx:course>
		</gpxtpx:TrackPointExtension>
	</extensions>
</trkpt>
<trkpt lat="-9.0715449" lon="148.2536956">
	<ele>771.78</ele>
	<time>2026-04-18T03:45:19.000Z</time>
	<hdop>7.00</hdop>
	<extensions>
		<gpxtpx:TrackPointExtension>
			<gpxtpx:course>130.0</gpxtpx:course>
		</gpxtpx:TrackPointExtension>
	</extensions>
</trkpt>
<trkpt lat="-9.0716415" lon="148.2537077">
	<ele>769.79</ele>
	<time>2026-04-18T03:45:35.000Z</time>
	<hdop>6.50</hdop>
	<extensions>
		<gpxtpx:TrackPointExtension>
			<gpxtpx:course>183.6</gpxtpx:course>
		</gpxtpx:TrackPointExtension>
	</extensions>
</trkpt>
<trkpt lat="-9.0717422" lon="148.2537135">
	<ele>768.79</ele>
	<time>2026-04-18T03:45:47.000Z</time>
	<hdop>6.50</hdop>
	<extensions>
		<gpxtpx:TrackPointExtension>
			<gpxtpx:course>184.0</gpxtpx:course>
		</gpxtpx:TrackPointExtension>
	</extensions>
</trkpt>
<trkpt lat="-9.0718363" lon="148.2536870">
	<ele>772.86</ele>
	<time>2026-04-18T03:46:08.000Z</time>
	<hdop>6.00</hdop>
	<extensions>
		<gpxtpx:TrackPointExtension>
			<gpxtpx:course>174.3</gpxtpx:course>
		</gpxtpx:TrackPointExtension>
	</extensions>
</trkpt>
<trkpt lat="-9.0719110" lon="148.2536328">
	<ele>772.86</ele>
	<time>2026-04-18T03:46:25.000Z</time>
	<hdop>7.00</hdop>
	<extensions>
		<gpxtpx:TrackPointExtension>
			<gpxtpx:course>243.3</gpxtpx:course>
		</gpxtpx:TrackPointExtension>
	</extensions>
</trkpt>
<trkpt lat="-9.0719991" lon="148.2535944">
	<ele>772.78</ele>
	<time>2026-04-18T03:46:40.000Z</time>
	<hdop>6.00</hdop>
	<extensions>
		<gpxtpx:TrackPointExtension>
			<gpxtpx:course>264.1</gpxtpx:course>
		</gpxtpx:TrackPointExtension>
	</extensions>
</trkpt>
<trkpt lat="-9.0720714" lon="148.2535119">
	<ele>772.04</ele>
	<time>2026-04-18T03:46:50.000Z</time>
	<hdop>6.00</hdop>
	<extensions>
		<gpxtpx:TrackPointExtension>
			<gpxtpx:course>227.2</gpxtpx:course>
		</gpxtpx:TrackPointExtension>
	</extensions>
</trkpt>
<trkpt lat="-9.0721384" lon="148.2534448">
	<ele>773.77</ele>
	<time>2026-04-18T03:47:01.000Z</time>
	<hdop>5.50</hdop>
	<extensions>
		<gpxtpx:TrackPointExtension>
			<gpxtpx:course>223.0</gpxtpx:course>
		</gpxtpx:TrackPointExtension>
	</extensions>
</trkpt>
<trkpt lat="-9.0721909" lon="148.2533703">
	<ele>774.79</ele>
	<time>2026-04-18T03:47:13.000Z</time>
	<hdop>5.00</hdop>
	<extensions>
		<gpxtpx:TrackPointExtension>
			<gpxtpx:course>289.0</gpxtpx:course>
		</gpxtpx:TrackPointExtension>
	</extensions>
</trkpt>
<trkpt lat="-9.0722159" lon="148.2532794">
	<ele>776.04</ele>
	<time>2026-04-18T03:47:23.000Z</time>
	<hdop>5.50</hdop>
	<extensions>
		<gpxtpx:TrackPointExtension>
			<gpxtpx:course>284.2</gpxtpx:course>
		</gpxtpx:TrackPointExtension>
	</extensions>
</trkpt>
<trkpt lat="-9.0722061" lon="148.2531854">
	<ele>779.73</ele>
	<time>2026-04-18T03:47:34.000Z</time>
	<hdop>4.50</hdop>
	<extensions>
		<gpxtpx:TrackPointExtension>
			<gpxtpx:course>228.4</gpxtpx:course>
		</gpxtpx:TrackPointExtension>
	</extensions>
</trkpt>
<trkpt lat="-9.0722002" lon="148.2530941">
	<ele>783.54</ele>
	<time>2026-04-18T03:47:49.000Z</time>
	<hdop>4.00</hdop>
	<extensions>
		<gpxtpx:TrackPointExtension>
			<gpxtpx:course>304.6</gpxtpx:course>
		</gpxtpx:TrackPointExtension>
	</extensions>
</trkpt>
<trkpt lat="-9.0721326" lon="148.2530335">
	<ele>781.97</ele>
	<time>2026-04-18T03:48:00.000Z</time>
	<hdop>4.50</hdop>
	<extensions>
		<gpxtpx:TrackPointExtension>
			<gpxtpx:course>325.0</gpxtpx:course>
		</gpxtpx:TrackPointExtension>
	</extensions>
</trkpt>
<trkpt lat="-9.0720648" lon="148.2529635">
	<ele>780.85</ele>
	<time>2026-04-18T03:48:19.000Z</time>
	<hdop>4.50</hdop>
	<extensions>
		<gpxtpx:TrackPointExtension>
			<gpxtpx:course>346.1</gpxtpx:course>
		</gpxtpx:TrackPointExtension>
	</extensions>
</trkpt>
<trkpt lat="-9.0720128" lon="148.2528797">
	<ele>783.22</ele>
	<time>2026-04-18T03:49:41.000Z</time>
	<hdop>5.00</hdop>
	<extensions>
		<gpxtpx:TrackPointExtension>
			<gpxtpx:course>86.8</gpxtpx:course>
		</gpxtpx:TrackPointExtension>
	</extensions>
</trkpt>
<trkpt lat="-9.0720775" lon="148.2529482">
	<ele>786.77</ele>
	<time>2026-04-18T03:56:57.000Z</time>
	<hdop>4.50</hdop>
	<extensions>
		<gpxtpx:TrackPointExtension>
			<gpxtpx:course>211.5</gpxtpx:course>
		</gpxtpx:TrackPointExtension>
	</extensions>
</trkpt>
<trkpt lat="-9.0720181" lon="148.2528781">
	<ele>785.79</ele>
	<time>2026-04-18T04:04:16.000Z</time>
	<hdop>4.50</hdop>
	<extensions>
		<gpxtpx:TrackPointExtension>
			<gpxtpx:course>144.2</gpxtpx:course>
		</gpxtpx:TrackPointExtension>
	</extensions>
</trkpt>
<trkpt lat="-9.0720890" lon="148.2529413">
	<ele>779.80</ele>
	<time>2026-04-18T04:05:44.000Z</time>
	<hdop>4.00</hdop>
	<extensions>
		<gpxtpx:TrackPointExtension>
			<gpxtpx:course>144.2</gpxtpx:course>
		</gpxtpx:TrackPointExtension>
	</extensions>
</trkpt>
<trkpt lat="-9.0721547" lon="148.2530099">
	<ele>779.77</ele>
	<time>2026-04-18T04:06:04.000Z</time>
	<hdop>4.00</hdop>
	<extensions>
		<gpxtpx:TrackPointExtension>
			<gpxtpx:course>136.2</gpxtpx:course>
		</gpxtpx:TrackPointExtension>
	</extensions>
</trkpt>
<trkpt lat="-9.0722009" lon="148.2530988">
	<ele>778.04</ele>
	<time>2026-04-18T04:06:19.000Z</time>
	<hdop>4.00</hdop>
	<extensions>
		<gpxtpx:TrackPointExtension>
			<gpxtpx:course>113.2</gpxtpx:course>
		</gpxtpx:TrackPointExtension>
	</extensions>
</trkpt>
<trkpt lat="-9.0722214" lon="148.2532074">
	<ele>776.79</ele>
	<time>2026-04-18T04:06:29.000Z</time>
	<hdop>4.50</hdop>
	<extensions>
		<gpxtpx:TrackPointExtension>
			<gpxtpx:course>65.3</gpxtpx:course>
		</gpxtpx:TrackPointExtension>
	</extensions>
</trkpt>
<trkpt lat="-9.0722122" lon="148.2532983">
	<ele>780.47</ele>
	<time>2026-04-18T04:06:39.000Z</time>
	<hdop>4.50</hdop>
	<extensions>
		<gpxtpx:TrackPointExtension>
			<gpxtpx:course>92.8</gpxtpx:course>
		</gpxtpx:TrackPointExtension>
	</extensions>
</trkpt>
<trkpt lat="-9.0721630" lon="148.2533811">
	<ele>781.78</ele>
	<time>2026-04-18T04:06:54.000Z</time>
	<hdop>5.00</hdop>
	<extensions>
		<gpxtpx:TrackPointExtension>
			<gpxtpx:course>78.7</gpxtpx:course>
		</gpxtpx:TrackPointExtension>
	</extensions>
</trkpt>
<trkpt lat="-9.0721457" lon="148.2534852">
	<ele>782.78</ele>
	<time>2026-04-18T04:07:04.000Z</time>
	<hdop>5.00</hdop>
	<extensions>
		<gpxtpx:TrackPointExtension>
			<gpxtpx:course>99.6</gpxtpx:course>
		</gpxtpx:TrackPointExtension>
	</extensions>
</trkpt>
<trkpt lat="-9.0721558" lon="148.2535800">
	<ele>781.85</ele>
	<time>2026-04-18T04:07:21.000Z</time>
	<hdop>5.50</hdop>
	<extensions>
		<gpxtpx:TrackPointExtension>
			<gpxtpx:course>162.9</gpxtpx:course>
		</gpxtpx:TrackPointExtension>
	</extensions>
</trkpt>
<trkpt lat="-9.0721424" lon="148.2536757">
	<ele>781.54</ele>
	<time>2026-04-18T04:07:36.000Z</time>
	<hdop>5.00</hdop>
	<extensions>
		<gpxtpx:TrackPointExtension>
			<gpxtpx:course>86.5</gpxtpx:course>
		</gpxtpx:TrackPointExtension>
	</extensions>
</trkpt>
<trkpt lat="-9.0721344" lon="148.2537758">
	<ele>780.79</ele>
	<time>2026-04-18T04:07:46.000Z</time>
	<hdop>5.50</hdop>
	<extensions>
		<gpxtpx:TrackPointExtension>
			<gpxtpx:course>126.0</gpxtpx:course>
		</gpxtpx:TrackPointExtension>
	</extensions>
</trkpt>
<trkpt lat="-9.0721207" lon="148.2538685">
	<ele>779.85</ele>
	<time>2026-04-18T04:08:00.000Z</time>
	<hdop>4.50</hdop>
	<extensions>
		<gpxtpx:TrackPointExtension>
			<gpxtpx:course>109.6</gpxtpx:course>
		</gpxtpx:TrackPointExtension>
	</extensions>
</trkpt>
<trkpt lat="-9.0721181" lon="148.2539656">
	<ele>776.85</ele>
	<time>2026-04-18T04:08:16.000Z</time>
	<hdop>5.00</hdop>
	<extensions>
		<gpxtpx:TrackPointExtension>
			<gpxtpx:course>82.9</gpxtpx:course>
		</gpxtpx:TrackPointExtension>
	</extensions>
</trkpt>
<trkpt lat="-9.0720898" lon="148.2540535">
	<ele>777.54</ele>
	<time>2026-04-18T04:08:29.000Z</time>
	<hdop>4.50</hdop>
	<extensions>
		<gpxtpx:TrackPointExtension>
			<gpxtpx:course>54.4</gpxtpx:course>
		</gpxtpx:TrackPointExtension>
	</extensions>
</trkpt>
<trkpt lat="-9.0720410" lon="148.2541568">
	<ele>775.80</ele>
	<time>2026-04-18T04:08:39.000Z</time>
	<hdop>5.00</hdop>
	<extensions>
		<gpxtpx:TrackPointExtension>
			<gpxtpx:course>80.4</gpxtpx:course>
		</gpxtpx:TrackPointExtension>
	</extensions>
</trkpt>
<trkpt lat="-9.0720030" lon="148.2542523">
	<ele>780.78</ele>
	<time>2026-04-18T04:08:49.000Z</time>
	<hdop>4.50</hdop>
	<extensions>
		<gpxtpx:TrackPointExtension>
			<gpxtpx:course>71.3</gpxtpx:course>
		</gpxtpx:TrackPointExtension>
	</extensions>
</trkpt>
<trkpt lat="-9.0719561" lon="148.2543316">
	<ele>782.79</ele>
	<time>2026-04-18T04:09:05.000Z</time>
	<hdop>4.50</hdop>
	<extensions>
		<gpxtpx:TrackPointExtension>
			<gpxtpx:course>133.9</gpxtpx:course>
		</gpxtpx:TrackPointExtension>
	</extensions>
</trkpt>
<trkpt lat="-9.0719365" lon="148.2544277">
	<ele>786.98</ele>
	<time>2026-04-18T04:09:22.000Z</time>
	<hdop>5.00</hdop>
	<extensions>
		<gpxtpx:TrackPointExtension>
			<gpxtpx:course>96.3</gpxtpx:course>
		</gpxtpx:TrackPointExtension>
	</extensions>
</trkpt>
<trkpt lat="-9.0719327" lon="148.2545202">
	<ele>791.77</ele>
	<time>2026-04-18T04:09:34.000Z</time>
	<hdop>4.00</hdop>
	<extensions>
		<gpxtpx:TrackPointExtension>
			<gpxtpx:course>150.5</gpxtpx:course>
		</gpxtpx:TrackPointExtension>
	</extensions>
</trkpt>
<trkpt lat="-9.0719001" lon="148.2546109">
	<ele>796.48</ele>
	<time>2026-04-18T04:09:50.000Z</time>
	<hdop>4.50</hdop>
	<extensions>
		<gpxtpx:TrackPointExtension>
			<gpxtpx:course>34.4</gpxtpx:course>
		</gpxtpx:TrackPointExtension>
	</extensions>
</trkpt>
<trkpt lat="-9.0718911" lon="148.2547036">
	<ele>799.04</ele>
	<time>2026-04-18T04:10:06.000Z</time>
	<hdop>4.50</hdop>
	<extensions>
		<gpxtpx:TrackPointExtension>
			<gpxtpx:course>131.6</gpxtpx:course>
		</gpxtpx:TrackPointExtension>
	</extensions>
</trkpt>
<trkpt lat="-9.0718058" lon="148.2547430">
	<ele>803.53</ele>
	<time>2026-04-18T04:10:18.000Z</time>
	<hdop>5.00</hdop>
	<extensions>
		<gpxtpx:TrackPointExtension>
			<gpxtpx:course>342.2</gpxtpx:course>
		</gpxtpx:TrackPointExtension>
	</extensions>
</trkpt>
<trkpt lat="-9.0717168" lon="148.2547605">
	<ele>804.80</ele>
	<time>2026-04-18T04:10:29.000Z</time>
	<hdop>4.50</hdop>
	<extensions>
		<gpxtpx:TrackPointExtension>
			<gpxtpx:course>36.7</gpxtpx:course>
		</gpxtpx:TrackPointExtension>
	</extensions>
</trkpt>
<trkpt lat="-9.0716226" lon="148.2547434">
	<ele>802.88</ele>
	<time>2026-04-18T04:10:41.000Z</time>
	<hdop>4.00</hdop>
	<extensions>
		<gpxtpx:TrackPointExtension>
			<gpxtpx:course>327.1</gpxtpx:course>
		</gpxtpx:TrackPointExtension>
	</extensions>
</trkpt>
<trkpt lat="-9.0715361" lon="148.2547748">
	<ele>804.73</ele>
	<time>2026-04-18T04:11:04.000Z</time>
	<hdop>4.00</hdop>
	<extensions>
		<gpxtpx:TrackPointExtension>
			<gpxtpx:course>100.0</gpxtpx:course>
		</gpxtpx:TrackPointExtension>
	</extensions>
</trkpt>
<trkpt lat="-9.0716170" lon="148.2548193">
	<ele>798.80</ele>
	<time>2026-04-18T04:39:07.000Z</time>
	<hdop>4.00</hdop>
	<extensions>
		<gpxtpx:TrackPointExtension>
			<gpxtpx:course>167.0</gpxtpx:course>
		</gpxtpx:TrackPointExtension>
	</extensions>
</trkpt>
<trkpt lat="-9.0716934" lon="148.2547650">
	<ele>799.06</ele>
	<time>2026-04-18T04:39:27.000Z</time>
	<hdop>4.00</hdop>
	<extensions>
		<gpxtpx:TrackPointExtension>
			<gpxtpx:course>210.4</gpxtpx:course>
		</gpxtpx:TrackPointExtension>
	</extensions>
</trkpt>
<trkpt lat="-9.0717329" lon="148.2546818">
	<ele>803.73</ele>
	<time>2026-04-18T04:42:44.000Z</time>
	<hdop>4.00</hdop>
	<extensions>
		<gpxtpx:TrackPointExtension>
			<gpxtpx:course>286.9</gpxtpx:course>
		</gpxtpx:TrackPointExtension>
	</extensions>
</trkpt>
<trkpt lat="-9.0716803" lon="148.2547572">
	<ele>797.87</ele>
	<time>2026-04-18T04:48:47.000Z</time>
	<hdop>3.50</hdop>
	<extensions>
		<gpxtpx:TrackPointExtension>
			<gpxtpx:course>44.2</gpxtpx:course>
		</gpxtpx:TrackPointExtension>
	</extensions>
</trkpt>
<trkpt lat="-9.0715925" lon="148.2547940">
	<ele>799.73</ele>
	<time>2026-04-18T04:48:58.000Z</time>
	<hdop>3.50</hdop>
	<extensions>
		<gpxtpx:TrackPointExtension>
			<gpxtpx:course>325.5</gpxtpx:course>
		</gpxtpx:TrackPointExtension>
	</extensions>
</trkpt>
<trkpt lat="-9.0716809" lon="148.2547664">
	<ele>802.05</ele>
	<time>2026-04-18T04:50:32.000Z</time>
	<hdop>3.50</hdop>
	<extensions>
		<gpxtpx:TrackPointExtension>
			<gpxtpx:course>238.1</gpxtpx:course>
		</gpxtpx:TrackPointExtension>
	</extensions>
</trkpt>
<trkpt lat="-9.0717737" lon="148.2547594">
	<ele>799.80</ele>
	<time>2026-04-18T04:50:47.000Z</time>
	<hdop>4.00</hdop>
	<extensions>
		<gpxtpx:TrackPointExtension>
			<gpxtpx:course>157.0</gpxtpx:course>
		</gpxtpx:TrackPointExtension>
	</extensions>
</trkpt>
<trkpt lat="-9.0718662" lon="148.2547904">
	<ele>798.05</ele>
	<time>2026-04-18T04:51:00.000Z</time>
	<hdop>4.00</hdop>
	<extensions>
		<gpxtpx:TrackPointExtension>
			<gpxtpx:course>152.3</gpxtpx:course>
		</gpxtpx:TrackPointExtension>
	</extensions>
</trkpt>
<trkpt lat="-9.0719584" lon="148.2548186">
	<ele>797.03</ele>
	<time>2026-04-18T04:51:14.000Z</time>
	<hdop>4.00</hdop>
	<extensions>
		<gpxtpx:TrackPointExtension>
			<gpxtpx:course>176.9</gpxtpx:course>
		</gpxtpx:TrackPointExtension>
	</extensions>
</trkpt>
<trkpt lat="-9.0720558" lon="148.2548260">
	<ele>792.06</ele>
	<time>2026-04-18T04:51:34.000Z</time>
	<hdop>5.00</hdop>
	<extensions>
		<gpxtpx:TrackPointExtension>
			<gpxtpx:course>139.2</gpxtpx:course>
		</gpxtpx:TrackPointExtension>
	</extensions>
</trkpt>
<trkpt lat="-9.0721011" lon="148.2549091">
	<ele>790.99</ele>
	<time>2026-04-18T04:51:45.000Z</time>
	<hdop>5.00</hdop>
	<extensions>
		<gpxtpx:TrackPointExtension>
			<gpxtpx:course>102.4</gpxtpx:course>
		</gpxtpx:TrackPointExtension>
	</extensions>
</trkpt>
<trkpt lat="-9.0721065" lon="148.2550005">
	<ele>790.99</ele>
	<time>2026-04-18T04:51:55.000Z</time>
	<hdop>5.00</hdop>
	<extensions>
		<gpxtpx:TrackPointExtension>
			<gpxtpx:course>75.0</gpxtpx:course>
		</gpxtpx:TrackPointExtension>
	</extensions>
</trkpt>
<trkpt lat="-9.0720526" lon="148.2550775">
	<ele>793.73</ele>
	<time>2026-04-18T04:52:11.000Z</time>
	<hdop>5.50</hdop>
	<extensions>
		<gpxtpx:TrackPointExtension>
			<gpxtpx:course>60.2</gpxtpx:course>
		</gpxtpx:TrackPointExtension>
	</extensions>
</trkpt>
<trkpt lat="-9.0719901" lon="148.2551512">
	<ele>792.79</ele>
	<time>2026-04-18T04:52:28.000Z</time>
	<hdop>5.50</hdop>
	<extensions>
		<gpxtpx:TrackPointExtension>
			<gpxtpx:course>72.4</gpxtpx:course>
		</gpxtpx:TrackPointExtension>
	</extensions>
</trkpt>
<trkpt lat="-9.0719132" lon="148.2552009">
	<ele>794.80</ele>
	<time>2026-04-18T04:52:49.000Z</time>
	<hdop>6.00</hdop>
	<extensions>
		<gpxtpx:TrackPointExtension>
			<gpxtpx:course>29.0</gpxtpx:course>
		</gpxtpx:TrackPointExtension>
	</extensions>
</trkpt>
<trkpt lat="-9.0718436" lon="148.2552651">
	<ele>795.86</ele>
	<time>2026-04-18T04:53:07.000Z</time>
	<hdop>5.50</hdop>
	<extensions>
		<gpxtpx:TrackPointExtension>
			<gpxtpx:course>23.3</gpxtpx:course>
		</gpxtpx:TrackPointExtension>
	</extensions>
</trkpt>
<trkpt lat="-9.0718333" lon="148.2553570">
	<ele>803.55</ele>
	<time>2026-04-18T04:53:35.000Z</time>
	<hdop>6.00</hdop>
	<extensions>
		<gpxtpx:TrackPointExtension>
			<gpxtpx:course>30.8</gpxtpx:course>
		</gpxtpx:TrackPointExtension>
	</extensions>
</trkpt>
<trkpt lat="-9.0717866" lon="148.2554400">
	<ele>807.78</ele>
	<time>2026-04-18T04:53:59.000Z</time>
	<hdop>5.50</hdop>
	<extensions>
		<gpxtpx:TrackPointExtension>
			<gpxtpx:course>112.6</gpxtpx:course>
		</gpxtpx:TrackPointExtension>
	</extensions>
</trkpt>
<trkpt lat="-9.0717305" lon="148.2555197">
	<ele>810.55</ele>
	<time>2026-04-18T04:54:12.000Z</time>
	<hdop>5.50</hdop>
	<extensions>
		<gpxtpx:TrackPointExtension>
			<gpxtpx:course>66.9</gpxtpx:course>
		</gpxtpx:TrackPointExtension>
	</extensions>
</trkpt>
<trkpt lat="-9.0716860" lon="148.2555998">
	<ele>812.55</ele>
	<time>2026-04-18T04:54:26.000Z</time>
	<hdop>5.00</hdop>
	<extensions>
		<gpxtpx:TrackPointExtension>
			<gpxtpx:course>12.9</gpxtpx:course>
		</gpxtpx:TrackPointExtension>
	</extensions>
</trkpt>
<trkpt lat="-9.0716349" lon="148.2556775">
	<ele>815.00</ele>
	<time>2026-04-18T04:54:42.000Z</time>
	<hdop>5.00</hdop>
	<extensions>
		<gpxtpx:TrackPointExtension>
			<gpxtpx:course>36.9</gpxtpx:course>
		</gpxtpx:TrackPointExtension>
	</extensions>
</trkpt>
<trkpt lat="-9.0715791" lon="148.2557521">
	<ele>815.50</ele>
	<time>2026-04-18T04:54:52.000Z</time>
	<hdop>5.00</hdop>
	<extensions>
		<gpxtpx:TrackPointExtension>
			<gpxtpx:course>32.6</gpxtpx:course>
		</gpxtpx:TrackPointExtension>
	</extensions>
</trkpt>
<trkpt lat="-9.0715230" lon="148.2558295">
	<ele>818.61</ele>
	<time>2026-04-18T04:55:03.000Z</time>
	<hdop>5.00</hdop>
	<extensions>
		<gpxtpx:TrackPointExtension>
			<gpxtpx:course>63.2</gpxtpx:course>
		</gpxtpx:TrackPointExtension>
	</extensions>
</trkpt>
<trkpt lat="-9.0714915" lon="148.2559184">
	<ele>823.70</ele>
	<time>2026-04-18T04:55:15.000Z</time>
	<hdop>4.00</hdop>
	<extensions>
		<gpxtpx:TrackPointExtension>
			<gpxtpx:course>72.2</gpxtpx:course>
		</gpxtpx:TrackPointExtension>
	</extensions>
</trkpt>
<trkpt lat="-9.0714331" lon="148.2559899">
	<ele>821.05</ele>
	<time>2026-04-18T04:55:31.000Z</time>
	<hdop>5.50</hdop>
	<extensions>
		<gpxtpx:TrackPointExtension>
			<gpxtpx:course>99.1</gpxtpx:course>
		</gpxtpx:TrackPointExtension>
	</extensions>
</trkpt>
<trkpt lat="-9.0713874" lon="148.2560768">
	<ele>821.80</ele>
	<time>2026-04-18T04:55:42.000Z</time>
	<hdop>4.50</hdop>
	<extensions>
		<gpxtpx:TrackPointExtension>
			<gpxtpx:course>48.4</gpxtpx:course>
		</gpxtpx:TrackPointExtension>
	</extensions>
</trkpt>
<trkpt lat="-9.0713567" lon="148.2561706">
	<ele>823.80</ele>
	<time>2026-04-18T04:55:52.000Z</time>
	<hdop>5.00</hdop>
	<extensions>
		<gpxtpx:TrackPointExtension>
			<gpxtpx:course>61.1</gpxtpx:course>
		</gpxtpx:TrackPointExtension>
	</extensions>
</trkpt>
<trkpt lat="-9.0713358" lon="148.2562600">
	<ele>822.05</ele>
	<time>2026-04-18T04:56:20.000Z</time>
	<hdop>6.00</hdop>
	<extensions>
		<gpxtpx:TrackPointExtension>
			<gpxtpx:course>111.8</gpxtpx:course>
		</gpxtpx:TrackPointExtension>
	</extensions>
</trkpt>
<trkpt lat="-9.0713194" lon="148.2563581">
	<ele>822.81</ele>
	<time>2026-04-18T04:56:35.000Z</time>
	<hdop>8.00</hdop>
	<extensions>
		<gpxtpx:TrackPointExtension>
			<gpxtpx:course>78.9</gpxtpx:course>
		</gpxtpx:TrackPointExtension>
	</extensions>
</trkpt>
<trkpt lat="-9.0713360" lon="148.2564482">
	<ele>825.99</ele>
	<time>2026-04-18T04:56:52.000Z</time>
	<hdop>7.00</hdop>
	<extensions>
		<gpxtpx:TrackPointExtension>
			<gpxtpx:course>81.0</gpxtpx:course>
		</gpxtpx:TrackPointExtension>
	</extensions>
</trkpt>
<trkpt lat="-9.0713526" lon="148.2565378">
	<ele>826.81</ele>
	<time>2026-04-18T04:57:09.000Z</time>
	<hdop>9.00</hdop>
	<extensions>
		<gpxtpx:TrackPointExtension>
			<gpxtpx:course>107.8</gpxtpx:course>
		</gpxtpx:TrackPointExtension>
	</extensions>
</trkpt>
<trkpt lat="-9.0713689" lon="148.2566302">
	<ele>822.89</ele>
	<time>2026-04-18T04:57:27.000Z</time>
	<hdop>10.00</hdop>
	<extensions>
		<gpxtpx:TrackPointExtension>
			<gpxtpx:course>82.7</gpxtpx:course>
		</gpxtpx:TrackPointExtension>
	</extensions>
</trkpt>
<trkpt lat="-9.0714114" lon="148.2567179">
	<ele>824.81</ele>
	<time>2026-04-18T04:57:46.000Z</time>
	<hdop>8.00</hdop>
	<extensions>
		<gpxtpx:TrackPointExtension>
			<gpxtpx:course>104.3</gpxtpx:course>
		</gpxtpx:TrackPointExtension>
	</extensions>
</trkpt>
<trkpt lat="-9.0713974" lon="148.2568174">
	<ele>820.06</ele>
	<time>2026-04-18T04:58:10.000Z</time>
	<hdop>9.00</hdop>
	<extensions>
		<gpxtpx:TrackPointExtension>
			<gpxtpx:course>63.6</gpxtpx:course>
		</gpxtpx:TrackPointExtension>
	</extensions>
</trkpt>
<trkpt lat="-9.0713839" lon="148.2569126">
	<ele>821.62</ele>
	<time>2026-04-18T04:58:23.000Z</time>
	<hdop>9.50</hdop>
	<extensions>
		<gpxtpx:TrackPointExtension>
			<gpxtpx:course>111.3</gpxtpx:course>
		</gpxtpx:TrackPointExtension>
	</extensions>
</trkpt>
<trkpt lat="-9.0713210" lon="148.2569782">
	<ele>820.86</ele>
	<time>2026-04-18T04:58:44.000Z</time>
	<hdop>9.50</hdop>
	<extensions>
		<gpxtpx:TrackPointExtension>
			<gpxtpx:course>296.2</gpxtpx:course>
		</gpxtpx:TrackPointExtension>
	</extensions>
</trkpt>
<trkpt lat="-9.0712752" lon="148.2570581">
	<ele>821.75</ele>
	<time>2026-04-18T04:59:37.000Z</time>
	<hdop>8.00</hdop>
	<extensions>
		<gpxtpx:TrackPointExtension>
			<gpxtpx:course>119.1</gpxtpx:course>
		</gpxtpx:TrackPointExtension>
	</extensions>
</trkpt>
<trkpt lat="-9.0712481" lon="148.2571454">
	<ele>822.99</ele>
	<time>2026-04-18T05:00:06.000Z</time>
	<hdop>9.00</hdop>
	<extensions>
		<gpxtpx:TrackPointExtension>
			<gpxtpx:course>45.8</gpxtpx:course>
		</gpxtpx:TrackPointExtension>
	</extensions>
</trkpt>
<trkpt lat="-9.0712622" lon="148.2572365">
	<ele>825.81</ele>
	<time>2026-04-18T05:00:16.000Z</time>
	<hdop>8.00</hdop>
	<extensions>
		<gpxtpx:TrackPointExtension>
			<gpxtpx:course>132.6</gpxtpx:course>
		</gpxtpx:TrackPointExtension>
	</extensions>
</trkpt>
<trkpt lat="-9.0712678" lon="148.2573295">
	<ele>825.81</ele>
	<time>2026-04-18T05:00:29.000Z</time>
	<hdop>10.50</hdop>
	<extensions>
		<gpxtpx:TrackPointExtension>
			<gpxtpx:course>110.6</gpxtpx:course>
		</gpxtpx:TrackPointExtension>
	</extensions>
</trkpt>
<trkpt lat="-9.0712217" lon="148.2574109">
	<ele>827.81</ele>
	<time>2026-04-18T05:00:45.000Z</time>
	<hdop>10.50</hdop>
	<extensions>
		<gpxtpx:TrackPointExtension>
			<gpxtpx:course>70.6</gpxtpx:course>
		</gpxtpx:TrackPointExtension>
	</extensions>
</trkpt>
<trkpt lat="-9.0711283" lon="148.2574356">
	<ele>826.81</ele>
	<time>2026-04-18T05:01:01.000Z</time>
	<hdop>10.00</hdop>
	<extensions>
		<gpxtpx:TrackPointExtension>
			<gpxtpx:course>11.7</gpxtpx:course>
		</gpxtpx:TrackPointExtension>
	</extensions>
</trkpt>
<trkpt lat="-9.0710523" lon="148.2574933">
	<ele>828.07</ele>
	<time>2026-04-18T05:01:20.000Z</time>
	<hdop>8.50</hdop>
	<extensions>
		<gpxtpx:TrackPointExtension>
			<gpxtpx:course>65.9</gpxtpx:course>
		</gpxtpx:TrackPointExtension>
	</extensions>
</trkpt>
<trkpt lat="-9.0710168" lon="148.2575970">
	<ele>827.56</ele>
	<time>2026-04-18T05:01:30.000Z</time>
	<hdop>10.00</hdop>
	<extensions>
		<gpxtpx:TrackPointExtension>
			<gpxtpx:course>21.5</gpxtpx:course>
		</gpxtpx:TrackPointExtension>
	</extensions>
</trkpt>
<trkpt lat="-9.0709961" lon="148.2576897">
	<ele>829.81</ele>
	<time>2026-04-18T05:01:48.000Z</time>
	<hdop>9.00</hdop>
	<extensions>
		<gpxtpx:TrackPointExtension>
			<gpxtpx:course>113.3</gpxtpx:course>
		</gpxtpx:TrackPointExtension>
	</extensions>
</trkpt>
<trkpt lat="-9.0709853" lon="148.2577925">
	<ele>829.80</ele>
	<time>2026-04-18T05:01:58.000Z</time>
	<hdop>9.00</hdop>
	<extensions>
		<gpxtpx:TrackPointExtension>
			<gpxtpx:course>111.9</gpxtpx:course>
		</gpxtpx:TrackPointExtension>
	</extensions>
</trkpt>
<trkpt lat="-9.0709426" lon="148.2578810">
	<ele>832.56</ele>
	<time>2026-04-18T05:02:11.000Z</time>
	<hdop>9.00</hdop>
	<extensions>
		<gpxtpx:TrackPointExtension>
			<gpxtpx:course>66.7</gpxtpx:course>
		</gpxtpx:TrackPointExtension>
	</extensions>
</trkpt>
<trkpt lat="-9.0709816" lon="148.2579662">
	<ele>834.87</ele>
	<time>2026-04-18T05:02:27.000Z</time>
	<hdop>9.00</hdop>
	<extensions>
		<gpxtpx:TrackPointExtension>
			<gpxtpx:course>140.3</gpxtpx:course>
		</gpxtpx:TrackPointExtension>
	</extensions>
</trkpt>
<trkpt lat="-9.0709667" lon="148.2580564">
	<ele>856.55</ele>
	<time>2026-04-18T05:02:51.000Z</time>
	<hdop>7.00</hdop>
	<extensions>
		<gpxtpx:TrackPointExtension>
			<gpxtpx:course>99.2</gpxtpx:course>
		</gpxtpx:TrackPointExtension>
	</extensions>
</trkpt>
<trkpt lat="-9.0710027" lon="148.2581438">
	<ele>863.83</ele>
	<time>2026-04-18T05:03:16.000Z</time>
	<hdop>7.50</hdop>
	<extensions>
		<gpxtpx:TrackPointExtension>
			<gpxtpx:course>161.7</gpxtpx:course>
		</gpxtpx:TrackPointExtension>
	</extensions>
</trkpt>
<trkpt lat="-9.0710482" lon="148.2582437">
	<ele>864.57</ele>
	<time>2026-04-18T05:03:26.000Z</time>
	<hdop>8.00</hdop>
	<extensions>
		<gpxtpx:TrackPointExtension>
			<gpxtpx:course>115.9</gpxtpx:course>
		</gpxtpx:TrackPointExtension>
	</extensions>
</trkpt>
<trkpt lat="-9.0710906" lon="148.2583255">
	<ele>864.07</ele>
	<time>2026-04-18T05:03:39.000Z</time>
	<hdop>7.50</hdop>
	<extensions>
		<gpxtpx:TrackPointExtension>
			<gpxtpx:course>27.9</gpxtpx:course>
		</gpxtpx:TrackPointExtension>
	</extensions>
</trkpt>
<trkpt lat="-9.0711242" lon="148.2584146">
	<ele>862.08</ele>
	<time>2026-04-18T05:03:54.000Z</time>
	<hdop>7.50</hdop>
	<extensions>
		<gpxtpx:TrackPointExtension>
			<gpxtpx:course>142.8</gpxtpx:course>
		</gpxtpx:TrackPointExtension>
	</extensions>
</trkpt>
<trkpt lat="-9.0711608" lon="148.2585000">
	<ele>860.07</ele>
	<time>2026-04-18T05:04:04.000Z</time>
	<hdop>8.50</hdop>
	<extensions>
		<gpxtpx:TrackPointExtension>
			<gpxtpx:course>137.6</gpxtpx:course>
		</gpxtpx:TrackPointExtension>
	</extensions>
</trkpt>
<trkpt lat="-9.0711721" lon="148.2586007">
	<ele>854.78</ele>
	<time>2026-04-18T05:04:15.000Z</time>
	<hdop>10.50</hdop>
	<extensions>
		<gpxtpx:TrackPointExtension>
			<gpxtpx:course>101.4</gpxtpx:course>
		</gpxtpx:TrackPointExtension>
	</extensions>
</trkpt>
<trkpt lat="-9.0711674" lon="148.2586979">
	<ele>854.77</ele>
	<time>2026-04-18T05:04:25.000Z</time>
	<hdop>10.00</hdop>
	<extensions>
		<gpxtpx:TrackPointExtension>
			<gpxtpx:course>52.3</gpxtpx:course>
		</gpxtpx:TrackPointExtension>
	</extensions>
</trkpt>
<trkpt lat="-9.0711795" lon="148.2588317">
	<ele>856.57</ele>
	<time>2026-04-18T05:04:35.000Z</time>
	<hdop>9.50</hdop>
	<extensions>
		<gpxtpx:TrackPointExtension>
			<gpxtpx:course>61.7</gpxtpx:course>
		</gpxtpx:TrackPointExtension>
	</extensions>
</trkpt>
<trkpt lat="-9.0711575" lon="148.2589315">
	<ele>857.83</ele>
	<time>2026-04-18T05:04:47.000Z</time>
	<hdop>9.00</hdop>
	<extensions>
		<gpxtpx:TrackPointExtension>
			<gpxtpx:course>42.9</gpxtpx:course>
		</gpxtpx:TrackPointExtension>
	</extensions>
</trkpt>
<trkpt lat="-9.0711647" lon="148.2590320">
	<ele>855.83</ele>
	<time>2026-04-18T05:04:57.000Z</time>
	<hdop>9.00</hdop>
	<extensions>
		<gpxtpx:TrackPointExtension>
			<gpxtpx:course>102.8</gpxtpx:course>
		</gpxtpx:TrackPointExtension>
	</extensions>
</trkpt>
<trkpt lat="-9.0711574" lon="148.2591414">
	<ele>854.82</ele>
	<time>2026-04-18T05:05:07.000Z</time>
	<hdop>8.50</hdop>
	<extensions>
		<gpxtpx:TrackPointExtension>
			<gpxtpx:course>66.2</gpxtpx:course>
		</gpxtpx:TrackPointExtension>
	</extensions>
</trkpt>
<trkpt lat="-9.0711479" lon="148.2592537">
	<ele>855.74</ele>
	<time>2026-04-18T05:05:17.000Z</time>
	<hdop>8.00</hdop>
	<extensions>
		<gpxtpx:TrackPointExtension>
			<gpxtpx:course>89.4</gpxtpx:course>
		</gpxtpx:TrackPointExtension>
	</extensions>
</trkpt>
<trkpt lat="-9.0711200" lon="148.2593695">
	<ele>854.84</ele>
	<time>2026-04-18T05:05:27.000Z</time>
	<hdop>8.00</hdop>
	<extensions>
		<gpxtpx:TrackPointExtension>
			<gpxtpx:course>75.4</gpxtpx:course>
		</gpxtpx:TrackPointExtension>
	</extensions>
</trkpt>
<trkpt lat="-9.0710634" lon="148.2594581">
	<ele>854.87</ele>
	<time>2026-04-18T05:05:39.000Z</time>
	<hdop>10.00</hdop>
	<extensions>
		<gpxtpx:TrackPointExtension>
			<gpxtpx:course>77.3</gpxtpx:course>
		</gpxtpx:TrackPointExtension>
	</extensions>
</trkpt>
<trkpt lat="-9.0710372" lon="148.2595853">
	<ele>853.95</ele>
	<time>2026-04-18T05:05:49.000Z</time>
	<hdop>9.00</hdop>
	<extensions>
		<gpxtpx:TrackPointExtension>
			<gpxtpx:course>105.7</gpxtpx:course>
		</gpxtpx:TrackPointExtension>
	</extensions>
</trkpt>
<trkpt lat="-9.0710013" lon="148.2596709">
	<ele>854.82</ele>
	<time>2026-04-18T05:06:02.000Z</time>
	<hdop>8.50</hdop>
	<extensions>
		<gpxtpx:TrackPointExtension>
			<gpxtpx:course>174.1</gpxtpx:course>
		</gpxtpx:TrackPointExtension>
	</extensions>
</trkpt>
<trkpt lat="-9.0710048" lon="148.2597796">
	<ele>855.07</ele>
	<time>2026-04-18T05:06:12.000Z</time>
	<hdop>8.00</hdop>
	<extensions>
		<gpxtpx:TrackPointExtension>
			<gpxtpx:course>65.8</gpxtpx:course>
		</gpxtpx:TrackPointExtension>
	</extensions>
</trkpt>
<trkpt lat="-9.0709815" lon="148.2598809">
	<ele>854.64</ele>
	<time>2026-04-18T05:06:22.000Z</time>
	<hdop>7.50</hdop>
	<extensions>
		<gpxtpx:TrackPointExtension>
			<gpxtpx:course>77.5</gpxtpx:course>
		</gpxtpx:TrackPointExtension>
	</extensions>
</trkpt>
<trkpt lat="-9.0709336" lon="148.2599867">
	<ele>855.56</ele>
	<time>2026-04-18T05:06:32.000Z</time>
	<hdop>8.00</hdop>
	<extensions>
		<gpxtpx:TrackPointExtension>
			<gpxtpx:course>52.4</gpxtpx:course>
		</gpxtpx:TrackPointExtension>
	</extensions>
</trkpt>
<trkpt lat="-9.0708581" lon="148.2600608">
	<ele>855.84</ele>
	<time>2026-04-18T05:06:42.000Z</time>
	<hdop>9.00</hdop>
	<extensions>
		<gpxtpx:TrackPointExtension>
			<gpxtpx:course>96.0</gpxtpx:course>
		</gpxtpx:TrackPointExtension>
	</extensions>
</trkpt>
<trkpt lat="-9.0708354" lon="148.2601619">
	<ele>855.81</ele>
	<time>2026-04-18T05:06:52.000Z</time>
	<hdop>8.50</hdop>
	<extensions>
		<gpxtpx:TrackPointExtension>
			<gpxtpx:course>81.4</gpxtpx:course>
		</gpxtpx:TrackPointExtension>
	</extensions>
</trkpt>
<trkpt lat="-9.0707601" lon="148.2602328">
	<ele>853.09</ele>
	<time>2026-04-18T05:07:03.000Z</time>
	<hdop>8.50</hdop>
	<extensions>
		<gpxtpx:TrackPointExtension>
			<gpxtpx:course>83.0</gpxtpx:course>
		</gpxtpx:TrackPointExtension>
	</extensions>
</trkpt>
<trkpt lat="-9.0706909" lon="148.2603014">
	<ele>854.82</ele>
	<time>2026-04-18T05:07:16.000Z</time>
	<hdop>9.50</hdop>
	<extensions>
		<gpxtpx:TrackPointExtension>
			<gpxtpx:course>40.4</gpxtpx:course>
		</gpxtpx:TrackPointExtension>
	</extensions>
</trkpt>
<trkpt lat="-9.0706114" lon="148.2603664">
	<ele>855.83</ele>
	<time>2026-04-18T05:07:26.000Z</time>
	<hdop>8.00</hdop>
	<extensions>
		<gpxtpx:TrackPointExtension>
			<gpxtpx:course>77.1</gpxtpx:course>
		</gpxtpx:TrackPointExtension>
	</extensions>
</trkpt>
<trkpt lat="-9.0704594" lon="148.2604197">
	<ele>853.92</ele>
	<time>2026-04-18T05:07:36.000Z</time>
	<hdop>8.50</hdop>
	<extensions>
		<gpxtpx:TrackPointExtension>
			<gpxtpx:course>4.8</gpxtpx:course>
		</gpxtpx:TrackPointExtension>
	</extensions>
</trkpt>
<trkpt lat="-9.0703717" lon="148.2604533">
	<ele>850.08</ele>
	<time>2026-04-18T05:07:49.000Z</time>
	<hdop>9.50</hdop>
	<extensions>
		<gpxtpx:TrackPointExtension>
			<gpxtpx:course>23.3</gpxtpx:course>
		</gpxtpx:TrackPointExtension>
	</extensions>
</trkpt>
<trkpt lat="-9.0702802" lon="148.2605344">
	<ele>851.63</ele>
	<time>2026-04-18T05:07:59.000Z</time>
	<hdop>9.00</hdop>
	<extensions>
		<gpxtpx:TrackPointExtension>
			<gpxtpx:course>76.3</gpxtpx:course>
		</gpxtpx:TrackPointExtension>
	</extensions>
</trkpt>
<trkpt lat="-9.0701962" lon="148.2605978">
	<ele>852.58</ele>
	<time>2026-04-18T05:08:09.000Z</time>
	<hdop>8.50</hdop>
	<extensions>
		<gpxtpx:TrackPointExtension>
			<gpxtpx:course>112.8</gpxtpx:course>
		</gpxtpx:TrackPointExtension>
	</extensions>
</trkpt>
<trkpt lat="-9.0700981" lon="148.2606069">
	<ele>853.84</ele>
	<time>2026-04-18T05:08:20.000Z</time>
	<hdop>8.50</hdop>
	<extensions>
		<gpxtpx:TrackPointExtension>
			<gpxtpx:course>29.4</gpxtpx:course>
		</gpxtpx:TrackPointExtension>
	</extensions>
</trkpt>
<trkpt lat="-9.0700140" lon="148.2607223">
	<ele>859.52</ele>
	<time>2026-04-18T05:08:30.000Z</time>
	<hdop>7.50</hdop>
	<extensions>
		<gpxtpx:TrackPointExtension>
			<gpxtpx:course>45.6</gpxtpx:course>
		</gpxtpx:TrackPointExtension>
	</extensions>
</trkpt>
<trkpt lat="-9.0699349" lon="148.2607718">
	<ele>860.83</ele>
	<time>2026-04-18T05:08:42.000Z</time>
	<hdop>7.50</hdop>
	<extensions>
		<gpxtpx:TrackPointExtension>
			<gpxtpx:course>16.7</gpxtpx:course>
		</gpxtpx:TrackPointExtension>
	</extensions>
</trkpt>
<trkpt lat="-9.0698537" lon="148.2608180">
	<ele>857.84</ele>
	<time>2026-04-18T05:08:53.000Z</time>
	<hdop>8.00</hdop>
	<extensions>
		<gpxtpx:TrackPointExtension>
			<gpxtpx:course>65.0</gpxtpx:course>
		</gpxtpx:TrackPointExtension>
	</extensions>
</trkpt>
<trkpt lat="-9.0697562" lon="148.2608342">
	<ele>860.77</ele>
	<time>2026-04-18T05:09:04.000Z</time>
	<hdop>8.50</hdop>
	<extensions>
		<gpxtpx:TrackPointExtension>
			<gpxtpx:course>41.2</gpxtpx:course>
		</gpxtpx:TrackPointExtension>
	</extensions>
</trkpt>
<trkpt lat="-9.0696806" lon="148.2608865">
	<ele>863.01</ele>
	<time>2026-04-18T05:09:16.000Z</time>
	<hdop>8.00</hdop>
	<extensions>
		<gpxtpx:TrackPointExtension>
			<gpxtpx:course>87.9</gpxtpx:course>
		</gpxtpx:TrackPointExtension>
	</extensions>
</trkpt>
<trkpt lat="-9.0695913" lon="148.2609254">
	<ele>863.77</ele>
	<time>2026-04-18T05:09:28.000Z</time>
	<hdop>9.00</hdop>
	<extensions>
		<gpxtpx:TrackPointExtension>
			<gpxtpx:course>53.3</gpxtpx:course>
		</gpxtpx:TrackPointExtension>
	</extensions>
</trkpt>
<trkpt lat="-9.0694996" lon="148.2609625">
	<ele>854.11</ele>
	<time>2026-04-18T05:09:47.000Z</time>
	<hdop>10.50</hdop>
	<extensions>
		<gpxtpx:TrackPointExtension>
			<gpxtpx:course>62.2</gpxtpx:course>
		</gpxtpx:TrackPointExtension>
	</extensions>
</trkpt>
<trkpt lat="-9.0694156" lon="148.2610238">
	<ele>852.84</ele>
	<time>2026-04-18T05:09:57.000Z</time>
	<hdop>10.00</hdop>
	<extensions>
		<gpxtpx:TrackPointExtension>
			<gpxtpx:course>41.3</gpxtpx:course>
		</gpxtpx:TrackPointExtension>
	</extensions>
</trkpt>
<trkpt lat="-9.0693280" lon="148.2610904">
	<ele>852.83</ele>
	<time>2026-04-18T05:10:07.000Z</time>
	<hdop>10.50</hdop>
	<extensions>
		<gpxtpx:TrackPointExtension>
			<gpxtpx:course>61.1</gpxtpx:course>
		</gpxtpx:TrackPointExtension>
	</extensions>
</trkpt>
<trkpt lat="-9.0692539" lon="148.2612255">
	<ele>853.82</ele>
	<time>2026-04-18T05:10:17.000Z</time>
	<hdop>9.50</hdop>
	<extensions>
		<gpxtpx:TrackPointExtension>
			<gpxtpx:course>32.5</gpxtpx:course>
		</gpxtpx:TrackPointExtension>
	</extensions>
</trkpt>
<trkpt lat="-9.0691820" lon="148.2612870">
	<ele>854.09</ele>
	<time>2026-04-18T05:10:27.000Z</time>
	<hdop>12.50</hdop>
	<extensions>
		<gpxtpx:TrackPointExtension>
			<gpxtpx:course>94.2</gpxtpx:course>
		</gpxtpx:TrackPointExtension>
	</extensions>
</trkpt>
<trkpt lat="-9.0691010" lon="148.2613430">
	<ele>853.84</ele>
	<time>2026-04-18T05:10:37.000Z</time>
	<hdop>9.50</hdop>
	<extensions>
		<gpxtpx:TrackPointExtension>
			<gpxtpx:course>41.3</gpxtpx:course>
		</gpxtpx:TrackPointExtension>
	</extensions>
</trkpt>
<trkpt lat="-9.0690135" lon="148.2614740">
	<ele>854.78</ele>
	<time>2026-04-18T05:10:47.000Z</time>
	<hdop>11.00</hdop>
	<extensions>
		<gpxtpx:TrackPointExtension>
			<gpxtpx:course>85.4</gpxtpx:course>
		</gpxtpx:TrackPointExtension>
	</extensions>
</trkpt>
<trkpt lat="-9.0689540" lon="148.2615511">
	<ele>857.58</ele>
	<time>2026-04-18T05:11:02.000Z</time>
	<hdop>11.50</hdop>
	<extensions>
		<gpxtpx:TrackPointExtension>
			<gpxtpx:course>128.1</gpxtpx:course>
		</gpxtpx:TrackPointExtension>
	</extensions>
</trkpt>
<trkpt lat="-9.0688899" lon="148.2616263">
	<ele>853.92</ele>
	<time>2026-04-18T05:11:13.000Z</time>
	<hdop>14.50</hdop>
	<extensions>
		<gpxtpx:TrackPointExtension>
			<gpxtpx:course>4.6</gpxtpx:course>
		</gpxtpx:TrackPointExtension>
	</extensions>
</trkpt>
<trkpt lat="-9.0688570" lon="148.2617215">
	<ele>852.78</ele>
	<time>2026-04-18T05:11:23.000Z</time>
	<hdop>10.50</hdop>
	<extensions>
		<gpxtpx:TrackPointExtension>
			<gpxtpx:course>66.3</gpxtpx:course>
		</gpxtpx:TrackPointExtension>
	</extensions>
</trkpt>
<trkpt lat="-9.0688209" lon="148.2618092">
	<ele>854.78</ele>
	<time>2026-04-18T05:11:34.000Z</time>
	<hdop>10.00</hdop>
	<extensions>
		<gpxtpx:TrackPointExtension>
			<gpxtpx:course>49.3</gpxtpx:course>
		</gpxtpx:TrackPointExtension>
	</extensions>
</trkpt>
<trkpt lat="-9.0687982" lon="148.2619236">
	<ele>855.83</ele>
	<time>2026-04-18T05:11:44.000Z</time>
	<hdop>10.00</hdop>
	<extensions>
		<gpxtpx:TrackPointExtension>
			<gpxtpx:course>92.5</gpxtpx:course>
		</gpxtpx:TrackPointExtension>
	</extensions>
</trkpt>
<trkpt lat="-9.0687955" lon="148.2620483">
	<ele>863.27</ele>
	<time>2026-04-18T05:11:54.000Z</time>
	<hdop>9.00</hdop>
	<extensions>
		<gpxtpx:TrackPointExtension>
			<gpxtpx:course>105.9</gpxtpx:course>
		</gpxtpx:TrackPointExtension>
	</extensions>
</trkpt>
<trkpt lat="-9.0688033" lon="148.2621419">
	<ele>862.85</ele>
	<time>2026-04-18T05:12:05.000Z</time>
	<hdop>7.50</hdop>
	<extensions>
		<gpxtpx:TrackPointExtension>
			<gpxtpx:course>178.4</gpxtpx:course>
		</gpxtpx:TrackPointExtension>
	</extensions>
</trkpt>
<trkpt lat="-9.0687992" lon="148.2622377">
	<ele>868.58</ele>
	<time>2026-04-18T05:12:20.000Z</time>
	<hdop>7.50</hdop>
	<extensions>
		<gpxtpx:TrackPointExtension>
			<gpxtpx:course>193.8</gpxtpx:course>
		</gpxtpx:TrackPointExtension>
	</extensions>
</trkpt>
<trkpt lat="-9.0687953" lon="148.2623331">
	<ele>868.86</ele>
	<time>2026-04-18T05:12:33.000Z</time>
	<hdop>7.00</hdop>
	<extensions>
		<gpxtpx:TrackPointExtension>
			<gpxtpx:course>145.7</gpxtpx:course>
		</gpxtpx:TrackPointExtension>
	</extensions>
</trkpt>
<trkpt lat="-9.0687528" lon="148.2624151">
	<ele>868.61</ele>
	<time>2026-04-18T05:12:46.000Z</time>
	<hdop>8.50</hdop>
	<extensions>
		<gpxtpx:TrackPointExtension>
			<gpxtpx:course>348.0</gpxtpx:course>
		</gpxtpx:TrackPointExtension>
	</extensions>
</trkpt>
<trkpt lat="-9.0686602" lon="148.2624874">
	<ele>870.85</ele>
	<time>2026-04-18T05:12:56.000Z</time>
	<hdop>8.50</hdop>
	<extensions>
		<gpxtpx:TrackPointExtension>
			<gpxtpx:course>75.6</gpxtpx:course>
		</gpxtpx:TrackPointExtension>
	</extensions>
</trkpt>
<trkpt lat="-9.0685730" lon="148.2625142">
	<ele>870.85</ele>
	<time>2026-04-18T05:13:14.000Z</time>
	<hdop>8.00</hdop>
	<extensions>
		<gpxtpx:TrackPointExtension>
			<gpxtpx:course>330.1</gpxtpx:course>
		</gpxtpx:TrackPointExtension>
	</extensions>
</trkpt>
<trkpt lat="-9.0685027" lon="148.2625729">
	<ele>871.85</ele>
	<time>2026-04-18T05:13:26.000Z</time>
	<hdop>8.50</hdop>
	<extensions>
		<gpxtpx:TrackPointExtension>
			<gpxtpx:course>69.8</gpxtpx:course>
		</gpxtpx:TrackPointExtension>
	</extensions>
</trkpt>
<trkpt lat="-9.0684269" lon="148.2626509">
	<ele>873.79</ele>
	<time>2026-04-18T05:13:36.000Z</time>
	<hdop>10.00</hdop>
	<extensions>
		<gpxtpx:TrackPointExtension>
			<gpxtpx:course>30.4</gpxtpx:course>
		</gpxtpx:TrackPointExtension>
	</extensions>
</trkpt>
<trkpt lat="-9.0683385" lon="148.2627411">
	<ele>873.91</ele>
	<time>2026-04-18T05:13:46.000Z</time>
	<hdop>10.00</hdop>
	<extensions>
		<gpxtpx:TrackPointExtension>
			<gpxtpx:course>54.2</gpxtpx:course>
		</gpxtpx:TrackPointExtension>
	</extensions>
</trkpt>
<trkpt lat="-9.0682528" lon="148.2627829">
	<ele>874.79</ele>
	<time>2026-04-18T05:13:56.000Z</time>
	<hdop>8.00</hdop>
	<extensions>
		<gpxtpx:TrackPointExtension>
			<gpxtpx:course>30.6</gpxtpx:course>
		</gpxtpx:TrackPointExtension>
	</extensions>
</trkpt>
<trkpt lat="-9.0681651" lon="148.2628229">
	<ele>873.85</ele>
	<time>2026-04-18T05:14:10.000Z</time>
	<hdop>8.00</hdop>
	<extensions>
		<gpxtpx:TrackPointExtension>
			<gpxtpx:course>49.3</gpxtpx:course>
		</gpxtpx:TrackPointExtension>
	</extensions>
</trkpt>
<trkpt lat="-9.0680846" lon="148.2628741">
	<ele>871.91</ele>
	<time>2026-04-18T05:14:22.000Z</time>
	<hdop>7.50</hdop>
	<extensions>
		<gpxtpx:TrackPointExtension>
			<gpxtpx:course>57.7</gpxtpx:course>
		</gpxtpx:TrackPointExtension>
	</extensions>
</trkpt>
<trkpt lat="-9.0680010" lon="148.2629140">
	<ele>870.10</ele>
	<time>2026-04-18T05:14:33.000Z</time>
	<hdop>8.50</hdop>
	<extensions>
		<gpxtpx:TrackPointExtension>
			<gpxtpx:course>38.2</gpxtpx:course>
		</gpxtpx:TrackPointExtension>
	</extensions>
</trkpt>
<trkpt lat="-9.0678693" lon="148.2629702">
	<ele>872.82</ele>
	<time>2026-04-18T05:14:43.000Z</time>
	<hdop>7.50</hdop>
	<extensions>
		<gpxtpx:TrackPointExtension>
			<gpxtpx:course>50.5</gpxtpx:course>
		</gpxtpx:TrackPointExtension>
	</extensions>
</trkpt>
<trkpt lat="-9.0678151" lon="148.2630449">
	<ele>874.79</ele>
	<time>2026-04-18T05:14:53.000Z</time>
	<hdop>7.50</hdop>
	<extensions>
		<gpxtpx:TrackPointExtension>
			<gpxtpx:course>68.0</gpxtpx:course>
		</gpxtpx:TrackPointExtension>
	</extensions>
</trkpt>
<trkpt lat="-9.0677203" lon="148.2630670">
	<ele>873.85</ele>
	<time>2026-04-18T05:15:05.000Z</time>
	<hdop>8.00</hdop>
	<extensions>
		<gpxtpx:TrackPointExtension>
			<gpxtpx:course>35.0</gpxtpx:course>
		</gpxtpx:TrackPointExtension>
	</extensions>
</trkpt>
<trkpt lat="-9.0676345" lon="148.2631146">
	<ele>872.10</ele>
	<time>2026-04-18T05:15:21.000Z</time>
	<hdop>9.00</hdop>
	<extensions>
		<gpxtpx:TrackPointExtension>
			<gpxtpx:course>90.0</gpxtpx:course>
		</gpxtpx:TrackPointExtension>
	</extensions>
</trkpt>
<trkpt lat="-9.0675786" lon="148.2631915">
	<ele>869.79</ele>
	<time>2026-04-18T05:15:33.000Z</time>
	<hdop>10.50</hdop>
	<extensions>
		<gpxtpx:TrackPointExtension>
			<gpxtpx:course>101.0</gpxtpx:course>
		</gpxtpx:TrackPointExtension>
	</extensions>
</trkpt>
<trkpt lat="-9.0675041" lon="148.2632513">
	<ele>867.86</ele>
	<time>2026-04-18T05:15:46.000Z</time>
	<hdop>10.00</hdop>
	<extensions>
		<gpxtpx:TrackPointExtension>
			<gpxtpx:course>36.8</gpxtpx:course>
		</gpxtpx:TrackPointExtension>
	</extensions>
</trkpt>
<trkpt lat="-9.0674044" lon="148.2632487">
	<ele>866.17</ele>
	<time>2026-04-18T05:15:56.000Z</time>
	<hdop>8.50</hdop>
	<extensions>
		<gpxtpx:TrackPointExtension>
			<gpxtpx:course>343.9</gpxtpx:course>
		</gpxtpx:TrackPointExtension>
	</extensions>
</trkpt>
<trkpt lat="-9.0673568" lon="148.2633448">
	<ele>860.94</ele>
	<time>2026-04-18T05:16:06.000Z</time>
	<hdop>11.00</hdop>
	<extensions>
		<gpxtpx:TrackPointExtension>
			<gpxtpx:course>133.9</gpxtpx:course>
		</gpxtpx:TrackPointExtension>
	</extensions>
</trkpt>
<trkpt lat="-9.0672817" lon="148.2634459">
	<ele>860.91</ele>
	<time>2026-04-18T05:16:16.000Z</time>
	<hdop>9.50</hdop>
	<extensions>
		<gpxtpx:TrackPointExtension>
			<gpxtpx:course>30.8</gpxtpx:course>
		</gpxtpx:TrackPointExtension>
	</extensions>
</trkpt>
<trkpt lat="-9.0672036" lon="148.2635161">
	<ele>860.86</ele>
	<time>2026-04-18T05:16:26.000Z</time>
	<hdop>10.00</hdop>
	<extensions>
		<gpxtpx:TrackPointExtension>
			<gpxtpx:course>73.8</gpxtpx:course>
		</gpxtpx:TrackPointExtension>
	</extensions>
</trkpt>
<trkpt lat="-9.0671199" lon="148.2635699">
	<ele>862.85</ele>
	<time>2026-04-18T05:16:36.000Z</time>
	<hdop>9.00</hdop>
	<extensions>
		<gpxtpx:TrackPointExtension>
			<gpxtpx:course>48.5</gpxtpx:course>
		</gpxtpx:TrackPointExtension>
	</extensions>
</trkpt>
<trkpt lat="-9.0670381" lon="148.2636152">
	<ele>861.87</ele>
	<time>2026-04-18T05:16:47.000Z</time>
	<hdop>9.00</hdop>
	<extensions>
		<gpxtpx:TrackPointExtension>
			<gpxtpx:course>330.9</gpxtpx:course>
		</gpxtpx:TrackPointExtension>
	</extensions>
</trkpt>
<trkpt lat="-9.0669595" lon="148.2636887">
	<ele>864.86</ele>
	<time>2026-04-18T05:16:57.000Z</time>
	<hdop>8.00</hdop>
	<extensions>
		<gpxtpx:TrackPointExtension>
			<gpxtpx:course>114.6</gpxtpx:course>
		</gpxtpx:TrackPointExtension>
	</extensions>
</trkpt>
<trkpt lat="-9.0668816" lon="148.2637739">
	<ele>869.55</ele>
	<time>2026-04-18T05:17:07.000Z</time>
	<hdop>7.50</hdop>
	<extensions>
		<gpxtpx:TrackPointExtension>
			<gpxtpx:course>25.9</gpxtpx:course>
		</gpxtpx:TrackPointExtension>
	</extensions>
</trkpt>
<trkpt lat="-9.0668334" lon="148.2638532">
	<ele>870.78</ele>
	<time>2026-04-18T05:17:18.000Z</time>
	<hdop>7.50</hdop>
	<extensions>
		<gpxtpx:TrackPointExtension>
			<gpxtpx:course>50.8</gpxtpx:course>
		</gpxtpx:TrackPointExtension>
	</extensions>
</trkpt>
<trkpt lat="-9.0667878" lon="148.2639423">
	<ele>871.80</ele>
	<time>2026-04-18T05:17:33.000Z</time>
	<hdop>8.50</hdop>
	<extensions>
		<gpxtpx:TrackPointExtension>
			<gpxtpx:course>67.7</gpxtpx:course>
		</gpxtpx:TrackPointExtension>
	</extensions>
</trkpt>
<trkpt lat="-9.0667484" lon="148.2640270">
	<ele>872.80</ele>
	<time>2026-04-18T05:17:43.000Z</time>
	<hdop>8.00</hdop>
	<extensions>
		<gpxtpx:TrackPointExtension>
			<gpxtpx:course>43.8</gpxtpx:course>
		</gpxtpx:TrackPointExtension>
	</extensions>
</trkpt>
<trkpt lat="-9.0666728" lon="148.2640956">
	<ele>872.36</ele>
	<time>2026-04-18T05:17:53.000Z</time>
	<hdop>8.00</hdop>
	<extensions>
		<gpxtpx:TrackPointExtension>
			<gpxtpx:course>348.1</gpxtpx:course>
		</gpxtpx:TrackPointExtension>
	</extensions>
</trkpt>
<trkpt lat="-9.0666059" lon="148.2641574">
	<ele>873.07</ele>
	<time>2026-04-18T05:18:06.000Z</time>
	<hdop>8.00</hdop>
	<extensions>
		<gpxtpx:TrackPointExtension>
			<gpxtpx:course>80.8</gpxtpx:course>
		</gpxtpx:TrackPointExtension>
	</extensions>
</trkpt>
<trkpt lat="-9.0665360" lon="148.2642241">
	<ele>877.55</ele>
	<time>2026-04-18T05:18:20.000Z</time>
	<hdop>8.00</hdop>
	<extensions>
		<gpxtpx:TrackPointExtension>
			<gpxtpx:course>29.5</gpxtpx:course>
		</gpxtpx:TrackPointExtension>
	</extensions>
</trkpt>
<trkpt lat="-9.0664614" lon="148.2642759">
	<ele>876.93</ele>
	<time>2026-04-18T05:18:31.000Z</time>
	<hdop>9.50</hdop>
	<extensions>
		<gpxtpx:TrackPointExtension>
			<gpxtpx:course>69.4</gpxtpx:course>
		</gpxtpx:TrackPointExtension>
	</extensions>
</trkpt>
<trkpt lat="-9.0663217" lon="148.2642976">
	<ele>875.85</ele>
	<time>2026-04-18T05:18:41.000Z</time>
	<hdop>8.00</hdop>
	<extensions>
		<gpxtpx:TrackPointExtension>
			<gpxtpx:course>9.1</gpxtpx:course>
		</gpxtpx:TrackPointExtension>
	</extensions>
</trkpt>
<trkpt lat="-9.0662356" lon="148.2643422">
	<ele>875.93</ele>
	<time>2026-04-18T05:18:51.000Z</time>
	<hdop>8.00</hdop>
	<extensions>
		<gpxtpx:TrackPointExtension>
			<gpxtpx:course>79.8</gpxtpx:course>
		</gpxtpx:TrackPointExtension>
	</extensions>
</trkpt>
<trkpt lat="-9.0661437" lon="148.2643769">
	<ele>876.81</ele>
	<time>2026-04-18T05:19:06.000Z</time>
	<hdop>8.00</hdop>
	<extensions>
		<gpxtpx:TrackPointExtension>
			<gpxtpx:course>16.6</gpxtpx:course>
		</gpxtpx:TrackPointExtension>
	</extensions>
</trkpt>
<trkpt lat="-9.0660469" lon="148.2643727">
	<ele>875.87</ele>
	<time>2026-04-18T05:19:17.000Z</time>
	<hdop>10.00</hdop>
	<extensions>
		<gpxtpx:TrackPointExtension>
			<gpxtpx:course>333.6</gpxtpx:course>
		</gpxtpx:TrackPointExtension>
	</extensions>
</trkpt>
<trkpt lat="-9.0659341" lon="148.2643830">
	<ele>873.62</ele>
	<time>2026-04-18T05:19:27.000Z</time>
	<hdop>8.50</hdop>
	<extensions>
		<gpxtpx:TrackPointExtension>
			<gpxtpx:course>356.9</gpxtpx:course>
		</gpxtpx:TrackPointExtension>
	</extensions>
</trkpt>
<trkpt lat="-9.0658441" lon="148.2644198">
	<ele>873.87</ele>
	<time>2026-04-18T05:19:42.000Z</time>
	<hdop>9.00</hdop>
	<extensions>
		<gpxtpx:TrackPointExtension>
			<gpxtpx:course>72.9</gpxtpx:course>
		</gpxtpx:TrackPointExtension>
	</extensions>
</trkpt>
<trkpt lat="-9.0657658" lon="148.2644787">
	<ele>875.66</ele>
	<time>2026-04-18T05:19:54.000Z</time>
	<hdop>8.50</hdop>
	<extensions>
		<gpxtpx:TrackPointExtension>
			<gpxtpx:course>17.5</gpxtpx:course>
		</gpxtpx:TrackPointExtension>
	</extensions>
</trkpt>
<trkpt lat="-9.0656599" lon="148.2645118">
	<ele>873.86</ele>
	<time>2026-04-18T05:20:04.000Z</time>
	<hdop>7.00</hdop>
	<extensions>
		<gpxtpx:TrackPointExtension>
			<gpxtpx:course>7.3</gpxtpx:course>
		</gpxtpx:TrackPointExtension>
	</extensions>
</trkpt>
<trkpt lat="-9.0655248" lon="148.2645271">
	<ele>875.80</ele>
	<time>2026-04-18T05:20:14.000Z</time>
	<hdop>8.00</hdop>
	<extensions>
		<gpxtpx:TrackPointExtension>
			<gpxtpx:course>42.1</gpxtpx:course>
		</gpxtpx:TrackPointExtension>
	</extensions>
</trkpt>
<trkpt lat="-9.0654068" lon="148.2645339">
	<ele>876.87</ele>
	<time>2026-04-18T05:20:24.000Z</time>
	<hdop>7.00</hdop>
	<extensions>
		<gpxtpx:TrackPointExtension>
			<gpxtpx:course>335.2</gpxtpx:course>
		</gpxtpx:TrackPointExtension>
	</extensions>
</trkpt>
<trkpt lat="-9.0653118" lon="148.2645378">
	<ele>875.93</ele>
	<time>2026-04-18T05:20:37.000Z</time>
	<hdop>6.50</hdop>
	<extensions>
		<gpxtpx:TrackPointExtension>
			<gpxtpx:course>8.0</gpxtpx:course>
		</gpxtpx:TrackPointExtension>
	</extensions>
</trkpt>
<trkpt lat="-9.0652526" lon="148.2646123">
	<ele>876.62</ele>
	<time>2026-04-18T05:21:32.000Z</time>
	<hdop>9.50</hdop>
	<extensions>
		<gpxtpx:TrackPointExtension>
			<gpxtpx:course>94.8</gpxtpx:course>
		</gpxtpx:TrackPointExtension>
	</extensions>
</trkpt>
<trkpt lat="-9.0651929" lon="148.2646850">
	<ele>881.62</ele>
	<time>2026-04-18T05:21:49.000Z</time>
	<hdop>8.00</hdop>
	<extensions>
		<gpxtpx:TrackPointExtension>
			<gpxtpx:course>57.4</gpxtpx:course>
		</gpxtpx:TrackPointExtension>
	</extensions>
</trkpt>
<trkpt lat="-9.0652551" lon="148.2647523">
	<ele>880.18</ele>
	<time>2026-04-18T05:22:02.000Z</time>
	<hdop>7.00</hdop>
	<extensions>
		<gpxtpx:TrackPointExtension>
			<gpxtpx:course>156.0</gpxtpx:course>
		</gpxtpx:TrackPointExtension>
	</extensions>
</trkpt>
<trkpt lat="-9.0653255" lon="148.2648135">
	<ele>881.87</ele>
	<time>2026-04-18T05:22:21.000Z</time>
	<hdop>8.00</hdop>
	<extensions>
		<gpxtpx:TrackPointExtension>
			<gpxtpx:course>128.7</gpxtpx:course>
		</gpxtpx:TrackPointExtension>
	</extensions>
</trkpt>
<trkpt lat="-9.0653446" lon="148.2649058">
	<ele>887.94</ele>
	<time>2026-04-18T05:22:39.000Z</time>
	<hdop>7.50</hdop>
	<extensions>
		<gpxtpx:TrackPointExtension>
			<gpxtpx:course>115.8</gpxtpx:course>
		</gpxtpx:TrackPointExtension>
	</extensions>
</trkpt>
<trkpt lat="-9.0653696" lon="148.2649949">
	<ele>885.87</ele>
	<time>2026-04-18T05:23:06.000Z</time>
	<hdop>7.50</hdop>
	<extensions>
		<gpxtpx:TrackPointExtension>
			<gpxtpx:course>319.8</gpxtpx:course>
		</gpxtpx:TrackPointExtension>
	</extensions>
</trkpt>
<trkpt lat="-9.0654596" lon="148.2650201">
	<ele>882.87</ele>
	<time>2026-04-18T05:23:24.000Z</time>
	<hdop>10.50</hdop>
	<extensions>
		<gpxtpx:TrackPointExtension>
			<gpxtpx:course>169.1</gpxtpx:course>
		</gpxtpx:TrackPointExtension>
	</extensions>
</trkpt>
<trkpt lat="-9.0655264" lon="148.2650878">
	<ele>882.87</ele>
	<time>2026-04-18T05:23:34.000Z</time>
	<hdop>10.50</hdop>
	<extensions>
		<gpxtpx:TrackPointExtension>
			<gpxtpx:course>165.6</gpxtpx:course>
		</gpxtpx:TrackPointExtension>
	</extensions>
</trkpt>
<trkpt lat="-9.0656078" lon="148.2651456">
	<ele>882.62</ele>
	<time>2026-04-18T05:23:44.000Z</time>
	<hdop>8.50</hdop>
	<extensions>
		<gpxtpx:TrackPointExtension>
			<gpxtpx:course>164.0</gpxtpx:course>
		</gpxtpx:TrackPointExtension>
	</extensions>
</trkpt>
<trkpt lat="-9.0656122" lon="148.2652409">
	<ele>879.93</ele>
	<time>2026-04-18T05:23:57.000Z</time>
	<hdop>8.50</hdop>
	<extensions>
		<gpxtpx:TrackPointExtension>
			<gpxtpx:course>177.6</gpxtpx:course>
		</gpxtpx:TrackPointExtension>
	</extensions>
</trkpt>
<trkpt lat="-9.0656397" lon="148.2653517">
	<ele>878.92</ele>
	<time>2026-04-18T05:24:07.000Z</time>
	<hdop>7.50</hdop>
	<extensions>
		<gpxtpx:TrackPointExtension>
			<gpxtpx:course>93.0</gpxtpx:course>
		</gpxtpx:TrackPointExtension>
	</extensions>
</trkpt>
<trkpt lat="-9.0656537" lon="148.2654420">
	<ele>875.12</ele>
	<time>2026-04-18T05:24:29.000Z</time>
	<hdop>10.00</hdop>
	<extensions>
		<gpxtpx:TrackPointExtension>
			<gpxtpx:course>47.5</gpxtpx:course>
		</gpxtpx:TrackPointExtension>
	</extensions>
</trkpt>
<trkpt lat="-9.0656632" lon="148.2655350">
	<ele>870.64</ele>
	<time>2026-04-18T05:25:04.000Z</time>
	<hdop>8.50</hdop>
	<extensions>
		<gpxtpx:TrackPointExtension>
			<gpxtpx:course>188.7</gpxtpx:course>
		</gpxtpx:TrackPointExtension>
	</extensions>
</trkpt>
<trkpt lat="-9.0657200" lon="148.2656101">
	<ele>868.87</ele>
	<time>2026-04-18T05:25:18.000Z</time>
	<hdop>7.50</hdop>
	<extensions>
		<gpxtpx:TrackPointExtension>
			<gpxtpx:course>121.5</gpxtpx:course>
		</gpxtpx:TrackPointExtension>
	</extensions>
</trkpt>
<trkpt lat="-9.0657407" lon="148.2657005">
	<ele>866.94</ele>
	<time>2026-04-18T05:25:30.000Z</time>
	<hdop>8.00</hdop>
	<extensions>
		<gpxtpx:TrackPointExtension>
			<gpxtpx:course>128.4</gpxtpx:course>
		</gpxtpx:TrackPointExtension>
	</extensions>
</trkpt>
<trkpt lat="-9.0657805" lon="148.2657888">
	<ele>864.89</ele>
	<time>2026-04-18T05:25:57.000Z</time>
	<hdop>7.50</hdop>
	<extensions>
		<gpxtpx:TrackPointExtension>
			<gpxtpx:course>33.1</gpxtpx:course>
		</gpxtpx:TrackPointExtension>
	</extensions>
</trkpt>
<trkpt lat="-9.0657808" lon="148.2658872">
	<ele>864.13</ele>
	<time>2026-04-18T05:26:17.000Z</time>
	<hdop>8.00</hdop>
	<extensions>
		<gpxtpx:TrackPointExtension>
			<gpxtpx:course>110.0</gpxtpx:course>
		</gpxtpx:TrackPointExtension>
	</extensions>
</trkpt>
<trkpt lat="-9.0657256" lon="148.2659605">
	<ele>865.81</ele>
	<time>2026-04-18T05:26:59.000Z</time>
	<hdop>11.50</hdop>
	<extensions>
		<gpxtpx:TrackPointExtension>
			<gpxtpx:course>136.7</gpxtpx:course>
		</gpxtpx:TrackPointExtension>
	</extensions>
</trkpt>
<trkpt lat="-9.0657353" lon="148.2660552">
	<ele>865.64</ele>
	<time>2026-04-18T05:27:20.000Z</time>
	<hdop>12.00</hdop>
	<extensions>
		<gpxtpx:TrackPointExtension>
			<gpxtpx:course>70.9</gpxtpx:course>
		</gpxtpx:TrackPointExtension>
	</extensions>
</trkpt>
<trkpt lat="-9.0657126" lon="148.2661526">
	<ele>868.86</ele>
	<time>2026-04-18T05:27:30.000Z</time>
	<hdop>11.50</hdop>
	<extensions>
		<gpxtpx:TrackPointExtension>
			<gpxtpx:course>307.5</gpxtpx:course>
		</gpxtpx:TrackPointExtension>
	</extensions>
</trkpt>
<trkpt lat="-9.0657599" lon="148.2662384">
	<ele>872.61</ele>
	<time>2026-04-18T05:27:48.000Z</time>
	<hdop>10.00</hdop>
	<extensions>
		<gpxtpx:TrackPointExtension>
			<gpxtpx:course>251.0</gpxtpx:course>
		</gpxtpx:TrackPointExtension>
	</extensions>
</trkpt>
<trkpt lat="-9.0657392" lon="148.2663311">
	<ele>871.88</ele>
	<time>2026-04-18T05:28:17.000Z</time>
	<hdop>9.50</hdop>
	<extensions>
		<gpxtpx:TrackPointExtension>
			<gpxtpx:course>3.5</gpxtpx:course>
		</gpxtpx:TrackPointExtension>
	</extensions>
</trkpt>
<trkpt lat="-9.0657186" lon="148.2664267">
	<ele>873.88</ele>
	<time>2026-04-18T05:28:41.000Z</time>
	<hdop>11.50</hdop>
	<extensions>
		<gpxtpx:TrackPointExtension>
			<gpxtpx:course>103.2</gpxtpx:course>
		</gpxtpx:TrackPointExtension>
	</extensions>
</trkpt>
<trkpt lat="-9.0656718" lon="148.2663464">
	<ele>871.13</ele>
	<time>2026-04-18T05:29:13.000Z</time>
	<hdop>17.00</hdop>
	<extensions>
		<gpxtpx:TrackPointExtension>
			<gpxtpx:course>285.4</gpxtpx:course>
		</gpxtpx:TrackPointExtension>
	</extensions>
</trkpt>
<trkpt lat="-9.0656249" lon="148.2664255">
	<ele>869.88</ele>
	<time>2026-04-18T05:30:00.000Z</time>
	<hdop>11.00</hdop>
	<extensions>
		<gpxtpx:TrackPointExtension>
			<gpxtpx:course>65.2</gpxtpx:course>
		</gpxtpx:TrackPointExtension>
	</extensions>
</trkpt>
<trkpt lat="-9.0655914" lon="148.2665132">
	<ele>868.88</ele>
	<time>2026-04-18T05:30:31.000Z</time>
	<hdop>11.00</hdop>
	<extensions>
		<gpxtpx:TrackPointExtension>
			<gpxtpx:course>124.4</gpxtpx:course>
		</gpxtpx:TrackPointExtension>
	</extensions>
</trkpt>
<trkpt lat="-9.0655734" lon="148.2666023">
	<ele>868.94</ele>
	<time>2026-04-18T05:30:46.000Z</time>
	<hdop>9.00</hdop>
	<extensions>
		<gpxtpx:TrackPointExtension>
			<gpxtpx:course>36.2</gpxtpx:course>
		</gpxtpx:TrackPointExtension>
	</extensions>
</trkpt>
<trkpt lat="-9.0655010" lon="148.2666675">
	<ele>870.88</ele>
	<time>2026-04-18T05:31:10.000Z</time>
	<hdop>9.50</hdop>
	<extensions>
		<gpxtpx:TrackPointExtension>
			<gpxtpx:course>75.0</gpxtpx:course>
		</gpxtpx:TrackPointExtension>
	</extensions>
</trkpt>
<trkpt lat="-9.0655374" lon="148.2667549">
	<ele>872.82</ele>
	<time>2026-04-18T05:31:33.000Z</time>
	<hdop>15.00</hdop>
	<extensions>
		<gpxtpx:TrackPointExtension>
			<gpxtpx:course>112.1</gpxtpx:course>
		</gpxtpx:TrackPointExtension>
	</extensions>
</trkpt>
<trkpt lat="-9.0655231" lon="148.2668452">
	<ele>867.89</ele>
	<time>2026-04-18T05:32:03.000Z</time>
	<hdop>11.50</hdop>
	<extensions>
		<gpxtpx:TrackPointExtension>
			<gpxtpx:course>11.7</gpxtpx:course>
		</gpxtpx:TrackPointExtension>
	</extensions>
</trkpt>
<trkpt lat="-9.0655469" lon="148.2669333">
	<ele>870.13</ele>
	<time>2026-04-18T05:32:22.000Z</time>
	<hdop>8.50</hdop>
	<extensions>
		<gpxtpx:TrackPointExtension>
			<gpxtpx:course>129.6</gpxtpx:course>
		</gpxtpx:TrackPointExtension>
	</extensions>
</trkpt>
<trkpt lat="-9.0655700" lon="148.2670229">
	<ele>866.90</ele>
	<time>2026-04-18T05:32:50.000Z</time>
	<hdop>8.00</hdop>
	<extensions>
		<gpxtpx:TrackPointExtension>
			<gpxtpx:course>103.8</gpxtpx:course>
		</gpxtpx:TrackPointExtension>
	</extensions>
</trkpt>
<trkpt lat="-9.0656385" lon="148.2670843">
	<ele>864.90</ele>
	<time>2026-04-18T05:33:08.000Z</time>
	<hdop>8.00</hdop>
	<extensions>
		<gpxtpx:TrackPointExtension>
			<gpxtpx:course>117.2</gpxtpx:course>
		</gpxtpx:TrackPointExtension>
	</extensions>
</trkpt>
<trkpt lat="-9.0657149" lon="148.2671366">
	<ele>866.04</ele>
	<time>2026-04-18T05:33:19.000Z</time>
	<hdop>7.50</hdop>
	<extensions>
		<gpxtpx:TrackPointExtension>
			<gpxtpx:course>143.1</gpxtpx:course>
		</gpxtpx:TrackPointExtension>
	</extensions>
</trkpt>
<trkpt lat="-9.0657658" lon="148.2672120">
	<ele>863.88</ele>
	<time>2026-04-18T05:33:44.000Z</time>
	<hdop>7.50</hdop>
	<extensions>
		<gpxtpx:TrackPointExtension>
			<gpxtpx:course>204.5</gpxtpx:course>
		</gpxtpx:TrackPointExtension>
	</extensions>
</trkpt>
<trkpt lat="-9.0658406" lon="148.2672771">
	<ele>861.88</ele>
	<time>2026-04-18T05:34:06.000Z</time>
	<hdop>9.00</hdop>
	<extensions>
		<gpxtpx:TrackPointExtension>
			<gpxtpx:course>111.5</gpxtpx:course>
		</gpxtpx:TrackPointExtension>
	</extensions>
</trkpt>
<trkpt lat="-9.0659219" lon="148.2673259">
	<ele>865.49</ele>
	<time>2026-04-18T05:34:17.000Z</time>
	<hdop>10.00</hdop>
	<extensions>
		<gpxtpx:TrackPointExtension>
			<gpxtpx:course>1.7</gpxtpx:course>
		</gpxtpx:TrackPointExtension>
	</extensions>
</trkpt>
<trkpt lat="-9.0659917" lon="148.2673936">
	<ele>866.12</ele>
	<time>2026-04-18T05:34:30.000Z</time>
	<hdop>10.50</hdop>
	<extensions>
		<gpxtpx:TrackPointExtension>
			<gpxtpx:course>136.0</gpxtpx:course>
		</gpxtpx:TrackPointExtension>
	</extensions>
</trkpt>
<trkpt lat="-9.0660558" lon="148.2674934">
	<ele>865.88</ele>
	<time>2026-04-18T05:34:40.000Z</time>
	<hdop>9.50</hdop>
	<extensions>
		<gpxtpx:TrackPointExtension>
			<gpxtpx:course>110.2</gpxtpx:course>
		</gpxtpx:TrackPointExtension>
	</extensions>
</trkpt>
<trkpt lat="-9.0661569" lon="148.2674947">
	<ele>867.88</ele>
	<time>2026-04-18T05:35:00.000Z</time>
	<hdop>12.00</hdop>
	<extensions>
		<gpxtpx:TrackPointExtension>
			<gpxtpx:course>206.0</gpxtpx:course>
		</gpxtpx:TrackPointExtension>
	</extensions>
</trkpt>
<trkpt lat="-9.0662434" lon="148.2675264">
	<ele>865.82</ele>
	<time>2026-04-18T05:35:11.000Z</time>
	<hdop>10.00</hdop>
	<extensions>
		<gpxtpx:TrackPointExtension>
			<gpxtpx:course>219.2</gpxtpx:course>
		</gpxtpx:TrackPointExtension>
	</extensions>
</trkpt>
<trkpt lat="-9.0662559" lon="148.2676216">
	<ele>867.63</ele>
	<time>2026-04-18T05:35:31.000Z</time>
	<hdop>8.00</hdop>
	<extensions>
		<gpxtpx:TrackPointExtension>
			<gpxtpx:course>155.8</gpxtpx:course>
		</gpxtpx:TrackPointExtension>
	</extensions>
</trkpt>
<trkpt lat="-9.0662750" lon="148.2677118">
	<ele>872.88</ele>
	<time>2026-04-18T05:35:45.000Z</time>
	<hdop>7.00</hdop>
	<extensions>
		<gpxtpx:TrackPointExtension>
			<gpxtpx:course>34.2</gpxtpx:course>
		</gpxtpx:TrackPointExtension>
	</extensions>
</trkpt>
<trkpt lat="-9.0662838" lon="148.2678077">
	<ele>873.84</ele>
	<time>2026-04-18T05:36:02.000Z</time>
	<hdop>7.00</hdop>
	<extensions>
		<gpxtpx:TrackPointExtension>
			<gpxtpx:course>85.1</gpxtpx:course>
		</gpxtpx:TrackPointExtension>
	</extensions>
</trkpt>
<trkpt lat="-9.0662731" lon="148.2679028">
	<ele>872.12</ele>
	<time>2026-04-18T05:36:31.000Z</time>
	<hdop>7.00</hdop>
	<extensions>
		<gpxtpx:TrackPointExtension>
			<gpxtpx:course>102.6</gpxtpx:course>
		</gpxtpx:TrackPointExtension>
	</extensions>
</trkpt>
<trkpt lat="-9.0663582" lon="148.2679372">
	<ele>871.13</ele>
	<time>2026-04-18T05:36:42.000Z</time>
	<hdop>8.50</hdop>
	<extensions>
		<gpxtpx:TrackPointExtension>
			<gpxtpx:course>132.0</gpxtpx:course>
		</gpxtpx:TrackPointExtension>
	</extensions>
</trkpt>
<trkpt lat="-9.0664450" lon="148.2679852">
	<ele>872.63</ele>
	<time>2026-04-18T05:36:54.000Z</time>
	<hdop>10.00</hdop>
	<extensions>
		<gpxtpx:TrackPointExtension>
			<gpxtpx:course>159.6</gpxtpx:course>
		</gpxtpx:TrackPointExtension>
	</extensions>
</trkpt>
<trkpt lat="-9.0664338" lon="148.2680801">
	<ele>873.09</ele>
	<time>2026-04-18T05:37:23.000Z</time>
	<hdop>9.50</hdop>
	<extensions>
		<gpxtpx:TrackPointExtension>
			<gpxtpx:course>118.0</gpxtpx:course>
		</gpxtpx:TrackPointExtension>
	</extensions>
</trkpt>
<trkpt lat="-9.0663913" lon="148.2681604">
	<ele>882.51</ele>
	<time>2026-04-18T05:38:15.000Z</time>
	<hdop>6.50</hdop>
	<extensions>
		<gpxtpx:TrackPointExtension>
			<gpxtpx:course>119.0</gpxtpx:course>
		</gpxtpx:TrackPointExtension>
	</extensions>
</trkpt>
<trkpt lat="-9.0664717" lon="148.2682366">
	<ele>883.88</ele>
	<time>2026-04-18T05:38:49.000Z</time>
	<hdop>11.50</hdop>
	<extensions>
		<gpxtpx:TrackPointExtension>
			<gpxtpx:course>142.7</gpxtpx:course>
		</gpxtpx:TrackPointExtension>
	</extensions>
</trkpt>
<trkpt lat="-9.0665401" lon="148.2683039">
	<ele>880.16</ele>
	<time>2026-04-18T05:39:03.000Z</time>
	<hdop>10.00</hdop>
	<extensions>
		<gpxtpx:TrackPointExtension>
			<gpxtpx:course>160.9</gpxtpx:course>
		</gpxtpx:TrackPointExtension>
	</extensions>
</trkpt>
<trkpt lat="-9.0664865" lon="148.2683832">
	<ele>876.89</ele>
	<time>2026-04-18T05:39:23.000Z</time>
	<hdop>9.50</hdop>
	<extensions>
		<gpxtpx:TrackPointExtension>
			<gpxtpx:course>220.2</gpxtpx:course>
		</gpxtpx:TrackPointExtension>
	</extensions>
</trkpt>
<trkpt lat="-9.0664707" lon="148.2685001">
	<ele>878.88</ele>
	<time>2026-04-18T05:39:33.000Z</time>
	<hdop>8.00</hdop>
	<extensions>
		<gpxtpx:TrackPointExtension>
			<gpxtpx:course>10.3</gpxtpx:course>
		</gpxtpx:TrackPointExtension>
	</extensions>
</trkpt>
<trkpt lat="-9.0665134" lon="148.2685874">
	<ele>882.88</ele>
	<time>2026-04-18T05:39:59.000Z</time>
	<hdop>9.50</hdop>
	<extensions>
		<gpxtpx:TrackPointExtension>
			<gpxtpx:course>122.0</gpxtpx:course>
		</gpxtpx:TrackPointExtension>
	</extensions>
</trkpt>
<trkpt lat="-9.0664943" lon="148.2686775">
	<ele>885.90</ele>
	<time>2026-04-18T05:40:29.000Z</time>
	<hdop>9.50</hdop>
	<extensions>
		<gpxtpx:TrackPointExtension>
			<gpxtpx:course>253.1</gpxtpx:course>
		</gpxtpx:TrackPointExtension>
	</extensions>
</trkpt>
<trkpt lat="-9.0665488" lon="148.2687511">
	<ele>888.89</ele>
	<time>2026-04-18T05:40:54.000Z</time>
	<hdop>10.00</hdop>
	<extensions>
		<gpxtpx:TrackPointExtension>
			<gpxtpx:course>119.8</gpxtpx:course>
		</gpxtpx:TrackPointExtension>
	</extensions>
</trkpt>
<trkpt lat="-9.0665345" lon="148.2688430">
	<ele>888.45</ele>
	<time>2026-04-18T05:41:12.000Z</time>
	<hdop>8.00</hdop>
	<extensions>
		<gpxtpx:TrackPointExtension>
			<gpxtpx:course>103.6</gpxtpx:course>
		</gpxtpx:TrackPointExtension>
	</extensions>
</trkpt>
<trkpt lat="-9.0665652" lon="148.2689292">
	<ele>892.14</ele>
	<time>2026-04-18T05:41:34.000Z</time>
	<hdop>8.00</hdop>
	<extensions>
		<gpxtpx:TrackPointExtension>
			<gpxtpx:course>96.3</gpxtpx:course>
		</gpxtpx:TrackPointExtension>
	</extensions>
</trkpt>
<trkpt lat="-9.0665796" lon="148.2690212">
	<ele>894.58</ele>
	<time>2026-04-18T05:41:46.000Z</time>
	<hdop>9.00</hdop>
	<extensions>
		<gpxtpx:TrackPointExtension>
			<gpxtpx:course>98.6</gpxtpx:course>
		</gpxtpx:TrackPointExtension>
	</extensions>
</trkpt>
<trkpt lat="-9.0666539" lon="148.2690742">
	<ele>891.76</ele>
	<time>2026-04-18T05:42:29.000Z</time>
	<hdop>9.00</hdop>
	<extensions>
		<gpxtpx:TrackPointExtension>
			<gpxtpx:course>187.7</gpxtpx:course>
		</gpxtpx:TrackPointExtension>
	</extensions>
</trkpt>
<trkpt lat="-9.0666817" lon="148.2691683">
	<ele>889.89</ele>
	<time>2026-04-18T05:42:54.000Z</time>
	<hdop>9.50</hdop>
	<extensions>
		<gpxtpx:TrackPointExtension>
			<gpxtpx:course>54.8</gpxtpx:course>
		</gpxtpx:TrackPointExtension>
	</extensions>
</trkpt>
<trkpt lat="-9.0667633" lon="148.2692130">
	<ele>895.94</ele>
	<time>2026-04-18T05:43:26.000Z</time>
	<hdop>7.50</hdop>
	<extensions>
		<gpxtpx:TrackPointExtension>
			<gpxtpx:course>129.4</gpxtpx:course>
		</gpxtpx:TrackPointExtension>
	</extensions>
</trkpt>
<trkpt lat="-9.0668281" lon="148.2692847">
	<ele>895.83</ele>
	<time>2026-04-18T05:43:38.000Z</time>
	<hdop>8.50</hdop>
	<extensions>
		<gpxtpx:TrackPointExtension>
			<gpxtpx:course>87.7</gpxtpx:course>
		</gpxtpx:TrackPointExtension>
	</extensions>
</trkpt>
<trkpt lat="-9.0668570" lon="148.2693742">
	<ele>892.22</ele>
	<time>2026-04-18T05:43:54.000Z</time>
	<hdop>7.00</hdop>
	<extensions>
		<gpxtpx:TrackPointExtension>
			<gpxtpx:course>147.6</gpxtpx:course>
		</gpxtpx:TrackPointExtension>
	</extensions>
</trkpt>
<trkpt lat="-9.0669318" lon="148.2694327">
	<ele>895.93</ele>
	<time>2026-04-18T05:44:07.000Z</time>
	<hdop>6.50</hdop>
	<extensions>
		<gpxtpx:TrackPointExtension>
			<gpxtpx:course>111.5</gpxtpx:course>
		</gpxtpx:TrackPointExtension>
	</extensions>
</trkpt>
<trkpt lat="-9.0670203" lon="148.2694647">
	<ele>896.91</ele>
	<time>2026-04-18T05:44:36.000Z</time>
	<hdop>8.00</hdop>
	<extensions>
		<gpxtpx:TrackPointExtension>
			<gpxtpx:course>119.1</gpxtpx:course>
		</gpxtpx:TrackPointExtension>
	</extensions>
</trkpt>
<trkpt lat="-9.0671076" lon="148.2695047">
	<ele>900.87</ele>
	<time>2026-04-18T05:44:49.000Z</time>
	<hdop>9.50</hdop>
	<extensions>
		<gpxtpx:TrackPointExtension>
			<gpxtpx:course>165.6</gpxtpx:course>
		</gpxtpx:TrackPointExtension>
	</extensions>
</trkpt>
<trkpt lat="-9.0672318" lon="148.2695316">
	<ele>897.95</ele>
	<time>2026-04-18T05:44:59.000Z</time>
	<hdop>8.50</hdop>
	<extensions>
		<gpxtpx:TrackPointExtension>
			<gpxtpx:course>149.6</gpxtpx:course>
		</gpxtpx:TrackPointExtension>
	</extensions>
</trkpt>
<trkpt lat="-9.0673271" lon="148.2695349">
	<ele>894.95</ele>
	<time>2026-04-18T05:45:12.000Z</time>
	<hdop>9.00</hdop>
	<extensions>
		<gpxtpx:TrackPointExtension>
			<gpxtpx:course>191.6</gpxtpx:course>
		</gpxtpx:TrackPointExtension>
	</extensions>
</trkpt>
<trkpt lat="-9.0674154" lon="148.2695751">
	<ele>894.85</ele>
	<time>2026-04-18T05:45:24.000Z</time>
	<hdop>8.00</hdop>
	<extensions>
		<gpxtpx:TrackPointExtension>
			<gpxtpx:course>118.1</gpxtpx:course>
		</gpxtpx:TrackPointExtension>
	</extensions>
</trkpt>
<trkpt lat="-9.0675258" lon="148.2695969">
	<ele>892.14</ele>
	<time>2026-04-18T05:45:34.000Z</time>
	<hdop>8.00</hdop>
	<extensions>
		<gpxtpx:TrackPointExtension>
			<gpxtpx:course>175.9</gpxtpx:course>
		</gpxtpx:TrackPointExtension>
	</extensions>
</trkpt>
<trkpt lat="-9.0676147" lon="148.2696628">
	<ele>890.89</ele>
	<time>2026-04-18T05:45:44.000Z</time>
	<hdop>8.50</hdop>
	<extensions>
		<gpxtpx:TrackPointExtension>
			<gpxtpx:course>142.7</gpxtpx:course>
		</gpxtpx:TrackPointExtension>
	</extensions>
</trkpt>
<trkpt lat="-9.0676978" lon="148.2697044">
	<ele>892.88</ele>
	<time>2026-04-18T05:45:54.000Z</time>
	<hdop>8.50</hdop>
	<extensions>
		<gpxtpx:TrackPointExtension>
			<gpxtpx:course>186.1</gpxtpx:course>
		</gpxtpx:TrackPointExtension>
	</extensions>
</trkpt>
<trkpt lat="-9.0677858" lon="148.2697281">
	<ele>889.90</ele>
	<time>2026-04-18T05:46:11.000Z</time>
	<hdop>8.50</hdop>
	<extensions>
		<gpxtpx:TrackPointExtension>
			<gpxtpx:course>176.2</gpxtpx:course>
		</gpxtpx:TrackPointExtension>
	</extensions>
</trkpt>
<trkpt lat="-9.0678762" lon="148.2697601">
	<ele>888.64</ele>
	<time>2026-04-18T05:46:28.000Z</time>
	<hdop>9.00</hdop>
	<extensions>
		<gpxtpx:TrackPointExtension>
			<gpxtpx:course>201.2</gpxtpx:course>
		</gpxtpx:TrackPointExtension>
	</extensions>
</trkpt>
<trkpt lat="-9.0679865" lon="148.2697708">
	<ele>888.93</ele>
	<time>2026-04-18T05:46:38.000Z</time>
	<hdop>8.50</hdop>
	<extensions>
		<gpxtpx:TrackPointExtension>
			<gpxtpx:course>181.4</gpxtpx:course>
		</gpxtpx:TrackPointExtension>
	</extensions>
</trkpt>
<trkpt lat="-9.0680945" lon="148.2698007">
	<ele>886.16</ele>
	<time>2026-04-18T05:46:48.000Z</time>
	<hdop>9.50</hdop>
	<extensions>
		<gpxtpx:TrackPointExtension>
			<gpxtpx:course>154.7</gpxtpx:course>
		</gpxtpx:TrackPointExtension>
	</extensions>
</trkpt>
<trkpt lat="-9.0681836" lon="148.2698191">
	<ele>885.89</ele>
	<time>2026-04-18T05:46:58.000Z</time>
	<hdop>8.50</hdop>
	<extensions>
		<gpxtpx:TrackPointExtension>
			<gpxtpx:course>206.9</gpxtpx:course>
		</gpxtpx:TrackPointExtension>
	</extensions>
</trkpt>
<trkpt lat="-9.0683076" lon="148.2698765">
	<ele>883.64</ele>
	<time>2026-04-18T05:47:08.000Z</time>
	<hdop>8.00</hdop>
	<extensions>
		<gpxtpx:TrackPointExtension>
			<gpxtpx:course>120.3</gpxtpx:course>
		</gpxtpx:TrackPointExtension>
	</extensions>
</trkpt>
<trkpt lat="-9.0683984" lon="148.2698901">
	<ele>886.88</ele>
	<time>2026-04-18T05:47:18.000Z</time>
	<hdop>8.50</hdop>
	<extensions>
		<gpxtpx:TrackPointExtension>
			<gpxtpx:course>231.1</gpxtpx:course>
		</gpxtpx:TrackPointExtension>
	</extensions>
</trkpt>
<trkpt lat="-9.0684884" lon="148.2699301">
	<ele>885.90</ele>
	<time>2026-04-18T05:47:28.000Z</time>
	<hdop>7.50</hdop>
	<extensions>
		<gpxtpx:TrackPointExtension>
			<gpxtpx:course>148.1</gpxtpx:course>
		</gpxtpx:TrackPointExtension>
	</extensions>
</trkpt>
<trkpt lat="-9.0685552" lon="148.2699983">
	<ele>887.64</ele>
	<time>2026-04-18T05:47:41.000Z</time>
	<hdop>8.00</hdop>
	<extensions>
		<gpxtpx:TrackPointExtension>
			<gpxtpx:course>125.6</gpxtpx:course>
		</gpxtpx:TrackPointExtension>
	</extensions>
</trkpt>
<trkpt lat="-9.0686373" lon="148.2701181">
	<ele>887.09</ele>
	<time>2026-04-18T05:47:51.000Z</time>
	<hdop>9.00</hdop>
	<extensions>
		<gpxtpx:TrackPointExtension>
			<gpxtpx:course>146.3</gpxtpx:course>
		</gpxtpx:TrackPointExtension>
	</extensions>
</trkpt>
<trkpt lat="-9.0687127" lon="148.2701776">
	<ele>882.89</ele>
	<time>2026-04-18T05:48:07.000Z</time>
	<hdop>8.00</hdop>
	<extensions>
		<gpxtpx:TrackPointExtension>
			<gpxtpx:course>128.2</gpxtpx:course>
		</gpxtpx:TrackPointExtension>
	</extensions>
</trkpt>
<trkpt lat="-9.0688089" lon="148.2702089">
	<ele>883.14</ele>
	<time>2026-04-18T05:48:19.000Z</time>
	<hdop>9.00</hdop>
	<extensions>
		<gpxtpx:TrackPointExtension>
			<gpxtpx:course>203.2</gpxtpx:course>
		</gpxtpx:TrackPointExtension>
	</extensions>
</trkpt>
<trkpt lat="-9.0689031" lon="148.2702158">
	<ele>878.21</ele>
	<time>2026-04-18T05:48:29.000Z</time>
	<hdop>7.50</hdop>
	<extensions>
		<gpxtpx:TrackPointExtension>
			<gpxtpx:course>235.8</gpxtpx:course>
		</gpxtpx:TrackPointExtension>
	</extensions>
</trkpt>
<trkpt lat="-9.0690100" lon="148.2701947">
	<ele>875.89</ele>
	<time>2026-04-18T05:48:39.000Z</time>
	<hdop>8.00</hdop>
	<extensions>
		<gpxtpx:TrackPointExtension>
			<gpxtpx:course>147.5</gpxtpx:course>
		</gpxtpx:TrackPointExtension>
	</extensions>
</trkpt>
<trkpt lat="-9.0691137" lon="148.2702452">
	<ele>879.69</ele>
	<time>2026-04-18T05:48:49.000Z</time>
	<hdop>8.50</hdop>
	<extensions>
		<gpxtpx:TrackPointExtension>
			<gpxtpx:course>134.5</gpxtpx:course>
		</gpxtpx:TrackPointExtension>
	</extensions>
</trkpt>
<trkpt lat="-9.0692111" lon="148.2702556">
	<ele>882.83</ele>
	<time>2026-04-18T05:49:01.000Z</time>
	<hdop>9.00</hdop>
	<extensions>
		<gpxtpx:TrackPointExtension>
			<gpxtpx:course>176.1</gpxtpx:course>
		</gpxtpx:TrackPointExtension>
	</extensions>
</trkpt>
<trkpt lat="-9.0693102" lon="148.2703184">
	<ele>880.90</ele>
	<time>2026-04-18T05:49:11.000Z</time>
	<hdop>7.50</hdop>
	<extensions>
		<gpxtpx:TrackPointExtension>
			<gpxtpx:course>158.9</gpxtpx:course>
		</gpxtpx:TrackPointExtension>
	</extensions>
</trkpt>
<trkpt lat="-9.0694043" lon="148.2703526">
	<ele>883.62</ele>
	<time>2026-04-18T05:49:22.000Z</time>
	<hdop>10.00</hdop>
	<extensions>
		<gpxtpx:TrackPointExtension>
			<gpxtpx:course>143.2</gpxtpx:course>
		</gpxtpx:TrackPointExtension>
	</extensions>
</trkpt>
<trkpt lat="-9.0694926" lon="148.2704060">
	<ele>887.82</ele>
	<time>2026-04-18T05:49:34.000Z</time>
	<hdop>9.50</hdop>
	<extensions>
		<gpxtpx:TrackPointExtension>
			<gpxtpx:course>154.8</gpxtpx:course>
		</gpxtpx:TrackPointExtension>
	</extensions>
</trkpt>
<trkpt lat="-9.0695777" lon="148.2704538">
	<ele>883.91</ele>
	<time>2026-04-18T05:49:45.000Z</time>
	<hdop>9.50</hdop>
	<extensions>
		<gpxtpx:TrackPointExtension>
			<gpxtpx:course>146.0</gpxtpx:course>
		</gpxtpx:TrackPointExtension>
	</extensions>
</trkpt>
<trkpt lat="-9.0697535" lon="148.2704863">
	<ele>883.15</ele>
	<time>2026-04-18T05:49:55.000Z</time>
	<hdop>9.00</hdop>
	<extensions>
		<gpxtpx:TrackPointExtension>
			<gpxtpx:course>142.6</gpxtpx:course>
		</gpxtpx:TrackPointExtension>
	</extensions>
</trkpt>
<trkpt lat="-9.0698311" lon="148.2705356">
	<ele>890.56</ele>
	<time>2026-04-18T05:50:13.000Z</time>
	<hdop>6.50</hdop>
	<extensions>
		<gpxtpx:TrackPointExtension>
			<gpxtpx:course>212.4</gpxtpx:course>
		</gpxtpx:TrackPointExtension>
	</extensions>
</trkpt>
<trkpt lat="-9.0699223" lon="148.2705180">
	<ele>896.56</ele>
	<time>2026-04-18T05:50:36.000Z</time>
	<hdop>6.00</hdop>
	<extensions>
		<gpxtpx:TrackPointExtension>
			<gpxtpx:course>126.4</gpxtpx:course>
		</gpxtpx:TrackPointExtension>
	</extensions>
</trkpt>
<trkpt lat="-9.0700054" lon="148.2705584">
	<ele>903.14</ele>
	<time>2026-04-18T05:55:12.000Z</time>
	<hdop>6.00</hdop>
	<extensions>
		<gpxtpx:TrackPointExtension>
			<gpxtpx:course>147.8</gpxtpx:course>
		</gpxtpx:TrackPointExtension>
	</extensions>
</trkpt>
<trkpt lat="-9.0700749" lon="148.2706227">
	<ele>900.89</ele>
	<time>2026-04-18T05:55:27.000Z</time>
	<hdop>6.50</hdop>
	<extensions>
		<gpxtpx:TrackPointExtension>
			<gpxtpx:course>139.5</gpxtpx:course>
		</gpxtpx:TrackPointExtension>
	</extensions>
</trkpt>
<trkpt lat="-9.0701585" lon="148.2706592">
	<ele>897.90</ele>
	<time>2026-04-18T05:55:40.000Z</time>
	<hdop>6.00</hdop>
	<extensions>
		<gpxtpx:TrackPointExtension>
			<gpxtpx:course>190.2</gpxtpx:course>
		</gpxtpx:TrackPointExtension>
	</extensions>
</trkpt>
<trkpt lat="-9.0701939" lon="148.2707458">
	<ele>894.14</ele>
	<time>2026-04-18T05:55:53.000Z</time>
	<hdop>7.00</hdop>
	<extensions>
		<gpxtpx:TrackPointExtension>
			<gpxtpx:course>124.4</gpxtpx:course>
		</gpxtpx:TrackPointExtension>
	</extensions>
</trkpt>
<trkpt lat="-9.0702423" lon="148.2708229">
	<ele>893.64</ele>
	<time>2026-04-18T05:56:05.000Z</time>
	<hdop>7.00</hdop>
	<extensions>
		<gpxtpx:TrackPointExtension>
			<gpxtpx:course>120.1</gpxtpx:course>
		</gpxtpx:TrackPointExtension>
	</extensions>
</trkpt>
<trkpt lat="-9.0702917" lon="148.2709084">
	<ele>895.89</ele>
	<time>2026-04-18T05:56:16.000Z</time>
	<hdop>8.50</hdop>
	<extensions>
		<gpxtpx:TrackPointExtension>
			<gpxtpx:course>106.6</gpxtpx:course>
		</gpxtpx:TrackPointExtension>
	</extensions>
</trkpt>
<trkpt lat="-9.0703587" lon="148.2709909">
	<ele>895.89</ele>
	<time>2026-04-18T05:56:26.000Z</time>
	<hdop>7.50</hdop>
	<extensions>
		<gpxtpx:TrackPointExtension>
			<gpxtpx:course>182.3</gpxtpx:course>
		</gpxtpx:TrackPointExtension>
	</extensions>
</trkpt>
<trkpt lat="-9.0704704" lon="148.2710724">
	<ele>893.89</ele>
	<time>2026-04-18T05:56:36.000Z</time>
	<hdop>7.00</hdop>
	<extensions>
		<gpxtpx:TrackPointExtension>
			<gpxtpx:course>173.5</gpxtpx:course>
		</gpxtpx:TrackPointExtension>
	</extensions>
</trkpt>
<trkpt lat="-9.0705306" lon="148.2711422">
	<ele>891.89</ele>
	<time>2026-04-18T05:56:46.000Z</time>
	<hdop>8.00</hdop>
	<extensions>
		<gpxtpx:TrackPointExtension>
			<gpxtpx:course>141.0</gpxtpx:course>
		</gpxtpx:TrackPointExtension>
	</extensions>
</trkpt>
<trkpt lat="-9.0706109" lon="148.2711929">
	<ele>889.91</ele>
	<time>2026-04-18T05:56:56.000Z</time>
	<hdop>8.00</hdop>
	<extensions>
		<gpxtpx:TrackPointExtension>
			<gpxtpx:course>161.6</gpxtpx:course>
		</gpxtpx:TrackPointExtension>
	</extensions>
</trkpt>
<trkpt lat="-9.0706878" lon="148.2712430">
	<ele>887.89</ele>
	<time>2026-04-18T05:57:09.000Z</time>
	<hdop>7.50</hdop>
	<extensions>
		<gpxtpx:TrackPointExtension>
			<gpxtpx:course>220.2</gpxtpx:course>
		</gpxtpx:TrackPointExtension>
	</extensions>
</trkpt>
<trkpt lat="-9.0707794" lon="148.2712536">
	<ele>887.95</ele>
	<time>2026-04-18T05:57:32.000Z</time>
	<hdop>7.50</hdop>
	<extensions>
		<gpxtpx:TrackPointExtension>
			<gpxtpx:course>186.0</gpxtpx:course>
		</gpxtpx:TrackPointExtension>
	</extensions>
</trkpt>
<trkpt lat="-9.0708696" lon="148.2712861">
	<ele>886.89</ele>
	<time>2026-04-18T05:57:43.000Z</time>
	<hdop>8.00</hdop>
	<extensions>
		<gpxtpx:TrackPointExtension>
			<gpxtpx:course>192.3</gpxtpx:course>
		</gpxtpx:TrackPointExtension>
	</extensions>
</trkpt>
<trkpt lat="-9.0709672" lon="148.2713130">
	<ele>885.13</ele>
	<time>2026-04-18T05:57:54.000Z</time>
	<hdop>7.50</hdop>
	<extensions>
		<gpxtpx:TrackPointExtension>
			<gpxtpx:course>179.2</gpxtpx:course>
		</gpxtpx:TrackPointExtension>
	</extensions>
</trkpt>
<trkpt lat="-9.0710682" lon="148.2713517">
	<ele>883.64</ele>
	<time>2026-04-18T05:58:04.000Z</time>
	<hdop>7.00</hdop>
	<extensions>
		<gpxtpx:TrackPointExtension>
			<gpxtpx:course>140.1</gpxtpx:course>
		</gpxtpx:TrackPointExtension>
	</extensions>
</trkpt>
<trkpt lat="-9.0711674" lon="148.2713863">
	<ele>882.89</ele>
	<time>2026-04-18T05:58:14.000Z</time>
	<hdop>7.50</hdop>
	<extensions>
		<gpxtpx:TrackPointExtension>
			<gpxtpx:course>131.6</gpxtpx:course>
		</gpxtpx:TrackPointExtension>
	</extensions>
</trkpt>
<trkpt lat="-9.0712676" lon="148.2714146">
	<ele>884.89</ele>
	<time>2026-04-18T05:58:24.000Z</time>
	<hdop>8.00</hdop>
	<extensions>
		<gpxtpx:TrackPointExtension>
			<gpxtpx:course>151.6</gpxtpx:course>
		</gpxtpx:TrackPointExtension>
	</extensions>
</trkpt>
<trkpt lat="-9.0713513" lon="148.2714622">
	<ele>885.94</ele>
	<time>2026-04-18T05:58:35.000Z</time>
	<hdop>8.00</hdop>
	<extensions>
		<gpxtpx:TrackPointExtension>
			<gpxtpx:course>151.0</gpxtpx:course>
		</gpxtpx:TrackPointExtension>
	</extensions>
</trkpt>
<trkpt lat="-9.0714339" lon="148.2715078">
	<ele>888.88</ele>
	<time>2026-04-18T05:58:49.000Z</time>
	<hdop>8.50</hdop>
	<extensions>
		<gpxtpx:TrackPointExtension>
			<gpxtpx:course>184.6</gpxtpx:course>
		</gpxtpx:TrackPointExtension>
	</extensions>
</trkpt>
<trkpt lat="-9.0715082" lon="148.2715804">
	<ele>885.90</ele>
	<time>2026-04-18T05:58:59.000Z</time>
	<hdop>7.50</hdop>
	<extensions>
		<gpxtpx:TrackPointExtension>
			<gpxtpx:course>207.2</gpxtpx:course>
		</gpxtpx:TrackPointExtension>
	</extensions>
</trkpt>
<trkpt lat="-9.0716232" lon="148.2715902">
	<ele>886.89</ele>
	<time>2026-04-18T05:59:09.000Z</time>
	<hdop>7.50</hdop>
	<extensions>
		<gpxtpx:TrackPointExtension>
			<gpxtpx:course>200.1</gpxtpx:course>
		</gpxtpx:TrackPointExtension>
	</extensions>
</trkpt>
<trkpt lat="-9.0717276" lon="148.2715864">
	<ele>885.95</ele>
	<time>2026-04-18T05:59:19.000Z</time>
	<hdop>8.00</hdop>
	<extensions>
		<gpxtpx:TrackPointExtension>
			<gpxtpx:course>177.5</gpxtpx:course>
		</gpxtpx:TrackPointExtension>
	</extensions>
</trkpt>
<trkpt lat="-9.0718146" lon="148.2716124">
	<ele>887.89</ele>
	<time>2026-04-18T05:59:29.000Z</time>
	<hdop>7.00</hdop>
	<extensions>
		<gpxtpx:TrackPointExtension>
			<gpxtpx:course>152.6</gpxtpx:course>
		</gpxtpx:TrackPointExtension>
	</extensions>
</trkpt>
<trkpt lat="-9.0719024" lon="148.2716582">
	<ele>887.89</ele>
	<time>2026-04-18T05:59:42.000Z</time>
	<hdop>8.00</hdop>
	<extensions>
		<gpxtpx:TrackPointExtension>
			<gpxtpx:course>123.5</gpxtpx:course>
		</gpxtpx:TrackPointExtension>
	</extensions>
</trkpt>
<trkpt lat="-9.0719939" lon="148.2716688">
	<ele>885.70</ele>
	<time>2026-04-18T05:59:52.000Z</time>
	<hdop>7.50</hdop>
	<extensions>
		<gpxtpx:TrackPointExtension>
			<gpxtpx:course>178.4</gpxtpx:course>
		</gpxtpx:TrackPointExtension>
	</extensions>
</trkpt>
<trkpt lat="-9.0720871" lon="148.2716767">
	<ele>884.66</ele>
	<time>2026-04-18T06:00:05.000Z</time>
	<hdop>8.00</hdop>
	<extensions>
		<gpxtpx:TrackPointExtension>
			<gpxtpx:course>132.8</gpxtpx:course>
		</gpxtpx:TrackPointExtension>
	</extensions>
</trkpt>
<trkpt lat="-9.0721799" lon="148.2717187">
	<ele>879.89</ele>
	<time>2026-04-18T06:00:19.000Z</time>
	<hdop>8.50</hdop>
	<extensions>
		<gpxtpx:TrackPointExtension>
			<gpxtpx:course>179.7</gpxtpx:course>
		</gpxtpx:TrackPointExtension>
	</extensions>
</trkpt>
<trkpt lat="-9.0722668" lon="148.2717438">
	<ele>878.64</ele>
	<time>2026-04-18T06:00:29.000Z</time>
	<hdop>9.00</hdop>
	<extensions>
		<gpxtpx:TrackPointExtension>
			<gpxtpx:course>183.9</gpxtpx:course>
		</gpxtpx:TrackPointExtension>
	</extensions>
</trkpt>
<trkpt lat="-9.0723883" lon="148.2717746">
	<ele>880.82</ele>
	<time>2026-04-18T06:00:39.000Z</time>
	<hdop>8.00</hdop>
	<extensions>
		<gpxtpx:TrackPointExtension>
			<gpxtpx:course>192.9</gpxtpx:course>
		</gpxtpx:TrackPointExtension>
	</extensions>
</trkpt>
<trkpt lat="-9.0724498" lon="148.2717070">
	<ele>878.90</ele>
	<time>2026-04-18T06:00:50.000Z</time>
	<hdop>7.50</hdop>
	<extensions>
		<gpxtpx:TrackPointExtension>
			<gpxtpx:course>266.2</gpxtpx:course>
		</gpxtpx:TrackPointExtension>
	</extensions>
</trkpt>
<trkpt lat="-9.0725453" lon="148.2717364">
	<ele>879.82</ele>
	<time>2026-04-18T06:01:01.000Z</time>
	<hdop>7.00</hdop>
	<extensions>
		<gpxtpx:TrackPointExtension>
			<gpxtpx:course>113.4</gpxtpx:course>
		</gpxtpx:TrackPointExtension>
	</extensions>
</trkpt>
<trkpt lat="-9.0726141" lon="148.2716578">
	<ele>876.95</ele>
	<time>2026-04-18T06:01:11.000Z</time>
	<hdop>8.50</hdop>
	<extensions>
		<gpxtpx:TrackPointExtension>
			<gpxtpx:course>248.8</gpxtpx:course>
		</gpxtpx:TrackPointExtension>
	</extensions>
</trkpt>
<trkpt lat="-9.0727029" lon="148.2716840">
	<ele>875.14</ele>
	<time>2026-04-18T06:01:23.000Z</time>
	<hdop>8.50</hdop>
	<extensions>
		<gpxtpx:TrackPointExtension>
			<gpxtpx:course>225.8</gpxtpx:course>
		</gpxtpx:TrackPointExtension>
	</extensions>
</trkpt>
<trkpt lat="-9.0727943" lon="148.2716719">
	<ele>873.94</ele>
	<time>2026-04-18T06:01:37.000Z</time>
	<hdop>7.50</hdop>
	<extensions>
		<gpxtpx:TrackPointExtension>
			<gpxtpx:course>110.4</gpxtpx:course>
		</gpxtpx:TrackPointExtension>
	</extensions>
</trkpt>
<trkpt lat="-9.0729431" lon="148.2716497">
	<ele>874.82</ele>
	<time>2026-04-18T06:01:47.000Z</time>
	<hdop>7.00</hdop>
	<extensions>
		<gpxtpx:TrackPointExtension>
			<gpxtpx:course>177.7</gpxtpx:course>
		</gpxtpx:TrackPointExtension>
	</extensions>
</trkpt>
<trkpt lat="-9.0730521" lon="148.2716286">
	<ele>873.88</ele>
	<time>2026-04-18T06:01:57.000Z</time>
	<hdop>6.50</hdop>
	<extensions>
		<gpxtpx:TrackPointExtension>
			<gpxtpx:course>189.1</gpxtpx:course>
		</gpxtpx:TrackPointExtension>
	</extensions>
</trkpt>
<trkpt lat="-9.0731565" lon="148.2716321">
	<ele>877.88</ele>
	<time>2026-04-18T06:02:08.000Z</time>
	<hdop>7.00</hdop>
	<extensions>
		<gpxtpx:TrackPointExtension>
			<gpxtpx:course>162.1</gpxtpx:course>
		</gpxtpx:TrackPointExtension>
	</extensions>
</trkpt>
<trkpt lat="-9.0732507" lon="148.2716566">
	<ele>874.89</ele>
	<time>2026-04-18T06:02:18.000Z</time>
	<hdop>7.00</hdop>
	<extensions>
		<gpxtpx:TrackPointExtension>
			<gpxtpx:course>106.7</gpxtpx:course>
		</gpxtpx:TrackPointExtension>
	</extensions>
</trkpt>
<trkpt lat="-9.0733529" lon="148.2716579">
	<ele>875.88</ele>
	<time>2026-04-18T06:02:31.000Z</time>
	<hdop>7.00</hdop>
	<extensions>
		<gpxtpx:TrackPointExtension>
			<gpxtpx:course>175.1</gpxtpx:course>
		</gpxtpx:TrackPointExtension>
	</extensions>
</trkpt>
<trkpt lat="-9.0734379" lon="148.2717098">
	<ele>876.88</ele>
	<time>2026-04-18T06:02:42.000Z</time>
	<hdop>7.50</hdop>
	<extensions>
		<gpxtpx:TrackPointExtension>
			<gpxtpx:course>125.7</gpxtpx:course>
		</gpxtpx:TrackPointExtension>
	</extensions>
</trkpt>
<trkpt lat="-9.0735402" lon="148.2717493">
	<ele>874.89</ele>
	<time>2026-04-18T06:02:52.000Z</time>
	<hdop>5.50</hdop>
	<extensions>
		<gpxtpx:TrackPointExtension>
			<gpxtpx:course>189.2</gpxtpx:course>
		</gpxtpx:TrackPointExtension>
	</extensions>
</trkpt>
<trkpt lat="-9.0736332" lon="148.2718387">
	<ele>874.90</ele>
	<time>2026-04-18T06:03:02.000Z</time>
	<hdop>6.50</hdop>
	<extensions>
		<gpxtpx:TrackPointExtension>
			<gpxtpx:course>142.8</gpxtpx:course>
		</gpxtpx:TrackPointExtension>
	</extensions>
</trkpt>
<trkpt lat="-9.0737134" lon="148.2718838">
	<ele>874.13</ele>
	<time>2026-04-18T06:03:14.000Z</time>
	<hdop>6.50</hdop>
	<extensions>
		<gpxtpx:TrackPointExtension>
			<gpxtpx:course>145.3</gpxtpx:course>
		</gpxtpx:TrackPointExtension>
	</extensions>
</trkpt>
<trkpt lat="-9.0737962" lon="148.2719260">
	<ele>869.95</ele>
	<time>2026-04-18T06:03:26.000Z</time>
	<hdop>6.50</hdop>
	<extensions>
		<gpxtpx:TrackPointExtension>
			<gpxtpx:course>159.7</gpxtpx:course>
		</gpxtpx:TrackPointExtension>
	</extensions>
</trkpt>
<trkpt lat="-9.0739150" lon="148.2719683">
	<ele>866.93</ele>
	<time>2026-04-18T06:03:36.000Z</time>
	<hdop>7.00</hdop>
	<extensions>
		<gpxtpx:TrackPointExtension>
			<gpxtpx:course>115.8</gpxtpx:course>
		</gpxtpx:TrackPointExtension>
	</extensions>
</trkpt>
<trkpt lat="-9.0740540" lon="148.2720040">
	<ele>870.87</ele>
	<time>2026-04-18T06:03:46.000Z</time>
	<hdop>6.00</hdop>
	<extensions>
		<gpxtpx:TrackPointExtension>
			<gpxtpx:course>153.0</gpxtpx:course>
		</gpxtpx:TrackPointExtension>
	</extensions>
</trkpt>
<trkpt lat="-9.0741843" lon="148.2720804">
	<ele>872.86</ele>
	<time>2026-04-18T06:03:56.000Z</time>
	<hdop>5.50</hdop>
	<extensions>
		<gpxtpx:TrackPointExtension>
			<gpxtpx:course>140.1</gpxtpx:course>
		</gpxtpx:TrackPointExtension>
	</extensions>
</trkpt>
<trkpt lat="-9.0742798" lon="148.2721279">
	<ele>876.87</ele>
	<time>2026-04-18T06:04:06.000Z</time>
	<hdop>4.00</hdop>
	<extensions>
		<gpxtpx:TrackPointExtension>
			<gpxtpx:course>167.2</gpxtpx:course>
		</gpxtpx:TrackPointExtension>
	</extensions>
</trkpt>
<trkpt lat="-9.0743862" lon="148.2721785">
	<ele>882.87</ele>
	<time>2026-04-18T06:04:16.000Z</time>
	<hdop>4.50</hdop>
	<extensions>
		<gpxtpx:TrackPointExtension>
			<gpxtpx:course>171.6</gpxtpx:course>
		</gpxtpx:TrackPointExtension>
	</extensions>
</trkpt>
<trkpt lat="-9.0744811" lon="148.2721930">
	<ele>884.82</ele>
	<time>2026-04-18T06:04:29.000Z</time>
	<hdop>5.00</hdop>
	<extensions>
		<gpxtpx:TrackPointExtension>
			<gpxtpx:course>140.9</gpxtpx:course>
		</gpxtpx:TrackPointExtension>
	</extensions>
</trkpt>
<trkpt lat="-9.0745671" lon="148.2722343">
	<ele>885.57</ele>
	<time>2026-04-18T06:04:41.000Z</time>
	<hdop>5.50</hdop>
	<extensions>
		<gpxtpx:TrackPointExtension>
			<gpxtpx:course>165.8</gpxtpx:course>
		</gpxtpx:TrackPointExtension>
	</extensions>
</trkpt>
<trkpt lat="-9.0746590" lon="148.2722553">
	<ele>886.82</ele>
	<time>2026-04-18T06:04:54.000Z</time>
	<hdop>5.50</hdop>
	<extensions>
		<gpxtpx:TrackPointExtension>
			<gpxtpx:course>164.4</gpxtpx:course>
		</gpxtpx:TrackPointExtension>
	</extensions>
</trkpt>
<trkpt lat="-9.0747450" lon="148.2722904">
	<ele>886.88</ele>
	<time>2026-04-18T06:05:07.000Z</time>
	<hdop>4.50</hdop>
	<extensions>
		<gpxtpx:TrackPointExtension>
			<gpxtpx:course>169.7</gpxtpx:course>
		</gpxtpx:TrackPointExtension>
	</extensions>
</trkpt>
<trkpt lat="-9.0748382" lon="148.2723027">
	<ele>889.63</ele>
	<time>2026-04-18T06:05:49.000Z</time>
	<hdop>4.50</hdop>
	<extensions>
		<gpxtpx:TrackPointExtension>
			<gpxtpx:course>180.1</gpxtpx:course>
		</gpxtpx:TrackPointExtension>
	</extensions>
</trkpt>
<trkpt lat="-9.0749249" lon="148.2722580">
	<ele>889.88</ele>
	<time>2026-04-18T06:06:01.000Z</time>
	<hdop>4.50</hdop>
	<extensions>
		<gpxtpx:TrackPointExtension>
			<gpxtpx:course>245.1</gpxtpx:course>
		</gpxtpx:TrackPointExtension>
	</extensions>
</trkpt>
<trkpt lat="-9.0749865" lon="148.2721895">
	<ele>891.88</ele>
	<time>2026-04-18T06:06:12.000Z</time>
	<hdop>5.00</hdop>
	<extensions>
		<gpxtpx:TrackPointExtension>
			<gpxtpx:course>218.8</gpxtpx:course>
		</gpxtpx:TrackPointExtension>
	</extensions>
</trkpt>
<trkpt lat="-9.0750832" lon="148.2721843">
	<ele>892.80</ele>
	<time>2026-04-18T06:06:24.000Z</time>
	<hdop>4.50</hdop>
	<extensions>
		<gpxtpx:TrackPointExtension>
			<gpxtpx:course>150.3</gpxtpx:course>
		</gpxtpx:TrackPointExtension>
	</extensions>
</trkpt>
<trkpt lat="-9.0751743" lon="148.2721843">
	<ele>892.88</ele>
	<time>2026-04-18T06:06:37.000Z</time>
	<hdop>4.50</hdop>
	<extensions>
		<gpxtpx:TrackPointExtension>
			<gpxtpx:course>164.9</gpxtpx:course>
		</gpxtpx:TrackPointExtension>
	</extensions>
</trkpt>
<trkpt lat="-9.0752624" lon="148.2721461">
	<ele>889.95</ele>
	<time>2026-04-18T06:06:49.000Z</time>
	<hdop>4.50</hdop>
	<extensions>
		<gpxtpx:TrackPointExtension>
			<gpxtpx:course>220.3</gpxtpx:course>
		</gpxtpx:TrackPointExtension>
	</extensions>
</trkpt>
<trkpt lat="-9.0753482" lon="148.2721801">
	<ele>885.90</ele>
	<time>2026-04-18T06:06:59.000Z</time>
	<hdop>4.50</hdop>
	<extensions>
		<gpxtpx:TrackPointExtension>
			<gpxtpx:course>126.1</gpxtpx:course>
		</gpxtpx:TrackPointExtension>
	</extensions>
</trkpt>
<trkpt lat="-9.0754422" lon="148.2722030">
	<ele>883.88</ele>
	<time>2026-04-18T06:07:11.000Z</time>
	<hdop>4.50</hdop>
	<extensions>
		<gpxtpx:TrackPointExtension>
			<gpxtpx:course>129.9</gpxtpx:course>
		</gpxtpx:TrackPointExtension>
	</extensions>
</trkpt>
<trkpt lat="-9.0755620" lon="148.2722196">
	<ele>882.88</ele>
	<time>2026-04-18T06:07:21.000Z</time>
	<hdop>5.00</hdop>
	<extensions>
		<gpxtpx:TrackPointExtension>
			<gpxtpx:course>207.1</gpxtpx:course>
		</gpxtpx:TrackPointExtension>
	</extensions>
</trkpt>
<trkpt lat="-9.0756701" lon="148.2722508">
	<ele>882.94</ele>
	<time>2026-04-18T06:07:31.000Z</time>
	<hdop>5.00</hdop>
	<extensions>
		<gpxtpx:TrackPointExtension>
			<gpxtpx:course>142.4</gpxtpx:course>
		</gpxtpx:TrackPointExtension>
	</extensions>
</trkpt>
<trkpt lat="-9.0757642" lon="148.2723001">
	<ele>882.93</ele>
	<time>2026-04-18T06:07:41.000Z</time>
	<hdop>5.00</hdop>
	<extensions>
		<gpxtpx:TrackPointExtension>
			<gpxtpx:course>153.6</gpxtpx:course>
		</gpxtpx:TrackPointExtension>
	</extensions>
</trkpt>
<trkpt lat="-9.0758490" lon="148.2723838">
	<ele>883.63</ele>
	<time>2026-04-18T06:07:51.000Z</time>
	<hdop>4.50</hdop>
	<extensions>
		<gpxtpx:TrackPointExtension>
			<gpxtpx:course>136.1</gpxtpx:course>
		</gpxtpx:TrackPointExtension>
	</extensions>
</trkpt>
<trkpt lat="-9.0759213" lon="148.2724630">
	<ele>883.69</ele>
	<time>2026-04-18T06:08:01.000Z</time>
	<hdop>4.50</hdop>
	<extensions>
		<gpxtpx:TrackPointExtension>
			<gpxtpx:course>127.9</gpxtpx:course>
		</gpxtpx:TrackPointExtension>
	</extensions>
</trkpt>
<trkpt lat="-9.0759614" lon="148.2725480">
	<ele>881.68</ele>
	<time>2026-04-18T06:08:14.000Z</time>
	<hdop>3.50</hdop>
	<extensions>
		<gpxtpx:TrackPointExtension>
			<gpxtpx:course>84.8</gpxtpx:course>
		</gpxtpx:TrackPointExtension>
	</extensions>
</trkpt>
<trkpt lat="-9.0760414" lon="148.2726053">
	<ele>879.86</ele>
	<time>2026-04-18T06:08:27.000Z</time>
	<hdop>3.50</hdop>
	<extensions>
		<gpxtpx:TrackPointExtension>
			<gpxtpx:course>125.2</gpxtpx:course>
		</gpxtpx:TrackPointExtension>
	</extensions>
</trkpt>
<trkpt lat="-9.0760910" lon="148.2726847">
	<ele>877.69</ele>
	<time>2026-04-18T06:08:41.000Z</time>
	<hdop>3.50</hdop>
	<extensions>
		<gpxtpx:TrackPointExtension>
			<gpxtpx:course>131.1</gpxtpx:course>
		</gpxtpx:TrackPointExtension>
	</extensions>
</trkpt>
<trkpt lat="-9.0761432" lon="148.2727670">
	<ele>876.13</ele>
	<time>2026-04-18T06:09:01.000Z</time>
	<hdop>3.50</hdop>
	<extensions>
		<gpxtpx:TrackPointExtension>
			<gpxtpx:course>115.8</gpxtpx:course>
		</gpxtpx:TrackPointExtension>
	</extensions>
</trkpt>
<trkpt lat="-9.0761594" lon="148.2728675">
	<ele>871.94</ele>
	<time>2026-04-18T06:09:13.000Z</time>
	<hdop>4.00</hdop>
	<extensions>
		<gpxtpx:TrackPointExtension>
			<gpxtpx:course>110.0</gpxtpx:course>
		</gpxtpx:TrackPointExtension>
	</extensions>
</trkpt>
<trkpt lat="-9.0762235" lon="148.2729541">
	<ele>870.94</ele>
	<time>2026-04-18T06:09:23.000Z</time>
	<hdop>4.50</hdop>
	<extensions>
		<gpxtpx:TrackPointExtension>
			<gpxtpx:course>139.4</gpxtpx:course>
		</gpxtpx:TrackPointExtension>
	</extensions>
</trkpt>
<trkpt lat="-9.0763182" lon="148.2730018">
	<ele>869.21</ele>
	<time>2026-04-18T06:09:33.000Z</time>
	<hdop>4.50</hdop>
	<extensions>
		<gpxtpx:TrackPointExtension>
			<gpxtpx:course>182.7</gpxtpx:course>
		</gpxtpx:TrackPointExtension>
	</extensions>
</trkpt>
<trkpt lat="-9.0764082" lon="148.2730459">
	<ele>868.88</ele>
	<time>2026-04-18T06:09:43.000Z</time>
	<hdop>4.00</hdop>
	<extensions>
		<gpxtpx:TrackPointExtension>
			<gpxtpx:course>165.1</gpxtpx:course>
		</gpxtpx:TrackPointExtension>
	</extensions>
</trkpt>
<trkpt lat="-9.0765022" lon="148.2730237">
	<ele>865.93</ele>
	<time>2026-04-18T06:09:58.000Z</time>
	<hdop>3.50</hdop>
	<extensions>
		<gpxtpx:TrackPointExtension>
			<gpxtpx:course>219.8</gpxtpx:course>
		</gpxtpx:TrackPointExtension>
	</extensions>
</trkpt>
<trkpt lat="-9.0765975" lon="148.2730069">
	<ele>863.90</ele>
	<time>2026-04-18T06:10:08.000Z</time>
	<hdop>4.50</hdop>
	<extensions>
		<gpxtpx:TrackPointExtension>
			<gpxtpx:course>171.1</gpxtpx:course>
		</gpxtpx:TrackPointExtension>
	</extensions>
</trkpt>
<trkpt lat="-9.0767140" lon="148.2729770">
	<ele>864.87</ele>
	<time>2026-04-18T06:10:18.000Z</time>
	<hdop>4.50</hdop>
	<extensions>
		<gpxtpx:TrackPointExtension>
			<gpxtpx:course>195.7</gpxtpx:course>
		</gpxtpx:TrackPointExtension>
	</extensions>
</trkpt>
<trkpt lat="-9.0768261" lon="148.2729676">
	<ele>865.81</ele>
	<time>2026-04-18T06:10:28.000Z</time>
	<hdop>4.50</hdop>
	<extensions>
		<gpxtpx:TrackPointExtension>
			<gpxtpx:course>210.1</gpxtpx:course>
		</gpxtpx:TrackPointExtension>
	</extensions>
</trkpt>
<trkpt lat="-9.0769311" lon="148.2729968">
	<ele>864.88</ele>
	<time>2026-04-18T06:10:38.000Z</time>
	<hdop>5.00</hdop>
	<extensions>
		<gpxtpx:TrackPointExtension>
			<gpxtpx:course>141.1</gpxtpx:course>
		</gpxtpx:TrackPointExtension>
	</extensions>
</trkpt>
<trkpt lat="-9.0770301" lon="148.2730511">
	<ele>863.88</ele>
	<time>2026-04-18T06:10:48.000Z</time>
	<hdop>4.50</hdop>
	<extensions>
		<gpxtpx:TrackPointExtension>
			<gpxtpx:course>152.0</gpxtpx:course>
		</gpxtpx:TrackPointExtension>
	</extensions>
</trkpt>
<trkpt lat="-9.0771327" lon="148.2730952">
	<ele>864.68</ele>
	<time>2026-04-18T06:10:58.000Z</time>
	<hdop>4.00</hdop>
	<extensions>
		<gpxtpx:TrackPointExtension>
			<gpxtpx:course>160.3</gpxtpx:course>
		</gpxtpx:TrackPointExtension>
	</extensions>
</trkpt>
<trkpt lat="-9.0772175" lon="148.2731442">
	<ele>863.88</ele>
	<time>2026-04-18T06:11:09.000Z</time>
	<hdop>5.00</hdop>
	<extensions>
		<gpxtpx:TrackPointExtension>
			<gpxtpx:course>139.5</gpxtpx:course>
		</gpxtpx:TrackPointExtension>
	</extensions>
</trkpt>
<trkpt lat="-9.0773060" lon="148.2731810">
	<ele>863.87</ele>
	<time>2026-04-18T06:11:19.000Z</time>
	<hdop>4.50</hdop>
	<extensions>
		<gpxtpx:TrackPointExtension>
			<gpxtpx:course>180.8</gpxtpx:course>
		</gpxtpx:TrackPointExtension>
	</extensions>
</trkpt>
<trkpt lat="-9.0774029" lon="148.2731727">
	<ele>865.82</ele>
	<time>2026-04-18T06:11:29.000Z</time>
	<hdop>4.50</hdop>
	<extensions>
		<gpxtpx:TrackPointExtension>
			<gpxtpx:course>179.9</gpxtpx:course>
		</gpxtpx:TrackPointExtension>
	</extensions>
</trkpt>
<trkpt lat="-9.0775061" lon="148.2731632">
	<ele>866.87</ele>
	<time>2026-04-18T06:11:39.000Z</time>
	<hdop>4.50</hdop>
	<extensions>
		<gpxtpx:TrackPointExtension>
			<gpxtpx:course>193.3</gpxtpx:course>
		</gpxtpx:TrackPointExtension>
	</extensions>
</trkpt>
<trkpt lat="-9.0776158" lon="148.2731507">
	<ele>864.88</ele>
	<time>2026-04-18T06:11:49.000Z</time>
	<hdop>4.50</hdop>
	<extensions>
		<gpxtpx:TrackPointExtension>
			<gpxtpx:course>158.4</gpxtpx:course>
		</gpxtpx:TrackPointExtension>
	</extensions>
</trkpt>
<trkpt lat="-9.0777156" lon="148.2731417">
	<ele>865.88</ele>
	<time>2026-04-18T06:11:59.000Z</time>
	<hdop>4.50</hdop>
	<extensions>
		<gpxtpx:TrackPointExtension>
			<gpxtpx:course>193.9</gpxtpx:course>
		</gpxtpx:TrackPointExtension>
	</extensions>
</trkpt>
<trkpt lat="-9.0778176" lon="148.2731202">
	<ele>865.07</ele>
	<time>2026-04-18T06:12:09.000Z</time>
	<hdop>4.50</hdop>
	<extensions>
		<gpxtpx:TrackPointExtension>
			<gpxtpx:course>186.8</gpxtpx:course>
		</gpxtpx:TrackPointExtension>
	</extensions>
</trkpt>
<trkpt lat="-9.0779308" lon="148.2731252">
	<ele>865.13</ele>
	<time>2026-04-18T06:12:19.000Z</time>
	<hdop>4.50</hdop>
	<extensions>
		<gpxtpx:TrackPointExtension>
			<gpxtpx:course>167.8</gpxtpx:course>
		</gpxtpx:TrackPointExtension>
	</extensions>
</trkpt>
<trkpt lat="-9.0780291" lon="148.2731344">
	<ele>861.90</ele>
	<time>2026-04-18T06:12:32.000Z</time>
	<hdop>4.50</hdop>
	<extensions>
		<gpxtpx:TrackPointExtension>
			<gpxtpx:course>158.2</gpxtpx:course>
		</gpxtpx:TrackPointExtension>
	</extensions>
</trkpt>
<trkpt lat="-9.0781192" lon="148.2731775">
	<ele>860.88</ele>
	<time>2026-04-18T06:12:42.000Z</time>
	<hdop>5.50</hdop>
	<extensions>
		<gpxtpx:TrackPointExtension>
			<gpxtpx:course>168.1</gpxtpx:course>
		</gpxtpx:TrackPointExtension>
	</extensions>
</trkpt>
<trkpt lat="-9.0782094" lon="148.2731516">
	<ele>862.81</ele>
	<time>2026-04-18T06:12:55.000Z</time>
	<hdop>4.50</hdop>
	<extensions>
		<gpxtpx:TrackPointExtension>
			<gpxtpx:course>201.3</gpxtpx:course>
		</gpxtpx:TrackPointExtension>
	</extensions>
</trkpt>
<trkpt lat="-9.0783037" lon="148.2731510">
	<ele>861.86</ele>
	<time>2026-04-18T06:13:07.000Z</time>
	<hdop>4.50</hdop>
	<extensions>
		<gpxtpx:TrackPointExtension>
			<gpxtpx:course>190.5</gpxtpx:course>
		</gpxtpx:TrackPointExtension>
	</extensions>
</trkpt>
<trkpt lat="-9.0783915" lon="148.2731119">
	<ele>859.89</ele>
	<time>2026-04-18T06:13:22.000Z</time>
	<hdop>4.00</hdop>
	<extensions>
		<gpxtpx:TrackPointExtension>
			<gpxtpx:course>245.9</gpxtpx:course>
		</gpxtpx:TrackPointExtension>
	</extensions>
</trkpt>
<trkpt lat="-9.0784875" lon="148.2730876">
	<ele>857.87</ele>
	<time>2026-04-18T06:13:34.000Z</time>
	<hdop>4.50</hdop>
	<extensions>
		<gpxtpx:TrackPointExtension>
			<gpxtpx:course>191.6</gpxtpx:course>
		</gpxtpx:TrackPointExtension>
	</extensions>
</trkpt>
<trkpt lat="-9.0785982" lon="148.2730665">
	<ele>858.92</ele>
	<time>2026-04-18T06:13:44.000Z</time>
	<hdop>4.50</hdop>
	<extensions>
		<gpxtpx:TrackPointExtension>
			<gpxtpx:course>175.7</gpxtpx:course>
		</gpxtpx:TrackPointExtension>
	</extensions>
</trkpt>
<trkpt lat="-9.0786985" lon="148.2730684">
	<ele>859.69</ele>
	<time>2026-04-18T06:13:55.000Z</time>
	<hdop>4.50</hdop>
	<extensions>
		<gpxtpx:TrackPointExtension>
			<gpxtpx:course>161.2</gpxtpx:course>
		</gpxtpx:TrackPointExtension>
	</extensions>
</trkpt>
<trkpt lat="-9.0787918" lon="148.2730924">
	<ele>858.94</ele>
	<time>2026-04-18T06:14:06.000Z</time>
	<hdop>4.50</hdop>
	<extensions>
		<gpxtpx:TrackPointExtension>
			<gpxtpx:course>167.8</gpxtpx:course>
		</gpxtpx:TrackPointExtension>
	</extensions>
</trkpt>
<trkpt lat="-9.0788800" lon="148.2730531">
	<ele>857.86</ele>
	<time>2026-04-18T06:14:17.000Z</time>
	<hdop>5.00</hdop>
	<extensions>
		<gpxtpx:TrackPointExtension>
			<gpxtpx:course>202.9</gpxtpx:course>
		</gpxtpx:TrackPointExtension>
	</extensions>
</trkpt>
<trkpt lat="-9.0789764" lon="148.2730583">
	<ele>857.83</ele>
	<time>2026-04-18T06:14:27.000Z</time>
	<hdop>5.00</hdop>
	<extensions>
		<gpxtpx:TrackPointExtension>
			<gpxtpx:course>178.2</gpxtpx:course>
		</gpxtpx:TrackPointExtension>
	</extensions>
</trkpt>
<trkpt lat="-9.0790650" lon="148.2730804">
	<ele>856.87</ele>
	<time>2026-04-18T06:14:38.000Z</time>
	<hdop>4.50</hdop>
	<extensions>
		<gpxtpx:TrackPointExtension>
			<gpxtpx:course>140.9</gpxtpx:course>
		</gpxtpx:TrackPointExtension>
	</extensions>
</trkpt>
<trkpt lat="-9.0791379" lon="148.2731410">
	<ele>855.12</ele>
	<time>2026-04-18T06:14:49.000Z</time>
	<hdop>5.00</hdop>
	<extensions>
		<gpxtpx:TrackPointExtension>
			<gpxtpx:course>141.7</gpxtpx:course>
		</gpxtpx:TrackPointExtension>
	</extensions>
</trkpt>
<trkpt lat="-9.0792468" lon="148.2731797">
	<ele>856.11</ele>
	<time>2026-04-18T06:14:59.000Z</time>
	<hdop>4.50</hdop>
	<extensions>
		<gpxtpx:TrackPointExtension>
			<gpxtpx:course>150.1</gpxtpx:course>
		</gpxtpx:TrackPointExtension>
	</extensions>
</trkpt>
<trkpt lat="-9.0793447" lon="148.2732216">
	<ele>858.04</ele>
	<time>2026-04-18T06:15:09.000Z</time>
	<hdop>5.00</hdop>
	<extensions>
		<gpxtpx:TrackPointExtension>
			<gpxtpx:course>133.7</gpxtpx:course>
		</gpxtpx:TrackPointExtension>
	</extensions>
</trkpt>
<trkpt lat="-9.0794334" lon="148.2732511">
	<ele>856.87</ele>
	<time>2026-04-18T06:15:19.000Z</time>
	<hdop>4.50</hdop>
	<extensions>
		<gpxtpx:TrackPointExtension>
			<gpxtpx:course>184.6</gpxtpx:course>
		</gpxtpx:TrackPointExtension>
	</extensions>
</trkpt>
<trkpt lat="-9.0795242" lon="148.2732646">
	<ele>858.62</ele>
	<time>2026-04-18T06:15:29.000Z</time>
	<hdop>4.00</hdop>
	<extensions>
		<gpxtpx:TrackPointExtension>
			<gpxtpx:course>161.8</gpxtpx:course>
		</gpxtpx:TrackPointExtension>
	</extensions>
</trkpt>
<trkpt lat="-9.0795889" lon="148.2733302">
	<ele>858.62</ele>
	<time>2026-04-18T06:15:42.000Z</time>
	<hdop>4.50</hdop>
	<extensions>
		<gpxtpx:TrackPointExtension>
			<gpxtpx:course>150.4</gpxtpx:course>
		</gpxtpx:TrackPointExtension>
	</extensions>
</trkpt>
<trkpt lat="-9.0796814" lon="148.2733557">
	<ele>858.12</ele>
	<time>2026-04-18T06:16:00.000Z</time>
	<hdop>4.50</hdop>
	<extensions>
		<gpxtpx:TrackPointExtension>
			<gpxtpx:course>177.5</gpxtpx:course>
		</gpxtpx:TrackPointExtension>
	</extensions>
</trkpt>
<trkpt lat="-9.0797748" lon="148.2733670">
	<ele>858.87</ele>
	<time>2026-04-18T06:16:10.000Z</time>
	<hdop>4.50</hdop>
	<extensions>
		<gpxtpx:TrackPointExtension>
			<gpxtpx:course>148.0</gpxtpx:course>
		</gpxtpx:TrackPointExtension>
	</extensions>
</trkpt>
<trkpt lat="-9.0799142" lon="148.2733799">
	<ele>858.87</ele>
	<time>2026-04-18T06:16:20.000Z</time>
	<hdop>4.50</hdop>
	<extensions>
		<gpxtpx:TrackPointExtension>
			<gpxtpx:course>174.1</gpxtpx:course>
		</gpxtpx:TrackPointExtension>
	</extensions>
</trkpt>
<trkpt lat="-9.0800195" lon="148.2733958">
	<ele>858.93</ele>
	<time>2026-04-18T06:16:30.000Z</time>
	<hdop>4.00</hdop>
	<extensions>
		<gpxtpx:TrackPointExtension>
			<gpxtpx:course>169.0</gpxtpx:course>
		</gpxtpx:TrackPointExtension>
	</extensions>
</trkpt>
<trkpt lat="-9.0801217" lon="148.2733807">
	<ele>859.87</ele>
	<time>2026-04-18T06:16:40.000Z</time>
	<hdop>3.50</hdop>
	<extensions>
		<gpxtpx:TrackPointExtension>
			<gpxtpx:course>188.0</gpxtpx:course>
		</gpxtpx:TrackPointExtension>
	</extensions>
</trkpt>
<trkpt lat="-9.0802134" lon="148.2733861">
	<ele>861.93</ele>
	<time>2026-04-18T06:16:51.000Z</time>
	<hdop>4.50</hdop>
	<extensions>
		<gpxtpx:TrackPointExtension>
			<gpxtpx:course>138.0</gpxtpx:course>
		</gpxtpx:TrackPointExtension>
	</extensions>
</trkpt>
<trkpt lat="-9.0803053" lon="148.2734025">
	<ele>861.82</ele>
	<time>2026-04-18T06:17:02.000Z</time>
	<hdop>5.00</hdop>
	<extensions>
		<gpxtpx:TrackPointExtension>
			<gpxtpx:course>174.1</gpxtpx:course>
		</gpxtpx:TrackPointExtension>
	</extensions>
</trkpt>
<trkpt lat="-9.0804299" lon="148.2734216">
	<ele>862.56</ele>
	<time>2026-04-18T06:17:12.000Z</time>
	<hdop>5.00</hdop>
	<extensions>
		<gpxtpx:TrackPointExtension>
			<gpxtpx:course>194.0</gpxtpx:course>
		</gpxtpx:TrackPointExtension>
	</extensions>
</trkpt>
<trkpt lat="-9.0805266" lon="148.2734175">
	<ele>861.93</ele>
	<time>2026-04-18T06:17:22.000Z</time>
	<hdop>4.50</hdop>
	<extensions>
		<gpxtpx:TrackPointExtension>
			<gpxtpx:course>177.7</gpxtpx:course>
		</gpxtpx:TrackPointExtension>
	</extensions>
</trkpt>
<trkpt lat="-9.0806218" lon="148.2734131">
	<ele>858.89</ele>
	<time>2026-04-18T06:17:32.000Z</time>
	<hdop>4.50</hdop>
	<extensions>
		<gpxtpx:TrackPointExtension>
			<gpxtpx:course>194.8</gpxtpx:course>
		</gpxtpx:TrackPointExtension>
	</extensions>
</trkpt>
<trkpt lat="-9.0807148" lon="148.2733742">
	<ele>857.87</ele>
	<time>2026-04-18T06:17:42.000Z</time>
	<hdop>4.50</hdop>
	<extensions>
		<gpxtpx:TrackPointExtension>
			<gpxtpx:course>230.9</gpxtpx:course>
		</gpxtpx:TrackPointExtension>
	</extensions>
</trkpt>
<trkpt lat="-9.0808090" lon="148.2733386">
	<ele>857.87</ele>
	<time>2026-04-18T06:17:54.000Z</time>
	<hdop>5.00</hdop>
	<extensions>
		<gpxtpx:TrackPointExtension>
			<gpxtpx:course>185.7</gpxtpx:course>
		</gpxtpx:TrackPointExtension>
	</extensions>
</trkpt>
<trkpt lat="-9.0809006" lon="148.2733394">
	<ele>856.13</ele>
	<time>2026-04-18T06:18:05.000Z</time>
	<hdop>5.00</hdop>
	<extensions>
		<gpxtpx:TrackPointExtension>
			<gpxtpx:course>178.1</gpxtpx:course>
		</gpxtpx:TrackPointExtension>
	</extensions>
</trkpt>
<trkpt lat="-9.0810097" lon="148.2733474">
	<ele>853.87</ele>
	<time>2026-04-18T06:18:15.000Z</time>
	<hdop>4.50</hdop>
	<extensions>
		<gpxtpx:TrackPointExtension>
			<gpxtpx:course>165.0</gpxtpx:course>
		</gpxtpx:TrackPointExtension>
	</extensions>
</trkpt>
<trkpt lat="-9.0811352" lon="148.2733775">
	<ele>853.13</ele>
	<time>2026-04-18T06:18:25.000Z</time>
	<hdop>5.00</hdop>
	<extensions>
		<gpxtpx:TrackPointExtension>
			<gpxtpx:course>162.0</gpxtpx:course>
		</gpxtpx:TrackPointExtension>
	</extensions>
</trkpt>
<trkpt lat="-9.0812302" lon="148.2733802">
	<ele>852.12</ele>
	<time>2026-04-18T06:18:39.000Z</time>
	<hdop>5.00</hdop>
	<extensions>
		<gpxtpx:TrackPointExtension>
			<gpxtpx:course>136.7</gpxtpx:course>
		</gpxtpx:TrackPointExtension>
	</extensions>
</trkpt>
<trkpt lat="-9.0813343" lon="148.2734130">
	<ele>851.87</ele>
	<time>2026-04-18T06:18:49.000Z</time>
	<hdop>5.50</hdop>
	<extensions>
		<gpxtpx:TrackPointExtension>
			<gpxtpx:course>192.6</gpxtpx:course>
		</gpxtpx:TrackPointExtension>
	</extensions>
</trkpt>
<trkpt lat="-9.0814265" lon="148.2734479">
	<ele>851.87</ele>
	<time>2026-04-18T06:18:59.000Z</time>
	<hdop>5.50</hdop>
	<extensions>
		<gpxtpx:TrackPointExtension>
			<gpxtpx:course>170.0</gpxtpx:course>
		</gpxtpx:TrackPointExtension>
	</extensions>
</trkpt>
<trkpt lat="-9.0815219" lon="148.2734233">
	<ele>852.55</ele>
	<time>2026-04-18T06:19:10.000Z</time>
	<hdop>5.00</hdop>
	<extensions>
		<gpxtpx:TrackPointExtension>
			<gpxtpx:course>206.9</gpxtpx:course>
		</gpxtpx:TrackPointExtension>
	</extensions>
</trkpt>
<trkpt lat="-9.0816140" lon="148.2734081">
	<ele>853.87</ele>
	<time>2026-04-18T06:19:25.000Z</time>
	<hdop>5.00</hdop>
	<extensions>
		<gpxtpx:TrackPointExtension>
			<gpxtpx:course>183.4</gpxtpx:course>
		</gpxtpx:TrackPointExtension>
	</extensions>
</trkpt>
<trkpt lat="-9.0817057" lon="148.2733924">
	<ele>851.88</ele>
	<time>2026-04-18T06:19:38.000Z</time>
	<hdop>5.00</hdop>
	<extensions>
		<gpxtpx:TrackPointExtension>
			<gpxtpx:course>186.5</gpxtpx:course>
		</gpxtpx:TrackPointExtension>
	</extensions>
</trkpt>
<trkpt lat="-9.0817870" lon="148.2733525">
	<ele>848.12</ele>
	<time>2026-04-18T06:19:50.000Z</time>
	<hdop>5.00</hdop>
	<extensions>
		<gpxtpx:TrackPointExtension>
			<gpxtpx:course>261.3</gpxtpx:course>
		</gpxtpx:TrackPointExtension>
	</extensions>
</trkpt>
<trkpt lat="-9.0818936" lon="148.2733569">
	<ele>846.87</ele>
	<time>2026-04-18T06:20:00.000Z</time>
	<hdop>5.00</hdop>
	<extensions>
		<gpxtpx:TrackPointExtension>
			<gpxtpx:course>157.8</gpxtpx:course>
		</gpxtpx:TrackPointExtension>
	</extensions>
</trkpt>
<trkpt lat="-9.0819868" lon="148.2733511">
	<ele>845.86</ele>
	<time>2026-04-18T06:20:11.000Z</time>
	<hdop>5.00</hdop>
	<extensions>
		<gpxtpx:TrackPointExtension>
			<gpxtpx:course>178.0</gpxtpx:course>
		</gpxtpx:TrackPointExtension>
	</extensions>
</trkpt>
<trkpt lat="-9.0820769" lon="148.2733660">
	<ele>844.62</ele>
	<time>2026-04-18T06:20:25.000Z</time>
	<hdop>5.50</hdop>
	<extensions>
		<gpxtpx:TrackPointExtension>
			<gpxtpx:course>157.6</gpxtpx:course>
		</gpxtpx:TrackPointExtension>
	</extensions>
</trkpt>
<trkpt lat="-9.0821716" lon="148.2733693">
	<ele>843.86</ele>
	<time>2026-04-18T06:20:36.000Z</time>
	<hdop>6.00</hdop>
	<extensions>
		<gpxtpx:TrackPointExtension>
			<gpxtpx:course>209.0</gpxtpx:course>
		</gpxtpx:TrackPointExtension>
	</extensions>
</trkpt>
<trkpt lat="-9.0822654" lon="148.2733732">
	<ele>841.93</ele>
	<time>2026-04-18T06:20:46.000Z</time>
	<hdop>5.00</hdop>
	<extensions>
		<gpxtpx:TrackPointExtension>
			<gpxtpx:course>186.2</gpxtpx:course>
		</gpxtpx:TrackPointExtension>
	</extensions>
</trkpt>
<trkpt lat="-9.0823567" lon="148.2733784">
	<ele>838.93</ele>
	<time>2026-04-18T06:21:01.000Z</time>
	<hdop>6.00</hdop>
	<extensions>
		<gpxtpx:TrackPointExtension>
			<gpxtpx:course>197.7</gpxtpx:course>
		</gpxtpx:TrackPointExtension>
	</extensions>
</trkpt>
<trkpt lat="-9.0824473" lon="148.2734044">
	<ele>837.05</ele>
	<time>2026-04-18T06:21:16.000Z</time>
	<hdop>6.00</hdop>
	<extensions>
		<gpxtpx:TrackPointExtension>
			<gpxtpx:course>140.1</gpxtpx:course>
		</gpxtpx:TrackPointExtension>
	</extensions>
</trkpt>
<trkpt lat="-9.0825849" lon="148.2734329">
	<ele>837.85</ele>
	<time>2026-04-18T06:21:26.000Z</time>
	<hdop>5.00</hdop>
	<extensions>
		<gpxtpx:TrackPointExtension>
			<gpxtpx:course>208.9</gpxtpx:course>
		</gpxtpx:TrackPointExtension>
	</extensions>
</trkpt>
<trkpt lat="-9.0826721" lon="148.2734737">
	<ele>835.88</ele>
	<time>2026-04-18T06:21:37.000Z</time>
	<hdop>5.00</hdop>
	<extensions>
		<gpxtpx:TrackPointExtension>
			<gpxtpx:course>134.2</gpxtpx:course>
		</gpxtpx:TrackPointExtension>
	</extensions>
</trkpt>
<trkpt lat="-9.0827632" lon="148.2735713">
	<ele>835.86</ele>
	<time>2026-04-18T06:21:47.000Z</time>
	<hdop>5.00</hdop>
	<extensions>
		<gpxtpx:TrackPointExtension>
			<gpxtpx:course>126.3</gpxtpx:course>
		</gpxtpx:TrackPointExtension>
	</extensions>
</trkpt>
<trkpt lat="-9.0828472" lon="148.2736114">
	<ele>835.86</ele>
	<time>2026-04-18T06:21:59.000Z</time>
	<hdop>5.00</hdop>
	<extensions>
		<gpxtpx:TrackPointExtension>
			<gpxtpx:course>159.2</gpxtpx:course>
		</gpxtpx:TrackPointExtension>
	</extensions>
</trkpt>
<trkpt lat="-9.0829224" lon="148.2736708">
	<ele>838.80</ele>
	<time>2026-04-18T06:22:12.000Z</time>
	<hdop>5.50</hdop>
	<extensions>
		<gpxtpx:TrackPointExtension>
			<gpxtpx:course>185.4</gpxtpx:course>
		</gpxtpx:TrackPointExtension>
	</extensions>
</trkpt>
<trkpt lat="-9.0830027" lon="148.2737304">
	<ele>838.86</ele>
	<time>2026-04-18T06:22:28.000Z</time>
	<hdop>5.00</hdop>
	<extensions>
		<gpxtpx:TrackPointExtension>
			<gpxtpx:course>155.7</gpxtpx:course>
		</gpxtpx:TrackPointExtension>
	</extensions>
</trkpt>
<trkpt lat="-9.0830880" lon="148.2737704">
	<ele>840.85</ele>
	<time>2026-04-18T06:22:38.000Z</time>
	<hdop>5.50</hdop>
	<extensions>
		<gpxtpx:TrackPointExtension>
			<gpxtpx:course>150.1</gpxtpx:course>
		</gpxtpx:TrackPointExtension>
	</extensions>
</trkpt>
<trkpt lat="-9.0831772" lon="148.2738029">
	<ele>840.86</ele>
	<time>2026-04-18T06:22:50.000Z</time>
	<hdop>5.50</hdop>
	<extensions>
		<gpxtpx:TrackPointExtension>
			<gpxtpx:course>193.4</gpxtpx:course>
		</gpxtpx:TrackPointExtension>
	</extensions>
</trkpt>
<trkpt lat="-9.0832545" lon="148.2738504">
	<ele>841.88</ele>
	<time>2026-04-18T06:23:02.000Z</time>
	<hdop>5.50</hdop>
	<extensions>
		<gpxtpx:TrackPointExtension>
			<gpxtpx:course>166.5</gpxtpx:course>
		</gpxtpx:TrackPointExtension>
	</extensions>
</trkpt>
<trkpt lat="-9.0833420" lon="148.2738764">
	<ele>841.86</ele>
	<time>2026-04-18T06:23:13.000Z</time>
	<hdop>5.50</hdop>
	<extensions>
		<gpxtpx:TrackPointExtension>
			<gpxtpx:course>206.3</gpxtpx:course>
		</gpxtpx:TrackPointExtension>
	</extensions>
</trkpt>
<trkpt lat="-9.0834493" lon="148.2738494">
	<ele>842.86</ele>
	<time>2026-04-18T06:23:23.000Z</time>
	<hdop>5.00</hdop>
	<extensions>
		<gpxtpx:TrackPointExtension>
			<gpxtpx:course>162.2</gpxtpx:course>
		</gpxtpx:TrackPointExtension>
	</extensions>
</trkpt>
<trkpt lat="-9.0835459" lon="148.2738435">
	<ele>846.80</ele>
	<time>2026-04-18T06:23:34.000Z</time>
	<hdop>5.50</hdop>
	<extensions>
		<gpxtpx:TrackPointExtension>
			<gpxtpx:course>223.9</gpxtpx:course>
		</gpxtpx:TrackPointExtension>
	</extensions>
</trkpt>
<trkpt lat="-9.0836353" lon="148.2738108">
	<ele>849.86</ele>
	<time>2026-04-18T06:23:44.000Z</time>
	<hdop>5.00</hdop>
	<extensions>
		<gpxtpx:TrackPointExtension>
			<gpxtpx:course>213.2</gpxtpx:course>
		</gpxtpx:TrackPointExtension>
	</extensions>
</trkpt>
<trkpt lat="-9.0837250" lon="148.2737821">
	<ele>851.11</ele>
	<time>2026-04-18T06:23:56.000Z</time>
	<hdop>4.50</hdop>
	<extensions>
		<gpxtpx:TrackPointExtension>
			<gpxtpx:course>191.9</gpxtpx:course>
		</gpxtpx:TrackPointExtension>
	</extensions>
</trkpt>
<trkpt lat="-9.0838360" lon="148.2737935">
	<ele>852.61</ele>
	<time>2026-04-18T06:24:06.000Z</time>
	<hdop>4.50</hdop>
	<extensions>
		<gpxtpx:TrackPointExtension>
			<gpxtpx:course>169.6</gpxtpx:course>
		</gpxtpx:TrackPointExtension>
	</extensions>
</trkpt>
<trkpt lat="-9.0839294" lon="148.2737776">
	<ele>853.66</ele>
	<time>2026-04-18T06:24:18.000Z</time>
	<hdop>4.50</hdop>
	<extensions>
		<gpxtpx:TrackPointExtension>
			<gpxtpx:course>194.2</gpxtpx:course>
		</gpxtpx:TrackPointExtension>
	</extensions>
</trkpt>
<trkpt lat="-9.0840234" lon="148.2737492">
	<ele>850.92</ele>
	<time>2026-04-18T06:24:34.000Z</time>
	<hdop>5.00</hdop>
	<extensions>
		<gpxtpx:TrackPointExtension>
			<gpxtpx:course>171.0</gpxtpx:course>
		</gpxtpx:TrackPointExtension>
	</extensions>
</trkpt>
<trkpt lat="-9.0841085" lon="148.2737125">
	<ele>849.86</ele>
	<time>2026-04-18T06:24:47.000Z</time>
	<hdop>5.50</hdop>
	<extensions>
		<gpxtpx:TrackPointExtension>
			<gpxtpx:course>215.2</gpxtpx:course>
		</gpxtpx:TrackPointExtension>
	</extensions>
</trkpt>
<trkpt lat="-9.0841975" lon="148.2736930">
	<ele>846.88</ele>
	<time>2026-04-18T06:24:59.000Z</time>
	<hdop>5.50</hdop>
	<extensions>
		<gpxtpx:TrackPointExtension>
			<gpxtpx:course>158.3</gpxtpx:course>
		</gpxtpx:TrackPointExtension>
	</extensions>
</trkpt>
<trkpt lat="-9.0842548" lon="148.2736213">
	<ele>846.80</ele>
	<time>2026-04-18T06:25:12.000Z</time>
	<hdop>6.00</hdop>
	<extensions>
		<gpxtpx:TrackPointExtension>
			<gpxtpx:course>215.1</gpxtpx:course>
		</gpxtpx:TrackPointExtension>
	</extensions>
</trkpt>
<trkpt lat="-9.0843409" lon="148.2735701">
	<ele>847.86</ele>
	<time>2026-04-18T06:25:23.000Z</time>
	<hdop>5.50</hdop>
	<extensions>
		<gpxtpx:TrackPointExtension>
			<gpxtpx:course>216.4</gpxtpx:course>
		</gpxtpx:TrackPointExtension>
	</extensions>
</trkpt>
<trkpt lat="-9.0844266" lon="148.2735359">
	<ele>849.86</ele>
	<time>2026-04-18T06:25:34.000Z</time>
	<hdop>5.50</hdop>
	<extensions>
		<gpxtpx:TrackPointExtension>
			<gpxtpx:course>238.1</gpxtpx:course>
		</gpxtpx:TrackPointExtension>
	</extensions>
</trkpt>
<trkpt lat="-9.0845002" lon="148.2734825">
	<ele>847.84</ele>
	<time>2026-04-18T06:25:49.000Z</time>
	<hdop>6.50</hdop>
	<extensions>
		<gpxtpx:TrackPointExtension>
			<gpxtpx:course>139.3</gpxtpx:course>
		</gpxtpx:TrackPointExtension>
	</extensions>
</trkpt>
<trkpt lat="-9.0846543" lon="148.2734183">
	<ele>846.87</ele>
	<time>2026-04-18T06:25:59.000Z</time>
	<hdop>6.00</hdop>
	<extensions>
		<gpxtpx:TrackPointExtension>
			<gpxtpx:course>180.2</gpxtpx:course>
		</gpxtpx:TrackPointExtension>
	</extensions>
</trkpt>
<trkpt lat="-9.0847557" lon="148.2733996">
	<ele>846.86</ele>
	<time>2026-04-18T06:26:09.000Z</time>
	<hdop>5.50</hdop>
	<extensions>
		<gpxtpx:TrackPointExtension>
			<gpxtpx:course>201.8</gpxtpx:course>
		</gpxtpx:TrackPointExtension>
	</extensions>
</trkpt>
<trkpt lat="-9.0848529" lon="148.2733772">
	<ele>848.86</ele>
	<time>2026-04-18T06:26:20.000Z</time>
	<hdop>5.50</hdop>
	<extensions>
		<gpxtpx:TrackPointExtension>
			<gpxtpx:course>151.1</gpxtpx:course>
		</gpxtpx:TrackPointExtension>
	</extensions>
</trkpt>
<trkpt lat="-9.0849847" lon="148.2733934">
	<ele>847.90</ele>
	<time>2026-04-18T06:26:30.000Z</time>
	<hdop>5.00</hdop>
	<extensions>
		<gpxtpx:TrackPointExtension>
			<gpxtpx:course>184.8</gpxtpx:course>
		</gpxtpx:TrackPointExtension>
	</extensions>
</trkpt>
<trkpt lat="-9.0851149" lon="148.2733666">
	<ele>849.80</ele>
	<time>2026-04-18T06:26:40.000Z</time>
	<hdop>5.00</hdop>
	<extensions>
		<gpxtpx:TrackPointExtension>
			<gpxtpx:course>189.1</gpxtpx:course>
		</gpxtpx:TrackPointExtension>
	</extensions>
</trkpt>
<trkpt lat="-9.0852142" lon="148.2734049">
	<ele>849.85</ele>
	<time>2026-04-18T06:26:50.000Z</time>
	<hdop>4.50</hdop>
	<extensions>
		<gpxtpx:TrackPointExtension>
			<gpxtpx:course>155.6</gpxtpx:course>
		</gpxtpx:TrackPointExtension>
	</extensions>
</trkpt>
<trkpt lat="-9.0853052" lon="148.2734250">
	<ele>847.17</ele>
	<time>2026-04-18T06:27:00.000Z</time>
	<hdop>5.00</hdop>
	<extensions>
		<gpxtpx:TrackPointExtension>
			<gpxtpx:course>170.0</gpxtpx:course>
		</gpxtpx:TrackPointExtension>
	</extensions>
</trkpt>
<trkpt lat="-9.0853981" lon="148.2734400">
	<ele>844.66</ele>
	<time>2026-04-18T06:27:19.000Z</time>
	<hdop>6.50</hdop>
	<extensions>
		<gpxtpx:TrackPointExtension>
			<gpxtpx:course>211.4</gpxtpx:course>
		</gpxtpx:TrackPointExtension>
	</extensions>
</trkpt>
<trkpt lat="-9.0854845" lon="148.2734816">
	<ele>843.67</ele>
	<time>2026-04-18T06:27:31.000Z</time>
	<hdop>6.00</hdop>
	<extensions>
		<gpxtpx:TrackPointExtension>
			<gpxtpx:course>122.0</gpxtpx:course>
		</gpxtpx:TrackPointExtension>
	</extensions>
</trkpt>
<trkpt lat="-9.0855723" lon="148.2735263">
	<ele>842.92</ele>
	<time>2026-04-18T06:27:42.000Z</time>
	<hdop>6.00</hdop>
	<extensions>
		<gpxtpx:TrackPointExtension>
			<gpxtpx:course>155.2</gpxtpx:course>
		</gpxtpx:TrackPointExtension>
	</extensions>
</trkpt>
<trkpt lat="-9.0856587" lon="148.2735668">
	<ele>841.85</ele>
	<time>2026-04-18T06:27:56.000Z</time>
	<hdop>6.00</hdop>
	<extensions>
		<gpxtpx:TrackPointExtension>
			<gpxtpx:course>131.7</gpxtpx:course>
		</gpxtpx:TrackPointExtension>
	</extensions>
</trkpt>
<trkpt lat="-9.0857525" lon="148.2735905">
	<ele>841.85</ele>
	<time>2026-04-18T06:28:10.000Z</time>
	<hdop>5.50</hdop>
	<extensions>
		<gpxtpx:TrackPointExtension>
			<gpxtpx:course>207.4</gpxtpx:course>
		</gpxtpx:TrackPointExtension>
	</extensions>
</trkpt>
<trkpt lat="-9.0858484" lon="148.2736123">
	<ele>841.79</ele>
	<time>2026-04-18T06:28:20.000Z</time>
	<hdop>5.00</hdop>
	<extensions>
		<gpxtpx:TrackPointExtension>
			<gpxtpx:course>169.5</gpxtpx:course>
		</gpxtpx:TrackPointExtension>
	</extensions>
</trkpt>
<trkpt lat="-9.0859391" lon="148.2736455">
	<ele>840.10</ele>
	<time>2026-04-18T06:28:37.000Z</time>
	<hdop>5.50</hdop>
	<extensions>
		<gpxtpx:TrackPointExtension>
			<gpxtpx:course>146.9</gpxtpx:course>
		</gpxtpx:TrackPointExtension>
	</extensions>
</trkpt>
<trkpt lat="-9.0859962" lon="148.2737241">
	<ele>839.85</ele>
	<time>2026-04-18T06:28:51.000Z</time>
	<hdop>6.00</hdop>
	<extensions>
		<gpxtpx:TrackPointExtension>
			<gpxtpx:course>135.6</gpxtpx:course>
		</gpxtpx:TrackPointExtension>
	</extensions>
</trkpt>
<trkpt lat="-9.0860749" lon="148.2737874">
	<ele>837.10</ele>
	<time>2026-04-18T06:29:01.000Z</time>
	<hdop>5.50</hdop>
	<extensions>
		<gpxtpx:TrackPointExtension>
			<gpxtpx:course>137.5</gpxtpx:course>
		</gpxtpx:TrackPointExtension>
	</extensions>
</trkpt>
<trkpt lat="-9.0861387" lon="148.2738557">
	<ele>834.11</ele>
	<time>2026-04-18T06:29:11.000Z</time>
	<hdop>6.00</hdop>
	<extensions>
		<gpxtpx:TrackPointExtension>
			<gpxtpx:course>130.4</gpxtpx:course>
		</gpxtpx:TrackPointExtension>
	</extensions>
</trkpt>
<trkpt lat="-9.0862430" lon="148.2738986">
	<ele>830.86</ele>
	<time>2026-04-18T06:29:21.000Z</time>
	<hdop>5.50</hdop>
	<extensions>
		<gpxtpx:TrackPointExtension>
			<gpxtpx:course>137.3</gpxtpx:course>
		</gpxtpx:TrackPointExtension>
	</extensions>
</trkpt>
<trkpt lat="-9.0863230" lon="148.2739505">
	<ele>825.86</ele>
	<time>2026-04-18T06:29:33.000Z</time>
	<hdop>5.00</hdop>
	<extensions>
		<gpxtpx:TrackPointExtension>
			<gpxtpx:course>161.5</gpxtpx:course>
		</gpxtpx:TrackPointExtension>
	</extensions>
</trkpt>
<trkpt lat="-9.0864114" lon="148.2739831">
	<ele>827.83</ele>
	<time>2026-04-18T06:29:46.000Z</time>
	<hdop>4.00</hdop>
	<extensions>
		<gpxtpx:TrackPointExtension>
			<gpxtpx:course>168.5</gpxtpx:course>
		</gpxtpx:TrackPointExtension>
	</extensions>
</trkpt>
<trkpt lat="-9.0864985" lon="148.2740160">
	<ele>831.54</ele>
	<time>2026-04-18T06:29:57.000Z</time>
	<hdop>4.00</hdop>
	<extensions>
		<gpxtpx:TrackPointExtension>
			<gpxtpx:course>151.2</gpxtpx:course>
		</gpxtpx:TrackPointExtension>
	</extensions>
</trkpt>
<trkpt lat="-9.0865567" lon="148.2740874">
	<ele>831.84</ele>
	<time>2026-04-18T06:30:22.000Z</time>
	<hdop>4.00</hdop>
	<extensions>
		<gpxtpx:TrackPointExtension>
			<gpxtpx:course>124.1</gpxtpx:course>
		</gpxtpx:TrackPointExtension>
	</extensions>
</trkpt>
<trkpt lat="-9.0866225" lon="148.2741512">
	<ele>833.60</ele>
	<time>2026-04-18T06:31:16.000Z</time>
	<hdop>3.00</hdop>
	<extensions>
		<gpxtpx:TrackPointExtension>
			<gpxtpx:course>112.4</gpxtpx:course>
		</gpxtpx:TrackPointExtension>
	</extensions>
</trkpt>
<trkpt lat="-9.0866613" lon="148.2742414">
	<ele>832.86</ele>
	<time>2026-04-18T06:31:29.000Z</time>
	<hdop>4.00</hdop>
	<extensions>
		<gpxtpx:TrackPointExtension>
			<gpxtpx:course>121.0</gpxtpx:course>
		</gpxtpx:TrackPointExtension>
	</extensions>
</trkpt>
<trkpt lat="-9.0866921" lon="148.2743291">
	<ele>829.91</ele>
	<time>2026-04-18T06:31:44.000Z</time>
	<hdop>3.50</hdop>
	<extensions>
		<gpxtpx:TrackPointExtension>
			<gpxtpx:course>92.3</gpxtpx:course>
		</gpxtpx:TrackPointExtension>
	</extensions>
</trkpt>
<trkpt lat="-9.0866567" lon="148.2744185">
	<ele>826.87</ele>
	<time>2026-04-18T06:31:58.000Z</time>
	<hdop>3.50</hdop>
	<extensions>
		<gpxtpx:TrackPointExtension>
			<gpxtpx:course>119.8</gpxtpx:course>
		</gpxtpx:TrackPointExtension>
	</extensions>
</trkpt>
<trkpt lat="-9.0866961" lon="148.2745024">
	<ele>828.85</ele>
	<time>2026-04-18T06:32:11.000Z</time>
	<hdop>3.50</hdop>
	<extensions>
		<gpxtpx:TrackPointExtension>
			<gpxtpx:course>98.7</gpxtpx:course>
		</gpxtpx:TrackPointExtension>
	</extensions>
</trkpt>
<trkpt lat="-9.0867477" lon="148.2745788">
	<ele>826.61</ele>
	<time>2026-04-18T06:33:28.000Z</time>
	<hdop>3.50</hdop>
	<extensions>
		<gpxtpx:TrackPointExtension>
			<gpxtpx:course>107.6</gpxtpx:course>
		</gpxtpx:TrackPointExtension>
	</extensions>
</trkpt>
<trkpt lat="-9.0868328" lon="148.2746108">
	<ele>822.88</ele>
	<time>2026-04-18T06:33:40.000Z</time>
	<hdop>4.50</hdop>
	<extensions>
		<gpxtpx:TrackPointExtension>
			<gpxtpx:course>183.1</gpxtpx:course>
		</gpxtpx:TrackPointExtension>
	</extensions>
</trkpt>
<trkpt lat="-9.0868990" lon="148.2746835">
	<ele>821.67</ele>
	<time>2026-04-18T06:33:50.000Z</time>
	<hdop>4.50</hdop>
	<extensions>
		<gpxtpx:TrackPointExtension>
			<gpxtpx:course>145.9</gpxtpx:course>
		</gpxtpx:TrackPointExtension>
	</extensions>
</trkpt>
<trkpt lat="-9.0869577" lon="148.2747542">
	<ele>822.84</ele>
	<time>2026-04-18T06:34:00.000Z</time>
	<hdop>5.00</hdop>
	<extensions>
		<gpxtpx:TrackPointExtension>
			<gpxtpx:course>85.2</gpxtpx:course>
		</gpxtpx:TrackPointExtension>
	</extensions>
</trkpt>
<trkpt lat="-9.0870297" lon="148.2748145">
	<ele>821.86</ele>
	<time>2026-04-18T06:34:11.000Z</time>
	<hdop>4.50</hdop>
	<extensions>
		<gpxtpx:TrackPointExtension>
			<gpxtpx:course>113.0</gpxtpx:course>
		</gpxtpx:TrackPointExtension>
	</extensions>
</trkpt>
<trkpt lat="-9.0871048" lon="148.2748881">
	<ele>823.86</ele>
	<time>2026-04-18T06:34:21.000Z</time>
	<hdop>4.50</hdop>
	<extensions>
		<gpxtpx:TrackPointExtension>
			<gpxtpx:course>137.7</gpxtpx:course>
		</gpxtpx:TrackPointExtension>
	</extensions>
</trkpt>
<trkpt lat="-9.0871776" lon="148.2749635">
	<ele>823.86</ele>
	<time>2026-04-18T06:34:31.000Z</time>
	<hdop>4.00</hdop>
	<extensions>
		<gpxtpx:TrackPointExtension>
			<gpxtpx:course>157.6</gpxtpx:course>
		</gpxtpx:TrackPointExtension>
	</extensions>
</trkpt>
<trkpt lat="-9.0872673" lon="148.2749959">
	<ele>823.86</ele>
	<time>2026-04-18T06:34:42.000Z</time>
	<hdop>4.00</hdop>
	<extensions>
		<gpxtpx:TrackPointExtension>
			<gpxtpx:course>179.2</gpxtpx:course>
		</gpxtpx:TrackPointExtension>
	</extensions>
</trkpt>
<trkpt lat="-9.0873527" lon="148.2750360">
	<ele>820.11</ele>
	<time>2026-04-18T06:34:53.000Z</time>
	<hdop>4.50</hdop>
	<extensions>
		<gpxtpx:TrackPointExtension>
			<gpxtpx:course>142.3</gpxtpx:course>
		</gpxtpx:TrackPointExtension>
	</extensions>
</trkpt>
<trkpt lat="-9.0874336" lon="148.2750794">
	<ele>817.86</ele>
	<time>2026-04-18T06:35:03.000Z</time>
	<hdop>4.50</hdop>
	<extensions>
		<gpxtpx:TrackPointExtension>
			<gpxtpx:course>140.4</gpxtpx:course>
		</gpxtpx:TrackPointExtension>
	</extensions>
</trkpt>
<trkpt lat="-9.0875049" lon="148.2751515">
	<ele>817.79</ele>
	<time>2026-04-18T06:35:13.000Z</time>
	<hdop>4.50</hdop>
	<extensions>
		<gpxtpx:TrackPointExtension>
			<gpxtpx:course>126.8</gpxtpx:course>
		</gpxtpx:TrackPointExtension>
	</extensions>
</trkpt>
<trkpt lat="-9.0875917" lon="148.2751867">
	<ele>820.86</ele>
	<time>2026-04-18T06:35:27.000Z</time>
	<hdop>4.50</hdop>
	<extensions>
		<gpxtpx:TrackPointExtension>
			<gpxtpx:course>216.0</gpxtpx:course>
		</gpxtpx:TrackPointExtension>
	</extensions>
</trkpt>
<trkpt lat="-9.0876637" lon="148.2752457">
	<ele>825.59</ele>
	<time>2026-04-18T06:35:39.000Z</time>
	<hdop>4.50</hdop>
	<extensions>
		<gpxtpx:TrackPointExtension>
			<gpxtpx:course>95.9</gpxtpx:course>
		</gpxtpx:TrackPointExtension>
	</extensions>
</trkpt>
<trkpt lat="-9.0877209" lon="148.2753179">
	<ele>827.86</ele>
	<time>2026-04-18T06:35:50.000Z</time>
	<hdop>4.50</hdop>
	<extensions>
		<gpxtpx:TrackPointExtension>
			<gpxtpx:course>113.2</gpxtpx:course>
		</gpxtpx:TrackPointExtension>
	</extensions>
</trkpt>
<trkpt lat="-9.0877185" lon="148.2754109">
	<ele>827.11</ele>
	<time>2026-04-18T06:36:04.000Z</time>
	<hdop>3.50</hdop>
	<extensions>
		<gpxtpx:TrackPointExtension>
			<gpxtpx:course>60.0</gpxtpx:course>
		</gpxtpx:TrackPointExtension>
	</extensions>
</trkpt>
<trkpt lat="-9.0876967" lon="148.2754992">
	<ele>823.67</ele>
	<time>2026-04-18T06:36:26.000Z</time>
	<hdop>3.50</hdop>
	<extensions>
		<gpxtpx:TrackPointExtension>
			<gpxtpx:course>152.4</gpxtpx:course>
		</gpxtpx:TrackPointExtension>
	</extensions>
</trkpt>
<trkpt lat="-9.0876851" lon="148.2755898">
	<ele>822.92</ele>
	<time>2026-04-18T06:36:45.000Z</time>
	<hdop>4.50</hdop>
	<extensions>
		<gpxtpx:TrackPointExtension>
			<gpxtpx:course>86.7</gpxtpx:course>
		</gpxtpx:TrackPointExtension>
	</extensions>
</trkpt>
<trkpt lat="-9.0876213" lon="148.2756571">
	<ele>818.87</ele>
	<time>2026-04-18T06:37:23.000Z</time>
	<hdop>5.00</hdop>
	<extensions>
		<gpxtpx:TrackPointExtension>
			<gpxtpx:course>155.5</gpxtpx:course>
		</gpxtpx:TrackPointExtension>
	</extensions>
</trkpt>
<trkpt lat="-9.0876246" lon="148.2757497">
	<ele>815.86</ele>
	<time>2026-04-18T06:37:44.000Z</time>
	<hdop>4.00</hdop>
	<extensions>
		<gpxtpx:TrackPointExtension>
			<gpxtpx:course>92.6</gpxtpx:course>
		</gpxtpx:TrackPointExtension>
	</extensions>
</trkpt>
<trkpt lat="-9.0876284" lon="148.2758415">
	<ele>815.86</ele>
	<time>2026-04-18T06:37:58.000Z</time>
	<hdop>4.50</hdop>
	<extensions>
		<gpxtpx:TrackPointExtension>
			<gpxtpx:course>69.5</gpxtpx:course>
		</gpxtpx:TrackPointExtension>
	</extensions>
</trkpt>
<trkpt lat="-9.0876156" lon="148.2759508">
	<ele>814.86</ele>
	<time>2026-04-18T06:38:08.000Z</time>
	<hdop>4.00</hdop>
	<extensions>
		<gpxtpx:TrackPointExtension>
			<gpxtpx:course>63.3</gpxtpx:course>
		</gpxtpx:TrackPointExtension>
	</extensions>
</trkpt>
<trkpt lat="-9.0875594" lon="148.2760373">
	<ele>810.86</ele>
	<time>2026-04-18T06:38:18.000Z</time>
	<hdop>4.00</hdop>
	<extensions>
		<gpxtpx:TrackPointExtension>
			<gpxtpx:course>87.3</gpxtpx:course>
		</gpxtpx:TrackPointExtension>
	</extensions>
</trkpt>
<trkpt lat="-9.0875348" lon="148.2761266">
	<ele>810.86</ele>
	<time>2026-04-18T06:38:32.000Z</time>
	<hdop>4.00</hdop>
	<extensions>
		<gpxtpx:TrackPointExtension>
			<gpxtpx:course>41.9</gpxtpx:course>
		</gpxtpx:TrackPointExtension>
	</extensions>
</trkpt>
<trkpt lat="-9.0875424" lon="148.2762221">
	<ele>809.86</ele>
	<time>2026-04-18T06:38:50.000Z</time>
	<hdop>3.50</hdop>
	<extensions>
		<gpxtpx:TrackPointExtension>
			<gpxtpx:course>111.5</gpxtpx:course>
		</gpxtpx:TrackPointExtension>
	</extensions>
</trkpt>
<trkpt lat="-9.0875536" lon="148.2763139">
	<ele>804.13</ele>
	<time>2026-04-18T06:39:13.000Z</time>
	<hdop>4.00</hdop>
	<extensions>
		<gpxtpx:TrackPointExtension>
			<gpxtpx:course>93.9</gpxtpx:course>
		</gpxtpx:TrackPointExtension>
	</extensions>
</trkpt>
<trkpt lat="-9.0875406" lon="148.2764056">
	<ele>804.87</ele>
	<time>2026-04-18T06:39:25.000Z</time>
	<hdop>4.00</hdop>
	<extensions>
		<gpxtpx:TrackPointExtension>
			<gpxtpx:course>90.9</gpxtpx:course>
		</gpxtpx:TrackPointExtension>
	</extensions>
</trkpt>
<trkpt lat="-9.0875462" lon="148.2765067">
	<ele>802.87</ele>
	<time>2026-04-18T06:39:41.000Z</time>
	<hdop>3.50</hdop>
	<extensions>
		<gpxtpx:TrackPointExtension>
			<gpxtpx:course>104.9</gpxtpx:course>
		</gpxtpx:TrackPointExtension>
	</extensions>
</trkpt>
<trkpt lat="-9.0875439" lon="148.2766008">
	<ele>800.68</ele>
	<time>2026-04-18T06:39:53.000Z</time>
	<hdop>3.00</hdop>
	<extensions>
		<gpxtpx:TrackPointExtension>
			<gpxtpx:course>92.2</gpxtpx:course>
		</gpxtpx:TrackPointExtension>
	</extensions>
</trkpt>
<trkpt lat="-9.0875404" lon="148.2766940">
	<ele>797.18</ele>
	<time>2026-04-18T06:40:06.000Z</time>
	<hdop>4.00</hdop>
	<extensions>
		<gpxtpx:TrackPointExtension>
			<gpxtpx:course>65.1</gpxtpx:course>
		</gpxtpx:TrackPointExtension>
	</extensions>
</trkpt>
<trkpt lat="-9.0874646" lon="148.2767459">
	<ele>790.87</ele>
	<time>2026-04-18T06:40:29.000Z</time>
	<hdop>3.00</hdop>
	<extensions>
		<gpxtpx:TrackPointExtension>
			<gpxtpx:course>48.8</gpxtpx:course>
		</gpxtpx:TrackPointExtension>
	</extensions>
</trkpt>
<trkpt lat="-9.0874128" lon="148.2768287">
	<ele>788.05</ele>
	<time>2026-04-18T06:40:44.000Z</time>
	<hdop>3.50</hdop>
	<extensions>
		<gpxtpx:TrackPointExtension>
			<gpxtpx:course>68.5</gpxtpx:course>
		</gpxtpx:TrackPointExtension>
	</extensions>
</trkpt>
<trkpt lat="-9.0873587" lon="148.2769030">
	<ele>781.93</ele>
	<time>2026-04-18T06:41:01.000Z</time>
	<hdop>3.50</hdop>
	<extensions>
		<gpxtpx:TrackPointExtension>
			<gpxtpx:course>49.9</gpxtpx:course>
		</gpxtpx:TrackPointExtension>
	</extensions>
</trkpt>
<trkpt lat="-9.0872925" lon="148.2769752">
	<ele>779.12</ele>
	<time>2026-04-18T06:41:11.000Z</time>
	<hdop>4.00</hdop>
	<extensions>
		<gpxtpx:TrackPointExtension>
			<gpxtpx:course>49.3</gpxtpx:course>
		</gpxtpx:TrackPointExtension>
	</extensions>
</trkpt>
<trkpt lat="-9.0872024" lon="148.2770070">
	<ele>777.87</ele>
	<time>2026-04-18T06:41:25.000Z</time>
	<hdop>3.50</hdop>
	<extensions>
		<gpxtpx:TrackPointExtension>
			<gpxtpx:course>17.9</gpxtpx:course>
		</gpxtpx:TrackPointExtension>
	</extensions>
</trkpt>
<trkpt lat="-9.0871096" lon="148.2770234">
	<ele>773.93</ele>
	<time>2026-04-18T06:41:47.000Z</time>
	<hdop>4.00</hdop>
	<extensions>
		<gpxtpx:TrackPointExtension>
			<gpxtpx:course>326.3</gpxtpx:course>
		</gpxtpx:TrackPointExtension>
	</extensions>
</trkpt>
<trkpt lat="-9.0870155" lon="148.2770121">
	<ele>772.88</ele>
	<time>2026-04-18T06:42:10.000Z</time>
	<hdop>4.50</hdop>
	<extensions>
		<gpxtpx:TrackPointExtension>
			<gpxtpx:course>284.5</gpxtpx:course>
		</gpxtpx:TrackPointExtension>
	</extensions>
</trkpt>
<trkpt lat="-9.0869244" lon="148.2769981">
	<ele>768.12</ele>
	<time>2026-04-18T06:42:53.000Z</time>
	<hdop>5.50</hdop>
	<extensions>
		<gpxtpx:TrackPointExtension>
			<gpxtpx:course>64.6</gpxtpx:course>
		</gpxtpx:TrackPointExtension>
	</extensions>
</trkpt>
<trkpt lat="-9.0868382" lon="148.2769692">
	<ele>757.81</ele>
	<time>2026-04-18T06:44:27.000Z</time>
	<hdop>4.50</hdop>
	<extensions>
		<gpxtpx:TrackPointExtension>
			<gpxtpx:course>329.0</gpxtpx:course>
		</gpxtpx:TrackPointExtension>
	</extensions>
</trkpt>
<trkpt lat="-9.0867632" lon="148.2770254">
	<ele>758.62</ele>
	<time>2026-04-18T06:46:47.000Z</time>
	<hdop>4.00</hdop>
	<extensions>
		<gpxtpx:TrackPointExtension>
			<gpxtpx:course>106.9</gpxtpx:course>
		</gpxtpx:TrackPointExtension>
	</extensions>
</trkpt>
<trkpt lat="-9.0867540" lon="148.2771232">
	<ele>757.67</ele>
	<time>2026-04-18T06:48:31.000Z</time>
	<hdop>5.00</hdop>
	<extensions>
		<gpxtpx:TrackPointExtension>
			<gpxtpx:course>87.8</gpxtpx:course>
		</gpxtpx:TrackPointExtension>
	</extensions>
</trkpt>
<trkpt lat="-9.0867738" lon="148.2772148">
	<ele>761.85</ele>
	<time>2026-04-18T06:48:48.000Z</time>
	<hdop>5.00</hdop>
	<extensions>
		<gpxtpx:TrackPointExtension>
			<gpxtpx:course>112.7</gpxtpx:course>
		</gpxtpx:TrackPointExtension>
	</extensions>
</trkpt>
<trkpt lat="-9.0867582" lon="148.2773152">
	<ele>763.80</ele>
	<time>2026-04-18T06:49:13.000Z</time>
	<hdop>4.50</hdop>
	<extensions>
		<gpxtpx:TrackPointExtension>
			<gpxtpx:course>63.9</gpxtpx:course>
		</gpxtpx:TrackPointExtension>
	</extensions>
</trkpt>
<trkpt lat="-9.0867599" lon="148.2774074">
	<ele>769.89</ele>
	<time>2026-04-18T06:49:31.000Z</time>
	<hdop>5.00</hdop>
	<extensions>
		<gpxtpx:TrackPointExtension>
			<gpxtpx:course>94.7</gpxtpx:course>
		</gpxtpx:TrackPointExtension>
	</extensions>
</trkpt>
<trkpt lat="-9.0867245" lon="148.2774932">
	<ele>769.18</ele>
	<time>2026-04-18T06:49:57.000Z</time>
	<hdop>3.50</hdop>
	<extensions>
		<gpxtpx:TrackPointExtension>
			<gpxtpx:course>79.7</gpxtpx:course>
		</gpxtpx:TrackPointExtension>
	</extensions>
</trkpt>
<trkpt lat="-9.0867297" lon="148.2775899">
	<ele>768.83</ele>
	<time>2026-04-18T06:50:11.000Z</time>
	<hdop>4.00</hdop>
	<extensions>
		<gpxtpx:TrackPointExtension>
			<gpxtpx:course>96.5</gpxtpx:course>
		</gpxtpx:TrackPointExtension>
	</extensions>
</trkpt>
<trkpt lat="-9.0867163" lon="148.2776826">
	<ele>769.87</ele>
	<time>2026-04-18T06:50:25.000Z</time>
	<hdop>5.00</hdop>
	<extensions>
		<gpxtpx:TrackPointExtension>
			<gpxtpx:course>94.8</gpxtpx:course>
		</gpxtpx:TrackPointExtension>
	</extensions>
</trkpt>
<trkpt lat="-9.0867082" lon="148.2777797">
	<ele>771.87</ele>
	<time>2026-04-18T06:51:01.000Z</time>
	<hdop>5.50</hdop>
	<extensions>
		<gpxtpx:TrackPointExtension>
			<gpxtpx:course>95.1</gpxtpx:course>
		</gpxtpx:TrackPointExtension>
	</extensions>
</trkpt>
<trkpt lat="-9.0867236" lon="148.2778749">
	<ele>774.62</ele>
	<time>2026-04-18T06:51:15.000Z</time>
	<hdop>5.00</hdop>
	<extensions>
		<gpxtpx:TrackPointExtension>
			<gpxtpx:course>122.7</gpxtpx:course>
		</gpxtpx:TrackPointExtension>
	</extensions>
</trkpt>
<trkpt lat="-9.0867803" lon="148.2779511">
	<ele>775.94</ele>
	<time>2026-04-18T06:51:25.000Z</time>
	<hdop>4.50</hdop>
	<extensions>
		<gpxtpx:TrackPointExtension>
			<gpxtpx:course>137.5</gpxtpx:course>
		</gpxtpx:TrackPointExtension>
	</extensions>
</trkpt>
<trkpt lat="-9.0868684" lon="148.2779929">
	<ele>775.87</ele>
	<time>2026-04-18T06:51:40.000Z</time>
	<hdop>3.50</hdop>
	<extensions>
		<gpxtpx:TrackPointExtension>
			<gpxtpx:course>137.2</gpxtpx:course>
		</gpxtpx:TrackPointExtension>
	</extensions>
</trkpt>
<trkpt lat="-9.0869311" lon="148.2780617">
	<ele>778.58</ele>
	<time>2026-04-18T06:51:52.000Z</time>
	<hdop>4.00</hdop>
	<extensions>
		<gpxtpx:TrackPointExtension>
			<gpxtpx:course>120.6</gpxtpx:course>
		</gpxtpx:TrackPointExtension>
	</extensions>
</trkpt>
<trkpt lat="-9.0870176" lon="148.2780899">
	<ele>780.12</ele>
	<time>2026-04-18T06:52:12.000Z</time>
	<hdop>4.00</hdop>
	<extensions>
		<gpxtpx:TrackPointExtension>
			<gpxtpx:course>183.1</gpxtpx:course>
		</gpxtpx:TrackPointExtension>
	</extensions>
</trkpt>
<trkpt lat="-9.0871071" lon="148.2781084">
	<ele>783.89</ele>
	<time>2026-04-18T06:52:43.000Z</time>
	<hdop>4.00</hdop>
	<extensions>
		<gpxtpx:TrackPointExtension>
			<gpxtpx:course>153.8</gpxtpx:course>
		</gpxtpx:TrackPointExtension>
	</extensions>
</trkpt>
<trkpt lat="-9.0871637" lon="148.2781906">
	<ele>786.62</ele>
	<time>2026-04-18T06:52:59.000Z</time>
	<hdop>4.50</hdop>
	<extensions>
		<gpxtpx:TrackPointExtension>
			<gpxtpx:course>116.1</gpxtpx:course>
		</gpxtpx:TrackPointExtension>
	</extensions>
</trkpt>
<trkpt lat="-9.0872198" lon="148.2782625">
	<ele>788.87</ele>
	<time>2026-04-18T06:53:20.000Z</time>
	<hdop>4.00</hdop>
	<extensions>
		<gpxtpx:TrackPointExtension>
			<gpxtpx:course>114.6</gpxtpx:course>
		</gpxtpx:TrackPointExtension>
	</extensions>
</trkpt>
<trkpt lat="-9.0872594" lon="148.2783507">
	<ele>787.69</ele>
	<time>2026-04-18T06:53:41.000Z</time>
	<hdop>4.50</hdop>
	<extensions>
		<gpxtpx:TrackPointExtension>
			<gpxtpx:course>138.4</gpxtpx:course>
		</gpxtpx:TrackPointExtension>
	</extensions>
</trkpt>
<trkpt lat="-9.0872938" lon="148.2784388">
	<ele>787.87</ele>
	<time>2026-04-18T06:53:53.000Z</time>
	<hdop>5.00</hdop>
	<extensions>
		<gpxtpx:TrackPointExtension>
			<gpxtpx:course>97.1</gpxtpx:course>
		</gpxtpx:TrackPointExtension>
	</extensions>
</trkpt>
<trkpt lat="-9.0872842" lon="148.2785309">
	<ele>787.86</ele>
	<time>2026-04-18T06:54:35.000Z</time>
	<hdop>4.50</hdop>
	<extensions>
		<gpxtpx:TrackPointExtension>
			<gpxtpx:course>84.0</gpxtpx:course>
		</gpxtpx:TrackPointExtension>
	</extensions>
</trkpt>
<trkpt lat="-9.0873068" lon="148.2786238">
	<ele>787.81</ele>
	<time>2026-04-18T06:54:49.000Z</time>
	<hdop>4.50</hdop>
	<extensions>
		<gpxtpx:TrackPointExtension>
			<gpxtpx:course>108.4</gpxtpx:course>
		</gpxtpx:TrackPointExtension>
	</extensions>
</trkpt>
<trkpt lat="-9.0873342" lon="148.2787142">
	<ele>791.63</ele>
	<time>2026-04-18T06:55:46.000Z</time>
	<hdop>4.50</hdop>
	<extensions>
		<gpxtpx:TrackPointExtension>
			<gpxtpx:course>120.5</gpxtpx:course>
		</gpxtpx:TrackPointExtension>
	</extensions>
</trkpt>
<trkpt lat="-9.0873448" lon="148.2788053">
	<ele>796.88</ele>
	<time>2026-04-18T06:56:15.000Z</time>
	<hdop>6.00</hdop>
	<extensions>
		<gpxtpx:TrackPointExtension>
			<gpxtpx:course>215.0</gpxtpx:course>
		</gpxtpx:TrackPointExtension>
	</extensions>
</trkpt>
<trkpt lat="-9.0874129" lon="148.2788655">
	<ele>802.61</ele>
	<time>2026-04-18T06:56:59.000Z</time>
	<hdop>5.00</hdop>
	<extensions>
		<gpxtpx:TrackPointExtension>
			<gpxtpx:course>107.3</gpxtpx:course>
		</gpxtpx:TrackPointExtension>
	</extensions>
</trkpt>
<trkpt lat="-9.0874463" lon="148.2789539">
	<ele>808.81</ele>
	<time>2026-04-18T06:57:40.000Z</time>
	<hdop>4.50</hdop>
	<extensions>
		<gpxtpx:TrackPointExtension>
			<gpxtpx:course>128.7</gpxtpx:course>
		</gpxtpx:TrackPointExtension>
	</extensions>
</trkpt>
<trkpt lat="-9.0874448" lon="148.2790455">
	<ele>808.87</ele>
	<time>2026-04-18T06:58:37.000Z</time>
	<hdop>4.00</hdop>
	<extensions>
		<gpxtpx:TrackPointExtension>
			<gpxtpx:course>66.9</gpxtpx:course>
		</gpxtpx:TrackPointExtension>
	</extensions>
</trkpt>
<trkpt lat="-9.0874539" lon="148.2791436">
	<ele>814.63</ele>
	<time>2026-04-18T06:59:35.000Z</time>
	<hdop>4.00</hdop>
	<extensions>
		<gpxtpx:TrackPointExtension>
			<gpxtpx:course>99.5</gpxtpx:course>
		</gpxtpx:TrackPointExtension>
	</extensions>
</trkpt>
<trkpt lat="-9.0874527" lon="148.2792360">
	<ele>818.12</ele>
	<time>2026-04-18T06:59:53.000Z</time>
	<hdop>4.00</hdop>
	<extensions>
		<gpxtpx:TrackPointExtension>
			<gpxtpx:course>113.1</gpxtpx:course>
		</gpxtpx:TrackPointExtension>
	</extensions>
</trkpt>
<trkpt lat="-9.0874123" lon="148.2793179">
	<ele>820.63</ele>
	<time>2026-04-18T07:00:57.000Z</time>
	<hdop>3.50</hdop>
	<extensions>
		<gpxtpx:TrackPointExtension>
			<gpxtpx:course>84.6</gpxtpx:course>
		</gpxtpx:TrackPointExtension>
	</extensions>
</trkpt>
<trkpt lat="-9.0873831" lon="148.2794116">
	<ele>821.88</ele>
	<time>2026-04-18T07:01:14.000Z</time>
	<hdop>4.00</hdop>
	<extensions>
		<gpxtpx:TrackPointExtension>
			<gpxtpx:course>65.0</gpxtpx:course>
		</gpxtpx:TrackPointExtension>
	</extensions>
</trkpt>
<trkpt lat="-9.0873211" lon="148.2794809">
	<ele>822.86</ele>
	<time>2026-04-18T07:01:26.000Z</time>
	<hdop>4.50</hdop>
	<extensions>
		<gpxtpx:TrackPointExtension>
			<gpxtpx:course>56.8</gpxtpx:course>
		</gpxtpx:TrackPointExtension>
	</extensions>
</trkpt>
<trkpt lat="-9.0872346" lon="148.2795184">
	<ele>821.15</ele>
	<time>2026-04-18T07:01:38.000Z</time>
	<hdop>4.50</hdop>
	<extensions>
		<gpxtpx:TrackPointExtension>
			<gpxtpx:course>356.9</gpxtpx:course>
		</gpxtpx:TrackPointExtension>
	</extensions>
</trkpt>
<trkpt lat="-9.0871653" lon="148.2795835">
	<ele>820.88</ele>
	<time>2026-04-18T07:01:49.000Z</time>
	<hdop>4.50</hdop>
	<extensions>
		<gpxtpx:TrackPointExtension>
			<gpxtpx:course>36.2</gpxtpx:course>
		</gpxtpx:TrackPointExtension>
	</extensions>
</trkpt>
<trkpt lat="-9.0870842" lon="148.2796311">
	<ele>822.63</ele>
	<time>2026-04-18T07:02:01.000Z</time>
	<hdop>4.50</hdop>
	<extensions>
		<gpxtpx:TrackPointExtension>
			<gpxtpx:course>34.9</gpxtpx:course>
		</gpxtpx:TrackPointExtension>
	</extensions>
</trkpt>
<trkpt lat="-9.0870089" lon="148.2796950">
	<ele>824.88</ele>
	<time>2026-04-18T07:02:13.000Z</time>
	<hdop>4.50</hdop>
	<extensions>
		<gpxtpx:TrackPointExtension>
			<gpxtpx:course>38.1</gpxtpx:course>
		</gpxtpx:TrackPointExtension>
	</extensions>
</trkpt>
<trkpt lat="-9.0869685" lon="148.2797844">
	<ele>824.13</ele>
	<time>2026-04-18T07:02:28.000Z</time>
	<hdop>4.50</hdop>
	<extensions>
		<gpxtpx:TrackPointExtension>
			<gpxtpx:course>54.8</gpxtpx:course>
		</gpxtpx:TrackPointExtension>
	</extensions>
</trkpt>
<trkpt lat="-9.0869123" lon="148.2798612">
	<ele>822.88</ele>
	<time>2026-04-18T07:02:39.000Z</time>
	<hdop>5.00</hdop>
	<extensions>
		<gpxtpx:TrackPointExtension>
			<gpxtpx:course>43.7</gpxtpx:course>
		</gpxtpx:TrackPointExtension>
	</extensions>
</trkpt>
<trkpt lat="-9.0868580" lon="148.2799383">
	<ele>822.87</ele>
	<time>2026-04-18T07:02:50.000Z</time>
	<hdop>4.50</hdop>
	<extensions>
		<gpxtpx:TrackPointExtension>
			<gpxtpx:course>62.0</gpxtpx:course>
		</gpxtpx:TrackPointExtension>
	</extensions>
</trkpt>
<trkpt lat="-9.0868356" lon="148.2800367">
	<ele>822.70</ele>
	<time>2026-04-18T07:03:01.000Z</time>
	<hdop>5.00</hdop>
	<extensions>
		<gpxtpx:TrackPointExtension>
			<gpxtpx:course>107.5</gpxtpx:course>
		</gpxtpx:TrackPointExtension>
	</extensions>
</trkpt>
<trkpt lat="-9.0867981" lon="148.2801214">
	<ele>822.64</ele>
	<time>2026-04-18T07:03:14.000Z</time>
	<hdop>5.50</hdop>
	<extensions>
		<gpxtpx:TrackPointExtension>
			<gpxtpx:course>98.7</gpxtpx:course>
		</gpxtpx:TrackPointExtension>
	</extensions>
</trkpt>
<trkpt lat="-9.0867887" lon="148.2802246">
	<ele>824.88</ele>
	<time>2026-04-18T07:03:24.000Z</time>
	<hdop>5.00</hdop>
	<extensions>
		<gpxtpx:TrackPointExtension>
			<gpxtpx:course>99.8</gpxtpx:course>
		</gpxtpx:TrackPointExtension>
	</extensions>
</trkpt>
<trkpt lat="-9.0868009" lon="148.2803240">
	<ele>826.62</ele>
	<time>2026-04-18T07:03:36.000Z</time>
	<hdop>4.50</hdop>
	<extensions>
		<gpxtpx:TrackPointExtension>
			<gpxtpx:course>118.6</gpxtpx:course>
		</gpxtpx:TrackPointExtension>
	</extensions>
</trkpt>
<trkpt lat="-9.0868288" lon="148.2804134">
	<ele>825.94</ele>
	<time>2026-04-18T07:04:07.000Z</time>
	<hdop>4.00</hdop>
	<extensions>
		<gpxtpx:TrackPointExtension>
			<gpxtpx:course>97.0</gpxtpx:course>
		</gpxtpx:TrackPointExtension>
	</extensions>
</trkpt>
<trkpt lat="-9.0868416" lon="148.2805043">
	<ele>822.87</ele>
	<time>2026-04-18T07:04:21.000Z</time>
	<hdop>4.50</hdop>
	<extensions>
		<gpxtpx:TrackPointExtension>
			<gpxtpx:course>102.5</gpxtpx:course>
		</gpxtpx:TrackPointExtension>
	</extensions>
</trkpt>
<trkpt lat="-9.0868771" lon="148.2805885">
	<ele>823.87</ele>
	<time>2026-04-18T07:04:32.000Z</time>
	<hdop>4.50</hdop>
	<extensions>
		<gpxtpx:TrackPointExtension>
			<gpxtpx:course>147.1</gpxtpx:course>
		</gpxtpx:TrackPointExtension>
	</extensions>
</trkpt>
<trkpt lat="-9.0869514" lon="148.2806471">
	<ele>822.89</ele>
	<time>2026-04-18T07:04:48.000Z</time>
	<hdop>4.00</hdop>
	<extensions>
		<gpxtpx:TrackPointExtension>
			<gpxtpx:course>155.8</gpxtpx:course>
		</gpxtpx:TrackPointExtension>
	</extensions>
</trkpt>
<trkpt lat="-9.0870408" lon="148.2807075">
	<ele>821.89</ele>
	<time>2026-04-18T07:04:58.000Z</time>
	<hdop>4.00</hdop>
	<extensions>
		<gpxtpx:TrackPointExtension>
			<gpxtpx:course>157.9</gpxtpx:course>
		</gpxtpx:TrackPointExtension>
	</extensions>
</trkpt>
<trkpt lat="-9.0871077" lon="148.2807751">
	<ele>821.70</ele>
	<time>2026-04-18T07:05:10.000Z</time>
	<hdop>4.00</hdop>
	<extensions>
		<gpxtpx:TrackPointExtension>
			<gpxtpx:course>133.0</gpxtpx:course>
		</gpxtpx:TrackPointExtension>
	</extensions>
</trkpt>
<trkpt lat="-9.0871659" lon="148.2808509">
	<ele>821.83</ele>
	<time>2026-04-18T07:05:23.000Z</time>
	<hdop>4.00</hdop>
	<extensions>
		<gpxtpx:TrackPointExtension>
			<gpxtpx:course>140.9</gpxtpx:course>
		</gpxtpx:TrackPointExtension>
	</extensions>
</trkpt>
<trkpt lat="-9.0872473" lon="148.2808921">
	<ele>819.88</ele>
	<time>2026-04-18T07:05:35.000Z</time>
	<hdop>4.00</hdop>
	<extensions>
		<gpxtpx:TrackPointExtension>
			<gpxtpx:course>172.1</gpxtpx:course>
		</gpxtpx:TrackPointExtension>
	</extensions>
</trkpt>
<trkpt lat="-9.0873282" lon="148.2809366">
	<ele>818.89</ele>
	<time>2026-04-18T07:05:47.000Z</time>
	<hdop>4.00</hdop>
	<extensions>
		<gpxtpx:TrackPointExtension>
			<gpxtpx:course>148.3</gpxtpx:course>
		</gpxtpx:TrackPointExtension>
	</extensions>
</trkpt>
<trkpt lat="-9.0874231" lon="148.2809687">
	<ele>821.83</ele>
	<time>2026-04-18T07:05:58.000Z</time>
	<hdop>4.00</hdop>
	<extensions>
		<gpxtpx:TrackPointExtension>
			<gpxtpx:course>172.9</gpxtpx:course>
		</gpxtpx:TrackPointExtension>
	</extensions>
</trkpt>
<trkpt lat="-9.0875051" lon="148.2810143">
	<ele>820.84</ele>
	<time>2026-04-18T07:06:10.000Z</time>
	<hdop>4.50</hdop>
	<extensions>
		<gpxtpx:TrackPointExtension>
			<gpxtpx:course>113.9</gpxtpx:course>
		</gpxtpx:TrackPointExtension>
	</extensions>
</trkpt>
<trkpt lat="-9.0875733" lon="148.2810744">
	<ele>822.89</ele>
	<time>2026-04-18T07:07:28.000Z</time>
	<hdop>4.00</hdop>
	<extensions>
		<gpxtpx:TrackPointExtension>
			<gpxtpx:course>115.6</gpxtpx:course>
		</gpxtpx:TrackPointExtension>
	</extensions>
</trkpt>
<trkpt lat="-9.0875813" lon="148.2811651">
	<ele>825.14</ele>
	<time>2026-04-18T07:21:47.000Z</time>
	<hdop>3.00</hdop>
	<extensions>
		<gpxtpx:TrackPointExtension>
			<gpxtpx:course>35.8</gpxtpx:course>
		</gpxtpx:TrackPointExtension>
	</extensions>
</trkpt>
<trkpt lat="-9.0876697" lon="148.2811955">
	<ele>825.90</ele>
	<time>2026-04-18T07:22:20.000Z</time>
	<hdop>3.50</hdop>
	<extensions>
		<gpxtpx:TrackPointExtension>
			<gpxtpx:course>133.2</gpxtpx:course>
		</gpxtpx:TrackPointExtension>
	</extensions>
</trkpt>
<trkpt lat="-9.0877064" lon="148.2812820">
	<ele>825.95</ele>
	<time>2026-04-18T07:22:44.000Z</time>
	<hdop>3.50</hdop>
	<extensions>
		<gpxtpx:TrackPointExtension>
			<gpxtpx:course>134.6</gpxtpx:course>
		</gpxtpx:TrackPointExtension>
	</extensions>
</trkpt>
<trkpt lat="-9.0877435" lon="148.2813669">
	<ele>819.96</ele>
	<time>2026-04-18T07:23:02.000Z</time>
	<hdop>3.50</hdop>
	<extensions>
		<gpxtpx:TrackPointExtension>
			<gpxtpx:course>120.8</gpxtpx:course>
		</gpxtpx:TrackPointExtension>
	</extensions>
</trkpt>
<trkpt lat="-9.0877571" lon="148.2814571">
	<ele>813.95</ele>
	<time>2026-04-18T07:23:26.000Z</time>
	<hdop>3.50</hdop>
	<extensions>
		<gpxtpx:TrackPointExtension>
			<gpxtpx:course>110.1</gpxtpx:course>
		</gpxtpx:TrackPointExtension>
	</extensions>
</trkpt>
<trkpt lat="-9.0877506" lon="148.2815507">
	<ele>812.95</ele>
	<time>2026-04-18T07:23:46.000Z</time>
	<hdop>3.50</hdop>
	<extensions>
		<gpxtpx:TrackPointExtension>
			<gpxtpx:course>107.4</gpxtpx:course>
		</gpxtpx:TrackPointExtension>
	</extensions>
</trkpt>
<trkpt lat="-9.0877680" lon="148.2816411">
	<ele>810.16</ele>
	<time>2026-04-18T07:24:07.000Z</time>
	<hdop>4.00</hdop>
	<extensions>
		<gpxtpx:TrackPointExtension>
			<gpxtpx:course>73.9</gpxtpx:course>
		</gpxtpx:TrackPointExtension>
	</extensions>
</trkpt>
<trkpt lat="-9.0877689" lon="148.2817392">
	<ele>805.89</ele>
	<time>2026-04-18T07:24:27.000Z</time>
	<hdop>4.50</hdop>
	<extensions>
		<gpxtpx:TrackPointExtension>
			<gpxtpx:course>106.4</gpxtpx:course>
		</gpxtpx:TrackPointExtension>
	</extensions>
</trkpt>
<trkpt lat="-9.0877721" lon="148.2818407">
	<ele>803.90</ele>
	<time>2026-04-18T07:24:38.000Z</time>
	<hdop>4.00</hdop>
	<extensions>
		<gpxtpx:TrackPointExtension>
			<gpxtpx:course>85.1</gpxtpx:course>
		</gpxtpx:TrackPointExtension>
	</extensions>
</trkpt>
<trkpt lat="-9.0877797" lon="148.2819347">
	<ele>805.84</ele>
	<time>2026-04-18T07:24:51.000Z</time>
	<hdop>4.00</hdop>
	<extensions>
		<gpxtpx:TrackPointExtension>
			<gpxtpx:course>97.6</gpxtpx:course>
		</gpxtpx:TrackPointExtension>
	</extensions>
</trkpt>
<trkpt lat="-9.0877859" lon="148.2820310">
	<ele>802.91</ele>
	<time>2026-04-18T07:25:02.000Z</time>
	<hdop>4.00</hdop>
	<extensions>
		<gpxtpx:TrackPointExtension>
			<gpxtpx:course>106.5</gpxtpx:course>
		</gpxtpx:TrackPointExtension>
	</extensions>
</trkpt>
<trkpt lat="-9.0878029" lon="148.2821260">
	<ele>801.89</ele>
	<time>2026-04-18T07:25:12.000Z</time>
	<hdop>3.50</hdop>
	<extensions>
		<gpxtpx:TrackPointExtension>
			<gpxtpx:course>120.4</gpxtpx:course>
		</gpxtpx:TrackPointExtension>
	</extensions>
</trkpt>
<trkpt lat="-9.0878468" lon="148.2822061">
	<ele>799.95</ele>
	<time>2026-04-18T07:25:25.000Z</time>
	<hdop>4.00</hdop>
	<extensions>
		<gpxtpx:TrackPointExtension>
			<gpxtpx:course>125.6</gpxtpx:course>
		</gpxtpx:TrackPointExtension>
	</extensions>
</trkpt>
<trkpt lat="-9.0878735" lon="148.2822958">
	<ele>798.66</ele>
	<time>2026-04-18T07:25:37.000Z</time>
	<hdop>4.50</hdop>
	<extensions>
		<gpxtpx:TrackPointExtension>
			<gpxtpx:course>116.9</gpxtpx:course>
		</gpxtpx:TrackPointExtension>
	</extensions>
</trkpt>
<trkpt lat="-9.0878828" lon="148.2823951">
	<ele>799.91</ele>
	<time>2026-04-18T07:25:50.000Z</time>
	<hdop>3.50</hdop>
	<extensions>
		<gpxtpx:TrackPointExtension>
			<gpxtpx:course>106.0</gpxtpx:course>
		</gpxtpx:TrackPointExtension>
	</extensions>
</trkpt>
<trkpt lat="-9.0879088" lon="148.2824875">
	<ele>799.64</ele>
	<time>2026-04-18T07:26:03.000Z</time>
	<hdop>4.00</hdop>
	<extensions>
		<gpxtpx:TrackPointExtension>
			<gpxtpx:course>114.1</gpxtpx:course>
		</gpxtpx:TrackPointExtension>
	</extensions>
</trkpt>
<trkpt lat="-9.0879276" lon="148.2825834">
	<ele>798.96</ele>
	<time>2026-04-18T07:26:16.000Z</time>
	<hdop>3.50</hdop>
	<extensions>
		<gpxtpx:TrackPointExtension>
			<gpxtpx:course>113.1</gpxtpx:course>
		</gpxtpx:TrackPointExtension>
	</extensions>
</trkpt>
<trkpt lat="-9.0879497" lon="148.2826792">
	<ele>793.91</ele>
	<time>2026-04-18T07:26:35.000Z</time>
	<hdop>4.00</hdop>
	<extensions>
		<gpxtpx:TrackPointExtension>
			<gpxtpx:course>119.9</gpxtpx:course>
		</gpxtpx:TrackPointExtension>
	</extensions>
</trkpt>
<trkpt lat="-9.0879697" lon="148.2827710">
	<ele>791.90</ele>
	<time>2026-04-18T07:26:48.000Z</time>
	<hdop>3.50</hdop>
	<extensions>
		<gpxtpx:TrackPointExtension>
			<gpxtpx:course>110.8</gpxtpx:course>
		</gpxtpx:TrackPointExtension>
	</extensions>
</trkpt>
<trkpt lat="-9.0879840" lon="148.2828648">
	<ele>789.15</ele>
	<time>2026-04-18T07:27:06.000Z</time>
	<hdop>3.50</hdop>
	<extensions>
		<gpxtpx:TrackPointExtension>
			<gpxtpx:course>114.4</gpxtpx:course>
		</gpxtpx:TrackPointExtension>
	</extensions>
</trkpt>
<trkpt lat="-9.0880024" lon="148.2829545">
	<ele>784.90</ele>
	<time>2026-04-18T07:27:33.000Z</time>
	<hdop>4.00</hdop>
	<extensions>
		<gpxtpx:TrackPointExtension>
			<gpxtpx:course>104.2</gpxtpx:course>
		</gpxtpx:TrackPointExtension>
	</extensions>
</trkpt>
<trkpt lat="-9.0879822" lon="148.2830465">
	<ele>781.89</ele>
	<time>2026-04-18T07:27:58.000Z</time>
	<hdop>4.00</hdop>
	<extensions>
		<gpxtpx:TrackPointExtension>
			<gpxtpx:course>73.2</gpxtpx:course>
		</gpxtpx:TrackPointExtension>
	</extensions>
</trkpt>
<trkpt lat="-9.0880121" lon="148.2831328">
	<ele>771.96</ele>
	<time>2026-04-18T07:28:24.000Z</time>
	<hdop>4.00</hdop>
	<extensions>
		<gpxtpx:TrackPointExtension>
			<gpxtpx:course>93.4</gpxtpx:course>
		</gpxtpx:TrackPointExtension>
	</extensions>
</trkpt>
<trkpt lat="-9.0880237" lon="148.2832248">
	<ele>761.91</ele>
	<time>2026-04-18T07:29:14.000Z</time>
	<hdop>4.50</hdop>
	<extensions>
		<gpxtpx:TrackPointExtension>
			<gpxtpx:course>119.5</gpxtpx:course>
		</gpxtpx:TrackPointExtension>
	</extensions>
</trkpt>
<trkpt lat="-9.0880775" lon="148.2832982">
	<ele>755.96</ele>
	<time>2026-04-18T07:30:11.000Z</time>
	<hdop>4.00</hdop>
	<extensions>
		<gpxtpx:TrackPointExtension>
			<gpxtpx:course>201.0</gpxtpx:course>
		</gpxtpx:TrackPointExtension>
	</extensions>
</trkpt>
<trkpt lat="-9.0881110" lon="148.2833829">
	<ele>753.71</ele>
	<time>2026-04-18T07:30:44.000Z</time>
	<hdop>3.50</hdop>
	<extensions>
		<gpxtpx:TrackPointExtension>
			<gpxtpx:course>123.4</gpxtpx:course>
		</gpxtpx:TrackPointExtension>
	</extensions>
</trkpt>
<trkpt lat="-9.0881525" lon="148.2834720">
	<ele>746.92</ele>
	<time>2026-04-18T07:31:35.000Z</time>
	<hdop>4.50</hdop>
	<extensions>
		<gpxtpx:TrackPointExtension>
			<gpxtpx:course>83.0</gpxtpx:course>
		</gpxtpx:TrackPointExtension>
	</extensions>
</trkpt>
<trkpt lat="-9.0881903" lon="148.2835559">
	<ele>744.96</ele>
	<time>2026-04-18T07:31:57.000Z</time>
	<hdop>4.50</hdop>
	<extensions>
		<gpxtpx:TrackPointExtension>
			<gpxtpx:course>114.9</gpxtpx:course>
		</gpxtpx:TrackPointExtension>
	</extensions>
</trkpt>
<trkpt lat="-9.0881481" lon="148.2836422">
	<ele>741.15</ele>
	<time>2026-04-18T07:32:42.000Z</time>
	<hdop>3.50</hdop>
	<extensions>
		<gpxtpx:TrackPointExtension>
			<gpxtpx:course>74.4</gpxtpx:course>
		</gpxtpx:TrackPointExtension>
	</extensions>
</trkpt>
<trkpt lat="-9.0881212" lon="148.2837291">
	<ele>738.92</ele>
	<time>2026-04-18T07:32:56.000Z</time>
	<hdop>3.50</hdop>
	<extensions>
		<gpxtpx:TrackPointExtension>
			<gpxtpx:course>84.4</gpxtpx:course>
		</gpxtpx:TrackPointExtension>
	</extensions>
</trkpt>
<trkpt lat="-9.0880763" lon="148.2838146">
	<ele>759.13</ele>
	<time>2026-04-18T07:37:03.000Z</time>
	<hdop>3.00</hdop>
	<extensions>
		<gpxtpx:TrackPointExtension>
			<gpxtpx:course>78.8</gpxtpx:course>
		</gpxtpx:TrackPointExtension>
	</extensions>
</trkpt>
<trkpt lat="-9.0880412" lon="148.2839000">
	<ele>761.88</ele>
	<time>2026-04-18T07:37:18.000Z</time>
	<hdop>2.50</hdop>
	<extensions>
		<gpxtpx:TrackPointExtension>
			<gpxtpx:course>126.4</gpxtpx:course>
		</gpxtpx:TrackPointExtension>
	</extensions>
</trkpt>
<trkpt lat="-9.0880161" lon="148.2839879">
	<ele>774.15</ele>
	<time>2026-04-18T07:38:03.000Z</time>
	<hdop>3.00</hdop>
	<extensions>
		<gpxtpx:TrackPointExtension>
			<gpxtpx:course>106.4</gpxtpx:course>
		</gpxtpx:TrackPointExtension>
	</extensions>
</trkpt>
<trkpt lat="-9.0879877" lon="148.2840835">
	<ele>777.20</ele>
	<time>2026-04-18T07:38:37.000Z</time>
	<hdop>3.00</hdop>
	<extensions>
		<gpxtpx:TrackPointExtension>
			<gpxtpx:course>103.7</gpxtpx:course>
		</gpxtpx:TrackPointExtension>
	</extensions>
</trkpt>
<trkpt lat="-9.0879251" lon="148.2841514">
	<ele>780.90</ele>
	<time>2026-04-18T07:39:13.000Z</time>
	<hdop>2.00</hdop>
	<extensions>
		<gpxtpx:TrackPointExtension>
			<gpxtpx:course>23.5</gpxtpx:course>
		</gpxtpx:TrackPointExtension>
	</extensions>
</trkpt>
<trkpt lat="-9.0878612" lon="148.2842184">
	<ele>789.65</ele>
	<time>2026-04-18T07:40:22.000Z</time>
	<hdop>2.50</hdop>
	<extensions>
		<gpxtpx:TrackPointExtension>
			<gpxtpx:course>357.6</gpxtpx:course>
		</gpxtpx:TrackPointExtension>
	</extensions>
</trkpt>
<trkpt lat="-9.0877703" lon="148.2842286">
	<ele>793.90</ele>
	<time>2026-04-18T07:41:01.000Z</time>
	<hdop>2.50</hdop>
	<extensions>
		<gpxtpx:TrackPointExtension>
			<gpxtpx:course>314.0</gpxtpx:course>
		</gpxtpx:TrackPointExtension>
	</extensions>
</trkpt>
<trkpt lat="-9.0876761" lon="148.2842409">
	<ele>797.64</ele>
	<time>2026-04-18T07:41:44.000Z</time>
	<hdop>3.00</hdop>
	<extensions>
		<gpxtpx:TrackPointExtension>
			<gpxtpx:course>34.3</gpxtpx:course>
		</gpxtpx:TrackPointExtension>
	</extensions>
</trkpt>
<trkpt lat="-9.0875838" lon="148.2842626">
	<ele>800.65</ele>
	<time>2026-04-18T07:42:01.000Z</time>
	<hdop>2.00</hdop>
	<extensions>
		<gpxtpx:TrackPointExtension>
			<gpxtpx:course>7.1</gpxtpx:course>
		</gpxtpx:TrackPointExtension>
	</extensions>
</trkpt>
<trkpt lat="-9.0874962" lon="148.2842357">
	<ele>801.92</ele>
	<time>2026-04-18T07:42:27.000Z</time>
	<hdop>2.50</hdop>
	<extensions>
		<gpxtpx:TrackPointExtension>
			<gpxtpx:course>359.7</gpxtpx:course>
		</gpxtpx:TrackPointExtension>
	</extensions>
</trkpt>
<trkpt lat="-9.0874124" lon="148.2842813">
	<ele>807.58</ele>
	<time>2026-04-18T07:42:46.000Z</time>
	<hdop>2.50</hdop>
	<extensions>
		<gpxtpx:TrackPointExtension>
			<gpxtpx:course>31.0</gpxtpx:course>
		</gpxtpx:TrackPointExtension>
	</extensions>
</trkpt>
<trkpt lat="-9.0873215" lon="148.2842997">
	<ele>809.20</ele>
	<time>2026-04-18T07:43:03.000Z</time>
	<hdop>2.50</hdop>
	<extensions>
		<gpxtpx:TrackPointExtension>
			<gpxtpx:course>315.0</gpxtpx:course>
		</gpxtpx:TrackPointExtension>
	</extensions>
</trkpt>
<trkpt lat="-9.0872357" lon="148.2843497">
	<ele>808.10</ele>
	<time>2026-04-18T07:43:57.000Z</time>
	<hdop>3.00</hdop>
	<extensions>
		<gpxtpx:TrackPointExtension>
			<gpxtpx:course>92.5</gpxtpx:course>
		</gpxtpx:TrackPointExtension>
	</extensions>
</trkpt>
<trkpt lat="-9.0871950" lon="148.2844367">
	<ele>809.91</ele>
	<time>2026-04-18T07:44:11.000Z</time>
	<hdop>2.50</hdop>
	<extensions>
		<gpxtpx:TrackPointExtension>
			<gpxtpx:course>51.4</gpxtpx:course>
		</gpxtpx:TrackPointExtension>
	</extensions>
</trkpt>
<trkpt lat="-9.0871717" lon="148.2845299">
	<ele>819.89</ele>
	<time>2026-04-18T07:44:49.000Z</time>
	<hdop>2.50</hdop>
	<extensions>
		<gpxtpx:TrackPointExtension>
			<gpxtpx:course>76.4</gpxtpx:course>
		</gpxtpx:TrackPointExtension>
	</extensions>
</trkpt>
<trkpt lat="-9.0872310" lon="148.2846018">
	<ele>823.84</ele>
	<time>2026-04-18T07:45:23.000Z</time>
	<hdop>2.50</hdop>
	<extensions>
		<gpxtpx:TrackPointExtension>
			<gpxtpx:course>110.8</gpxtpx:course>
		</gpxtpx:TrackPointExtension>
	</extensions>
</trkpt>
<trkpt lat="-9.0872806" lon="148.2846861">
	<ele>823.95</ele>
	<time>2026-04-18T07:45:35.000Z</time>
	<hdop>2.50</hdop>
	<extensions>
		<gpxtpx:TrackPointExtension>
			<gpxtpx:course>128.3</gpxtpx:course>
		</gpxtpx:TrackPointExtension>
	</extensions>
</trkpt>
<trkpt lat="-9.0873391" lon="148.2847603">
	<ele>823.92</ele>
	<time>2026-04-18T07:45:45.000Z</time>
	<hdop>2.50</hdop>
	<extensions>
		<gpxtpx:TrackPointExtension>
			<gpxtpx:course>132.4</gpxtpx:course>
		</gpxtpx:TrackPointExtension>
	</extensions>
</trkpt>
<trkpt lat="-9.0873892" lon="148.2848378">
	<ele>825.60</ele>
	<time>2026-04-18T07:45:58.000Z</time>
	<hdop>3.00</hdop>
	<extensions>
		<gpxtpx:TrackPointExtension>
			<gpxtpx:course>131.7</gpxtpx:course>
		</gpxtpx:TrackPointExtension>
	</extensions>
</trkpt>
<trkpt lat="-9.0874462" lon="148.2849178">
	<ele>827.66</ele>
	<time>2026-04-18T07:46:10.000Z</time>
	<hdop>3.00</hdop>
	<extensions>
		<gpxtpx:TrackPointExtension>
			<gpxtpx:course>121.9</gpxtpx:course>
		</gpxtpx:TrackPointExtension>
	</extensions>
</trkpt>
<trkpt lat="-9.0875150" lon="148.2849827">
	<ele>828.89</ele>
	<time>2026-04-18T07:46:21.000Z</time>
	<hdop>3.00</hdop>
	<extensions>
		<gpxtpx:TrackPointExtension>
			<gpxtpx:course>135.7</gpxtpx:course>
		</gpxtpx:TrackPointExtension>
	</extensions>
</trkpt>
<trkpt lat="-9.0876091" lon="148.2850560">
	<ele>824.93</ele>
	<time>2026-04-18T07:46:31.000Z</time>
	<hdop>2.50</hdop>
	<extensions>
		<gpxtpx:TrackPointExtension>
			<gpxtpx:course>144.9</gpxtpx:course>
		</gpxtpx:TrackPointExtension>
	</extensions>
</trkpt>
<trkpt lat="-9.0877040" lon="148.2851033">
	<ele>822.16</ele>
	<time>2026-04-18T07:46:41.000Z</time>
	<hdop>3.00</hdop>
	<extensions>
		<gpxtpx:TrackPointExtension>
			<gpxtpx:course>159.8</gpxtpx:course>
		</gpxtpx:TrackPointExtension>
	</extensions>
</trkpt>
<trkpt lat="-9.0877926" lon="148.2851330">
	<ele>820.92</ele>
	<time>2026-04-18T07:46:51.000Z</time>
	<hdop>2.50</hdop>
	<extensions>
		<gpxtpx:TrackPointExtension>
			<gpxtpx:course>166.9</gpxtpx:course>
		</gpxtpx:TrackPointExtension>
	</extensions>
</trkpt>
<trkpt lat="-9.0878868" lon="148.2851586">
	<ele>819.97</ele>
	<time>2026-04-18T07:47:03.000Z</time>
	<hdop>2.50</hdop>
	<extensions>
		<gpxtpx:TrackPointExtension>
			<gpxtpx:course>187.0</gpxtpx:course>
		</gpxtpx:TrackPointExtension>
	</extensions>
</trkpt>
<trkpt lat="-9.0879808" lon="148.2851646">
	<ele>820.91</ele>
	<time>2026-04-18T07:47:22.000Z</time>
	<hdop>2.50</hdop>
	<extensions>
		<gpxtpx:TrackPointExtension>
			<gpxtpx:course>168.9</gpxtpx:course>
		</gpxtpx:TrackPointExtension>
	</extensions>
</trkpt>
<trkpt lat="-9.0880750" lon="148.2851785">
	<ele>819.90</ele>
	<time>2026-04-18T07:47:36.000Z</time>
	<hdop>3.00</hdop>
	<extensions>
		<gpxtpx:TrackPointExtension>
			<gpxtpx:course>183.4</gpxtpx:course>
		</gpxtpx:TrackPointExtension>
	</extensions>
</trkpt>
<trkpt lat="-9.0881767" lon="148.2851510">
	<ele>820.66</ele>
	<time>2026-04-18T07:47:46.000Z</time>
	<hdop>2.50</hdop>
	<extensions>
		<gpxtpx:TrackPointExtension>
			<gpxtpx:course>191.8</gpxtpx:course>
		</gpxtpx:TrackPointExtension>
	</extensions>
</trkpt>
<trkpt lat="-9.0882716" lon="148.2851485">
	<ele>821.65</ele>
	<time>2026-04-18T07:47:57.000Z</time>
	<hdop>2.00</hdop>
	<extensions>
		<gpxtpx:TrackPointExtension>
			<gpxtpx:course>187.6</gpxtpx:course>
		</gpxtpx:TrackPointExtension>
	</extensions>
</trkpt>
<trkpt lat="-9.0883627" lon="148.2851268">
	<ele>821.84</ele>
	<time>2026-04-18T07:48:07.000Z</time>
	<hdop>2.50</hdop>
	<extensions>
		<gpxtpx:TrackPointExtension>
			<gpxtpx:course>172.7</gpxtpx:course>
		</gpxtpx:TrackPointExtension>
	</extensions>
</trkpt>
<trkpt lat="-9.0884516" lon="148.2851037">
	<ele>819.91</ele>
	<time>2026-04-18T07:48:18.000Z</time>
	<hdop>3.00</hdop>
	<extensions>
		<gpxtpx:TrackPointExtension>
			<gpxtpx:course>187.2</gpxtpx:course>
		</gpxtpx:TrackPointExtension>
	</extensions>
</trkpt>
<trkpt lat="-9.0885445" lon="148.2850962">
	<ele>819.91</ele>
	<time>2026-04-18T07:48:29.000Z</time>
	<hdop>2.50</hdop>
	<extensions>
		<gpxtpx:TrackPointExtension>
			<gpxtpx:course>178.1</gpxtpx:course>
		</gpxtpx:TrackPointExtension>
	</extensions>
</trkpt>
<trkpt lat="-9.0886424" lon="148.2851113">
	<ele>818.91</ele>
	<time>2026-04-18T07:48:39.000Z</time>
	<hdop>2.50</hdop>
	<extensions>
		<gpxtpx:TrackPointExtension>
			<gpxtpx:course>160.0</gpxtpx:course>
		</gpxtpx:TrackPointExtension>
	</extensions>
</trkpt>
<trkpt lat="-9.0887257" lon="148.2851525">
	<ele>817.89</ele>
	<time>2026-04-18T07:48:50.000Z</time>
	<hdop>2.50</hdop>
	<extensions>
		<gpxtpx:TrackPointExtension>
			<gpxtpx:course>160.2</gpxtpx:course>
		</gpxtpx:TrackPointExtension>
	</extensions>
</trkpt>
<trkpt lat="-9.0888111" lon="148.2851880">
	<ele>818.64</ele>
	<time>2026-04-18T07:49:00.000Z</time>
	<hdop>2.50</hdop>
	<extensions>
		<gpxtpx:TrackPointExtension>
			<gpxtpx:course>169.5</gpxtpx:course>
		</gpxtpx:TrackPointExtension>
	</extensions>
</trkpt>
<trkpt lat="-9.0889124" lon="148.2852121">
	<ele>818.92</ele>
	<time>2026-04-18T07:49:10.000Z</time>
	<hdop>2.50</hdop>
	<extensions>
		<gpxtpx:TrackPointExtension>
			<gpxtpx:course>161.5</gpxtpx:course>
		</gpxtpx:TrackPointExtension>
	</extensions>
</trkpt>
<trkpt lat="-9.0890040" lon="148.2852436">
	<ele>817.66</ele>
	<time>2026-04-18T07:49:20.000Z</time>
	<hdop>2.50</hdop>
	<extensions>
		<gpxtpx:TrackPointExtension>
			<gpxtpx:course>162.2</gpxtpx:course>
		</gpxtpx:TrackPointExtension>
	</extensions>
</trkpt>
<trkpt lat="-9.0891020" lon="148.2852655">
	<ele>817.86</ele>
	<time>2026-04-18T07:49:30.000Z</time>
	<hdop>2.50</hdop>
	<extensions>
		<gpxtpx:TrackPointExtension>
			<gpxtpx:course>164.8</gpxtpx:course>
		</gpxtpx:TrackPointExtension>
	</extensions>
</trkpt>
<trkpt lat="-9.0891949" lon="148.2852995">
	<ele>816.97</ele>
	<time>2026-04-18T07:49:41.000Z</time>
	<hdop>2.50</hdop>
	<extensions>
		<gpxtpx:TrackPointExtension>
			<gpxtpx:course>153.7</gpxtpx:course>
		</gpxtpx:TrackPointExtension>
	</extensions>
</trkpt>
<trkpt lat="-9.0892832" lon="148.2853369">
	<ele>817.65</ele>
	<time>2026-04-18T07:49:51.000Z</time>
	<hdop>2.50</hdop>
	<extensions>
		<gpxtpx:TrackPointExtension>
			<gpxtpx:course>160.3</gpxtpx:course>
		</gpxtpx:TrackPointExtension>
	</extensions>
</trkpt>
<trkpt lat="-9.0893794" lon="148.2853915">
	<ele>814.91</ele>
	<time>2026-04-18T07:50:01.000Z</time>
	<hdop>2.50</hdop>
	<extensions>
		<gpxtpx:TrackPointExtension>
			<gpxtpx:course>149.1</gpxtpx:course>
		</gpxtpx:TrackPointExtension>
	</extensions>
</trkpt>
<trkpt lat="-9.0894638" lon="148.2854277">
	<ele>816.65</ele>
	<time>2026-04-18T07:50:12.000Z</time>
	<hdop>2.50</hdop>
	<extensions>
		<gpxtpx:TrackPointExtension>
			<gpxtpx:course>166.8</gpxtpx:course>
		</gpxtpx:TrackPointExtension>
	</extensions>
</trkpt>
<trkpt lat="-9.0895642" lon="148.2854619">
	<ele>815.86</ele>
	<time>2026-04-18T07:50:22.000Z</time>
	<hdop>2.50</hdop>
	<extensions>
		<gpxtpx:TrackPointExtension>
			<gpxtpx:course>165.1</gpxtpx:course>
		</gpxtpx:TrackPointExtension>
	</extensions>
</trkpt>
<trkpt lat="-9.0896591" lon="148.2854837">
	<ele>817.65</ele>
	<time>2026-04-18T07:50:32.000Z</time>
	<hdop>2.50</hdop>
	<extensions>
		<gpxtpx:TrackPointExtension>
			<gpxtpx:course>169.2</gpxtpx:course>
		</gpxtpx:TrackPointExtension>
	</extensions>
</trkpt>
<trkpt lat="-9.0897513" lon="148.2854740">
	<ele>820.15</ele>
	<time>2026-04-18T07:50:44.000Z</time>
	<hdop>3.00</hdop>
	<extensions>
		<gpxtpx:TrackPointExtension>
			<gpxtpx:course>158.1</gpxtpx:course>
		</gpxtpx:TrackPointExtension>
	</extensions>
</trkpt>
<trkpt lat="-9.0898407" lon="148.2855157">
	<ele>822.89</ele>
	<time>2026-04-18T07:50:54.000Z</time>
	<hdop>3.00</hdop>
	<extensions>
		<gpxtpx:TrackPointExtension>
			<gpxtpx:course>158.7</gpxtpx:course>
		</gpxtpx:TrackPointExtension>
	</extensions>
</trkpt>
<trkpt lat="-9.0899302" lon="148.2855545">
	<ele>821.90</ele>
	<time>2026-04-18T07:51:04.000Z</time>
	<hdop>3.00</hdop>
	<extensions>
		<gpxtpx:TrackPointExtension>
			<gpxtpx:course>175.3</gpxtpx:course>
		</gpxtpx:TrackPointExtension>
	</extensions>
</trkpt>
<trkpt lat="-9.0900218" lon="148.2855725">
	<ele>825.95</ele>
	<time>2026-04-18T07:51:16.000Z</time>
	<hdop>3.00</hdop>
	<extensions>
		<gpxtpx:TrackPointExtension>
			<gpxtpx:course>189.1</gpxtpx:course>
		</gpxtpx:TrackPointExtension>
	</extensions>
</trkpt>
<trkpt lat="-9.0901126" lon="148.2855851">
	<ele>825.67</ele>
	<time>2026-04-18T07:51:26.000Z</time>
	<hdop>3.00</hdop>
	<extensions>
		<gpxtpx:TrackPointExtension>
			<gpxtpx:course>183.3</gpxtpx:course>
		</gpxtpx:TrackPointExtension>
	</extensions>
</trkpt>
<trkpt lat="-9.0902044" lon="148.2855912">
	<ele>825.90</ele>
	<time>2026-04-18T07:51:36.000Z</time>
	<hdop>3.00</hdop>
	<extensions>
		<gpxtpx:TrackPointExtension>
			<gpxtpx:course>173.0</gpxtpx:course>
		</gpxtpx:TrackPointExtension>
	</extensions>
</trkpt>
<trkpt lat="-9.0903054" lon="148.2856137">
	<ele>821.91</ele>
	<time>2026-04-18T07:51:46.000Z</time>
	<hdop>3.00</hdop>
	<extensions>
		<gpxtpx:TrackPointExtension>
			<gpxtpx:course>170.1</gpxtpx:course>
		</gpxtpx:TrackPointExtension>
	</extensions>
</trkpt>
<trkpt lat="-9.0904007" lon="148.2856233">
	<ele>822.89</ele>
	<time>2026-04-18T07:51:59.000Z</time>
	<hdop>3.00</hdop>
	<extensions>
		<gpxtpx:TrackPointExtension>
			<gpxtpx:course>143.2</gpxtpx:course>
		</gpxtpx:TrackPointExtension>
	</extensions>
</trkpt>
<trkpt lat="-9.0904801" lon="148.2856748">
	<ele>821.90</ele>
	<time>2026-04-18T07:52:10.000Z</time>
	<hdop>3.00</hdop>
	<extensions>
		<gpxtpx:TrackPointExtension>
			<gpxtpx:course>136.5</gpxtpx:course>
		</gpxtpx:TrackPointExtension>
	</extensions>
</trkpt>
<trkpt lat="-9.0905673" lon="148.2857425">
	<ele>821.90</ele>
	<time>2026-04-18T07:52:20.000Z</time>
	<hdop>3.00</hdop>
	<extensions>
		<gpxtpx:TrackPointExtension>
			<gpxtpx:course>147.6</gpxtpx:course>
		</gpxtpx:TrackPointExtension>
	</extensions>
</trkpt>
<trkpt lat="-9.0906572" lon="148.2857909">
	<ele>821.14</ele>
	<time>2026-04-18T07:52:33.000Z</time>
	<hdop>3.00</hdop>
	<extensions>
		<gpxtpx:TrackPointExtension>
			<gpxtpx:course>141.2</gpxtpx:course>
		</gpxtpx:TrackPointExtension>
	</extensions>
</trkpt>
<trkpt lat="-9.0907513" lon="148.2858450">
	<ele>819.91</ele>
	<time>2026-04-18T07:52:43.000Z</time>
	<hdop>2.50</hdop>
	<extensions>
		<gpxtpx:TrackPointExtension>
			<gpxtpx:course>146.3</gpxtpx:course>
		</gpxtpx:TrackPointExtension>
	</extensions>
</trkpt>
<trkpt lat="-9.0908308" lon="148.2858941">
	<ele>818.92</ele>
	<time>2026-04-18T07:52:55.000Z</time>
	<hdop>3.00</hdop>
	<extensions>
		<gpxtpx:TrackPointExtension>
			<gpxtpx:course>163.6</gpxtpx:course>
		</gpxtpx:TrackPointExtension>
	</extensions>
</trkpt>
<trkpt lat="-9.0909278" lon="148.2858930">
	<ele>817.95</ele>
	<time>2026-04-18T07:53:15.000Z</time>
	<hdop>3.00</hdop>
	<extensions>
		<gpxtpx:TrackPointExtension>
			<gpxtpx:course>194.4</gpxtpx:course>
		</gpxtpx:TrackPointExtension>
	</extensions>
</trkpt>
<trkpt lat="-9.0910235" lon="148.2858654">
	<ele>816.84</ele>
	<time>2026-04-18T07:53:27.000Z</time>
	<hdop>2.50</hdop>
	<extensions>
		<gpxtpx:TrackPointExtension>
			<gpxtpx:course>203.8</gpxtpx:course>
		</gpxtpx:TrackPointExtension>
	</extensions>
</trkpt>
<trkpt lat="-9.0911139" lon="148.2858344">
	<ele>817.64</ele>
	<time>2026-04-18T07:53:40.000Z</time>
	<hdop>2.50</hdop>
	<extensions>
		<gpxtpx:TrackPointExtension>
			<gpxtpx:course>184.2</gpxtpx:course>
		</gpxtpx:TrackPointExtension>
	</extensions>
</trkpt>
<trkpt lat="-9.0912062" lon="148.2858194">
	<ele>815.90</ele>
	<time>2026-04-18T07:53:53.000Z</time>
	<hdop>3.00</hdop>
	<extensions>
		<gpxtpx:TrackPointExtension>
			<gpxtpx:course>167.6</gpxtpx:course>
		</gpxtpx:TrackPointExtension>
	</extensions>
</trkpt>
<trkpt lat="-9.0912967" lon="148.2857950">
	<ele>813.71</ele>
	<time>2026-04-18T07:54:07.000Z</time>
	<hdop>3.00</hdop>
	<extensions>
		<gpxtpx:TrackPointExtension>
			<gpxtpx:course>199.5</gpxtpx:course>
		</gpxtpx:TrackPointExtension>
	</extensions>
</trkpt>
<trkpt lat="-9.0913938" lon="148.2857812">
	<ele>811.90</ele>
	<time>2026-04-18T07:54:18.000Z</time>
	<hdop>2.50</hdop>
	<extensions>
		<gpxtpx:TrackPointExtension>
			<gpxtpx:course>193.3</gpxtpx:course>
		</gpxtpx:TrackPointExtension>
	</extensions>
</trkpt>
<trkpt lat="-9.0914893" lon="148.2857703">
	<ele>808.92</ele>
	<time>2026-04-18T07:54:29.000Z</time>
	<hdop>2.50</hdop>
	<extensions>
		<gpxtpx:TrackPointExtension>
			<gpxtpx:course>185.0</gpxtpx:course>
		</gpxtpx:TrackPointExtension>
	</extensions>
</trkpt>
<trkpt lat="-9.0915834" lon="148.2857557">
	<ele>807.65</ele>
	<time>2026-04-18T07:54:40.000Z</time>
	<hdop>2.50</hdop>
	<extensions>
		<gpxtpx:TrackPointExtension>
			<gpxtpx:course>192.5</gpxtpx:course>
		</gpxtpx:TrackPointExtension>
	</extensions>
</trkpt>
<trkpt lat="-9.0916764" lon="148.2857523">
	<ele>809.90</ele>
	<time>2026-04-18T07:54:53.000Z</time>
	<hdop>2.50</hdop>
	<extensions>
		<gpxtpx:TrackPointExtension>
			<gpxtpx:course>186.3</gpxtpx:course>
		</gpxtpx:TrackPointExtension>
	</extensions>
</trkpt>
<trkpt lat="-9.0917710" lon="148.2857471">
	<ele>812.85</ele>
	<time>2026-04-18T07:55:04.000Z</time>
	<hdop>3.00</hdop>
	<extensions>
		<gpxtpx:TrackPointExtension>
			<gpxtpx:course>182.1</gpxtpx:course>
		</gpxtpx:TrackPointExtension>
	</extensions>
</trkpt>
<trkpt lat="-9.0918618" lon="148.2857539">
	<ele>809.91</ele>
	<time>2026-04-18T07:55:14.000Z</time>
	<hdop>2.50</hdop>
	<extensions>
		<gpxtpx:TrackPointExtension>
			<gpxtpx:course>169.8</gpxtpx:course>
		</gpxtpx:TrackPointExtension>
	</extensions>
</trkpt>
<trkpt lat="-9.0919576" lon="148.2857477">
	<ele>810.09</ele>
	<time>2026-04-18T07:55:25.000Z</time>
	<hdop>3.00</hdop>
	<extensions>
		<gpxtpx:TrackPointExtension>
			<gpxtpx:course>186.5</gpxtpx:course>
		</gpxtpx:TrackPointExtension>
	</extensions>
</trkpt>
<trkpt lat="-9.0920485" lon="148.2857585">
	<ele>809.95</ele>
	<time>2026-04-18T07:55:36.000Z</time>
	<hdop>3.00</hdop>
	<extensions>
		<gpxtpx:TrackPointExtension>
			<gpxtpx:course>177.4</gpxtpx:course>
		</gpxtpx:TrackPointExtension>
	</extensions>
</trkpt>
<trkpt lat="-9.0921439" lon="148.2857595">
	<ele>809.90</ele>
	<time>2026-04-18T07:55:46.000Z</time>
	<hdop>2.50</hdop>
	<extensions>
		<gpxtpx:TrackPointExtension>
			<gpxtpx:course>179.1</gpxtpx:course>
		</gpxtpx:TrackPointExtension>
	</extensions>
</trkpt>
<trkpt lat="-9.0922348" lon="148.2857950">
	<ele>807.90</ele>
	<time>2026-04-18T07:55:57.000Z</time>
	<hdop>2.50</hdop>
	<extensions>
		<gpxtpx:TrackPointExtension>
			<gpxtpx:course>152.1</gpxtpx:course>
		</gpxtpx:TrackPointExtension>
	</extensions>
</trkpt>
<trkpt lat="-9.0923188" lon="148.2858438">
	<ele>808.15</ele>
	<time>2026-04-18T07:56:09.000Z</time>
	<hdop>3.00</hdop>
	<extensions>
		<gpxtpx:TrackPointExtension>
			<gpxtpx:course>148.7</gpxtpx:course>
		</gpxtpx:TrackPointExtension>
	</extensions>
</trkpt>
<trkpt lat="-9.0924056" lon="148.2858971">
	<ele>809.91</ele>
	<time>2026-04-18T07:56:21.000Z</time>
	<hdop>3.00</hdop>
	<extensions>
		<gpxtpx:TrackPointExtension>
			<gpxtpx:course>146.4</gpxtpx:course>
		</gpxtpx:TrackPointExtension>
	</extensions>
</trkpt>
<trkpt lat="-9.0924902" lon="148.2859572">
	<ele>809.14</ele>
	<time>2026-04-18T07:56:31.000Z</time>
	<hdop>3.00</hdop>
	<extensions>
		<gpxtpx:TrackPointExtension>
			<gpxtpx:course>138.8</gpxtpx:course>
		</gpxtpx:TrackPointExtension>
	</extensions>
</trkpt>
<trkpt lat="-9.0925690" lon="148.2860116">
	<ele>809.15</ele>
	<time>2026-04-18T07:56:41.000Z</time>
	<hdop>2.50</hdop>
	<extensions>
		<gpxtpx:TrackPointExtension>
			<gpxtpx:course>145.6</gpxtpx:course>
		</gpxtpx:TrackPointExtension>
	</extensions>
</trkpt>
<trkpt lat="-9.0926433" lon="148.2860706">
	<ele>808.91</ele>
	<time>2026-04-18T07:56:52.000Z</time>
	<hdop>2.50</hdop>
	<extensions>
		<gpxtpx:TrackPointExtension>
			<gpxtpx:course>145.9</gpxtpx:course>
		</gpxtpx:TrackPointExtension>
	</extensions>
</trkpt>
<trkpt lat="-9.0927153" lon="148.2861383">
	<ele>809.90</ele>
	<time>2026-04-18T07:57:02.000Z</time>
	<hdop>2.50</hdop>
	<extensions>
		<gpxtpx:TrackPointExtension>
			<gpxtpx:course>142.3</gpxtpx:course>
		</gpxtpx:TrackPointExtension>
	</extensions>
</trkpt>
<trkpt lat="-9.0927910" lon="148.2861890">
	<ele>808.90</ele>
	<time>2026-04-18T07:57:12.000Z</time>
	<hdop>2.50</hdop>
	<extensions>
		<gpxtpx:TrackPointExtension>
			<gpxtpx:course>146.8</gpxtpx:course>
		</gpxtpx:TrackPointExtension>
	</extensions>
</trkpt>
<trkpt lat="-9.0928696" lon="148.2862442">
	<ele>808.09</ele>
	<time>2026-04-18T07:57:22.000Z</time>
	<hdop>2.50</hdop>
	<extensions>
		<gpxtpx:TrackPointExtension>
			<gpxtpx:course>146.7</gpxtpx:course>
		</gpxtpx:TrackPointExtension>
	</extensions>
</trkpt>
<trkpt lat="-9.0929430" lon="148.2863141">
	<ele>805.91</ele>
	<time>2026-04-18T07:57:32.000Z</time>
	<hdop>2.50</hdop>
	<extensions>
		<gpxtpx:TrackPointExtension>
			<gpxtpx:course>140.4</gpxtpx:course>
		</gpxtpx:TrackPointExtension>
	</extensions>
</trkpt>
<trkpt lat="-9.0930178" lon="148.2863679">
	<ele>805.66</ele>
	<time>2026-04-18T07:57:42.000Z</time>
	<hdop>2.50</hdop>
	<extensions>
		<gpxtpx:TrackPointExtension>
			<gpxtpx:course>142.5</gpxtpx:course>
		</gpxtpx:TrackPointExtension>
	</extensions>
</trkpt>
<trkpt lat="-9.0930960" lon="148.2864316">
	<ele>804.89</ele>
	<time>2026-04-18T07:57:53.000Z</time>
	<hdop>3.00</hdop>
	<extensions>
		<gpxtpx:TrackPointExtension>
			<gpxtpx:course>129.6</gpxtpx:course>
		</gpxtpx:TrackPointExtension>
	</extensions>
</trkpt>
<trkpt lat="-9.0931645" lon="148.2865003">
	<ele>805.96</ele>
	<time>2026-04-18T07:58:03.000Z</time>
	<hdop>2.50</hdop>
	<extensions>
		<gpxtpx:TrackPointExtension>
			<gpxtpx:course>137.8</gpxtpx:course>
		</gpxtpx:TrackPointExtension>
	</extensions>
</trkpt>
<trkpt lat="-9.0932323" lon="148.2865612">
	<ele>805.90</ele>
	<time>2026-04-18T07:58:13.000Z</time>
	<hdop>2.50</hdop>
	<extensions>
		<gpxtpx:TrackPointExtension>
			<gpxtpx:course>148.8</gpxtpx:course>
		</gpxtpx:TrackPointExtension>
	</extensions>
</trkpt>
<trkpt lat="-9.0933114" lon="148.2866261">
	<ele>805.84</ele>
	<time>2026-04-18T07:58:23.000Z</time>
	<hdop>2.50</hdop>
	<extensions>
		<gpxtpx:TrackPointExtension>
			<gpxtpx:course>139.0</gpxtpx:course>
		</gpxtpx:TrackPointExtension>
	</extensions>
</trkpt>
<trkpt lat="-9.0933839" lon="148.2866887">
	<ele>804.90</ele>
	<time>2026-04-18T07:58:33.000Z</time>
	<hdop>2.50</hdop>
	<extensions>
		<gpxtpx:TrackPointExtension>
			<gpxtpx:course>147.7</gpxtpx:course>
		</gpxtpx:TrackPointExtension>
	</extensions>
</trkpt>
<trkpt lat="-9.0934542" lon="148.2867477">
	<ele>804.90</ele>
	<time>2026-04-18T07:58:44.000Z</time>
	<hdop>2.50</hdop>
	<extensions>
		<gpxtpx:TrackPointExtension>
			<gpxtpx:course>145.7</gpxtpx:course>
		</gpxtpx:TrackPointExtension>
	</extensions>
</trkpt>
<trkpt lat="-9.0935307" lon="148.2868037">
	<ele>804.90</ele>
	<time>2026-04-18T07:58:54.000Z</time>
	<hdop>2.50</hdop>
	<extensions>
		<gpxtpx:TrackPointExtension>
			<gpxtpx:course>140.8</gpxtpx:course>
		</gpxtpx:TrackPointExtension>
	</extensions>
</trkpt>
<trkpt lat="-9.0935893" lon="148.2868743">
	<ele>804.90</ele>
	<time>2026-04-18T07:59:05.000Z</time>
	<hdop>2.50</hdop>
	<extensions>
		<gpxtpx:TrackPointExtension>
			<gpxtpx:course>127.9</gpxtpx:course>
		</gpxtpx:TrackPointExtension>
	</extensions>
</trkpt>
<trkpt lat="-9.0936633" lon="148.2869303">
	<ele>804.92</ele>
	<time>2026-04-18T07:59:16.000Z</time>
	<hdop>2.50</hdop>
	<extensions>
		<gpxtpx:TrackPointExtension>
			<gpxtpx:course>127.4</gpxtpx:course>
		</gpxtpx:TrackPointExtension>
	</extensions>
</trkpt>
<trkpt lat="-9.0937365" lon="148.2869865">
	<ele>804.90</ele>
	<time>2026-04-18T07:59:30.000Z</time>
	<hdop>2.50</hdop>
	<extensions>
		<gpxtpx:TrackPointExtension>
			<gpxtpx:course>111.2</gpxtpx:course>
		</gpxtpx:TrackPointExtension>
	</extensions>
</trkpt>
<trkpt lat="-9.0938105" lon="148.2870520">
	<ele>804.84</ele>
	<time>2026-04-18T07:59:45.000Z</time>
	<hdop>2.50</hdop>
	<extensions>
		<gpxtpx:TrackPointExtension>
			<gpxtpx:course>141.3</gpxtpx:course>
		</gpxtpx:TrackPointExtension>
	</extensions>
</trkpt>
<trkpt lat="-9.0938810" lon="148.2871099">
	<ele>803.14</ele>
	<time>2026-04-18T07:59:55.000Z</time>
	<hdop>2.50</hdop>
	<extensions>
		<gpxtpx:TrackPointExtension>
			<gpxtpx:course>139.4</gpxtpx:course>
		</gpxtpx:TrackPointExtension>
	</extensions>
</trkpt>
<trkpt lat="-9.0939432" lon="148.2871847">
	<ele>802.84</ele>
	<time>2026-04-18T08:00:08.000Z</time>
	<hdop>3.00</hdop>
	<extensions>
		<gpxtpx:TrackPointExtension>
			<gpxtpx:course>134.8</gpxtpx:course>
		</gpxtpx:TrackPointExtension>
	</extensions>
</trkpt>
<trkpt lat="-9.0940120" lon="148.2872480">
	<ele>802.88</ele>
	<time>2026-04-18T08:00:22.000Z</time>
	<hdop>2.50</hdop>
	<extensions>
		<gpxtpx:TrackPointExtension>
			<gpxtpx:course>145.4</gpxtpx:course>
		</gpxtpx:TrackPointExtension>
	</extensions>
</trkpt>
<trkpt lat="-9.0940936" lon="148.2872976">
	<ele>799.90</ele>
	<time>2026-04-18T08:00:35.000Z</time>
	<hdop>2.50</hdop>
	<extensions>
		<gpxtpx:TrackPointExtension>
			<gpxtpx:course>148.6</gpxtpx:course>
		</gpxtpx:TrackPointExtension>
	</extensions>
</trkpt>
<trkpt lat="-9.0941789" lon="148.2873321">
	<ele>798.90</ele>
	<time>2026-04-18T08:00:46.000Z</time>
	<hdop>2.50</hdop>
	<extensions>
		<gpxtpx:TrackPointExtension>
			<gpxtpx:course>155.7</gpxtpx:course>
		</gpxtpx:TrackPointExtension>
	</extensions>
</trkpt>
<trkpt lat="-9.0942636" lon="148.2873853">
	<ele>798.89</ele>
	<time>2026-04-18T08:00:59.000Z</time>
	<hdop>3.00</hdop>
	<extensions>
		<gpxtpx:TrackPointExtension>
			<gpxtpx:course>153.8</gpxtpx:course>
		</gpxtpx:TrackPointExtension>
	</extensions>
</trkpt>
<trkpt lat="-9.0943437" lon="148.2874363">
	<ele>804.90</ele>
	<time>2026-04-18T08:01:12.000Z</time>
	<hdop>3.00</hdop>
	<extensions>
		<gpxtpx:TrackPointExtension>
			<gpxtpx:course>170.5</gpxtpx:course>
		</gpxtpx:TrackPointExtension>
	</extensions>
</trkpt>
<trkpt lat="-9.0944219" lon="148.2874891">
	<ele>806.84</ele>
	<time>2026-04-18T08:01:24.000Z</time>
	<hdop>3.00</hdop>
	<extensions>
		<gpxtpx:TrackPointExtension>
			<gpxtpx:course>178.1</gpxtpx:course>
		</gpxtpx:TrackPointExtension>
	</extensions>
</trkpt>
<trkpt lat="-9.0945134" lon="148.2875178">
	<ele>808.90</ele>
	<time>2026-04-18T08:01:36.000Z</time>
	<hdop>3.00</hdop>
	<extensions>
		<gpxtpx:TrackPointExtension>
			<gpxtpx:course>189.2</gpxtpx:course>
		</gpxtpx:TrackPointExtension>
	</extensions>
</trkpt>
<trkpt lat="-9.0945936" lon="148.2875645">
	<ele>807.91</ele>
	<time>2026-04-18T08:01:48.000Z</time>
	<hdop>2.50</hdop>
	<extensions>
		<gpxtpx:TrackPointExtension>
			<gpxtpx:course>172.4</gpxtpx:course>
		</gpxtpx:TrackPointExtension>
	</extensions>
</trkpt>
<trkpt lat="-9.0946783" lon="148.2875987">
	<ele>804.15</ele>
	<time>2026-04-18T08:02:33.000Z</time>
	<hdop>2.50</hdop>
	<extensions>
		<gpxtpx:TrackPointExtension>
			<gpxtpx:course>191.1</gpxtpx:course>
		</gpxtpx:TrackPointExtension>
	</extensions>
</trkpt>
<trkpt lat="-9.0947588" lon="148.2876473">
	<ele>802.90</ele>
	<time>2026-04-18T08:02:51.000Z</time>
	<hdop>2.50</hdop>
	<extensions>
		<gpxtpx:TrackPointExtension>
			<gpxtpx:course>168.0</gpxtpx:course>
		</gpxtpx:TrackPointExtension>
	</extensions>
</trkpt>
<trkpt lat="-9.0948498" lon="148.2876560">
	<ele>807.59</ele>
	<time>2026-04-18T08:03:22.000Z</time>
	<hdop>2.50</hdop>
	<extensions>
		<gpxtpx:TrackPointExtension>
			<gpxtpx:course>172.4</gpxtpx:course>
		</gpxtpx:TrackPointExtension>
	</extensions>
</trkpt>
<trkpt lat="-9.0949376" lon="148.2876889">
	<ele>810.90</ele>
	<time>2026-04-18T08:03:38.000Z</time>
	<hdop>2.50</hdop>
	<extensions>
		<gpxtpx:TrackPointExtension>
			<gpxtpx:course>170.8</gpxtpx:course>
		</gpxtpx:TrackPointExtension>
	</extensions>
</trkpt>
<trkpt lat="-9.0950329" lon="148.2877020">
	<ele>811.65</ele>
	<time>2026-04-18T08:03:50.000Z</time>
	<hdop>2.50</hdop>
	<extensions>
		<gpxtpx:TrackPointExtension>
			<gpxtpx:course>154.5</gpxtpx:course>
		</gpxtpx:TrackPointExtension>
	</extensions>
</trkpt>
<trkpt lat="-9.0951194" lon="148.2877620">
	<ele>808.15</ele>
	<time>2026-04-18T08:04:00.000Z</time>
	<hdop>2.50</hdop>
	<extensions>
		<gpxtpx:TrackPointExtension>
			<gpxtpx:course>130.3</gpxtpx:course>
		</gpxtpx:TrackPointExtension>
	</extensions>
</trkpt>
<trkpt lat="-9.0952002" lon="148.2878200">
	<ele>806.90</ele>
	<time>2026-04-18T08:04:11.000Z</time>
	<hdop>2.50</hdop>
	<extensions>
		<gpxtpx:TrackPointExtension>
			<gpxtpx:course>145.0</gpxtpx:course>
		</gpxtpx:TrackPointExtension>
	</extensions>
</trkpt>
<trkpt lat="-9.0952782" lon="148.2878704">
	<ele>806.84</ele>
	<time>2026-04-18T08:04:22.000Z</time>
	<hdop>2.50</hdop>
	<extensions>
		<gpxtpx:TrackPointExtension>
			<gpxtpx:course>166.4</gpxtpx:course>
		</gpxtpx:TrackPointExtension>
	</extensions>
</trkpt>
<trkpt lat="-9.0953680" lon="148.2878914">
	<ele>806.15</ele>
	<time>2026-04-18T08:04:33.000Z</time>
	<hdop>3.00</hdop>
	<extensions>
		<gpxtpx:TrackPointExtension>
			<gpxtpx:course>188.5</gpxtpx:course>
		</gpxtpx:TrackPointExtension>
	</extensions>
</trkpt>
<trkpt lat="-9.0954553" lon="148.2879256">
	<ele>803.96</ele>
	<time>2026-04-18T08:04:45.000Z</time>
	<hdop>3.00</hdop>
	<extensions>
		<gpxtpx:TrackPointExtension>
			<gpxtpx:course>151.5</gpxtpx:course>
		</gpxtpx:TrackPointExtension>
	</extensions>
</trkpt>
<trkpt lat="-9.0955390" lon="148.2879702">
	<ele>804.84</ele>
	<time>2026-04-18T08:04:57.000Z</time>
	<hdop>2.50</hdop>
	<extensions>
		<gpxtpx:TrackPointExtension>
			<gpxtpx:course>167.2</gpxtpx:course>
		</gpxtpx:TrackPointExtension>
	</extensions>
</trkpt>
<trkpt lat="-9.0956305" lon="148.2879995">
	<ele>803.91</ele>
	<time>2026-04-18T08:05:09.000Z</time>
	<hdop>2.50</hdop>
	<extensions>
		<gpxtpx:TrackPointExtension>
			<gpxtpx:course>159.8</gpxtpx:course>
		</gpxtpx:TrackPointExtension>
	</extensions>
</trkpt>
<trkpt lat="-9.0957200" lon="148.2880294">
	<ele>803.16</ele>
	<time>2026-04-18T08:05:20.000Z</time>
	<hdop>3.00</hdop>
	<extensions>
		<gpxtpx:TrackPointExtension>
			<gpxtpx:course>161.3</gpxtpx:course>
		</gpxtpx:TrackPointExtension>
	</extensions>
</trkpt>
<trkpt lat="-9.0958101" lon="148.2880601">
	<ele>801.90</ele>
	<time>2026-04-18T08:05:33.000Z</time>
	<hdop>2.50</hdop>
	<extensions>
		<gpxtpx:TrackPointExtension>
			<gpxtpx:course>163.5</gpxtpx:course>
		</gpxtpx:TrackPointExtension>
	</extensions>
</trkpt>
<trkpt lat="-9.0959000" lon="148.2880962">
	<ele>798.91</ele>
	<time>2026-04-18T08:05:47.000Z</time>
	<hdop>2.50</hdop>
	<extensions>
		<gpxtpx:TrackPointExtension>
			<gpxtpx:course>149.7</gpxtpx:course>
		</gpxtpx:TrackPointExtension>
	</extensions>
</trkpt>
<trkpt lat="-9.0959572" lon="148.2881748">
	<ele>796.91</ele>
	<time>2026-04-18T08:06:02.000Z</time>
	<hdop>2.50</hdop>
	<extensions>
		<gpxtpx:TrackPointExtension>
			<gpxtpx:course>80.4</gpxtpx:course>
		</gpxtpx:TrackPointExtension>
	</extensions>
</trkpt>
</trkseg>
</trk>
</gpx>
