<?xml version="1.0" encoding="utf-8" standalone="yes"?>
<gpx version="1.1" creator="Locus Map, Android"
 xmlns="http://www.topografix.com/GPX/1/1"
 xmlns:xsi="http://www.w3.org/2001/XMLSchema-instance"
 xsi:schemaLocation="http://www.topografix.com/GPX/1/1 http://www.topografix.com/GPX/1/1/gpx.xsd"
 xmlns:gpxx="http://www.garmin.com/xmlschemas/GpxExtensions/v3"
 xmlns:gpxtrkx="http://www.garmin.com/xmlschemas/TrackStatsExtension/v1"
 xmlns:gpxtpx="http://www.garmin.com/xmlschemas/TrackPointExtension/v2"
 xmlns:locus="https://www.locusmap.app">
	<metadata>
		<desc>File with points/tracks from Locus Map/4.31.3</desc>
		<time>2026-02-04T09:50:13.677Z</time>
	</metadata>
<trk>
	<name>2026-02-01 15:22</name>
<desc><![CDATA[Koruwo to Anatua 1]]></desc>
	<extensions>
		<line xmlns="http://www.topografix.com/GPX/gpx_style/0/2">
			<color>0000FF</color>
			<opacity>0.70</opacity>
			<width>6.0</width>
			<extensions>
				<locus:lsColorBase>#B30000FF</locus:lsColorBase>
				<locus:lsWidth>6.0</locus:lsWidth>
				<locus:lsUnits>PIXELS</locus:lsUnits>
			</extensions>
		</line>
		<locus:activity>walking</locus:activity>
	</extensions>
<trkseg>
<trkpt lat="-9.1205614" lon="148.3077208">
	<ele>667.29</ele>
	<time>2026-02-01T05:22:13.000Z</time>
	<hdop>4.00</hdop>
</trkpt>
<trkpt lat="-9.1205944" lon="148.3076276">
	<ele>658.16</ele>
	<time>2026-02-01T05:36:09.000Z</time>
	<hdop>3.50</hdop>
	<extensions>
		<gpxtpx:TrackPointExtension>
			<gpxtpx:course>247.1</gpxtpx:course>
		</gpxtpx:TrackPointExtension>
	</extensions>
</trkpt>
<trkpt lat="-9.1206483" lon="148.3075519">
	<ele>659.91</ele>
	<time>2026-02-01T05:37:36.000Z</time>
	<hdop>3.50</hdop>
	<extensions>
		<gpxtpx:TrackPointExtension>
			<gpxtpx:course>220.1</gpxtpx:course>
		</gpxtpx:TrackPointExtension>
	</extensions>
</trkpt>
<trkpt lat="-9.1207350" lon="148.3074881">
	<ele>658.91</ele>
	<time>2026-02-01T05:37:46.000Z</time>
	<hdop>3.50</hdop>
	<extensions>
		<gpxtpx:TrackPointExtension>
			<gpxtpx:course>205.1</gpxtpx:course>
		</gpxtpx:TrackPointExtension>
	</extensions>
</trkpt>
<trkpt lat="-9.1208415" lon="148.3074062">
	<ele>659.85</ele>
	<time>2026-02-01T05:37:56.000Z</time>
	<hdop>4.00</hdop>
	<extensions>
		<gpxtpx:TrackPointExtension>
			<gpxtpx:course>209.9</gpxtpx:course>
		</gpxtpx:TrackPointExtension>
	</extensions>
</trkpt>
<trkpt lat="-9.1209405" lon="148.3073484">
	<ele>659.72</ele>
	<time>2026-02-01T05:38:06.000Z</time>
	<hdop>3.50</hdop>
	<extensions>
		<gpxtpx:TrackPointExtension>
			<gpxtpx:course>209.2</gpxtpx:course>
		</gpxtpx:TrackPointExtension>
	</extensions>
</trkpt>
<trkpt lat="-9.1210457" lon="148.3073154">
	<ele>659.97</ele>
	<time>2026-02-01T05:38:16.000Z</time>
	<hdop>3.50</hdop>
	<extensions>
		<gpxtpx:TrackPointExtension>
			<gpxtpx:course>215.5</gpxtpx:course>
		</gpxtpx:TrackPointExtension>
	</extensions>
</trkpt>
<trkpt lat="-9.1211750" lon="148.3072554">
	<ele>658.91</ele>
	<time>2026-02-01T05:38:26.000Z</time>
	<hdop>3.50</hdop>
	<extensions>
		<gpxtpx:TrackPointExtension>
			<gpxtpx:course>209.5</gpxtpx:course>
		</gpxtpx:TrackPointExtension>
	</extensions>
</trkpt>
<trkpt lat="-9.1212974" lon="148.3071899">
	<ele>658.72</ele>
	<time>2026-02-01T05:38:36.000Z</time>
	<hdop>3.50</hdop>
	<extensions>
		<gpxtpx:TrackPointExtension>
			<gpxtpx:course>213.2</gpxtpx:course>
		</gpxtpx:TrackPointExtension>
	</extensions>
</trkpt>
<trkpt lat="-9.1214142" lon="148.3071422">
	<ele>659.14</ele>
	<time>2026-02-01T05:38:46.000Z</time>
	<hdop>3.50</hdop>
	<extensions>
		<gpxtpx:TrackPointExtension>
			<gpxtpx:course>219.3</gpxtpx:course>
		</gpxtpx:TrackPointExtension>
	</extensions>
</trkpt>
<trkpt lat="-9.1215342" lon="148.3070767">
	<ele>659.90</ele>
	<time>2026-02-01T05:38:56.000Z</time>
	<hdop>3.50</hdop>
	<extensions>
		<gpxtpx:TrackPointExtension>
			<gpxtpx:course>208.7</gpxtpx:course>
		</gpxtpx:TrackPointExtension>
	</extensions>
</trkpt>
<trkpt lat="-9.1216505" lon="148.3070169">
	<ele>660.67</ele>
	<time>2026-02-01T05:39:06.000Z</time>
	<hdop>4.00</hdop>
	<extensions>
		<gpxtpx:TrackPointExtension>
			<gpxtpx:course>199.2</gpxtpx:course>
		</gpxtpx:TrackPointExtension>
	</extensions>
</trkpt>
<trkpt lat="-9.1217564" lon="148.3069565">
	<ele>659.97</ele>
	<time>2026-02-01T05:39:16.000Z</time>
	<hdop>4.00</hdop>
	<extensions>
		<gpxtpx:TrackPointExtension>
			<gpxtpx:course>211.1</gpxtpx:course>
		</gpxtpx:TrackPointExtension>
	</extensions>
</trkpt>
<trkpt lat="-9.1218786" lon="148.3068947">
	<ele>658.97</ele>
	<time>2026-02-01T05:39:26.000Z</time>
	<hdop>4.00</hdop>
	<extensions>
		<gpxtpx:TrackPointExtension>
			<gpxtpx:course>216.8</gpxtpx:course>
		</gpxtpx:TrackPointExtension>
	</extensions>
</trkpt>
<trkpt lat="-9.1220025" lon="148.3068299">
	<ele>657.97</ele>
	<time>2026-02-01T05:39:36.000Z</time>
	<hdop>4.00</hdop>
	<extensions>
		<gpxtpx:TrackPointExtension>
			<gpxtpx:course>208.5</gpxtpx:course>
		</gpxtpx:TrackPointExtension>
	</extensions>
</trkpt>
<trkpt lat="-9.1221200" lon="148.3067488">
	<ele>656.16</ele>
	<time>2026-02-01T05:39:46.000Z</time>
	<hdop>4.00</hdop>
	<extensions>
		<gpxtpx:TrackPointExtension>
			<gpxtpx:course>216.6</gpxtpx:course>
		</gpxtpx:TrackPointExtension>
	</extensions>
</trkpt>
<trkpt lat="-9.1222376" lon="148.3066776">
	<ele>656.90</ele>
	<time>2026-02-01T05:39:56.000Z</time>
	<hdop>4.00</hdop>
	<extensions>
		<gpxtpx:TrackPointExtension>
			<gpxtpx:course>211.7</gpxtpx:course>
		</gpxtpx:TrackPointExtension>
	</extensions>
</trkpt>
<trkpt lat="-9.1223550" lon="148.3066109">
	<ele>656.96</ele>
	<time>2026-02-01T05:40:06.000Z</time>
	<hdop>3.50</hdop>
	<extensions>
		<gpxtpx:TrackPointExtension>
			<gpxtpx:course>213.6</gpxtpx:course>
		</gpxtpx:TrackPointExtension>
	</extensions>
</trkpt>
<trkpt lat="-9.1224791" lon="148.3065377">
	<ele>658.90</ele>
	<time>2026-02-01T05:40:16.000Z</time>
	<hdop>3.50</hdop>
	<extensions>
		<gpxtpx:TrackPointExtension>
			<gpxtpx:course>219.1</gpxtpx:course>
		</gpxtpx:TrackPointExtension>
	</extensions>
</trkpt>
<trkpt lat="-9.1225993" lon="148.3064624">
	<ele>658.15</ele>
	<time>2026-02-01T05:40:26.000Z</time>
	<hdop>3.50</hdop>
	<extensions>
		<gpxtpx:TrackPointExtension>
			<gpxtpx:course>223.2</gpxtpx:course>
		</gpxtpx:TrackPointExtension>
	</extensions>
</trkpt>
<trkpt lat="-9.1226823" lon="148.3063793">
	<ele>656.91</ele>
	<time>2026-02-01T05:40:36.000Z</time>
	<hdop>3.50</hdop>
	<extensions>
		<gpxtpx:TrackPointExtension>
			<gpxtpx:course>223.7</gpxtpx:course>
		</gpxtpx:TrackPointExtension>
	</extensions>
</trkpt>
<trkpt lat="-9.1227824" lon="148.3063082">
	<ele>654.90</ele>
	<time>2026-02-01T05:40:46.000Z</time>
	<hdop>4.50</hdop>
	<extensions>
		<gpxtpx:TrackPointExtension>
			<gpxtpx:course>213.2</gpxtpx:course>
		</gpxtpx:TrackPointExtension>
	</extensions>
</trkpt>
<trkpt lat="-9.1228380" lon="148.3062103">
	<ele>653.10</ele>
	<time>2026-02-01T05:40:56.000Z</time>
	<hdop>4.50</hdop>
	<extensions>
		<gpxtpx:TrackPointExtension>
			<gpxtpx:course>282.7</gpxtpx:course>
		</gpxtpx:TrackPointExtension>
	</extensions>
</trkpt>
<trkpt lat="-9.1227961" lon="148.3060945">
	<ele>650.97</ele>
	<time>2026-02-01T05:41:06.000Z</time>
	<hdop>4.00</hdop>
	<extensions>
		<gpxtpx:TrackPointExtension>
			<gpxtpx:course>286.0</gpxtpx:course>
		</gpxtpx:TrackPointExtension>
	</extensions>
</trkpt>
<trkpt lat="-9.1227773" lon="148.3059866">
	<ele>652.83</ele>
	<time>2026-02-01T05:41:16.000Z</time>
	<hdop>4.00</hdop>
	<extensions>
		<gpxtpx:TrackPointExtension>
			<gpxtpx:course>259.6</gpxtpx:course>
		</gpxtpx:TrackPointExtension>
	</extensions>
</trkpt>
<trkpt lat="-9.1227231" lon="148.3058592">
	<ele>651.15</ele>
	<time>2026-02-01T05:41:26.000Z</time>
	<hdop>3.50</hdop>
	<extensions>
		<gpxtpx:TrackPointExtension>
			<gpxtpx:course>293.6</gpxtpx:course>
		</gpxtpx:TrackPointExtension>
	</extensions>
</trkpt>
<trkpt lat="-9.1226704" lon="148.3057294">
	<ele>650.15</ele>
	<time>2026-02-01T05:41:36.000Z</time>
	<hdop>4.00</hdop>
	<extensions>
		<gpxtpx:TrackPointExtension>
			<gpxtpx:course>305.8</gpxtpx:course>
		</gpxtpx:TrackPointExtension>
	</extensions>
</trkpt>
<trkpt lat="-9.1226102" lon="148.3056491">
	<ele>647.91</ele>
	<time>2026-02-01T05:41:46.000Z</time>
	<hdop>3.00</hdop>
	<extensions>
		<gpxtpx:TrackPointExtension>
			<gpxtpx:course>310.1</gpxtpx:course>
		</gpxtpx:TrackPointExtension>
	</extensions>
</trkpt>
<trkpt lat="-9.1225837" lon="148.3055613">
	<ele>645.96</ele>
	<time>2026-02-01T05:41:57.000Z</time>
	<hdop>3.00</hdop>
	<extensions>
		<gpxtpx:TrackPointExtension>
			<gpxtpx:course>265.0</gpxtpx:course>
		</gpxtpx:TrackPointExtension>
	</extensions>
</trkpt>
<trkpt lat="-9.1225690" lon="148.3054326">
	<ele>643.89</ele>
	<time>2026-02-01T05:42:07.000Z</time>
	<hdop>3.50</hdop>
	<extensions>
		<gpxtpx:TrackPointExtension>
			<gpxtpx:course>258.6</gpxtpx:course>
		</gpxtpx:TrackPointExtension>
	</extensions>
</trkpt>
<trkpt lat="-9.1225603" lon="148.3053023">
	<ele>641.91</ele>
	<time>2026-02-01T05:42:17.000Z</time>
	<hdop>4.00</hdop>
	<extensions>
		<gpxtpx:TrackPointExtension>
			<gpxtpx:course>277.7</gpxtpx:course>
		</gpxtpx:TrackPointExtension>
	</extensions>
</trkpt>
<trkpt lat="-9.1225670" lon="148.3051789">
	<ele>641.10</ele>
	<time>2026-02-01T05:42:27.000Z</time>
	<hdop>3.50</hdop>
	<extensions>
		<gpxtpx:TrackPointExtension>
			<gpxtpx:course>276.8</gpxtpx:course>
		</gpxtpx:TrackPointExtension>
	</extensions>
</trkpt>
<trkpt lat="-9.1225851" lon="148.3050628">
	<ele>637.95</ele>
	<time>2026-02-01T05:42:37.000Z</time>
	<hdop>3.50</hdop>
	<extensions>
		<gpxtpx:TrackPointExtension>
			<gpxtpx:course>250.7</gpxtpx:course>
		</gpxtpx:TrackPointExtension>
	</extensions>
</trkpt>
<trkpt lat="-9.1226045" lon="148.3049375">
	<ele>636.14</ele>
	<time>2026-02-01T05:42:47.000Z</time>
	<hdop>3.50</hdop>
	<extensions>
		<gpxtpx:TrackPointExtension>
			<gpxtpx:course>255.7</gpxtpx:course>
		</gpxtpx:TrackPointExtension>
	</extensions>
</trkpt>
<trkpt lat="-9.1225866" lon="148.3048247">
	<ele>633.95</ele>
	<time>2026-02-01T05:42:57.000Z</time>
	<hdop>3.50</hdop>
	<extensions>
		<gpxtpx:TrackPointExtension>
			<gpxtpx:course>271.6</gpxtpx:course>
		</gpxtpx:TrackPointExtension>
	</extensions>
</trkpt>
<trkpt lat="-9.1226328" lon="148.3046993">
	<ele>632.88</ele>
	<time>2026-02-01T05:43:07.000Z</time>
	<hdop>3.50</hdop>
	<extensions>
		<gpxtpx:TrackPointExtension>
			<gpxtpx:course>231.8</gpxtpx:course>
		</gpxtpx:TrackPointExtension>
	</extensions>
</trkpt>
<trkpt lat="-9.1227061" lon="148.3045969">
	<ele>631.89</ele>
	<time>2026-02-01T05:43:17.000Z</time>
	<hdop>4.00</hdop>
	<extensions>
		<gpxtpx:TrackPointExtension>
			<gpxtpx:course>237.1</gpxtpx:course>
		</gpxtpx:TrackPointExtension>
	</extensions>
</trkpt>
<trkpt lat="-9.1227740" lon="148.3045008">
	<ele>630.89</ele>
	<time>2026-02-01T05:43:27.000Z</time>
	<hdop>4.00</hdop>
	<extensions>
		<gpxtpx:TrackPointExtension>
			<gpxtpx:course>230.3</gpxtpx:course>
		</gpxtpx:TrackPointExtension>
	</extensions>
</trkpt>
<trkpt lat="-9.1228383" lon="148.3043886">
	<ele>630.84</ele>
	<time>2026-02-01T05:43:37.000Z</time>
	<hdop>4.00</hdop>
	<extensions>
		<gpxtpx:TrackPointExtension>
			<gpxtpx:course>241.1</gpxtpx:course>
		</gpxtpx:TrackPointExtension>
	</extensions>
</trkpt>
<trkpt lat="-9.1228997" lon="148.3042831">
	<ele>630.90</ele>
	<time>2026-02-01T05:43:47.000Z</time>
	<hdop>4.00</hdop>
	<extensions>
		<gpxtpx:TrackPointExtension>
			<gpxtpx:course>249.7</gpxtpx:course>
		</gpxtpx:TrackPointExtension>
	</extensions>
</trkpt>
<trkpt lat="-9.1229616" lon="148.3041946">
	<ele>633.07</ele>
	<time>2026-02-01T05:43:57.000Z</time>
	<hdop>4.00</hdop>
	<extensions>
		<gpxtpx:TrackPointExtension>
			<gpxtpx:course>232.0</gpxtpx:course>
		</gpxtpx:TrackPointExtension>
	</extensions>
</trkpt>
<trkpt lat="-9.1230363" lon="148.3041108">
	<ele>632.62</ele>
	<time>2026-02-01T05:44:07.000Z</time>
	<hdop>3.50</hdop>
	<extensions>
		<gpxtpx:TrackPointExtension>
			<gpxtpx:course>197.0</gpxtpx:course>
		</gpxtpx:TrackPointExtension>
	</extensions>
</trkpt>
<trkpt lat="-9.1230874" lon="148.3040284">
	<ele>630.95</ele>
	<time>2026-02-01T05:44:17.000Z</time>
	<hdop>2.50</hdop>
	<extensions>
		<gpxtpx:TrackPointExtension>
			<gpxtpx:course>302.3</gpxtpx:course>
		</gpxtpx:TrackPointExtension>
	</extensions>
</trkpt>
<trkpt lat="-9.1230113" lon="148.3039730">
	<ele>629.64</ele>
	<time>2026-02-01T05:44:29.000Z</time>
	<hdop>4.00</hdop>
	<extensions>
		<gpxtpx:TrackPointExtension>
			<gpxtpx:course>283.6</gpxtpx:course>
		</gpxtpx:TrackPointExtension>
	</extensions>
</trkpt>
<trkpt lat="-9.1230792" lon="148.3039089">
	<ele>629.83</ele>
	<time>2026-02-01T05:44:43.000Z</time>
	<hdop>5.00</hdop>
	<extensions>
		<gpxtpx:TrackPointExtension>
			<gpxtpx:course>243.9</gpxtpx:course>
		</gpxtpx:TrackPointExtension>
	</extensions>
</trkpt>
<trkpt lat="-9.1231629" lon="148.3038563">
	<ele>627.89</ele>
	<time>2026-02-01T05:44:54.000Z</time>
	<hdop>4.00</hdop>
	<extensions>
		<gpxtpx:TrackPointExtension>
			<gpxtpx:course>229.9</gpxtpx:course>
		</gpxtpx:TrackPointExtension>
	</extensions>
</trkpt>
<trkpt lat="-9.1232718" lon="148.3037906">
	<ele>627.90</ele>
	<time>2026-02-01T05:45:04.000Z</time>
	<hdop>4.50</hdop>
	<extensions>
		<gpxtpx:TrackPointExtension>
			<gpxtpx:course>189.7</gpxtpx:course>
		</gpxtpx:TrackPointExtension>
	</extensions>
</trkpt>
<trkpt lat="-9.1233641" lon="148.3037545">
	<ele>626.95</ele>
	<time>2026-02-01T05:45:14.000Z</time>
	<hdop>3.50</hdop>
	<extensions>
		<gpxtpx:TrackPointExtension>
			<gpxtpx:course>187.1</gpxtpx:course>
		</gpxtpx:TrackPointExtension>
	</extensions>
</trkpt>
<trkpt lat="-9.1234582" lon="148.3037068">
	<ele>625.69</ele>
	<time>2026-02-01T05:45:24.000Z</time>
	<hdop>4.00</hdop>
	<extensions>
		<gpxtpx:TrackPointExtension>
			<gpxtpx:course>215.1</gpxtpx:course>
		</gpxtpx:TrackPointExtension>
	</extensions>
</trkpt>
<trkpt lat="-9.1235525" lon="148.3036510">
	<ele>623.94</ele>
	<time>2026-02-01T05:45:34.000Z</time>
	<hdop>4.00</hdop>
	<extensions>
		<gpxtpx:TrackPointExtension>
			<gpxtpx:course>218.3</gpxtpx:course>
		</gpxtpx:TrackPointExtension>
	</extensions>
</trkpt>
<trkpt lat="-9.1236467" lon="148.3036509">
	<ele>624.88</ele>
	<time>2026-02-01T05:45:45.000Z</time>
	<hdop>3.50</hdop>
	<extensions>
		<gpxtpx:TrackPointExtension>
			<gpxtpx:course>170.7</gpxtpx:course>
		</gpxtpx:TrackPointExtension>
	</extensions>
</trkpt>
<trkpt lat="-9.1237374" lon="148.3036271">
	<ele>624.87</ele>
	<time>2026-02-01T05:45:56.000Z</time>
	<hdop>3.50</hdop>
	<extensions>
		<gpxtpx:TrackPointExtension>
			<gpxtpx:course>209.4</gpxtpx:course>
		</gpxtpx:TrackPointExtension>
	</extensions>
</trkpt>
<trkpt lat="-9.1237356" lon="148.3035256">
	<ele>625.88</ele>
	<time>2026-02-01T05:46:25.000Z</time>
	<hdop>4.50</hdop>
	<extensions>
		<gpxtpx:TrackPointExtension>
			<gpxtpx:course>304.5</gpxtpx:course>
		</gpxtpx:TrackPointExtension>
	</extensions>
</trkpt>
<trkpt lat="-9.1237392" lon="148.3034316">
	<ele>626.88</ele>
	<time>2026-02-01T05:46:35.000Z</time>
	<hdop>4.50</hdop>
	<extensions>
		<gpxtpx:TrackPointExtension>
			<gpxtpx:course>258.2</gpxtpx:course>
		</gpxtpx:TrackPointExtension>
	</extensions>
</trkpt>
<trkpt lat="-9.1237925" lon="148.3033526">
	<ele>628.88</ele>
	<time>2026-02-01T05:46:50.000Z</time>
	<hdop>5.00</hdop>
	<extensions>
		<gpxtpx:TrackPointExtension>
			<gpxtpx:course>257.6</gpxtpx:course>
		</gpxtpx:TrackPointExtension>
	</extensions>
</trkpt>
<trkpt lat="-9.1237962" lon="148.3032460">
	<ele>630.63</ele>
	<time>2026-02-01T05:47:00.000Z</time>
	<hdop>4.00</hdop>
	<extensions>
		<gpxtpx:TrackPointExtension>
			<gpxtpx:course>260.9</gpxtpx:course>
		</gpxtpx:TrackPointExtension>
	</extensions>
</trkpt>
<trkpt lat="-9.1238124" lon="148.3031494">
	<ele>631.88</ele>
	<time>2026-02-01T05:47:10.000Z</time>
	<hdop>4.00</hdop>
	<extensions>
		<gpxtpx:TrackPointExtension>
			<gpxtpx:course>257.5</gpxtpx:course>
		</gpxtpx:TrackPointExtension>
	</extensions>
</trkpt>
<trkpt lat="-9.1238577" lon="148.3030693">
	<ele>630.69</ele>
	<time>2026-02-01T05:47:20.000Z</time>
	<hdop>5.50</hdop>
	<extensions>
		<gpxtpx:TrackPointExtension>
			<gpxtpx:course>218.1</gpxtpx:course>
		</gpxtpx:TrackPointExtension>
	</extensions>
</trkpt>
<trkpt lat="-9.1239117" lon="148.3029916">
	<ele>631.18</ele>
	<time>2026-02-01T05:47:32.000Z</time>
	<hdop>5.00</hdop>
	<extensions>
		<gpxtpx:TrackPointExtension>
			<gpxtpx:course>255.1</gpxtpx:course>
		</gpxtpx:TrackPointExtension>
	</extensions>
</trkpt>
<trkpt lat="-9.1239389" lon="148.3028954">
	<ele>628.88</ele>
	<time>2026-02-01T05:47:43.000Z</time>
	<hdop>5.50</hdop>
	<extensions>
		<gpxtpx:TrackPointExtension>
			<gpxtpx:course>250.4</gpxtpx:course>
		</gpxtpx:TrackPointExtension>
	</extensions>
</trkpt>
<trkpt lat="-9.1239826" lon="148.3027910">
	<ele>628.06</ele>
	<time>2026-02-01T05:47:53.000Z</time>
	<hdop>6.00</hdop>
	<extensions>
		<gpxtpx:TrackPointExtension>
			<gpxtpx:course>239.9</gpxtpx:course>
		</gpxtpx:TrackPointExtension>
	</extensions>
</trkpt>
<trkpt lat="-9.1240677" lon="148.3027022">
	<ele>625.88</ele>
	<time>2026-02-01T05:48:03.000Z</time>
	<hdop>5.50</hdop>
	<extensions>
		<gpxtpx:TrackPointExtension>
			<gpxtpx:course>213.8</gpxtpx:course>
		</gpxtpx:TrackPointExtension>
	</extensions>
</trkpt>
<trkpt lat="-9.1241495" lon="148.3026362">
	<ele>626.87</ele>
	<time>2026-02-01T05:48:13.000Z</time>
	<hdop>5.50</hdop>
	<extensions>
		<gpxtpx:TrackPointExtension>
			<gpxtpx:course>206.2</gpxtpx:course>
		</gpxtpx:TrackPointExtension>
	</extensions>
</trkpt>
<trkpt lat="-9.1242232" lon="148.3025386">
	<ele>626.12</ele>
	<time>2026-02-01T05:48:23.000Z</time>
	<hdop>5.00</hdop>
	<extensions>
		<gpxtpx:TrackPointExtension>
			<gpxtpx:course>204.1</gpxtpx:course>
		</gpxtpx:TrackPointExtension>
	</extensions>
</trkpt>
<trkpt lat="-9.1243094" lon="148.3024770">
	<ele>627.62</ele>
	<time>2026-02-01T05:48:33.000Z</time>
	<hdop>4.50</hdop>
	<extensions>
		<gpxtpx:TrackPointExtension>
			<gpxtpx:course>197.0</gpxtpx:course>
		</gpxtpx:TrackPointExtension>
	</extensions>
</trkpt>
<trkpt lat="-9.1243932" lon="148.3024279">
	<ele>628.89</ele>
	<time>2026-02-01T05:48:44.000Z</time>
	<hdop>5.00</hdop>
	<extensions>
		<gpxtpx:TrackPointExtension>
			<gpxtpx:course>190.3</gpxtpx:course>
		</gpxtpx:TrackPointExtension>
	</extensions>
</trkpt>
<trkpt lat="-9.1244975" lon="148.3023449">
	<ele>625.88</ele>
	<time>2026-02-01T05:48:54.000Z</time>
	<hdop>5.00</hdop>
	<extensions>
		<gpxtpx:TrackPointExtension>
			<gpxtpx:course>221.9</gpxtpx:course>
		</gpxtpx:TrackPointExtension>
	</extensions>
</trkpt>
<trkpt lat="-9.1245984" lon="148.3022565">
	<ele>624.87</ele>
	<time>2026-02-01T05:49:04.000Z</time>
	<hdop>5.50</hdop>
	<extensions>
		<gpxtpx:TrackPointExtension>
			<gpxtpx:course>229.6</gpxtpx:course>
		</gpxtpx:TrackPointExtension>
	</extensions>
</trkpt>
<trkpt lat="-9.1246769" lon="148.3021507">
	<ele>623.89</ele>
	<time>2026-02-01T05:49:14.000Z</time>
	<hdop>5.50</hdop>
	<extensions>
		<gpxtpx:TrackPointExtension>
			<gpxtpx:course>264.3</gpxtpx:course>
		</gpxtpx:TrackPointExtension>
	</extensions>
</trkpt>
<trkpt lat="-9.1246756" lon="148.3020335">
	<ele>624.62</ele>
	<time>2026-02-01T05:49:24.000Z</time>
	<hdop>5.00</hdop>
	<extensions>
		<gpxtpx:TrackPointExtension>
			<gpxtpx:course>267.7</gpxtpx:course>
		</gpxtpx:TrackPointExtension>
	</extensions>
</trkpt>
<trkpt lat="-9.1247103" lon="148.3019149">
	<ele>623.93</ele>
	<time>2026-02-01T05:49:34.000Z</time>
	<hdop>6.00</hdop>
	<extensions>
		<gpxtpx:TrackPointExtension>
			<gpxtpx:course>218.3</gpxtpx:course>
		</gpxtpx:TrackPointExtension>
	</extensions>
</trkpt>
<trkpt lat="-9.1247892" lon="148.3018059">
	<ele>627.85</ele>
	<time>2026-02-01T05:49:44.000Z</time>
	<hdop>5.00</hdop>
	<extensions>
		<gpxtpx:TrackPointExtension>
			<gpxtpx:course>218.0</gpxtpx:course>
		</gpxtpx:TrackPointExtension>
	</extensions>
</trkpt>
<trkpt lat="-9.1248421" lon="148.3016984">
	<ele>629.56</ele>
	<time>2026-02-01T05:49:54.000Z</time>
	<hdop>5.00</hdop>
	<extensions>
		<gpxtpx:TrackPointExtension>
			<gpxtpx:course>241.5</gpxtpx:course>
		</gpxtpx:TrackPointExtension>
	</extensions>
</trkpt>
<trkpt lat="-9.1248879" lon="148.3015760">
	<ele>630.87</ele>
	<time>2026-02-01T05:50:04.000Z</time>
	<hdop>5.50</hdop>
	<extensions>
		<gpxtpx:TrackPointExtension>
			<gpxtpx:course>238.2</gpxtpx:course>
		</gpxtpx:TrackPointExtension>
	</extensions>
</trkpt>
<trkpt lat="-9.1249635" lon="148.3014992">
	<ele>630.88</ele>
	<time>2026-02-01T05:50:14.000Z</time>
	<hdop>4.50</hdop>
	<extensions>
		<gpxtpx:TrackPointExtension>
			<gpxtpx:course>208.1</gpxtpx:course>
		</gpxtpx:TrackPointExtension>
	</extensions>
</trkpt>
<trkpt lat="-9.1250199" lon="148.3013913">
	<ele>631.12</ele>
	<time>2026-02-01T05:50:24.000Z</time>
	<hdop>4.50</hdop>
	<extensions>
		<gpxtpx:TrackPointExtension>
			<gpxtpx:course>278.0</gpxtpx:course>
		</gpxtpx:TrackPointExtension>
	</extensions>
</trkpt>
<trkpt lat="-9.1249966" lon="148.3012457">
	<ele>632.62</ele>
	<time>2026-02-01T05:50:34.000Z</time>
	<hdop>4.00</hdop>
	<extensions>
		<gpxtpx:TrackPointExtension>
			<gpxtpx:course>263.6</gpxtpx:course>
		</gpxtpx:TrackPointExtension>
	</extensions>
</trkpt>
<trkpt lat="-9.1249876" lon="148.3011440">
	<ele>633.11</ele>
	<time>2026-02-01T05:50:44.000Z</time>
	<hdop>4.00</hdop>
	<extensions>
		<gpxtpx:TrackPointExtension>
			<gpxtpx:course>254.9</gpxtpx:course>
		</gpxtpx:TrackPointExtension>
	</extensions>
</trkpt>
<trkpt lat="-9.1250329" lon="148.3010570">
	<ele>633.86</ele>
	<time>2026-02-01T05:50:54.000Z</time>
	<hdop>3.50</hdop>
	<extensions>
		<gpxtpx:TrackPointExtension>
			<gpxtpx:course>201.1</gpxtpx:course>
		</gpxtpx:TrackPointExtension>
	</extensions>
</trkpt>
<trkpt lat="-9.1251046" lon="148.3009984">
	<ele>632.61</ele>
	<time>2026-02-01T05:51:09.000Z</time>
	<hdop>4.00</hdop>
	<extensions>
		<gpxtpx:TrackPointExtension>
			<gpxtpx:course>183.2</gpxtpx:course>
		</gpxtpx:TrackPointExtension>
	</extensions>
</trkpt>
<trkpt lat="-9.1251547" lon="148.3009106">
	<ele>630.93</ele>
	<time>2026-02-01T05:51:34.000Z</time>
	<hdop>5.00</hdop>
	<extensions>
		<gpxtpx:TrackPointExtension>
			<gpxtpx:course>203.4</gpxtpx:course>
		</gpxtpx:TrackPointExtension>
	</extensions>
</trkpt>
<trkpt lat="-9.1251767" lon="148.3008210">
	<ele>629.12</ele>
	<time>2026-02-01T05:52:00.000Z</time>
	<hdop>4.50</hdop>
	<extensions>
		<gpxtpx:TrackPointExtension>
			<gpxtpx:course>228.5</gpxtpx:course>
		</gpxtpx:TrackPointExtension>
	</extensions>
</trkpt>
<trkpt lat="-9.1251873" lon="148.3007259">
	<ele>630.85</ele>
	<time>2026-02-01T05:52:15.000Z</time>
	<hdop>4.00</hdop>
	<extensions>
		<gpxtpx:TrackPointExtension>
			<gpxtpx:course>271.7</gpxtpx:course>
		</gpxtpx:TrackPointExtension>
	</extensions>
</trkpt>
<trkpt lat="-9.1251800" lon="148.3006268">
	<ele>630.11</ele>
	<time>2026-02-01T05:52:48.000Z</time>
	<hdop>4.50</hdop>
	<extensions>
		<gpxtpx:TrackPointExtension>
			<gpxtpx:course>265.0</gpxtpx:course>
		</gpxtpx:TrackPointExtension>
	</extensions>
</trkpt>
<trkpt lat="-9.1251387" lon="148.3005458">
	<ele>630.10</ele>
	<time>2026-02-01T05:53:00.000Z</time>
	<hdop>4.00</hdop>
	<extensions>
		<gpxtpx:TrackPointExtension>
			<gpxtpx:course>323.9</gpxtpx:course>
		</gpxtpx:TrackPointExtension>
	</extensions>
</trkpt>
<trkpt lat="-9.1251205" lon="148.3004554">
	<ele>629.11</ele>
	<time>2026-02-01T05:53:20.000Z</time>
	<hdop>4.50</hdop>
	<extensions>
		<gpxtpx:TrackPointExtension>
			<gpxtpx:course>238.5</gpxtpx:course>
		</gpxtpx:TrackPointExtension>
	</extensions>
</trkpt>
<trkpt lat="-9.1251955" lon="148.3004023">
	<ele>630.84</ele>
	<time>2026-02-01T05:53:33.000Z</time>
	<hdop>4.50</hdop>
	<extensions>
		<gpxtpx:TrackPointExtension>
			<gpxtpx:course>194.3</gpxtpx:course>
		</gpxtpx:TrackPointExtension>
	</extensions>
</trkpt>
<trkpt lat="-9.1251723" lon="148.3003118">
	<ele>633.85</ele>
	<time>2026-02-01T05:53:47.000Z</time>
	<hdop>3.50</hdop>
	<extensions>
		<gpxtpx:TrackPointExtension>
			<gpxtpx:course>262.3</gpxtpx:course>
		</gpxtpx:TrackPointExtension>
	</extensions>
</trkpt>
<trkpt lat="-9.1251444" lon="148.3002175">
	<ele>637.84</ele>
	<time>2026-02-01T05:53:59.000Z</time>
	<hdop>4.00</hdop>
	<extensions>
		<gpxtpx:TrackPointExtension>
			<gpxtpx:course>266.0</gpxtpx:course>
		</gpxtpx:TrackPointExtension>
	</extensions>
</trkpt>
<trkpt lat="-9.1252164" lon="148.3001555">
	<ele>636.86</ele>
	<time>2026-02-01T05:54:17.000Z</time>
	<hdop>5.00</hdop>
	<extensions>
		<gpxtpx:TrackPointExtension>
			<gpxtpx:course>228.4</gpxtpx:course>
		</gpxtpx:TrackPointExtension>
	</extensions>
</trkpt>
<trkpt lat="-9.1252387" lon="148.3000563">
	<ele>634.86</ele>
	<time>2026-02-01T05:54:32.000Z</time>
	<hdop>4.50</hdop>
	<extensions>
		<gpxtpx:TrackPointExtension>
			<gpxtpx:course>267.2</gpxtpx:course>
		</gpxtpx:TrackPointExtension>
	</extensions>
</trkpt>
<trkpt lat="-9.1251736" lon="148.2999826">
	<ele>635.80</ele>
	<time>2026-02-01T05:54:42.000Z</time>
	<hdop>4.50</hdop>
	<extensions>
		<gpxtpx:TrackPointExtension>
			<gpxtpx:course>306.8</gpxtpx:course>
		</gpxtpx:TrackPointExtension>
	</extensions>
</trkpt>
<trkpt lat="-9.1251086" lon="148.2998988">
	<ele>639.78</ele>
	<time>2026-02-01T05:54:52.000Z</time>
	<hdop>3.50</hdop>
	<extensions>
		<gpxtpx:TrackPointExtension>
			<gpxtpx:course>293.3</gpxtpx:course>
		</gpxtpx:TrackPointExtension>
	</extensions>
</trkpt>
<trkpt lat="-9.1250446" lon="148.2998300">
	<ele>642.67</ele>
	<time>2026-02-01T05:55:09.000Z</time>
	<hdop>4.00</hdop>
	<extensions>
		<gpxtpx:TrackPointExtension>
			<gpxtpx:course>355.4</gpxtpx:course>
		</gpxtpx:TrackPointExtension>
	</extensions>
</trkpt>
<trkpt lat="-9.1250503" lon="148.2997376">
	<ele>645.61</ele>
	<time>2026-02-01T05:55:30.000Z</time>
	<hdop>5.00</hdop>
	<extensions>
		<gpxtpx:TrackPointExtension>
			<gpxtpx:course>309.1</gpxtpx:course>
		</gpxtpx:TrackPointExtension>
	</extensions>
</trkpt>
<trkpt lat="-9.1249912" lon="148.2996678">
	<ele>645.86</ele>
	<time>2026-02-01T05:55:44.000Z</time>
	<hdop>4.00</hdop>
	<extensions>
		<gpxtpx:TrackPointExtension>
			<gpxtpx:course>318.6</gpxtpx:course>
		</gpxtpx:TrackPointExtension>
	</extensions>
</trkpt>
<trkpt lat="-9.1249365" lon="148.2995876">
	<ele>646.86</ele>
	<time>2026-02-01T05:56:06.000Z</time>
	<hdop>4.00</hdop>
	<extensions>
		<gpxtpx:TrackPointExtension>
			<gpxtpx:course>315.2</gpxtpx:course>
		</gpxtpx:TrackPointExtension>
	</extensions>
</trkpt>
<trkpt lat="-9.1248237" lon="148.2995261">
	<ele>649.86</ele>
	<time>2026-02-01T05:56:16.000Z</time>
	<hdop>4.50</hdop>
	<extensions>
		<gpxtpx:TrackPointExtension>
			<gpxtpx:course>339.2</gpxtpx:course>
		</gpxtpx:TrackPointExtension>
	</extensions>
</trkpt>
<trkpt lat="-9.1247396" lon="148.2994799">
	<ele>653.78</ele>
	<time>2026-02-01T05:56:26.000Z</time>
	<hdop>4.50</hdop>
	<extensions>
		<gpxtpx:TrackPointExtension>
			<gpxtpx:course>318.2</gpxtpx:course>
		</gpxtpx:TrackPointExtension>
	</extensions>
</trkpt>
<trkpt lat="-9.1246557" lon="148.2994126">
	<ele>655.67</ele>
	<time>2026-02-01T05:56:36.000Z</time>
	<hdop>4.00</hdop>
	<extensions>
		<gpxtpx:TrackPointExtension>
			<gpxtpx:course>312.1</gpxtpx:course>
		</gpxtpx:TrackPointExtension>
	</extensions>
</trkpt>
<trkpt lat="-9.1245395" lon="148.2993486">
	<ele>654.86</ele>
	<time>2026-02-01T05:56:46.000Z</time>
	<hdop>3.50</hdop>
	<extensions>
		<gpxtpx:TrackPointExtension>
			<gpxtpx:course>305.5</gpxtpx:course>
		</gpxtpx:TrackPointExtension>
	</extensions>
</trkpt>
<trkpt lat="-9.1244229" lon="148.2992685">
	<ele>654.86</ele>
	<time>2026-02-01T05:56:56.000Z</time>
	<hdop>4.00</hdop>
	<extensions>
		<gpxtpx:TrackPointExtension>
			<gpxtpx:course>337.9</gpxtpx:course>
		</gpxtpx:TrackPointExtension>
	</extensions>
</trkpt>
<trkpt lat="-9.1243040" lon="148.2992108">
	<ele>653.80</ele>
	<time>2026-02-01T05:57:06.000Z</time>
	<hdop>4.00</hdop>
	<extensions>
		<gpxtpx:TrackPointExtension>
			<gpxtpx:course>327.2</gpxtpx:course>
		</gpxtpx:TrackPointExtension>
	</extensions>
</trkpt>
<trkpt lat="-9.1242453" lon="148.2991284">
	<ele>654.11</ele>
	<time>2026-02-01T05:57:16.000Z</time>
	<hdop>3.50</hdop>
	<extensions>
		<gpxtpx:TrackPointExtension>
			<gpxtpx:course>286.0</gpxtpx:course>
		</gpxtpx:TrackPointExtension>
	</extensions>
</trkpt>
<trkpt lat="-9.1242252" lon="148.2990366">
	<ele>655.79</ele>
	<time>2026-02-01T05:57:26.000Z</time>
	<hdop>3.50</hdop>
	<extensions>
		<gpxtpx:TrackPointExtension>
			<gpxtpx:course>293.8</gpxtpx:course>
		</gpxtpx:TrackPointExtension>
	</extensions>
</trkpt>
<trkpt lat="-9.1241443" lon="148.2989600">
	<ele>655.86</ele>
	<time>2026-02-01T05:57:36.000Z</time>
	<hdop>4.50</hdop>
	<extensions>
		<gpxtpx:TrackPointExtension>
			<gpxtpx:course>342.4</gpxtpx:course>
		</gpxtpx:TrackPointExtension>
	</extensions>
</trkpt>
<trkpt lat="-9.1240420" lon="148.2989401">
	<ele>653.86</ele>
	<time>2026-02-01T05:57:46.000Z</time>
	<hdop>4.00</hdop>
	<extensions>
		<gpxtpx:TrackPointExtension>
			<gpxtpx:course>352.1</gpxtpx:course>
		</gpxtpx:TrackPointExtension>
	</extensions>
</trkpt>
<trkpt lat="-9.1239530" lon="148.2989054">
	<ele>653.79</ele>
	<time>2026-02-01T05:57:56.000Z</time>
	<hdop>4.00</hdop>
	<extensions>
		<gpxtpx:TrackPointExtension>
			<gpxtpx:course>347.3</gpxtpx:course>
		</gpxtpx:TrackPointExtension>
	</extensions>
</trkpt>
<trkpt lat="-9.1238512" lon="148.2988494">
	<ele>650.86</ele>
	<time>2026-02-01T05:58:06.000Z</time>
	<hdop>4.00</hdop>
</trkpt>
<trkpt lat="-9.1237712" lon="148.2987918">
	<ele>650.62</ele>
	<time>2026-02-01T05:58:18.000Z</time>
	<hdop>4.00</hdop>
	<extensions>
		<gpxtpx:TrackPointExtension>
			<gpxtpx:course>294.0</gpxtpx:course>
		</gpxtpx:TrackPointExtension>
	</extensions>
</trkpt>
<trkpt lat="-9.1237315" lon="148.2986926">
	<ele>653.60</ele>
	<time>2026-02-01T05:58:28.000Z</time>
	<hdop>4.00</hdop>
	<extensions>
		<gpxtpx:TrackPointExtension>
			<gpxtpx:course>288.9</gpxtpx:course>
		</gpxtpx:TrackPointExtension>
	</extensions>
</trkpt>
<trkpt lat="-9.1237078" lon="148.2985909">
	<ele>655.79</ele>
	<time>2026-02-01T05:58:38.000Z</time>
	<hdop>4.50</hdop>
	<extensions>
		<gpxtpx:TrackPointExtension>
			<gpxtpx:course>283.0</gpxtpx:course>
		</gpxtpx:TrackPointExtension>
	</extensions>
</trkpt>
<trkpt lat="-9.1236749" lon="148.2984799">
	<ele>657.86</ele>
	<time>2026-02-01T05:58:48.000Z</time>
	<hdop>4.00</hdop>
	<extensions>
		<gpxtpx:TrackPointExtension>
			<gpxtpx:course>269.5</gpxtpx:course>
		</gpxtpx:TrackPointExtension>
	</extensions>
</trkpt>
<trkpt lat="-9.1236721" lon="148.2983845">
	<ele>656.81</ele>
	<time>2026-02-01T05:58:58.000Z</time>
	<hdop>4.00</hdop>
	<extensions>
		<gpxtpx:TrackPointExtension>
			<gpxtpx:course>281.0</gpxtpx:course>
		</gpxtpx:TrackPointExtension>
	</extensions>
</trkpt>
<trkpt lat="-9.1236651" lon="148.2982737">
	<ele>656.85</ele>
	<time>2026-02-01T05:59:08.000Z</time>
	<hdop>4.50</hdop>
	<extensions>
		<gpxtpx:TrackPointExtension>
			<gpxtpx:course>290.1</gpxtpx:course>
		</gpxtpx:TrackPointExtension>
	</extensions>
</trkpt>
<trkpt lat="-9.1236492" lon="148.2981452">
	<ele>657.79</ele>
	<time>2026-02-01T05:59:18.000Z</time>
	<hdop>4.00</hdop>
	<extensions>
		<gpxtpx:TrackPointExtension>
			<gpxtpx:course>254.0</gpxtpx:course>
		</gpxtpx:TrackPointExtension>
	</extensions>
</trkpt>
<trkpt lat="-9.1236331" lon="148.2980517">
	<ele>658.10</ele>
	<time>2026-02-01T05:59:34.000Z</time>
	<hdop>4.50</hdop>
	<extensions>
		<gpxtpx:TrackPointExtension>
			<gpxtpx:course>272.8</gpxtpx:course>
		</gpxtpx:TrackPointExtension>
	</extensions>
</trkpt>
<trkpt lat="-9.1236281" lon="148.2979534">
	<ele>659.58</ele>
	<time>2026-02-01T05:59:46.000Z</time>
	<hdop>4.00</hdop>
	<extensions>
		<gpxtpx:TrackPointExtension>
			<gpxtpx:course>263.9</gpxtpx:course>
		</gpxtpx:TrackPointExtension>
	</extensions>
</trkpt>
<trkpt lat="-9.1235592" lon="148.2978890">
	<ele>660.85</ele>
	<time>2026-02-01T06:00:06.000Z</time>
	<hdop>3.00</hdop>
	<extensions>
		<gpxtpx:TrackPointExtension>
			<gpxtpx:course>317.7</gpxtpx:course>
		</gpxtpx:TrackPointExtension>
	</extensions>
</trkpt>
<trkpt lat="-9.1234955" lon="148.2978196">
	<ele>659.87</ele>
	<time>2026-02-01T06:00:21.000Z</time>
	<hdop>3.50</hdop>
	<extensions>
		<gpxtpx:TrackPointExtension>
			<gpxtpx:course>277.6</gpxtpx:course>
		</gpxtpx:TrackPointExtension>
	</extensions>
</trkpt>
<trkpt lat="-9.1234082" lon="148.2977914">
	<ele>657.16</ele>
	<time>2026-02-01T06:01:00.000Z</time>
	<hdop>3.00</hdop>
	<extensions>
		<gpxtpx:TrackPointExtension>
			<gpxtpx:course>283.7</gpxtpx:course>
		</gpxtpx:TrackPointExtension>
	</extensions>
</trkpt>
<trkpt lat="-9.1233311" lon="148.2977347">
	<ele>656.61</ele>
	<time>2026-02-01T06:01:15.000Z</time>
	<hdop>3.50</hdop>
	<extensions>
		<gpxtpx:TrackPointExtension>
			<gpxtpx:course>308.9</gpxtpx:course>
		</gpxtpx:TrackPointExtension>
	</extensions>
</trkpt>
<trkpt lat="-9.1232539" lon="148.2976731">
	<ele>655.10</ele>
	<time>2026-02-01T06:01:25.000Z</time>
	<hdop>3.50</hdop>
	<extensions>
		<gpxtpx:TrackPointExtension>
			<gpxtpx:course>312.6</gpxtpx:course>
		</gpxtpx:TrackPointExtension>
	</extensions>
</trkpt>
<trkpt lat="-9.1231844" lon="148.2975738">
	<ele>655.84</ele>
	<time>2026-02-01T06:01:35.000Z</time>
	<hdop>4.00</hdop>
	<extensions>
		<gpxtpx:TrackPointExtension>
			<gpxtpx:course>319.4</gpxtpx:course>
		</gpxtpx:TrackPointExtension>
	</extensions>
</trkpt>
<trkpt lat="-9.1231359" lon="148.2974490">
	<ele>655.85</ele>
	<time>2026-02-01T06:01:45.000Z</time>
	<hdop>4.00</hdop>
	<extensions>
		<gpxtpx:TrackPointExtension>
			<gpxtpx:course>295.8</gpxtpx:course>
		</gpxtpx:TrackPointExtension>
	</extensions>
</trkpt>
<trkpt lat="-9.1230728" lon="148.2973296">
	<ele>651.93</ele>
	<time>2026-02-01T06:01:55.000Z</time>
	<hdop>4.50</hdop>
	<extensions>
		<gpxtpx:TrackPointExtension>
			<gpxtpx:course>299.6</gpxtpx:course>
		</gpxtpx:TrackPointExtension>
	</extensions>
</trkpt>
<trkpt lat="-9.1230192" lon="148.2972397">
	<ele>649.86</ele>
	<time>2026-02-01T06:02:05.000Z</time>
	<hdop>4.50</hdop>
	<extensions>
		<gpxtpx:TrackPointExtension>
			<gpxtpx:course>276.8</gpxtpx:course>
		</gpxtpx:TrackPointExtension>
	</extensions>
</trkpt>
<trkpt lat="-9.1230266" lon="148.2971187">
	<ele>646.86</ele>
	<time>2026-02-01T06:02:15.000Z</time>
	<hdop>4.50</hdop>
	<extensions>
		<gpxtpx:TrackPointExtension>
			<gpxtpx:course>255.0</gpxtpx:course>
		</gpxtpx:TrackPointExtension>
	</extensions>
</trkpt>
<trkpt lat="-9.1229750" lon="148.2970067">
	<ele>644.93</ele>
	<time>2026-02-01T06:02:25.000Z</time>
	<hdop>5.00</hdop>
	<extensions>
		<gpxtpx:TrackPointExtension>
			<gpxtpx:course>302.6</gpxtpx:course>
		</gpxtpx:TrackPointExtension>
	</extensions>
</trkpt>
<trkpt lat="-9.1228734" lon="148.2969424">
	<ele>642.10</ele>
	<time>2026-02-01T06:02:35.000Z</time>
	<hdop>5.00</hdop>
	<extensions>
		<gpxtpx:TrackPointExtension>
			<gpxtpx:course>302.8</gpxtpx:course>
		</gpxtpx:TrackPointExtension>
	</extensions>
</trkpt>
<trkpt lat="-9.1227745" lon="148.2968642">
	<ele>638.11</ele>
	<time>2026-02-01T06:02:45.000Z</time>
	<hdop>4.00</hdop>
	<extensions>
		<gpxtpx:TrackPointExtension>
			<gpxtpx:course>331.8</gpxtpx:course>
		</gpxtpx:TrackPointExtension>
	</extensions>
</trkpt>
<trkpt lat="-9.1226996" lon="148.2967991">
	<ele>636.79</ele>
	<time>2026-02-01T06:02:55.000Z</time>
	<hdop>4.50</hdop>
	<extensions>
		<gpxtpx:TrackPointExtension>
			<gpxtpx:course>300.6</gpxtpx:course>
		</gpxtpx:TrackPointExtension>
	</extensions>
</trkpt>
<trkpt lat="-9.1226240" lon="148.2967211">
	<ele>635.85</ele>
	<time>2026-02-01T06:03:05.000Z</time>
	<hdop>4.50</hdop>
	<extensions>
		<gpxtpx:TrackPointExtension>
			<gpxtpx:course>321.7</gpxtpx:course>
		</gpxtpx:TrackPointExtension>
	</extensions>
</trkpt>
<trkpt lat="-9.1225563" lon="148.2966489">
	<ele>634.10</ele>
	<time>2026-02-01T06:03:15.000Z</time>
	<hdop>5.00</hdop>
	<extensions>
		<gpxtpx:TrackPointExtension>
			<gpxtpx:course>294.3</gpxtpx:course>
		</gpxtpx:TrackPointExtension>
	</extensions>
</trkpt>
<trkpt lat="-9.1224826" lon="148.2965287">
	<ele>635.60</ele>
	<time>2026-02-01T06:03:25.000Z</time>
	<hdop>4.50</hdop>
	<extensions>
		<gpxtpx:TrackPointExtension>
			<gpxtpx:course>223.9</gpxtpx:course>
		</gpxtpx:TrackPointExtension>
	</extensions>
</trkpt>
<trkpt lat="-9.1224197" lon="148.2964148">
	<ele>636.83</ele>
	<time>2026-02-01T06:03:35.000Z</time>
	<hdop>4.50</hdop>
	<extensions>
		<gpxtpx:TrackPointExtension>
			<gpxtpx:course>326.4</gpxtpx:course>
		</gpxtpx:TrackPointExtension>
	</extensions>
</trkpt>
<trkpt lat="-9.1223430" lon="148.2963541">
	<ele>634.87</ele>
	<time>2026-02-01T06:03:45.000Z</time>
	<hdop>4.00</hdop>
	<extensions>
		<gpxtpx:TrackPointExtension>
			<gpxtpx:course>293.6</gpxtpx:course>
		</gpxtpx:TrackPointExtension>
	</extensions>
</trkpt>
<trkpt lat="-9.1222537" lon="148.2963156">
	<ele>632.87</ele>
	<time>2026-02-01T06:03:58.000Z</time>
	<hdop>4.00</hdop>
	<extensions>
		<gpxtpx:TrackPointExtension>
			<gpxtpx:course>333.0</gpxtpx:course>
		</gpxtpx:TrackPointExtension>
	</extensions>
</trkpt>
<trkpt lat="-9.1221598" lon="148.2963140">
	<ele>631.80</ele>
	<time>2026-02-01T06:04:12.000Z</time>
	<hdop>4.50</hdop>
	<extensions>
		<gpxtpx:TrackPointExtension>
			<gpxtpx:course>354.9</gpxtpx:course>
		</gpxtpx:TrackPointExtension>
	</extensions>
</trkpt>
<trkpt lat="-9.1221251" lon="148.2962233">
	<ele>628.12</ele>
	<time>2026-02-01T06:04:40.000Z</time>
	<hdop>6.00</hdop>
	<extensions>
		<gpxtpx:TrackPointExtension>
			<gpxtpx:course>253.1</gpxtpx:course>
		</gpxtpx:TrackPointExtension>
	</extensions>
</trkpt>
<trkpt lat="-9.1221557" lon="148.2961372">
	<ele>626.87</ele>
	<time>2026-02-01T06:04:50.000Z</time>
	<hdop>5.50</hdop>
	<extensions>
		<gpxtpx:TrackPointExtension>
			<gpxtpx:course>250.4</gpxtpx:course>
		</gpxtpx:TrackPointExtension>
	</extensions>
</trkpt>
<trkpt lat="-9.1221869" lon="148.2960051">
	<ele>627.85</ele>
	<time>2026-02-01T06:05:00.000Z</time>
	<hdop>5.50</hdop>
	<extensions>
		<gpxtpx:TrackPointExtension>
			<gpxtpx:course>250.0</gpxtpx:course>
		</gpxtpx:TrackPointExtension>
	</extensions>
</trkpt>
<trkpt lat="-9.1222223" lon="148.2959002">
	<ele>629.08</ele>
	<time>2026-02-01T06:05:10.000Z</time>
	<hdop>5.00</hdop>
	<extensions>
		<gpxtpx:TrackPointExtension>
			<gpxtpx:course>239.1</gpxtpx:course>
		</gpxtpx:TrackPointExtension>
	</extensions>
</trkpt>
<trkpt lat="-9.1222460" lon="148.2958084">
	<ele>629.66</ele>
	<time>2026-02-01T06:05:22.000Z</time>
	<hdop>5.00</hdop>
	<extensions>
		<gpxtpx:TrackPointExtension>
			<gpxtpx:course>232.9</gpxtpx:course>
		</gpxtpx:TrackPointExtension>
	</extensions>
</trkpt>
<trkpt lat="-9.1222420" lon="148.2957160">
	<ele>628.85</ele>
	<time>2026-02-01T06:05:34.000Z</time>
	<hdop>4.50</hdop>
	<extensions>
		<gpxtpx:TrackPointExtension>
			<gpxtpx:course>287.7</gpxtpx:course>
		</gpxtpx:TrackPointExtension>
	</extensions>
</trkpt>
<trkpt lat="-9.1222483" lon="148.2956151">
	<ele>629.83</ele>
	<time>2026-02-01T06:05:44.000Z</time>
	<hdop>5.50</hdop>
	<extensions>
		<gpxtpx:TrackPointExtension>
			<gpxtpx:course>253.6</gpxtpx:course>
		</gpxtpx:TrackPointExtension>
	</extensions>
</trkpt>
<trkpt lat="-9.1222206" lon="148.2955275">
	<ele>632.78</ele>
	<time>2026-02-01T06:05:55.000Z</time>
	<hdop>5.00</hdop>
	<extensions>
		<gpxtpx:TrackPointExtension>
			<gpxtpx:course>256.5</gpxtpx:course>
		</gpxtpx:TrackPointExtension>
	</extensions>
</trkpt>
<trkpt lat="-9.1222362" lon="148.2954353">
	<ele>630.85</ele>
	<time>2026-02-01T06:06:09.000Z</time>
	<hdop>5.00</hdop>
	<extensions>
		<gpxtpx:TrackPointExtension>
			<gpxtpx:course>263.2</gpxtpx:course>
		</gpxtpx:TrackPointExtension>
	</extensions>
</trkpt>
<trkpt lat="-9.1222486" lon="148.2953397">
	<ele>629.66</ele>
	<time>2026-02-01T06:06:26.000Z</time>
	<hdop>6.50</hdop>
	<extensions>
		<gpxtpx:TrackPointExtension>
			<gpxtpx:course>318.5</gpxtpx:course>
		</gpxtpx:TrackPointExtension>
	</extensions>
</trkpt>
<trkpt lat="-9.1221631" lon="148.2952533">
	<ele>632.84</ele>
	<time>2026-02-01T06:06:36.000Z</time>
	<hdop>6.00</hdop>
	<extensions>
		<gpxtpx:TrackPointExtension>
			<gpxtpx:course>318.3</gpxtpx:course>
		</gpxtpx:TrackPointExtension>
	</extensions>
</trkpt>
<trkpt lat="-9.1220917" lon="148.2951436">
	<ele>631.83</ele>
	<time>2026-02-01T06:06:46.000Z</time>
	<hdop>5.00</hdop>
	<extensions>
		<gpxtpx:TrackPointExtension>
			<gpxtpx:course>277.7</gpxtpx:course>
		</gpxtpx:TrackPointExtension>
	</extensions>
</trkpt>
<trkpt lat="-9.1220398" lon="148.2950337">
	<ele>631.86</ele>
	<time>2026-02-01T06:06:56.000Z</time>
	<hdop>4.50</hdop>
	<extensions>
		<gpxtpx:TrackPointExtension>
			<gpxtpx:course>278.8</gpxtpx:course>
		</gpxtpx:TrackPointExtension>
	</extensions>
</trkpt>
<trkpt lat="-9.1220148" lon="148.2949461">
	<ele>633.84</ele>
	<time>2026-02-01T06:07:06.000Z</time>
	<hdop>4.50</hdop>
	<extensions>
		<gpxtpx:TrackPointExtension>
			<gpxtpx:course>260.6</gpxtpx:course>
		</gpxtpx:TrackPointExtension>
	</extensions>
</trkpt>
<trkpt lat="-9.1220000" lon="148.2948203">
	<ele>634.83</ele>
	<time>2026-02-01T06:07:16.000Z</time>
	<hdop>5.00</hdop>
	<extensions>
		<gpxtpx:TrackPointExtension>
			<gpxtpx:course>272.0</gpxtpx:course>
		</gpxtpx:TrackPointExtension>
	</extensions>
</trkpt>
<trkpt lat="-9.1219518" lon="148.2947084">
	<ele>632.84</ele>
	<time>2026-02-01T06:07:26.000Z</time>
	<hdop>5.50</hdop>
	<extensions>
		<gpxtpx:TrackPointExtension>
			<gpxtpx:course>295.7</gpxtpx:course>
		</gpxtpx:TrackPointExtension>
	</extensions>
</trkpt>
<trkpt lat="-9.1219513" lon="148.2945886">
	<ele>633.09</ele>
	<time>2026-02-01T06:07:36.000Z</time>
	<hdop>5.50</hdop>
	<extensions>
		<gpxtpx:TrackPointExtension>
			<gpxtpx:course>292.0</gpxtpx:course>
		</gpxtpx:TrackPointExtension>
	</extensions>
</trkpt>
<trkpt lat="-9.1219475" lon="148.2944961">
	<ele>631.84</ele>
	<time>2026-02-01T06:07:46.000Z</time>
	<hdop>4.50</hdop>
	<extensions>
		<gpxtpx:TrackPointExtension>
			<gpxtpx:course>271.3</gpxtpx:course>
		</gpxtpx:TrackPointExtension>
	</extensions>
</trkpt>
<trkpt lat="-9.1219043" lon="148.2944144">
	<ele>633.78</ele>
	<time>2026-02-01T06:07:56.000Z</time>
	<hdop>5.00</hdop>
	<extensions>
		<gpxtpx:TrackPointExtension>
			<gpxtpx:course>288.7</gpxtpx:course>
		</gpxtpx:TrackPointExtension>
	</extensions>
</trkpt>
<trkpt lat="-9.1218564" lon="148.2943309">
	<ele>636.64</ele>
	<time>2026-02-01T06:08:09.000Z</time>
	<hdop>5.00</hdop>
	<extensions>
		<gpxtpx:TrackPointExtension>
			<gpxtpx:course>273.1</gpxtpx:course>
		</gpxtpx:TrackPointExtension>
	</extensions>
</trkpt>
<trkpt lat="-9.1217937" lon="148.2942298">
	<ele>641.82</ele>
	<time>2026-02-01T06:08:19.000Z</time>
	<hdop>4.50</hdop>
	<extensions>
		<gpxtpx:TrackPointExtension>
			<gpxtpx:course>287.0</gpxtpx:course>
		</gpxtpx:TrackPointExtension>
	</extensions>
</trkpt>
<trkpt lat="-9.1217070" lon="148.2941177">
	<ele>643.59</ele>
	<time>2026-02-01T06:08:29.000Z</time>
	<hdop>4.50</hdop>
	<extensions>
		<gpxtpx:TrackPointExtension>
			<gpxtpx:course>301.4</gpxtpx:course>
		</gpxtpx:TrackPointExtension>
	</extensions>
</trkpt>
<trkpt lat="-9.1216565" lon="148.2940255">
	<ele>648.83</ele>
	<time>2026-02-01T06:08:39.000Z</time>
	<hdop>4.50</hdop>
	<extensions>
		<gpxtpx:TrackPointExtension>
			<gpxtpx:course>282.3</gpxtpx:course>
		</gpxtpx:TrackPointExtension>
	</extensions>
</trkpt>
<trkpt lat="-9.1215985" lon="148.2939237">
	<ele>650.59</ele>
	<time>2026-02-01T06:08:49.000Z</time>
	<hdop>4.50</hdop>
	<extensions>
		<gpxtpx:TrackPointExtension>
			<gpxtpx:course>337.1</gpxtpx:course>
		</gpxtpx:TrackPointExtension>
	</extensions>
</trkpt>
<trkpt lat="-9.1215714" lon="148.2938368">
	<ele>653.57</ele>
	<time>2026-02-01T06:09:00.000Z</time>
	<hdop>5.50</hdop>
	<extensions>
		<gpxtpx:TrackPointExtension>
			<gpxtpx:course>286.0</gpxtpx:course>
		</gpxtpx:TrackPointExtension>
	</extensions>
</trkpt>
<trkpt lat="-9.1215192" lon="148.2937594">
	<ele>650.89</ele>
	<time>2026-02-01T06:09:14.000Z</time>
	<hdop>5.50</hdop>
	<extensions>
		<gpxtpx:TrackPointExtension>
			<gpxtpx:course>274.9</gpxtpx:course>
		</gpxtpx:TrackPointExtension>
	</extensions>
</trkpt>
<trkpt lat="-9.1214616" lon="148.2936838">
	<ele>650.78</ele>
	<time>2026-02-01T06:09:37.000Z</time>
	<hdop>5.50</hdop>
	<extensions>
		<gpxtpx:TrackPointExtension>
			<gpxtpx:course>245.2</gpxtpx:course>
		</gpxtpx:TrackPointExtension>
	</extensions>
</trkpt>
<trkpt lat="-9.1214377" lon="148.2935880">
	<ele>653.78</ele>
	<time>2026-02-01T06:09:51.000Z</time>
	<hdop>5.00</hdop>
	<extensions>
		<gpxtpx:TrackPointExtension>
			<gpxtpx:course>265.5</gpxtpx:course>
		</gpxtpx:TrackPointExtension>
	</extensions>
</trkpt>
<trkpt lat="-9.1213955" lon="148.2935025">
	<ele>660.76</ele>
	<time>2026-02-01T06:10:09.000Z</time>
	<hdop>4.50</hdop>
	<extensions>
		<gpxtpx:TrackPointExtension>
			<gpxtpx:course>288.2</gpxtpx:course>
		</gpxtpx:TrackPointExtension>
	</extensions>
</trkpt>
<trkpt lat="-9.1213395" lon="148.2934269">
	<ele>668.84</ele>
	<time>2026-02-01T06:10:58.000Z</time>
	<hdop>5.00</hdop>
	<extensions>
		<gpxtpx:TrackPointExtension>
			<gpxtpx:course>48.9</gpxtpx:course>
		</gpxtpx:TrackPointExtension>
	</extensions>
</trkpt>
<trkpt lat="-9.1213078" lon="148.2933410">
	<ele>663.84</ele>
	<time>2026-02-01T06:11:35.000Z</time>
	<hdop>11.50</hdop>
	<extensions>
		<gpxtpx:TrackPointExtension>
			<gpxtpx:course>250.8</gpxtpx:course>
		</gpxtpx:TrackPointExtension>
	</extensions>
</trkpt>
<trkpt lat="-9.1214003" lon="148.2933450">
	<ele>662.15</ele>
	<time>2026-02-01T06:13:55.000Z</time>
	<hdop>7.50</hdop>
	<extensions>
		<gpxtpx:TrackPointExtension>
			<gpxtpx:course>293.8</gpxtpx:course>
		</gpxtpx:TrackPointExtension>
	</extensions>
</trkpt>
<trkpt lat="-9.1214222" lon="148.2932482">
	<ele>675.84</ele>
	<time>2026-02-01T06:14:37.000Z</time>
	<hdop>4.50</hdop>
	<extensions>
		<gpxtpx:TrackPointExtension>
			<gpxtpx:course>256.8</gpxtpx:course>
		</gpxtpx:TrackPointExtension>
	</extensions>
</trkpt>
<trkpt lat="-9.1214411" lon="148.2931527">
	<ele>679.54</ele>
	<time>2026-02-01T06:14:47.000Z</time>
	<hdop>4.00</hdop>
	<extensions>
		<gpxtpx:TrackPointExtension>
			<gpxtpx:course>259.7</gpxtpx:course>
		</gpxtpx:TrackPointExtension>
	</extensions>
</trkpt>
<trkpt lat="-9.1214614" lon="148.2930236">
	<ele>677.84</ele>
	<time>2026-02-01T06:14:57.000Z</time>
	<hdop>3.50</hdop>
	<extensions>
		<gpxtpx:TrackPointExtension>
			<gpxtpx:course>259.4</gpxtpx:course>
		</gpxtpx:TrackPointExtension>
	</extensions>
</trkpt>
<trkpt lat="-9.1214660" lon="148.2929004">
	<ele>675.77</ele>
	<time>2026-02-01T06:15:07.000Z</time>
	<hdop>3.00</hdop>
	<extensions>
		<gpxtpx:TrackPointExtension>
			<gpxtpx:course>280.0</gpxtpx:course>
		</gpxtpx:TrackPointExtension>
	</extensions>
</trkpt>
<trkpt lat="-9.1214335" lon="148.2927863">
	<ele>673.84</ele>
	<time>2026-02-01T06:15:17.000Z</time>
	<hdop>4.00</hdop>
	<extensions>
		<gpxtpx:TrackPointExtension>
			<gpxtpx:course>281.3</gpxtpx:course>
		</gpxtpx:TrackPointExtension>
	</extensions>
</trkpt>
<trkpt lat="-9.1213840" lon="148.2926734">
	<ele>672.85</ele>
	<time>2026-02-01T06:15:27.000Z</time>
	<hdop>3.50</hdop>
	<extensions>
		<gpxtpx:TrackPointExtension>
			<gpxtpx:course>305.1</gpxtpx:course>
		</gpxtpx:TrackPointExtension>
	</extensions>
</trkpt>
<trkpt lat="-9.1212737" lon="148.2925857">
	<ele>676.82</ele>
	<time>2026-02-01T06:15:37.000Z</time>
	<hdop>3.50</hdop>
	<extensions>
		<gpxtpx:TrackPointExtension>
			<gpxtpx:course>327.6</gpxtpx:course>
		</gpxtpx:TrackPointExtension>
	</extensions>
</trkpt>
<trkpt lat="-9.1211381" lon="148.2925245">
	<ele>678.77</ele>
	<time>2026-02-01T06:15:47.000Z</time>
	<hdop>4.00</hdop>
	<extensions>
		<gpxtpx:TrackPointExtension>
			<gpxtpx:course>359.3</gpxtpx:course>
		</gpxtpx:TrackPointExtension>
	</extensions>
</trkpt>
<trkpt lat="-9.1210305" lon="148.2924925">
	<ele>677.59</ele>
	<time>2026-02-01T06:15:57.000Z</time>
	<hdop>3.50</hdop>
	<extensions>
		<gpxtpx:TrackPointExtension>
			<gpxtpx:course>351.8</gpxtpx:course>
		</gpxtpx:TrackPointExtension>
	</extensions>
</trkpt>
<trkpt lat="-9.1209155" lon="148.2924629">
	<ele>677.84</ele>
	<time>2026-02-01T06:16:07.000Z</time>
	<hdop>4.00</hdop>
	<extensions>
		<gpxtpx:TrackPointExtension>
			<gpxtpx:course>331.1</gpxtpx:course>
		</gpxtpx:TrackPointExtension>
	</extensions>
</trkpt>
<trkpt lat="-9.1208076" lon="148.2923790">
	<ele>680.82</ele>
	<time>2026-02-01T06:16:17.000Z</time>
	<hdop>3.50</hdop>
	<extensions>
		<gpxtpx:TrackPointExtension>
			<gpxtpx:course>301.2</gpxtpx:course>
		</gpxtpx:TrackPointExtension>
	</extensions>
</trkpt>
<trkpt lat="-9.1207528" lon="148.2922774">
	<ele>681.60</ele>
	<time>2026-02-01T06:16:27.000Z</time>
	<hdop>3.50</hdop>
	<extensions>
		<gpxtpx:TrackPointExtension>
			<gpxtpx:course>292.1</gpxtpx:course>
		</gpxtpx:TrackPointExtension>
	</extensions>
</trkpt>
<trkpt lat="-9.1206798" lon="148.2921588">
	<ele>679.60</ele>
	<time>2026-02-01T06:16:37.000Z</time>
	<hdop>4.00</hdop>
	<extensions>
		<gpxtpx:TrackPointExtension>
			<gpxtpx:course>301.5</gpxtpx:course>
		</gpxtpx:TrackPointExtension>
	</extensions>
</trkpt>
<trkpt lat="-9.1206015" lon="148.2920586">
	<ele>679.79</ele>
	<time>2026-02-01T06:16:47.000Z</time>
	<hdop>3.50</hdop>
	<extensions>
		<gpxtpx:TrackPointExtension>
			<gpxtpx:course>313.4</gpxtpx:course>
		</gpxtpx:TrackPointExtension>
	</extensions>
</trkpt>
<trkpt lat="-9.1205075" lon="148.2919597">
	<ele>679.83</ele>
	<time>2026-02-01T06:16:57.000Z</time>
	<hdop>4.00</hdop>
	<extensions>
		<gpxtpx:TrackPointExtension>
			<gpxtpx:course>329.9</gpxtpx:course>
		</gpxtpx:TrackPointExtension>
	</extensions>
</trkpt>
<trkpt lat="-9.1203937" lon="148.2918556">
	<ele>677.85</ele>
	<time>2026-02-01T06:17:07.000Z</time>
	<hdop>4.00</hdop>
	<extensions>
		<gpxtpx:TrackPointExtension>
			<gpxtpx:course>320.8</gpxtpx:course>
		</gpxtpx:TrackPointExtension>
	</extensions>
</trkpt>
<trkpt lat="-9.1203165" lon="148.2917630">
	<ele>678.82</ele>
	<time>2026-02-01T06:17:17.000Z</time>
	<hdop>3.50</hdop>
	<extensions>
		<gpxtpx:TrackPointExtension>
			<gpxtpx:course>292.5</gpxtpx:course>
		</gpxtpx:TrackPointExtension>
	</extensions>
</trkpt>
<trkpt lat="-9.1202240" lon="148.2917024">
	<ele>679.58</ele>
	<time>2026-02-01T06:17:27.000Z</time>
	<hdop>4.00</hdop>
	<extensions>
		<gpxtpx:TrackPointExtension>
			<gpxtpx:course>330.3</gpxtpx:course>
		</gpxtpx:TrackPointExtension>
	</extensions>
</trkpt>
<trkpt lat="-9.1201108" lon="148.2916495">
	<ele>679.88</ele>
	<time>2026-02-01T06:17:37.000Z</time>
	<hdop>4.00</hdop>
	<extensions>
		<gpxtpx:TrackPointExtension>
			<gpxtpx:course>352.3</gpxtpx:course>
		</gpxtpx:TrackPointExtension>
	</extensions>
</trkpt>
<trkpt lat="-9.1199736" lon="148.2915969">
	<ele>683.58</ele>
	<time>2026-02-01T06:17:47.000Z</time>
	<hdop>4.50</hdop>
	<extensions>
		<gpxtpx:TrackPointExtension>
			<gpxtpx:course>337.9</gpxtpx:course>
		</gpxtpx:TrackPointExtension>
	</extensions>
</trkpt>
<trkpt lat="-9.1198473" lon="148.2915504">
	<ele>683.90</ele>
	<time>2026-02-01T06:17:57.000Z</time>
	<hdop>3.50</hdop>
	<extensions>
		<gpxtpx:TrackPointExtension>
			<gpxtpx:course>333.9</gpxtpx:course>
		</gpxtpx:TrackPointExtension>
	</extensions>
</trkpt>
<trkpt lat="-9.1196972" lon="148.2915362">
	<ele>684.84</ele>
	<time>2026-02-01T06:18:07.000Z</time>
	<hdop>3.50</hdop>
	<extensions>
		<gpxtpx:TrackPointExtension>
			<gpxtpx:course>352.4</gpxtpx:course>
		</gpxtpx:TrackPointExtension>
	</extensions>
</trkpt>
<trkpt lat="-9.1195974" lon="148.2915097">
	<ele>687.59</ele>
	<time>2026-02-01T06:18:17.000Z</time>
	<hdop>4.00</hdop>
	<extensions>
		<gpxtpx:TrackPointExtension>
			<gpxtpx:course>319.6</gpxtpx:course>
		</gpxtpx:TrackPointExtension>
	</extensions>
</trkpt>
<trkpt lat="-9.1194933" lon="148.2914496">
	<ele>687.60</ele>
	<time>2026-02-01T06:18:27.000Z</time>
	<hdop>3.50</hdop>
	<extensions>
		<gpxtpx:TrackPointExtension>
			<gpxtpx:course>326.0</gpxtpx:course>
		</gpxtpx:TrackPointExtension>
	</extensions>
</trkpt>
<trkpt lat="-9.1193761" lon="148.2913912">
	<ele>688.10</ele>
	<time>2026-02-01T06:18:37.000Z</time>
	<hdop>3.50</hdop>
	<extensions>
		<gpxtpx:TrackPointExtension>
			<gpxtpx:course>329.9</gpxtpx:course>
		</gpxtpx:TrackPointExtension>
	</extensions>
</trkpt>
<trkpt lat="-9.1192724" lon="148.2913211">
	<ele>690.77</ele>
	<time>2026-02-01T06:18:47.000Z</time>
	<hdop>3.50</hdop>
	<extensions>
		<gpxtpx:TrackPointExtension>
			<gpxtpx:course>330.1</gpxtpx:course>
		</gpxtpx:TrackPointExtension>
	</extensions>
</trkpt>
<trkpt lat="-9.1191657" lon="148.2912595">
	<ele>691.82</ele>
	<time>2026-02-01T06:18:57.000Z</time>
	<hdop>3.50</hdop>
	<extensions>
		<gpxtpx:TrackPointExtension>
			<gpxtpx:course>325.9</gpxtpx:course>
		</gpxtpx:TrackPointExtension>
	</extensions>
</trkpt>
<trkpt lat="-9.1190657" lon="148.2911988">
	<ele>691.84</ele>
	<time>2026-02-01T06:19:07.000Z</time>
	<hdop>3.50</hdop>
	<extensions>
		<gpxtpx:TrackPointExtension>
			<gpxtpx:course>326.0</gpxtpx:course>
		</gpxtpx:TrackPointExtension>
	</extensions>
</trkpt>
<trkpt lat="-9.1189939" lon="148.2911399">
	<ele>691.79</ele>
	<time>2026-02-01T06:19:17.000Z</time>
	<hdop>3.50</hdop>
	<extensions>
		<gpxtpx:TrackPointExtension>
			<gpxtpx:course>308.9</gpxtpx:course>
		</gpxtpx:TrackPointExtension>
	</extensions>
</trkpt>
<trkpt lat="-9.1189070" lon="148.2910623">
	<ele>693.83</ele>
	<time>2026-02-01T06:19:27.000Z</time>
	<hdop>3.50</hdop>
	<extensions>
		<gpxtpx:TrackPointExtension>
			<gpxtpx:course>300.4</gpxtpx:course>
		</gpxtpx:TrackPointExtension>
	</extensions>
</trkpt>
<trkpt lat="-9.1188508" lon="148.2909850">
	<ele>693.84</ele>
	<time>2026-02-01T06:19:38.000Z</time>
	<hdop>3.50</hdop>
	<extensions>
		<gpxtpx:TrackPointExtension>
			<gpxtpx:course>298.9</gpxtpx:course>
		</gpxtpx:TrackPointExtension>
	</extensions>
</trkpt>
<trkpt lat="-9.1187915" lon="148.2908768">
	<ele>696.58</ele>
	<time>2026-02-01T06:19:48.000Z</time>
	<hdop>4.00</hdop>
	<extensions>
		<gpxtpx:TrackPointExtension>
			<gpxtpx:course>298.2</gpxtpx:course>
		</gpxtpx:TrackPointExtension>
	</extensions>
</trkpt>
<trkpt lat="-9.1187246" lon="148.2908076">
	<ele>697.84</ele>
	<time>2026-02-01T06:20:02.000Z</time>
	<hdop>3.50</hdop>
	<extensions>
		<gpxtpx:TrackPointExtension>
			<gpxtpx:course>287.3</gpxtpx:course>
		</gpxtpx:TrackPointExtension>
	</extensions>
</trkpt>
<trkpt lat="-9.1186753" lon="148.2907210">
	<ele>697.15</ele>
	<time>2026-02-01T06:20:12.000Z</time>
	<hdop>3.00</hdop>
	<extensions>
		<gpxtpx:TrackPointExtension>
			<gpxtpx:course>303.0</gpxtpx:course>
		</gpxtpx:TrackPointExtension>
	</extensions>
</trkpt>
<trkpt lat="-9.1186428" lon="148.2906073">
	<ele>695.84</ele>
	<time>2026-02-01T06:20:22.000Z</time>
	<hdop>4.00</hdop>
	<extensions>
		<gpxtpx:TrackPointExtension>
			<gpxtpx:course>266.8</gpxtpx:course>
		</gpxtpx:TrackPointExtension>
	</extensions>
</trkpt>
<trkpt lat="-9.1186349" lon="148.2904846">
	<ele>695.77</ele>
	<time>2026-02-01T06:20:32.000Z</time>
	<hdop>4.00</hdop>
	<extensions>
		<gpxtpx:TrackPointExtension>
			<gpxtpx:course>256.1</gpxtpx:course>
		</gpxtpx:TrackPointExtension>
	</extensions>
</trkpt>
<trkpt lat="-9.1186648" lon="148.2903696">
	<ele>694.82</ele>
	<time>2026-02-01T06:20:42.000Z</time>
	<hdop>4.00</hdop>
	<extensions>
		<gpxtpx:TrackPointExtension>
			<gpxtpx:course>269.0</gpxtpx:course>
		</gpxtpx:TrackPointExtension>
	</extensions>
</trkpt>
<trkpt lat="-9.1186664" lon="148.2902400">
	<ele>695.08</ele>
	<time>2026-02-01T06:20:52.000Z</time>
	<hdop>3.50</hdop>
	<extensions>
		<gpxtpx:TrackPointExtension>
			<gpxtpx:course>277.3</gpxtpx:course>
		</gpxtpx:TrackPointExtension>
	</extensions>
</trkpt>
<trkpt lat="-9.1186266" lon="148.2901055">
	<ele>694.04</ele>
	<time>2026-02-01T06:21:02.000Z</time>
	<hdop>3.50</hdop>
	<extensions>
		<gpxtpx:TrackPointExtension>
			<gpxtpx:course>278.1</gpxtpx:course>
		</gpxtpx:TrackPointExtension>
	</extensions>
</trkpt>
<trkpt lat="-9.1185785" lon="148.2900260">
	<ele>692.08</ele>
	<time>2026-02-01T06:21:13.000Z</time>
	<hdop>3.00</hdop>
	<extensions>
		<gpxtpx:TrackPointExtension>
			<gpxtpx:course>303.7</gpxtpx:course>
		</gpxtpx:TrackPointExtension>
	</extensions>
</trkpt>
<trkpt lat="-9.1185109" lon="148.2899602">
	<ele>686.90</ele>
	<time>2026-02-01T06:21:59.000Z</time>
	<hdop>3.00</hdop>
	<extensions>
		<gpxtpx:TrackPointExtension>
			<gpxtpx:course>253.0</gpxtpx:course>
		</gpxtpx:TrackPointExtension>
	</extensions>
</trkpt>
<trkpt lat="-9.1185073" lon="148.2898609">
	<ele>685.89</ele>
	<time>2026-02-01T06:22:10.000Z</time>
	<hdop>3.00</hdop>
	<extensions>
		<gpxtpx:TrackPointExtension>
			<gpxtpx:course>268.6</gpxtpx:course>
		</gpxtpx:TrackPointExtension>
	</extensions>
</trkpt>
<trkpt lat="-9.1185022" lon="148.2897631">
	<ele>684.89</ele>
	<time>2026-02-01T06:22:21.000Z</time>
	<hdop>3.00</hdop>
	<extensions>
		<gpxtpx:TrackPointExtension>
			<gpxtpx:course>267.5</gpxtpx:course>
		</gpxtpx:TrackPointExtension>
	</extensions>
</trkpt>
<trkpt lat="-9.1184649" lon="148.2896418">
	<ele>683.83</ele>
	<time>2026-02-01T06:22:31.000Z</time>
	<hdop>4.00</hdop>
	<extensions>
		<gpxtpx:TrackPointExtension>
			<gpxtpx:course>303.6</gpxtpx:course>
		</gpxtpx:TrackPointExtension>
	</extensions>
</trkpt>
<trkpt lat="-9.1184313" lon="148.2895208">
	<ele>681.08</ele>
	<time>2026-02-01T06:22:41.000Z</time>
	<hdop>3.50</hdop>
	<extensions>
		<gpxtpx:TrackPointExtension>
			<gpxtpx:course>281.9</gpxtpx:course>
		</gpxtpx:TrackPointExtension>
	</extensions>
</trkpt>
<trkpt lat="-9.1183905" lon="148.2894332">
	<ele>681.83</ele>
	<time>2026-02-01T06:22:52.000Z</time>
	<hdop>4.00</hdop>
	<extensions>
		<gpxtpx:TrackPointExtension>
			<gpxtpx:course>294.8</gpxtpx:course>
		</gpxtpx:TrackPointExtension>
	</extensions>
</trkpt>
<trkpt lat="-9.1183514" lon="148.2893472">
	<ele>679.85</ele>
	<time>2026-02-01T06:23:03.000Z</time>
	<hdop>4.50</hdop>
	<extensions>
		<gpxtpx:TrackPointExtension>
			<gpxtpx:course>281.9</gpxtpx:course>
		</gpxtpx:TrackPointExtension>
	</extensions>
</trkpt>
<trkpt lat="-9.1183382" lon="148.2892528">
	<ele>682.77</ele>
	<time>2026-02-01T06:23:17.000Z</time>
	<hdop>4.50</hdop>
	<extensions>
		<gpxtpx:TrackPointExtension>
			<gpxtpx:course>248.4</gpxtpx:course>
		</gpxtpx:TrackPointExtension>
	</extensions>
</trkpt>
<trkpt lat="-9.1183552" lon="148.2891629">
	<ele>685.08</ele>
	<time>2026-02-01T06:23:37.000Z</time>
	<hdop>4.00</hdop>
	<extensions>
		<gpxtpx:TrackPointExtension>
			<gpxtpx:course>225.6</gpxtpx:course>
		</gpxtpx:TrackPointExtension>
	</extensions>
</trkpt>
<trkpt lat="-9.1183982" lon="148.2890808">
	<ele>683.78</ele>
	<time>2026-02-01T06:23:52.000Z</time>
	<hdop>4.00</hdop>
	<extensions>
		<gpxtpx:TrackPointExtension>
			<gpxtpx:course>239.8</gpxtpx:course>
		</gpxtpx:TrackPointExtension>
	</extensions>
</trkpt>
<trkpt lat="-9.1184076" lon="148.2889887">
	<ele>683.56</ele>
	<time>2026-02-01T06:24:36.000Z</time>
	<hdop>5.50</hdop>
	<extensions>
		<gpxtpx:TrackPointExtension>
			<gpxtpx:course>263.0</gpxtpx:course>
		</gpxtpx:TrackPointExtension>
	</extensions>
</trkpt>
<trkpt lat="-9.1184392" lon="148.2889016">
	<ele>686.76</ele>
	<time>2026-02-01T06:24:52.000Z</time>
	<hdop>5.50</hdop>
	<extensions>
		<gpxtpx:TrackPointExtension>
			<gpxtpx:course>266.3</gpxtpx:course>
		</gpxtpx:TrackPointExtension>
	</extensions>
</trkpt>
<trkpt lat="-9.1184214" lon="148.2887838">
	<ele>687.01</ele>
	<time>2026-02-01T06:25:02.000Z</time>
	<hdop>4.50</hdop>
	<extensions>
		<gpxtpx:TrackPointExtension>
			<gpxtpx:course>288.1</gpxtpx:course>
		</gpxtpx:TrackPointExtension>
	</extensions>
</trkpt>
<trkpt lat="-9.1183779" lon="148.2887008">
	<ele>690.76</ele>
	<time>2026-02-01T06:25:15.000Z</time>
	<hdop>4.00</hdop>
	<extensions>
		<gpxtpx:TrackPointExtension>
			<gpxtpx:course>341.2</gpxtpx:course>
		</gpxtpx:TrackPointExtension>
	</extensions>
</trkpt>
<trkpt lat="-9.1183278" lon="148.2886247">
	<ele>691.83</ele>
	<time>2026-02-01T06:25:25.000Z</time>
	<hdop>4.50</hdop>
	<extensions>
		<gpxtpx:TrackPointExtension>
			<gpxtpx:course>316.2</gpxtpx:course>
		</gpxtpx:TrackPointExtension>
	</extensions>
</trkpt>
<trkpt lat="-9.1182244" lon="148.2885777">
	<ele>695.76</ele>
	<time>2026-02-01T06:25:35.000Z</time>
	<hdop>5.00</hdop>
	<extensions>
		<gpxtpx:TrackPointExtension>
			<gpxtpx:course>325.8</gpxtpx:course>
		</gpxtpx:TrackPointExtension>
	</extensions>
</trkpt>
<trkpt lat="-9.1181193" lon="148.2885071">
	<ele>695.83</ele>
	<time>2026-02-01T06:25:45.000Z</time>
	<hdop>4.50</hdop>
	<extensions>
		<gpxtpx:TrackPointExtension>
			<gpxtpx:course>318.1</gpxtpx:course>
		</gpxtpx:TrackPointExtension>
	</extensions>
</trkpt>
<trkpt lat="-9.1180175" lon="148.2884464">
	<ele>698.57</ele>
	<time>2026-02-01T06:25:55.000Z</time>
	<hdop>4.00</hdop>
	<extensions>
		<gpxtpx:TrackPointExtension>
			<gpxtpx:course>313.1</gpxtpx:course>
		</gpxtpx:TrackPointExtension>
	</extensions>
</trkpt>
<trkpt lat="-9.1179406" lon="148.2883492">
	<ele>699.83</ele>
	<time>2026-02-01T06:26:05.000Z</time>
	<hdop>4.00</hdop>
	<extensions>
		<gpxtpx:TrackPointExtension>
			<gpxtpx:course>307.0</gpxtpx:course>
		</gpxtpx:TrackPointExtension>
	</extensions>
</trkpt>
<trkpt lat="-9.1178473" lon="148.2882851">
	<ele>699.83</ele>
	<time>2026-02-01T06:26:15.000Z</time>
	<hdop>4.00</hdop>
	<extensions>
		<gpxtpx:TrackPointExtension>
			<gpxtpx:course>308.7</gpxtpx:course>
		</gpxtpx:TrackPointExtension>
	</extensions>
</trkpt>
<trkpt lat="-9.1177388" lon="148.2882055">
	<ele>699.89</ele>
	<time>2026-02-01T06:26:25.000Z</time>
	<hdop>4.00</hdop>
	<extensions>
		<gpxtpx:TrackPointExtension>
			<gpxtpx:course>324.2</gpxtpx:course>
		</gpxtpx:TrackPointExtension>
	</extensions>
</trkpt>
<trkpt lat="-9.1175978" lon="148.2881258">
	<ele>700.83</ele>
	<time>2026-02-01T06:26:35.000Z</time>
	<hdop>4.00</hdop>
	<extensions>
		<gpxtpx:TrackPointExtension>
			<gpxtpx:course>326.8</gpxtpx:course>
		</gpxtpx:TrackPointExtension>
	</extensions>
</trkpt>
<trkpt lat="-9.1174537" lon="148.2880625">
	<ele>700.83</ele>
	<time>2026-02-01T06:26:45.000Z</time>
	<hdop>4.00</hdop>
	<extensions>
		<gpxtpx:TrackPointExtension>
			<gpxtpx:course>330.0</gpxtpx:course>
		</gpxtpx:TrackPointExtension>
	</extensions>
</trkpt>
<trkpt lat="-9.1173554" lon="148.2879890">
	<ele>698.64</ele>
	<time>2026-02-01T06:26:55.000Z</time>
	<hdop>3.50</hdop>
	<extensions>
		<gpxtpx:TrackPointExtension>
			<gpxtpx:course>320.8</gpxtpx:course>
		</gpxtpx:TrackPointExtension>
	</extensions>
</trkpt>
<trkpt lat="-9.1172501" lon="148.2879056">
	<ele>695.89</ele>
	<time>2026-02-01T06:27:05.000Z</time>
	<hdop>4.00</hdop>
	<extensions>
		<gpxtpx:TrackPointExtension>
			<gpxtpx:course>319.7</gpxtpx:course>
		</gpxtpx:TrackPointExtension>
	</extensions>
</trkpt>
<trkpt lat="-9.1171472" lon="148.2878356">
	<ele>693.06</ele>
	<time>2026-02-01T06:27:15.000Z</time>
	<hdop>4.00</hdop>
	<extensions>
		<gpxtpx:TrackPointExtension>
			<gpxtpx:course>321.9</gpxtpx:course>
		</gpxtpx:TrackPointExtension>
	</extensions>
</trkpt>
<trkpt lat="-9.1170639" lon="148.2877909">
	<ele>689.08</ele>
	<time>2026-02-01T06:27:30.000Z</time>
	<hdop>5.00</hdop>
	<extensions>
		<gpxtpx:TrackPointExtension>
			<gpxtpx:course>324.7</gpxtpx:course>
		</gpxtpx:TrackPointExtension>
	</extensions>
</trkpt>
<trkpt lat="-9.1169765" lon="148.2877217">
	<ele>687.59</ele>
	<time>2026-02-01T06:27:40.000Z</time>
	<hdop>4.50</hdop>
	<extensions>
		<gpxtpx:TrackPointExtension>
			<gpxtpx:course>339.2</gpxtpx:course>
		</gpxtpx:TrackPointExtension>
	</extensions>
</trkpt>
<trkpt lat="-9.1168480" lon="148.2876205">
	<ele>691.81</ele>
	<time>2026-02-01T06:27:50.000Z</time>
	<hdop>3.50</hdop>
	<extensions>
		<gpxtpx:TrackPointExtension>
			<gpxtpx:course>315.4</gpxtpx:course>
		</gpxtpx:TrackPointExtension>
	</extensions>
</trkpt>
<trkpt lat="-9.1167735" lon="148.2875047">
	<ele>692.83</ele>
	<time>2026-02-01T06:28:00.000Z</time>
	<hdop>4.50</hdop>
	<extensions>
		<gpxtpx:TrackPointExtension>
			<gpxtpx:course>302.0</gpxtpx:course>
		</gpxtpx:TrackPointExtension>
	</extensions>
</trkpt>
<trkpt lat="-9.1167066" lon="148.2873771">
	<ele>694.76</ele>
	<time>2026-02-01T06:28:10.000Z</time>
	<hdop>4.50</hdop>
	<extensions>
		<gpxtpx:TrackPointExtension>
			<gpxtpx:course>308.1</gpxtpx:course>
		</gpxtpx:TrackPointExtension>
	</extensions>
</trkpt>
<trkpt lat="-9.1166585" lon="148.2872873">
	<ele>694.82</ele>
	<time>2026-02-01T06:28:20.000Z</time>
	<hdop>5.50</hdop>
	<extensions>
		<gpxtpx:TrackPointExtension>
			<gpxtpx:course>303.2</gpxtpx:course>
		</gpxtpx:TrackPointExtension>
	</extensions>
</trkpt>
<trkpt lat="-9.1165904" lon="148.2872213">
	<ele>693.82</ele>
	<time>2026-02-01T06:28:30.000Z</time>
	<hdop>6.50</hdop>
	<extensions>
		<gpxtpx:TrackPointExtension>
			<gpxtpx:course>301.9</gpxtpx:course>
		</gpxtpx:TrackPointExtension>
	</extensions>
</trkpt>
<trkpt lat="-9.1165728" lon="148.2871310">
	<ele>691.89</ele>
	<time>2026-02-01T06:28:40.000Z</time>
	<hdop>7.00</hdop>
	<extensions>
		<gpxtpx:TrackPointExtension>
			<gpxtpx:course>258.7</gpxtpx:course>
		</gpxtpx:TrackPointExtension>
	</extensions>
</trkpt>
<trkpt lat="-9.1164894" lon="148.2870890">
	<ele>692.65</ele>
	<time>2026-02-01T06:28:52.000Z</time>
	<hdop>4.50</hdop>
	<extensions>
		<gpxtpx:TrackPointExtension>
			<gpxtpx:course>322.8</gpxtpx:course>
		</gpxtpx:TrackPointExtension>
	</extensions>
</trkpt>
<trkpt lat="-9.1164850" lon="148.2869940">
	<ele>693.82</ele>
	<time>2026-02-01T06:29:03.000Z</time>
	<hdop>6.50</hdop>
	<extensions>
		<gpxtpx:TrackPointExtension>
			<gpxtpx:course>235.6</gpxtpx:course>
		</gpxtpx:TrackPointExtension>
	</extensions>
</trkpt>
<trkpt lat="-9.1164294" lon="148.2869129">
	<ele>698.74</ele>
	<time>2026-02-01T06:29:19.000Z</time>
	<hdop>7.00</hdop>
	<extensions>
		<gpxtpx:TrackPointExtension>
			<gpxtpx:course>58.0</gpxtpx:course>
		</gpxtpx:TrackPointExtension>
	</extensions>
</trkpt>
<trkpt lat="-9.1163835" lon="148.2868326">
	<ele>704.58</ele>
	<time>2026-02-01T06:29:36.000Z</time>
	<hdop>6.50</hdop>
	<extensions>
		<gpxtpx:TrackPointExtension>
			<gpxtpx:course>26.3</gpxtpx:course>
		</gpxtpx:TrackPointExtension>
	</extensions>
</trkpt>
<trkpt lat="-9.1162941" lon="148.2867970">
	<ele>713.84</ele>
	<time>2026-02-01T06:30:17.000Z</time>
	<hdop>6.00</hdop>
	<extensions>
		<gpxtpx:TrackPointExtension>
			<gpxtpx:course>321.8</gpxtpx:course>
		</gpxtpx:TrackPointExtension>
	</extensions>
</trkpt>
<trkpt lat="-9.1161977" lon="148.2868082">
	<ele>718.74</ele>
	<time>2026-02-01T06:30:27.000Z</time>
	<hdop>6.00</hdop>
	<extensions>
		<gpxtpx:TrackPointExtension>
			<gpxtpx:course>267.1</gpxtpx:course>
		</gpxtpx:TrackPointExtension>
	</extensions>
</trkpt>
<trkpt lat="-9.1161080" lon="148.2868425">
	<ele>719.77</ele>
	<time>2026-02-01T06:30:41.000Z</time>
	<hdop>6.50</hdop>
	<extensions>
		<gpxtpx:TrackPointExtension>
			<gpxtpx:course>31.8</gpxtpx:course>
		</gpxtpx:TrackPointExtension>
	</extensions>
</trkpt>
<trkpt lat="-9.1160227" lon="148.2868797">
	<ele>723.57</ele>
	<time>2026-02-01T06:30:53.000Z</time>
	<hdop>5.00</hdop>
	<extensions>
		<gpxtpx:TrackPointExtension>
			<gpxtpx:course>2.3</gpxtpx:course>
		</gpxtpx:TrackPointExtension>
	</extensions>
</trkpt>
<trkpt lat="-9.1159317" lon="148.2868812">
	<ele>724.81</ele>
	<time>2026-02-01T06:31:09.000Z</time>
	<hdop>5.00</hdop>
	<extensions>
		<gpxtpx:TrackPointExtension>
			<gpxtpx:course>20.1</gpxtpx:course>
		</gpxtpx:TrackPointExtension>
	</extensions>
</trkpt>
<trkpt lat="-9.1158494" lon="148.2869195">
	<ele>727.01</ele>
	<time>2026-02-01T06:31:24.000Z</time>
	<hdop>5.50</hdop>
	<extensions>
		<gpxtpx:TrackPointExtension>
			<gpxtpx:course>15.4</gpxtpx:course>
		</gpxtpx:TrackPointExtension>
	</extensions>
</trkpt>
<trkpt lat="-9.1157744" lon="148.2868632">
	<ele>729.83</ele>
	<time>2026-02-01T06:31:55.000Z</time>
	<hdop>4.50</hdop>
	<extensions>
		<gpxtpx:TrackPointExtension>
			<gpxtpx:course>287.9</gpxtpx:course>
		</gpxtpx:TrackPointExtension>
	</extensions>
</trkpt>
<trkpt lat="-9.1156999" lon="148.2868080">
	<ele>735.82</ele>
	<time>2026-02-01T06:32:34.000Z</time>
	<hdop>3.50</hdop>
	<extensions>
		<gpxtpx:TrackPointExtension>
			<gpxtpx:course>283.8</gpxtpx:course>
		</gpxtpx:TrackPointExtension>
	</extensions>
</trkpt>
<trkpt lat="-9.1156797" lon="148.2867181">
	<ele>738.81</ele>
	<time>2026-02-01T06:32:49.000Z</time>
	<hdop>3.50</hdop>
	<extensions>
		<gpxtpx:TrackPointExtension>
			<gpxtpx:course>271.1</gpxtpx:course>
		</gpxtpx:TrackPointExtension>
	</extensions>
</trkpt>
<trkpt lat="-9.1156778" lon="148.2866197">
	<ele>743.82</ele>
	<time>2026-02-01T06:33:23.000Z</time>
	<hdop>4.00</hdop>
	<extensions>
		<gpxtpx:TrackPointExtension>
			<gpxtpx:course>279.5</gpxtpx:course>
		</gpxtpx:TrackPointExtension>
	</extensions>
</trkpt>
<trkpt lat="-9.1156585" lon="148.2865296">
	<ele>744.81</ele>
	<time>2026-02-01T06:33:40.000Z</time>
	<hdop>4.00</hdop>
	<extensions>
		<gpxtpx:TrackPointExtension>
			<gpxtpx:course>272.3</gpxtpx:course>
		</gpxtpx:TrackPointExtension>
	</extensions>
</trkpt>
<trkpt lat="-9.1156535" lon="148.2864386">
	<ele>748.81</ele>
	<time>2026-02-01T06:34:03.000Z</time>
	<hdop>4.00</hdop>
	<extensions>
		<gpxtpx:TrackPointExtension>
			<gpxtpx:course>291.1</gpxtpx:course>
		</gpxtpx:TrackPointExtension>
	</extensions>
</trkpt>
<trkpt lat="-9.1156238" lon="148.2863522">
	<ele>750.76</ele>
	<time>2026-02-01T06:34:16.000Z</time>
	<hdop>4.00</hdop>
	<extensions>
		<gpxtpx:TrackPointExtension>
			<gpxtpx:course>294.3</gpxtpx:course>
		</gpxtpx:TrackPointExtension>
	</extensions>
</trkpt>
<trkpt lat="-9.1155533" lon="148.2862716">
	<ele>752.57</ele>
	<time>2026-02-01T06:34:33.000Z</time>
	<hdop>4.50</hdop>
	<extensions>
		<gpxtpx:TrackPointExtension>
			<gpxtpx:course>304.9</gpxtpx:course>
		</gpxtpx:TrackPointExtension>
	</extensions>
</trkpt>
<trkpt lat="-9.1155007" lon="148.2861924">
	<ele>751.84</ele>
	<time>2026-02-01T06:34:43.000Z</time>
	<hdop>4.50</hdop>
	<extensions>
		<gpxtpx:TrackPointExtension>
			<gpxtpx:course>308.7</gpxtpx:course>
		</gpxtpx:TrackPointExtension>
	</extensions>
</trkpt>
<trkpt lat="-9.1154268" lon="148.2861116">
	<ele>751.84</ele>
	<time>2026-02-01T06:34:53.000Z</time>
	<hdop>4.00</hdop>
	<extensions>
		<gpxtpx:TrackPointExtension>
			<gpxtpx:course>303.4</gpxtpx:course>
		</gpxtpx:TrackPointExtension>
	</extensions>
</trkpt>
<trkpt lat="-9.1154182" lon="148.2860183">
	<ele>754.76</ele>
	<time>2026-02-01T06:35:07.000Z</time>
	<hdop>3.00</hdop>
	<extensions>
		<gpxtpx:TrackPointExtension>
			<gpxtpx:course>209.5</gpxtpx:course>
		</gpxtpx:TrackPointExtension>
	</extensions>
</trkpt>
<trkpt lat="-9.1153210" lon="148.2860271">
	<ele>760.82</ele>
	<time>2026-02-01T06:35:32.000Z</time>
	<hdop>3.00</hdop>
	<extensions>
		<gpxtpx:TrackPointExtension>
			<gpxtpx:course>15.9</gpxtpx:course>
		</gpxtpx:TrackPointExtension>
	</extensions>
</trkpt>
<trkpt lat="-9.1152051" lon="148.2860491">
	<ele>761.76</ele>
	<time>2026-02-01T06:35:42.000Z</time>
	<hdop>3.50</hdop>
	<extensions>
		<gpxtpx:TrackPointExtension>
			<gpxtpx:course>15.5</gpxtpx:course>
		</gpxtpx:TrackPointExtension>
	</extensions>
</trkpt>
<trkpt lat="-9.1151125" lon="148.2860604">
	<ele>757.82</ele>
	<time>2026-02-01T06:36:10.000Z</time>
	<hdop>2.50</hdop>
	<extensions>
		<gpxtpx:TrackPointExtension>
			<gpxtpx:course>218.9</gpxtpx:course>
		</gpxtpx:TrackPointExtension>
	</extensions>
</trkpt>
<trkpt lat="-9.1152048" lon="148.2860526">
	<ele>758.81</ele>
	<time>2026-02-01T06:36:51.000Z</time>
	<hdop>3.00</hdop>
	<extensions>
		<gpxtpx:TrackPointExtension>
			<gpxtpx:course>187.4</gpxtpx:course>
		</gpxtpx:TrackPointExtension>
	</extensions>
</trkpt>
<trkpt lat="-9.1153241" lon="148.2860147">
	<ele>758.83</ele>
	<time>2026-02-01T06:37:01.000Z</time>
	<hdop>3.50</hdop>
	<extensions>
		<gpxtpx:TrackPointExtension>
			<gpxtpx:course>201.6</gpxtpx:course>
		</gpxtpx:TrackPointExtension>
	</extensions>
</trkpt>
<trkpt lat="-9.1154471" lon="148.2859816">
	<ele>761.76</ele>
	<time>2026-02-01T06:37:11.000Z</time>
	<hdop>3.50</hdop>
	<extensions>
		<gpxtpx:TrackPointExtension>
			<gpxtpx:course>184.5</gpxtpx:course>
		</gpxtpx:TrackPointExtension>
	</extensions>
</trkpt>
<trkpt lat="-9.1155571" lon="148.2859867">
	<ele>760.78</ele>
	<time>2026-02-01T06:37:21.000Z</time>
	<hdop>4.00</hdop>
	<extensions>
		<gpxtpx:TrackPointExtension>
			<gpxtpx:course>171.6</gpxtpx:course>
		</gpxtpx:TrackPointExtension>
	</extensions>
</trkpt>
<trkpt lat="-9.1156628" lon="148.2859924">
	<ele>762.51</ele>
	<time>2026-02-01T06:37:31.000Z</time>
	<hdop>3.50</hdop>
	<extensions>
		<gpxtpx:TrackPointExtension>
			<gpxtpx:course>176.7</gpxtpx:course>
		</gpxtpx:TrackPointExtension>
	</extensions>
</trkpt>
<trkpt lat="-9.1157707" lon="148.2859724">
	<ele>763.82</ele>
	<time>2026-02-01T06:37:41.000Z</time>
	<hdop>3.50</hdop>
	<extensions>
		<gpxtpx:TrackPointExtension>
			<gpxtpx:course>202.6</gpxtpx:course>
		</gpxtpx:TrackPointExtension>
	</extensions>
</trkpt>
<trkpt lat="-9.1158813" lon="148.2859341">
	<ele>764.01</ele>
	<time>2026-02-01T06:37:51.000Z</time>
	<hdop>3.50</hdop>
	<extensions>
		<gpxtpx:TrackPointExtension>
			<gpxtpx:course>206.8</gpxtpx:course>
		</gpxtpx:TrackPointExtension>
	</extensions>
</trkpt>
<trkpt lat="-9.1159975" lon="148.2858847">
	<ele>764.80</ele>
	<time>2026-02-01T06:38:01.000Z</time>
	<hdop>3.50</hdop>
	<extensions>
		<gpxtpx:TrackPointExtension>
			<gpxtpx:course>204.0</gpxtpx:course>
		</gpxtpx:TrackPointExtension>
	</extensions>
</trkpt>
<trkpt lat="-9.1161255" lon="148.2858353">
	<ele>763.82</ele>
	<time>2026-02-01T06:38:11.000Z</time>
	<hdop>3.50</hdop>
	<extensions>
		<gpxtpx:TrackPointExtension>
			<gpxtpx:course>205.9</gpxtpx:course>
		</gpxtpx:TrackPointExtension>
	</extensions>
</trkpt>
<trkpt lat="-9.1162501" lon="148.2857899">
	<ele>763.80</ele>
	<time>2026-02-01T06:38:21.000Z</time>
	<hdop>4.00</hdop>
	<extensions>
		<gpxtpx:TrackPointExtension>
			<gpxtpx:course>210.3</gpxtpx:course>
		</gpxtpx:TrackPointExtension>
	</extensions>
</trkpt>
<trkpt lat="-9.1163449" lon="148.2857414">
	<ele>764.81</ele>
	<time>2026-02-01T06:38:31.000Z</time>
	<hdop>4.50</hdop>
	<extensions>
		<gpxtpx:TrackPointExtension>
			<gpxtpx:course>203.1</gpxtpx:course>
		</gpxtpx:TrackPointExtension>
	</extensions>
</trkpt>
<trkpt lat="-9.1164047" lon="148.2856653">
	<ele>764.82</ele>
	<time>2026-02-01T06:38:41.000Z</time>
	<hdop>4.00</hdop>
	<extensions>
		<gpxtpx:TrackPointExtension>
			<gpxtpx:course>238.2</gpxtpx:course>
		</gpxtpx:TrackPointExtension>
	</extensions>
</trkpt>
<trkpt lat="-9.1164929" lon="148.2856303">
	<ele>765.82</ele>
	<time>2026-02-01T06:38:51.000Z</time>
	<hdop>4.50</hdop>
	<extensions>
		<gpxtpx:TrackPointExtension>
			<gpxtpx:course>189.2</gpxtpx:course>
		</gpxtpx:TrackPointExtension>
	</extensions>
</trkpt>
<trkpt lat="-9.1165881" lon="148.2856257">
	<ele>763.82</ele>
	<time>2026-02-01T06:39:01.000Z</time>
	<hdop>4.50</hdop>
	<extensions>
		<gpxtpx:TrackPointExtension>
			<gpxtpx:course>151.0</gpxtpx:course>
		</gpxtpx:TrackPointExtension>
	</extensions>
</trkpt>
<trkpt lat="-9.1167000" lon="148.2856205">
	<ele>762.83</ele>
	<time>2026-02-01T06:39:11.000Z</time>
	<hdop>5.00</hdop>
	<extensions>
		<gpxtpx:TrackPointExtension>
			<gpxtpx:course>188.7</gpxtpx:course>
		</gpxtpx:TrackPointExtension>
	</extensions>
</trkpt>
<trkpt lat="-9.1168267" lon="148.2856217">
	<ele>761.82</ele>
	<time>2026-02-01T06:39:21.000Z</time>
	<hdop>4.50</hdop>
	<extensions>
		<gpxtpx:TrackPointExtension>
			<gpxtpx:course>163.7</gpxtpx:course>
		</gpxtpx:TrackPointExtension>
	</extensions>
</trkpt>
<trkpt lat="-9.1169341" lon="148.2855556">
	<ele>757.82</ele>
	<time>2026-02-01T06:39:31.000Z</time>
	<hdop>3.50</hdop>
	<extensions>
		<gpxtpx:TrackPointExtension>
			<gpxtpx:course>210.6</gpxtpx:course>
		</gpxtpx:TrackPointExtension>
	</extensions>
</trkpt>
<trkpt lat="-9.1170179" lon="148.2855084">
	<ele>754.88</ele>
	<time>2026-02-01T06:39:43.000Z</time>
	<hdop>4.00</hdop>
	<extensions>
		<gpxtpx:TrackPointExtension>
			<gpxtpx:course>194.5</gpxtpx:course>
		</gpxtpx:TrackPointExtension>
	</extensions>
</trkpt>
<trkpt lat="-9.1171195" lon="148.2854876">
	<ele>755.06</ele>
	<time>2026-02-01T06:39:53.000Z</time>
	<hdop>3.50</hdop>
	<extensions>
		<gpxtpx:TrackPointExtension>
			<gpxtpx:course>185.8</gpxtpx:course>
		</gpxtpx:TrackPointExtension>
	</extensions>
</trkpt>
<trkpt lat="-9.1172124" lon="148.2854386">
	<ele>756.00</ele>
	<time>2026-02-01T06:40:03.000Z</time>
	<hdop>4.00</hdop>
	<extensions>
		<gpxtpx:TrackPointExtension>
			<gpxtpx:course>204.4</gpxtpx:course>
		</gpxtpx:TrackPointExtension>
	</extensions>
</trkpt>
<trkpt lat="-9.1173189" lon="148.2853929">
	<ele>758.56</ele>
	<time>2026-02-01T06:40:13.000Z</time>
	<hdop>4.00</hdop>
	<extensions>
		<gpxtpx:TrackPointExtension>
			<gpxtpx:course>214.7</gpxtpx:course>
		</gpxtpx:TrackPointExtension>
	</extensions>
</trkpt>
<trkpt lat="-9.1174213" lon="148.2853372">
	<ele>757.83</ele>
	<time>2026-02-01T06:40:23.000Z</time>
	<hdop>4.50</hdop>
	<extensions>
		<gpxtpx:TrackPointExtension>
			<gpxtpx:course>215.2</gpxtpx:course>
		</gpxtpx:TrackPointExtension>
	</extensions>
</trkpt>
<trkpt lat="-9.1175230" lon="148.2853174">
	<ele>756.07</ele>
	<time>2026-02-01T06:40:33.000Z</time>
	<hdop>4.00</hdop>
	<extensions>
		<gpxtpx:TrackPointExtension>
			<gpxtpx:course>200.3</gpxtpx:course>
		</gpxtpx:TrackPointExtension>
	</extensions>
</trkpt>
<trkpt lat="-9.1176254" lon="148.2852776">
	<ele>752.89</ele>
	<time>2026-02-01T06:40:43.000Z</time>
	<hdop>4.50</hdop>
	<extensions>
		<gpxtpx:TrackPointExtension>
			<gpxtpx:course>200.7</gpxtpx:course>
		</gpxtpx:TrackPointExtension>
	</extensions>
</trkpt>
<trkpt lat="-9.1177246" lon="148.2852591">
	<ele>749.87</ele>
	<time>2026-02-01T06:40:53.000Z</time>
	<hdop>4.50</hdop>
	<extensions>
		<gpxtpx:TrackPointExtension>
			<gpxtpx:course>156.1</gpxtpx:course>
		</gpxtpx:TrackPointExtension>
	</extensions>
</trkpt>
<trkpt lat="-9.1178148" lon="148.2852277">
	<ele>750.01</ele>
	<time>2026-02-01T06:41:03.000Z</time>
	<hdop>5.00</hdop>
	<extensions>
		<gpxtpx:TrackPointExtension>
			<gpxtpx:course>201.6</gpxtpx:course>
		</gpxtpx:TrackPointExtension>
	</extensions>
</trkpt>
<trkpt lat="-9.1178987" lon="148.2851589">
	<ele>748.81</ele>
	<time>2026-02-01T06:41:13.000Z</time>
	<hdop>5.00</hdop>
	<extensions>
		<gpxtpx:TrackPointExtension>
			<gpxtpx:course>225.1</gpxtpx:course>
		</gpxtpx:TrackPointExtension>
	</extensions>
</trkpt>
<trkpt lat="-9.1179998" lon="148.2850877">
	<ele>748.86</ele>
	<time>2026-02-01T06:41:23.000Z</time>
	<hdop>4.50</hdop>
	<extensions>
		<gpxtpx:TrackPointExtension>
			<gpxtpx:course>252.7</gpxtpx:course>
		</gpxtpx:TrackPointExtension>
	</extensions>
</trkpt>
<trkpt lat="-9.1180634" lon="148.2850160">
	<ele>747.00</ele>
	<time>2026-02-01T06:41:41.000Z</time>
	<hdop>3.50</hdop>
	<extensions>
		<gpxtpx:TrackPointExtension>
			<gpxtpx:course>256.2</gpxtpx:course>
		</gpxtpx:TrackPointExtension>
	</extensions>
</trkpt>
<trkpt lat="-9.1181406" lon="148.2849331">
	<ele>746.56</ele>
	<time>2026-02-01T06:41:51.000Z</time>
	<hdop>4.50</hdop>
	<extensions>
		<gpxtpx:TrackPointExtension>
			<gpxtpx:course>199.4</gpxtpx:course>
		</gpxtpx:TrackPointExtension>
	</extensions>
</trkpt>
<trkpt lat="-9.1182393" lon="148.2848826">
	<ele>743.81</ele>
	<time>2026-02-01T06:42:01.000Z</time>
	<hdop>4.50</hdop>
	<extensions>
		<gpxtpx:TrackPointExtension>
			<gpxtpx:course>187.5</gpxtpx:course>
		</gpxtpx:TrackPointExtension>
	</extensions>
</trkpt>
<trkpt lat="-9.1183311" lon="148.2848429">
	<ele>743.81</ele>
	<time>2026-02-01T06:42:12.000Z</time>
	<hdop>4.50</hdop>
	<extensions>
		<gpxtpx:TrackPointExtension>
			<gpxtpx:course>198.0</gpxtpx:course>
		</gpxtpx:TrackPointExtension>
	</extensions>
</trkpt>
<trkpt lat="-9.1184335" lon="148.2848170">
	<ele>745.79</ele>
	<time>2026-02-01T06:42:22.000Z</time>
	<hdop>4.50</hdop>
	<extensions>
		<gpxtpx:TrackPointExtension>
			<gpxtpx:course>198.1</gpxtpx:course>
		</gpxtpx:TrackPointExtension>
	</extensions>
</trkpt>
<trkpt lat="-9.1185466" lon="148.2847685">
	<ele>745.81</ele>
	<time>2026-02-01T06:42:32.000Z</time>
	<hdop>4.50</hdop>
	<extensions>
		<gpxtpx:TrackPointExtension>
			<gpxtpx:course>212.1</gpxtpx:course>
		</gpxtpx:TrackPointExtension>
	</extensions>
</trkpt>
<trkpt lat="-9.1186491" lon="148.2847185">
	<ele>746.79</ele>
	<time>2026-02-01T06:42:42.000Z</time>
	<hdop>4.50</hdop>
	<extensions>
		<gpxtpx:TrackPointExtension>
			<gpxtpx:course>205.9</gpxtpx:course>
		</gpxtpx:TrackPointExtension>
	</extensions>
</trkpt>
<trkpt lat="-9.1187548" lon="148.2846440">
	<ele>749.05</ele>
	<time>2026-02-01T06:42:52.000Z</time>
	<hdop>2.50</hdop>
	<extensions>
		<gpxtpx:TrackPointExtension>
			<gpxtpx:course>165.6</gpxtpx:course>
		</gpxtpx:TrackPointExtension>
	</extensions>
</trkpt>
<trkpt lat="-9.1187984" lon="148.2845562">
	<ele>750.73</ele>
	<time>2026-02-01T06:43:03.000Z</time>
	<hdop>3.50</hdop>
	<extensions>
		<gpxtpx:TrackPointExtension>
			<gpxtpx:course>245.8</gpxtpx:course>
		</gpxtpx:TrackPointExtension>
	</extensions>
</trkpt>
<trkpt lat="-9.1188613" lon="148.2844591">
	<ele>748.82</ele>
	<time>2026-02-01T06:43:13.000Z</time>
	<hdop>3.00</hdop>
	<extensions>
		<gpxtpx:TrackPointExtension>
			<gpxtpx:course>210.9</gpxtpx:course>
		</gpxtpx:TrackPointExtension>
	</extensions>
</trkpt>
<trkpt lat="-9.1189350" lon="148.2843970">
	<ele>748.56</ele>
	<time>2026-02-01T06:43:23.000Z</time>
	<hdop>3.50</hdop>
	<extensions>
		<gpxtpx:TrackPointExtension>
			<gpxtpx:course>212.6</gpxtpx:course>
		</gpxtpx:TrackPointExtension>
	</extensions>
</trkpt>
<trkpt lat="-9.1190139" lon="148.2843109">
	<ele>746.81</ele>
	<time>2026-02-01T06:43:33.000Z</time>
	<hdop>3.50</hdop>
	<extensions>
		<gpxtpx:TrackPointExtension>
			<gpxtpx:course>233.2</gpxtpx:course>
		</gpxtpx:TrackPointExtension>
	</extensions>
</trkpt>
<trkpt lat="-9.1191088" lon="148.2842196">
	<ele>745.82</ele>
	<time>2026-02-01T06:43:43.000Z</time>
	<hdop>4.00</hdop>
	<extensions>
		<gpxtpx:TrackPointExtension>
			<gpxtpx:course>228.5</gpxtpx:course>
		</gpxtpx:TrackPointExtension>
	</extensions>
</trkpt>
<trkpt lat="-9.1191784" lon="148.2841294">
	<ele>743.80</ele>
	<time>2026-02-01T06:43:53.000Z</time>
	<hdop>4.00</hdop>
	<extensions>
		<gpxtpx:TrackPointExtension>
			<gpxtpx:course>233.3</gpxtpx:course>
		</gpxtpx:TrackPointExtension>
	</extensions>
</trkpt>
<trkpt lat="-9.1192428" lon="148.2840331">
	<ele>742.78</ele>
	<time>2026-02-01T06:44:03.000Z</time>
	<hdop>3.50</hdop>
	<extensions>
		<gpxtpx:TrackPointExtension>
			<gpxtpx:course>213.4</gpxtpx:course>
		</gpxtpx:TrackPointExtension>
	</extensions>
</trkpt>
<trkpt lat="-9.1193441" lon="148.2839662">
	<ele>745.55</ele>
	<time>2026-02-01T06:44:13.000Z</time>
	<hdop>3.50</hdop>
	<extensions>
		<gpxtpx:TrackPointExtension>
			<gpxtpx:course>198.8</gpxtpx:course>
		</gpxtpx:TrackPointExtension>
	</extensions>
</trkpt>
<trkpt lat="-9.1194568" lon="148.2839157">
	<ele>747.86</ele>
	<time>2026-02-01T06:44:23.000Z</time>
	<hdop>3.50</hdop>
	<extensions>
		<gpxtpx:TrackPointExtension>
			<gpxtpx:course>195.2</gpxtpx:course>
		</gpxtpx:TrackPointExtension>
	</extensions>
</trkpt>
<trkpt lat="-9.1195662" lon="148.2838699">
	<ele>747.05</ele>
	<time>2026-02-01T06:44:33.000Z</time>
	<hdop>3.00</hdop>
	<extensions>
		<gpxtpx:TrackPointExtension>
			<gpxtpx:course>196.5</gpxtpx:course>
		</gpxtpx:TrackPointExtension>
	</extensions>
</trkpt>
<trkpt lat="-9.1196861" lon="148.2838431">
	<ele>747.60</ele>
	<time>2026-02-01T06:44:43.000Z</time>
	<hdop>3.50</hdop>
	<extensions>
		<gpxtpx:TrackPointExtension>
			<gpxtpx:course>188.5</gpxtpx:course>
		</gpxtpx:TrackPointExtension>
	</extensions>
</trkpt>
<trkpt lat="-9.1198023" lon="148.2838480">
	<ele>746.81</ele>
	<time>2026-02-01T06:44:53.000Z</time>
	<hdop>3.50</hdop>
	<extensions>
		<gpxtpx:TrackPointExtension>
			<gpxtpx:course>174.1</gpxtpx:course>
		</gpxtpx:TrackPointExtension>
	</extensions>
</trkpt>
<trkpt lat="-9.1199019" lon="148.2838214">
	<ele>745.74</ele>
	<time>2026-02-01T06:45:03.000Z</time>
	<hdop>3.50</hdop>
	<extensions>
		<gpxtpx:TrackPointExtension>
			<gpxtpx:course>234.1</gpxtpx:course>
		</gpxtpx:TrackPointExtension>
	</extensions>
</trkpt>
<trkpt lat="-9.1199846" lon="148.2837836">
	<ele>744.75</ele>
	<time>2026-02-01T06:45:31.000Z</time>
	<hdop>4.50</hdop>
	<extensions>
		<gpxtpx:TrackPointExtension>
			<gpxtpx:course>65.2</gpxtpx:course>
		</gpxtpx:TrackPointExtension>
	</extensions>
</trkpt>
<trkpt lat="-9.1199290" lon="148.2837038">
	<ele>734.55</ele>
	<time>2026-02-01T06:51:57.000Z</time>
	<hdop>6.50</hdop>
	<extensions>
		<gpxtpx:TrackPointExtension>
			<gpxtpx:course>337.8</gpxtpx:course>
		</gpxtpx:TrackPointExtension>
	</extensions>
</trkpt>
<trkpt lat="-9.1199792" lon="148.2837841">
	<ele>745.78</ele>
	<time>2026-02-01T06:57:41.000Z</time>
	<hdop>2.50</hdop>
	<extensions>
		<gpxtpx:TrackPointExtension>
			<gpxtpx:course>129.4</gpxtpx:course>
		</gpxtpx:TrackPointExtension>
	</extensions>
</trkpt>
<trkpt lat="-9.1199573" lon="148.2836956">
	<ele>747.80</ele>
	<time>2026-02-01T06:58:22.000Z</time>
	<hdop>3.50</hdop>
	<extensions>
		<gpxtpx:TrackPointExtension>
			<gpxtpx:course>259.1</gpxtpx:course>
		</gpxtpx:TrackPointExtension>
	</extensions>
</trkpt>
<trkpt lat="-9.1199626" lon="148.2836030">
	<ele>742.78</ele>
	<time>2026-02-01T06:58:40.000Z</time>
	<hdop>3.50</hdop>
	<extensions>
		<gpxtpx:TrackPointExtension>
			<gpxtpx:course>290.9</gpxtpx:course>
		</gpxtpx:TrackPointExtension>
	</extensions>
</trkpt>
<trkpt lat="-9.1199593" lon="148.2835094">
	<ele>739.61</ele>
	<time>2026-02-01T06:59:15.000Z</time>
	<hdop>3.50</hdop>
	<extensions>
		<gpxtpx:TrackPointExtension>
			<gpxtpx:course>172.7</gpxtpx:course>
		</gpxtpx:TrackPointExtension>
	</extensions>
</trkpt>
<trkpt lat="-9.1199678" lon="148.2834122">
	<ele>723.05</ele>
	<time>2026-02-01T07:01:13.000Z</time>
	<hdop>4.50</hdop>
	<extensions>
		<gpxtpx:TrackPointExtension>
			<gpxtpx:course>239.0</gpxtpx:course>
		</gpxtpx:TrackPointExtension>
	</extensions>
</trkpt>
<trkpt lat="-9.1199784" lon="148.2833119">
	<ele>716.80</ele>
	<time>2026-02-01T07:02:31.000Z</time>
	<hdop>7.00</hdop>
	<extensions>
		<gpxtpx:TrackPointExtension>
			<gpxtpx:course>228.2</gpxtpx:course>
		</gpxtpx:TrackPointExtension>
	</extensions>
</trkpt>
<trkpt lat="-9.1199649" lon="148.2832210">
	<ele>716.79</ele>
	<time>2026-02-01T07:03:11.000Z</time>
	<hdop>5.00</hdop>
	<extensions>
		<gpxtpx:TrackPointExtension>
			<gpxtpx:course>228.8</gpxtpx:course>
		</gpxtpx:TrackPointExtension>
	</extensions>
</trkpt>
<trkpt lat="-9.1199500" lon="148.2831263">
	<ele>699.86</ele>
	<time>2026-02-01T07:04:33.000Z</time>
	<hdop>5.50</hdop>
	<extensions>
		<gpxtpx:TrackPointExtension>
			<gpxtpx:course>325.9</gpxtpx:course>
		</gpxtpx:TrackPointExtension>
	</extensions>
</trkpt>
<trkpt lat="-9.1199676" lon="148.2830331">
	<ele>704.79</ele>
	<time>2026-02-01T07:06:38.000Z</time>
	<hdop>4.50</hdop>
	<extensions>
		<gpxtpx:TrackPointExtension>
			<gpxtpx:course>266.9</gpxtpx:course>
		</gpxtpx:TrackPointExtension>
	</extensions>
</trkpt>
<trkpt lat="-9.1200214" lon="148.2829578">
	<ele>705.54</ele>
	<time>2026-02-01T07:06:58.000Z</time>
	<hdop>8.50</hdop>
	<extensions>
		<gpxtpx:TrackPointExtension>
			<gpxtpx:course>262.6</gpxtpx:course>
		</gpxtpx:TrackPointExtension>
	</extensions>
</trkpt>
<trkpt lat="-9.1200272" lon="148.2828603">
	<ele>691.04</ele>
	<time>2026-02-01T07:08:43.000Z</time>
	<hdop>4.50</hdop>
	<extensions>
		<gpxtpx:TrackPointExtension>
			<gpxtpx:course>322.7</gpxtpx:course>
		</gpxtpx:TrackPointExtension>
	</extensions>
</trkpt>
<trkpt lat="-9.1199912" lon="148.2827755">
	<ele>679.11</ele>
	<time>2026-02-01T07:09:27.000Z</time>
	<hdop>5.00</hdop>
	<extensions>
		<gpxtpx:TrackPointExtension>
			<gpxtpx:course>9.6</gpxtpx:course>
		</gpxtpx:TrackPointExtension>
	</extensions>
</trkpt>
<trkpt lat="-9.1199106" lon="148.2827300">
	<ele>680.78</ele>
	<time>2026-02-01T07:09:52.000Z</time>
	<hdop>3.50</hdop>
	<extensions>
		<gpxtpx:TrackPointExtension>
			<gpxtpx:course>8.0</gpxtpx:course>
		</gpxtpx:TrackPointExtension>
	</extensions>
</trkpt>
<trkpt lat="-9.1198489" lon="148.2826549">
	<ele>678.04</ele>
	<time>2026-02-01T07:10:18.000Z</time>
	<hdop>4.50</hdop>
	<extensions>
		<gpxtpx:TrackPointExtension>
			<gpxtpx:course>279.5</gpxtpx:course>
		</gpxtpx:TrackPointExtension>
	</extensions>
</trkpt>
<trkpt lat="-9.1198112" lon="148.2825586">
	<ele>677.78</ele>
	<time>2026-02-01T07:10:29.000Z</time>
	<hdop>5.50</hdop>
	<extensions>
		<gpxtpx:TrackPointExtension>
			<gpxtpx:course>297.9</gpxtpx:course>
		</gpxtpx:TrackPointExtension>
	</extensions>
</trkpt>
<trkpt lat="-9.1198074" lon="148.2824648">
	<ele>679.73</ele>
	<time>2026-02-01T07:10:56.000Z</time>
	<hdop>6.50</hdop>
	<extensions>
		<gpxtpx:TrackPointExtension>
			<gpxtpx:course>257.5</gpxtpx:course>
		</gpxtpx:TrackPointExtension>
	</extensions>
</trkpt>
<trkpt lat="-9.1198643" lon="148.2823832">
	<ele>676.98</ele>
	<time>2026-02-01T07:11:16.000Z</time>
	<hdop>9.50</hdop>
	<extensions>
		<gpxtpx:TrackPointExtension>
			<gpxtpx:course>218.7</gpxtpx:course>
		</gpxtpx:TrackPointExtension>
	</extensions>
</trkpt>
<trkpt lat="-9.1198345" lon="148.2822892">
	<ele>676.48</ele>
	<time>2026-02-01T07:11:40.000Z</time>
	<hdop>8.50</hdop>
	<extensions>
		<gpxtpx:TrackPointExtension>
			<gpxtpx:course>251.0</gpxtpx:course>
		</gpxtpx:TrackPointExtension>
	</extensions>
</trkpt>
<trkpt lat="-9.1198593" lon="148.2821992">
	<ele>681.72</ele>
	<time>2026-02-01T07:11:55.000Z</time>
	<hdop>5.50</hdop>
	<extensions>
		<gpxtpx:TrackPointExtension>
			<gpxtpx:course>232.7</gpxtpx:course>
		</gpxtpx:TrackPointExtension>
	</extensions>
</trkpt>
<trkpt lat="-9.1198189" lon="148.2821151">
	<ele>679.79</ele>
	<time>2026-02-01T07:12:16.000Z</time>
	<hdop>9.50</hdop>
	<extensions>
		<gpxtpx:TrackPointExtension>
			<gpxtpx:course>0.5</gpxtpx:course>
		</gpxtpx:TrackPointExtension>
	</extensions>
</trkpt>
<trkpt lat="-9.1199050" lon="148.2820777">
	<ele>677.60</ele>
	<time>2026-02-01T07:12:29.000Z</time>
	<hdop>9.00</hdop>
	<extensions>
		<gpxtpx:TrackPointExtension>
			<gpxtpx:course>215.9</gpxtpx:course>
		</gpxtpx:TrackPointExtension>
	</extensions>
</trkpt>
<trkpt lat="-9.1199983" lon="148.2820783">
	<ele>676.79</ele>
	<time>2026-02-01T07:13:03.000Z</time>
	<hdop>14.50</hdop>
	<extensions>
		<gpxtpx:TrackPointExtension>
			<gpxtpx:course>244.1</gpxtpx:course>
		</gpxtpx:TrackPointExtension>
	</extensions>
</trkpt>
<trkpt lat="-9.1200501" lon="148.2819915">
	<ele>675.78</ele>
	<time>2026-02-01T07:13:17.000Z</time>
	<hdop>13.00</hdop>
	<extensions>
		<gpxtpx:TrackPointExtension>
			<gpxtpx:course>264.0</gpxtpx:course>
		</gpxtpx:TrackPointExtension>
	</extensions>
</trkpt>
<trkpt lat="-9.1200572" lon="148.2818628">
	<ele>673.74</ele>
	<time>2026-02-01T07:13:27.000Z</time>
	<hdop>13.50</hdop>
	<extensions>
		<gpxtpx:TrackPointExtension>
			<gpxtpx:course>258.7</gpxtpx:course>
		</gpxtpx:TrackPointExtension>
	</extensions>
</trkpt>
<trkpt lat="-9.1200559" lon="148.2817694">
	<ele>671.02</ele>
	<time>2026-02-01T07:13:40.000Z</time>
	<hdop>11.00</hdop>
	<extensions>
		<gpxtpx:TrackPointExtension>
			<gpxtpx:course>272.1</gpxtpx:course>
		</gpxtpx:TrackPointExtension>
	</extensions>
</trkpt>
<trkpt lat="-9.1199977" lon="148.2816984">
	<ele>674.72</ele>
	<time>2026-02-01T07:13:59.000Z</time>
	<hdop>9.50</hdop>
	<extensions>
		<gpxtpx:TrackPointExtension>
			<gpxtpx:course>318.9</gpxtpx:course>
		</gpxtpx:TrackPointExtension>
	</extensions>
</trkpt>
<trkpt lat="-9.1199557" lon="148.2816174">
	<ele>674.04</ele>
	<time>2026-02-01T07:14:13.000Z</time>
	<hdop>9.00</hdop>
	<extensions>
		<gpxtpx:TrackPointExtension>
			<gpxtpx:course>267.5</gpxtpx:course>
		</gpxtpx:TrackPointExtension>
	</extensions>
</trkpt>
<trkpt lat="-9.1199157" lon="148.2815337">
	<ele>669.85</ele>
	<time>2026-02-01T07:14:35.000Z</time>
	<hdop>9.50</hdop>
	<extensions>
		<gpxtpx:TrackPointExtension>
			<gpxtpx:course>345.3</gpxtpx:course>
		</gpxtpx:TrackPointExtension>
	</extensions>
</trkpt>
<trkpt lat="-9.1199310" lon="148.2814422">
	<ele>667.85</ele>
	<time>2026-02-01T07:14:47.000Z</time>
	<hdop>9.50</hdop>
	<extensions>
		<gpxtpx:TrackPointExtension>
			<gpxtpx:course>263.1</gpxtpx:course>
		</gpxtpx:TrackPointExtension>
	</extensions>
</trkpt>
<trkpt lat="-9.1199232" lon="148.2813502">
	<ele>666.85</ele>
	<time>2026-02-01T07:14:57.000Z</time>
	<hdop>10.50</hdop>
	<extensions>
		<gpxtpx:TrackPointExtension>
			<gpxtpx:course>247.3</gpxtpx:course>
		</gpxtpx:TrackPointExtension>
	</extensions>
</trkpt>
<trkpt lat="-9.1198489" lon="148.2812715">
	<ele>672.20</ele>
	<time>2026-02-01T07:15:07.000Z</time>
	<hdop>7.50</hdop>
	<extensions>
		<gpxtpx:TrackPointExtension>
			<gpxtpx:course>301.8</gpxtpx:course>
		</gpxtpx:TrackPointExtension>
	</extensions>
</trkpt>
<trkpt lat="-9.1197769" lon="148.2812164">
	<ele>691.78</ele>
	<time>2026-02-01T07:16:08.000Z</time>
	<hdop>3.50</hdop>
	<extensions>
		<gpxtpx:TrackPointExtension>
			<gpxtpx:course>178.2</gpxtpx:course>
		</gpxtpx:TrackPointExtension>
	</extensions>
</trkpt>
<trkpt lat="-9.1198515" lon="148.2811578">
	<ele>694.55</ele>
	<time>2026-02-01T07:19:19.000Z</time>
	<hdop>8.50</hdop>
	<extensions>
		<gpxtpx:TrackPointExtension>
			<gpxtpx:course>1.3</gpxtpx:course>
		</gpxtpx:TrackPointExtension>
	</extensions>
</trkpt>
<trkpt lat="-9.1198726" lon="148.2810687">
	<ele>688.80</ele>
	<time>2026-02-01T07:20:18.000Z</time>
	<hdop>8.50</hdop>
	<extensions>
		<gpxtpx:TrackPointExtension>
			<gpxtpx:course>211.5</gpxtpx:course>
		</gpxtpx:TrackPointExtension>
	</extensions>
</trkpt>
<trkpt lat="-9.1199034" lon="148.2809812">
	<ele>688.02</ele>
	<time>2026-02-01T07:20:43.000Z</time>
	<hdop>7.00</hdop>
	<extensions>
		<gpxtpx:TrackPointExtension>
			<gpxtpx:course>223.1</gpxtpx:course>
		</gpxtpx:TrackPointExtension>
	</extensions>
</trkpt>
<trkpt lat="-9.1199655" lon="148.2809090">
	<ele>691.67</ele>
	<time>2026-02-01T07:21:15.000Z</time>
	<hdop>6.50</hdop>
	<extensions>
		<gpxtpx:TrackPointExtension>
			<gpxtpx:course>236.8</gpxtpx:course>
		</gpxtpx:TrackPointExtension>
	</extensions>
</trkpt>
<trkpt lat="-9.1200505" lon="148.2808710">
	<ele>689.79</ele>
	<time>2026-02-01T07:21:44.000Z</time>
	<hdop>6.50</hdop>
	<extensions>
		<gpxtpx:TrackPointExtension>
			<gpxtpx:course>166.9</gpxtpx:course>
		</gpxtpx:TrackPointExtension>
	</extensions>
</trkpt>
<trkpt lat="-9.1200914" lon="148.2807887">
	<ele>692.54</ele>
	<time>2026-02-01T07:22:31.000Z</time>
	<hdop>6.00</hdop>
	<extensions>
		<gpxtpx:TrackPointExtension>
			<gpxtpx:course>290.9</gpxtpx:course>
		</gpxtpx:TrackPointExtension>
	</extensions>
</trkpt>
<trkpt lat="-9.1200948" lon="148.2806915">
	<ele>697.47</ele>
	<time>2026-02-01T07:22:56.000Z</time>
	<hdop>5.50</hdop>
	<extensions>
		<gpxtpx:TrackPointExtension>
			<gpxtpx:course>281.6</gpxtpx:course>
		</gpxtpx:TrackPointExtension>
	</extensions>
</trkpt>
<trkpt lat="-9.1201328" lon="148.2806031">
	<ele>705.76</ele>
	<time>2026-02-01T07:23:12.000Z</time>
	<hdop>5.00</hdop>
	<extensions>
		<gpxtpx:TrackPointExtension>
			<gpxtpx:course>231.6</gpxtpx:course>
		</gpxtpx:TrackPointExtension>
	</extensions>
</trkpt>
<trkpt lat="-9.1201931" lon="148.2805329">
	<ele>705.84</ele>
	<time>2026-02-01T07:23:25.000Z</time>
	<hdop>6.50</hdop>
	<extensions>
		<gpxtpx:TrackPointExtension>
			<gpxtpx:course>240.3</gpxtpx:course>
		</gpxtpx:TrackPointExtension>
	</extensions>
</trkpt>
<trkpt lat="-9.1201728" lon="148.2804222">
	<ele>713.59</ele>
	<time>2026-02-01T07:23:44.000Z</time>
	<hdop>5.00</hdop>
	<extensions>
		<gpxtpx:TrackPointExtension>
			<gpxtpx:course>310.0</gpxtpx:course>
		</gpxtpx:TrackPointExtension>
	</extensions>
</trkpt>
<trkpt lat="-9.1201363" lon="148.2803383">
	<ele>717.53</ele>
	<time>2026-02-01T07:23:57.000Z</time>
	<hdop>7.50</hdop>
	<extensions>
		<gpxtpx:TrackPointExtension>
			<gpxtpx:course>325.9</gpxtpx:course>
		</gpxtpx:TrackPointExtension>
	</extensions>
</trkpt>
<trkpt lat="-9.1201577" lon="148.2802433">
	<ele>719.72</ele>
	<time>2026-02-01T07:24:20.000Z</time>
	<hdop>7.50</hdop>
	<extensions>
		<gpxtpx:TrackPointExtension>
			<gpxtpx:course>278.3</gpxtpx:course>
		</gpxtpx:TrackPointExtension>
	</extensions>
</trkpt>
<trkpt lat="-9.1200787" lon="148.2801964">
	<ele>729.51</ele>
	<time>2026-02-01T07:24:43.000Z</time>
	<hdop>5.00</hdop>
	<extensions>
		<gpxtpx:TrackPointExtension>
			<gpxtpx:course>259.5</gpxtpx:course>
		</gpxtpx:TrackPointExtension>
	</extensions>
</trkpt>
<trkpt lat="-9.1200549" lon="148.2801055">
	<ele>732.04</ele>
	<time>2026-02-01T07:25:08.000Z</time>
	<hdop>5.50</hdop>
	<extensions>
		<gpxtpx:TrackPointExtension>
			<gpxtpx:course>250.1</gpxtpx:course>
		</gpxtpx:TrackPointExtension>
	</extensions>
</trkpt>
<trkpt lat="-9.1200351" lon="148.2800166">
	<ele>736.78</ele>
	<time>2026-02-01T07:25:36.000Z</time>
	<hdop>7.50</hdop>
	<extensions>
		<gpxtpx:TrackPointExtension>
			<gpxtpx:course>273.8</gpxtpx:course>
		</gpxtpx:TrackPointExtension>
	</extensions>
</trkpt>
<trkpt lat="-9.1200620" lon="148.2799291">
	<ele>736.71</ele>
	<time>2026-02-01T07:25:55.000Z</time>
	<hdop>7.00</hdop>
	<extensions>
		<gpxtpx:TrackPointExtension>
			<gpxtpx:course>239.9</gpxtpx:course>
		</gpxtpx:TrackPointExtension>
	</extensions>
</trkpt>
<trkpt lat="-9.1200749" lon="148.2798314">
	<ele>738.02</ele>
	<time>2026-02-01T07:26:14.000Z</time>
	<hdop>5.50</hdop>
	<extensions>
		<gpxtpx:TrackPointExtension>
			<gpxtpx:course>271.4</gpxtpx:course>
		</gpxtpx:TrackPointExtension>
	</extensions>
</trkpt>
<trkpt lat="-9.1200550" lon="148.2797424">
	<ele>735.03</ele>
	<time>2026-02-01T07:26:41.000Z</time>
	<hdop>5.00</hdop>
	<extensions>
		<gpxtpx:TrackPointExtension>
			<gpxtpx:course>301.3</gpxtpx:course>
		</gpxtpx:TrackPointExtension>
	</extensions>
</trkpt>
<trkpt lat="-9.1200614" lon="148.2796447">
	<ele>738.71</ele>
	<time>2026-02-01T07:27:06.000Z</time>
	<hdop>5.50</hdop>
	<extensions>
		<gpxtpx:TrackPointExtension>
			<gpxtpx:course>267.8</gpxtpx:course>
		</gpxtpx:TrackPointExtension>
	</extensions>
</trkpt>
<trkpt lat="-9.1200958" lon="148.2795567">
	<ele>743.71</ele>
	<time>2026-02-01T07:27:28.000Z</time>
	<hdop>5.50</hdop>
	<extensions>
		<gpxtpx:TrackPointExtension>
			<gpxtpx:course>293.5</gpxtpx:course>
		</gpxtpx:TrackPointExtension>
	</extensions>
</trkpt>
<trkpt lat="-9.1200865" lon="148.2794589">
	<ele>746.46</ele>
	<time>2026-02-01T07:28:03.000Z</time>
	<hdop>6.50</hdop>
	<extensions>
		<gpxtpx:TrackPointExtension>
			<gpxtpx:course>245.7</gpxtpx:course>
		</gpxtpx:TrackPointExtension>
	</extensions>
</trkpt>
<trkpt lat="-9.1201055" lon="148.2793656">
	<ele>748.79</ele>
	<time>2026-02-01T07:28:22.000Z</time>
	<hdop>6.00</hdop>
	<extensions>
		<gpxtpx:TrackPointExtension>
			<gpxtpx:course>294.6</gpxtpx:course>
		</gpxtpx:TrackPointExtension>
	</extensions>
</trkpt>
<trkpt lat="-9.1200570" lon="148.2792882">
	<ele>745.78</ele>
	<time>2026-02-01T07:28:37.000Z</time>
	<hdop>5.50</hdop>
	<extensions>
		<gpxtpx:TrackPointExtension>
			<gpxtpx:course>283.7</gpxtpx:course>
		</gpxtpx:TrackPointExtension>
	</extensions>
</trkpt>
<trkpt lat="-9.1199912" lon="148.2792241">
	<ele>752.77</ele>
	<time>2026-02-01T07:29:05.000Z</time>
	<hdop>6.00</hdop>
	<extensions>
		<gpxtpx:TrackPointExtension>
			<gpxtpx:course>38.7</gpxtpx:course>
		</gpxtpx:TrackPointExtension>
	</extensions>
</trkpt>
<trkpt lat="-9.1199819" lon="148.2791325">
	<ele>758.77</ele>
	<time>2026-02-01T07:31:58.000Z</time>
	<hdop>4.50</hdop>
	<extensions>
		<gpxtpx:TrackPointExtension>
			<gpxtpx:course>258.1</gpxtpx:course>
		</gpxtpx:TrackPointExtension>
	</extensions>
</trkpt>
<trkpt lat="-9.1199994" lon="148.2790341">
	<ele>755.84</ele>
	<time>2026-02-01T07:32:12.000Z</time>
	<hdop>5.00</hdop>
	<extensions>
		<gpxtpx:TrackPointExtension>
			<gpxtpx:course>247.4</gpxtpx:course>
		</gpxtpx:TrackPointExtension>
	</extensions>
</trkpt>
<trkpt lat="-9.1199849" lon="148.2789393">
	<ele>754.79</ele>
	<time>2026-02-01T07:32:24.000Z</time>
	<hdop>4.00</hdop>
	<extensions>
		<gpxtpx:TrackPointExtension>
			<gpxtpx:course>301.9</gpxtpx:course>
		</gpxtpx:TrackPointExtension>
	</extensions>
</trkpt>
<trkpt lat="-9.1199514" lon="148.2788417">
	<ele>753.77</ele>
	<time>2026-02-01T07:32:34.000Z</time>
	<hdop>4.00</hdop>
	<extensions>
		<gpxtpx:TrackPointExtension>
			<gpxtpx:course>280.5</gpxtpx:course>
		</gpxtpx:TrackPointExtension>
	</extensions>
</trkpt>
<trkpt lat="-9.1199520" lon="148.2787201">
	<ele>756.01</ele>
	<time>2026-02-01T07:32:44.000Z</time>
	<hdop>4.00</hdop>
	<extensions>
		<gpxtpx:TrackPointExtension>
			<gpxtpx:course>249.8</gpxtpx:course>
		</gpxtpx:TrackPointExtension>
	</extensions>
</trkpt>
<trkpt lat="-9.1199817" lon="148.2786018">
	<ele>757.76</ele>
	<time>2026-02-01T07:32:54.000Z</time>
	<hdop>3.00</hdop>
	<extensions>
		<gpxtpx:TrackPointExtension>
			<gpxtpx:course>233.1</gpxtpx:course>
		</gpxtpx:TrackPointExtension>
	</extensions>
</trkpt>
<trkpt lat="-9.1200569" lon="148.2785290">
	<ele>759.77</ele>
	<time>2026-02-01T07:33:04.000Z</time>
	<hdop>3.00</hdop>
	<extensions>
		<gpxtpx:TrackPointExtension>
			<gpxtpx:course>207.1</gpxtpx:course>
		</gpxtpx:TrackPointExtension>
	</extensions>
</trkpt>
<trkpt lat="-9.1201342" lon="148.2784649">
	<ele>761.77</ele>
	<time>2026-02-01T07:33:14.000Z</time>
	<hdop>4.50</hdop>
	<extensions>
		<gpxtpx:TrackPointExtension>
			<gpxtpx:course>221.9</gpxtpx:course>
		</gpxtpx:TrackPointExtension>
	</extensions>
</trkpt>
<trkpt lat="-9.1201905" lon="148.2783832">
	<ele>763.71</ele>
	<time>2026-02-01T07:33:24.000Z</time>
	<hdop>3.50</hdop>
	<extensions>
		<gpxtpx:TrackPointExtension>
			<gpxtpx:course>224.2</gpxtpx:course>
		</gpxtpx:TrackPointExtension>
	</extensions>
</trkpt>
<trkpt lat="-9.1202635" lon="148.2783217">
	<ele>761.83</ele>
	<time>2026-02-01T07:33:35.000Z</time>
	<hdop>4.00</hdop>
	<extensions>
		<gpxtpx:TrackPointExtension>
			<gpxtpx:course>213.0</gpxtpx:course>
		</gpxtpx:TrackPointExtension>
	</extensions>
</trkpt>
<trkpt lat="-9.1203071" lon="148.2782326">
	<ele>763.77</ele>
	<time>2026-02-01T07:35:04.000Z</time>
	<hdop>3.50</hdop>
	<extensions>
		<gpxtpx:TrackPointExtension>
			<gpxtpx:course>225.9</gpxtpx:course>
		</gpxtpx:TrackPointExtension>
	</extensions>
</trkpt>
<trkpt lat="-9.1203879" lon="148.2781884">
	<ele>762.77</ele>
	<time>2026-02-01T07:35:15.000Z</time>
	<hdop>3.50</hdop>
	<extensions>
		<gpxtpx:TrackPointExtension>
			<gpxtpx:course>173.0</gpxtpx:course>
		</gpxtpx:TrackPointExtension>
	</extensions>
</trkpt>
<trkpt lat="-9.1204773" lon="148.2781563">
	<ele>761.03</ele>
	<time>2026-02-01T07:35:25.000Z</time>
	<hdop>4.00</hdop>
	<extensions>
		<gpxtpx:TrackPointExtension>
			<gpxtpx:course>183.4</gpxtpx:course>
		</gpxtpx:TrackPointExtension>
	</extensions>
</trkpt>
<trkpt lat="-9.1205584" lon="148.2781023">
	<ele>759.81</ele>
	<time>2026-02-01T07:35:35.000Z</time>
	<hdop>4.00</hdop>
	<extensions>
		<gpxtpx:TrackPointExtension>
			<gpxtpx:course>235.5</gpxtpx:course>
		</gpxtpx:TrackPointExtension>
	</extensions>
</trkpt>
<trkpt lat="-9.1206381" lon="148.2780368">
	<ele>758.00</ele>
	<time>2026-02-01T07:35:45.000Z</time>
	<hdop>4.00</hdop>
	<extensions>
		<gpxtpx:TrackPointExtension>
			<gpxtpx:course>248.4</gpxtpx:course>
		</gpxtpx:TrackPointExtension>
	</extensions>
</trkpt>
<trkpt lat="-9.1206889" lon="148.2779550">
	<ele>757.78</ele>
	<time>2026-02-01T07:36:04.000Z</time>
	<hdop>4.00</hdop>
	<extensions>
		<gpxtpx:TrackPointExtension>
			<gpxtpx:course>249.5</gpxtpx:course>
		</gpxtpx:TrackPointExtension>
	</extensions>
</trkpt>
<trkpt lat="-9.1207012" lon="148.2778616">
	<ele>755.72</ele>
	<time>2026-02-01T07:36:23.000Z</time>
	<hdop>3.50</hdop>
	<extensions>
		<gpxtpx:TrackPointExtension>
			<gpxtpx:course>250.6</gpxtpx:course>
		</gpxtpx:TrackPointExtension>
	</extensions>
</trkpt>
<trkpt lat="-9.1206715" lon="148.2777746">
	<ele>756.01</ele>
	<time>2026-02-01T07:36:37.000Z</time>
	<hdop>4.00</hdop>
	<extensions>
		<gpxtpx:TrackPointExtension>
			<gpxtpx:course>253.3</gpxtpx:course>
		</gpxtpx:TrackPointExtension>
	</extensions>
</trkpt>
<trkpt lat="-9.1206168" lon="148.2777008">
	<ele>757.51</ele>
	<time>2026-02-01T07:36:58.000Z</time>
	<hdop>3.50</hdop>
	<extensions>
		<gpxtpx:TrackPointExtension>
			<gpxtpx:course>244.2</gpxtpx:course>
		</gpxtpx:TrackPointExtension>
	</extensions>
</trkpt>
<trkpt lat="-9.1205819" lon="148.2776123">
	<ele>752.77</ele>
	<time>2026-02-01T07:37:19.000Z</time>
	<hdop>3.00</hdop>
	<extensions>
		<gpxtpx:TrackPointExtension>
			<gpxtpx:course>246.2</gpxtpx:course>
		</gpxtpx:TrackPointExtension>
	</extensions>
</trkpt>
<trkpt lat="-9.1206011" lon="148.2775219">
	<ele>747.77</ele>
	<time>2026-02-01T07:37:46.000Z</time>
	<hdop>3.00</hdop>
	<extensions>
		<gpxtpx:TrackPointExtension>
			<gpxtpx:course>224.7</gpxtpx:course>
		</gpxtpx:TrackPointExtension>
	</extensions>
</trkpt>
<trkpt lat="-9.1206280" lon="148.2774329">
	<ele>740.76</ele>
	<time>2026-02-01T07:38:29.000Z</time>
	<hdop>3.00</hdop>
	<extensions>
		<gpxtpx:TrackPointExtension>
			<gpxtpx:course>196.6</gpxtpx:course>
		</gpxtpx:TrackPointExtension>
	</extensions>
</trkpt>
<trkpt lat="-9.1206454" lon="148.2773411">
	<ele>738.76</ele>
	<time>2026-02-01T07:39:32.000Z</time>
	<hdop>4.00</hdop>
	<extensions>
		<gpxtpx:TrackPointExtension>
			<gpxtpx:course>328.0</gpxtpx:course>
		</gpxtpx:TrackPointExtension>
	</extensions>
</trkpt>
<trkpt lat="-9.1206630" lon="148.2772510">
	<ele>737.76</ele>
	<time>2026-02-01T07:40:03.000Z</time>
	<hdop>4.00</hdop>
	<extensions>
		<gpxtpx:TrackPointExtension>
			<gpxtpx:course>273.8</gpxtpx:course>
		</gpxtpx:TrackPointExtension>
	</extensions>
</trkpt>
<trkpt lat="-9.1207273" lon="148.2771838">
	<ele>729.78</ele>
	<time>2026-02-01T07:41:03.000Z</time>
	<hdop>4.50</hdop>
	<extensions>
		<gpxtpx:TrackPointExtension>
			<gpxtpx:course>199.4</gpxtpx:course>
		</gpxtpx:TrackPointExtension>
	</extensions>
</trkpt>
<trkpt lat="-9.1207645" lon="148.2770929">
	<ele>729.53</ele>
	<time>2026-02-01T07:41:39.000Z</time>
	<hdop>4.00</hdop>
	<extensions>
		<gpxtpx:TrackPointExtension>
			<gpxtpx:course>261.9</gpxtpx:course>
		</gpxtpx:TrackPointExtension>
	</extensions>
</trkpt>
<trkpt lat="-9.1208274" lon="148.2770222">
	<ele>725.75</ele>
	<time>2026-02-01T07:42:05.000Z</time>
	<hdop>4.00</hdop>
	<extensions>
		<gpxtpx:TrackPointExtension>
			<gpxtpx:course>225.5</gpxtpx:course>
		</gpxtpx:TrackPointExtension>
	</extensions>
</trkpt>
<trkpt lat="-9.1207976" lon="148.2769342">
	<ele>721.76</ele>
	<time>2026-02-01T07:42:52.000Z</time>
	<hdop>3.50</hdop>
	<extensions>
		<gpxtpx:TrackPointExtension>
			<gpxtpx:course>279.7</gpxtpx:course>
		</gpxtpx:TrackPointExtension>
	</extensions>
</trkpt>
<trkpt lat="-9.1207611" lon="148.2768479">
	<ele>719.51</ele>
	<time>2026-02-01T07:43:18.000Z</time>
	<hdop>3.50</hdop>
	<extensions>
		<gpxtpx:TrackPointExtension>
			<gpxtpx:course>303.6</gpxtpx:course>
		</gpxtpx:TrackPointExtension>
	</extensions>
</trkpt>
<trkpt lat="-9.1207063" lon="148.2767714">
	<ele>721.77</ele>
	<time>2026-02-01T07:43:36.000Z</time>
	<hdop>4.00</hdop>
	<extensions>
		<gpxtpx:TrackPointExtension>
			<gpxtpx:course>283.7</gpxtpx:course>
		</gpxtpx:TrackPointExtension>
	</extensions>
</trkpt>
<trkpt lat="-9.1207443" lon="148.2766858">
	<ele>721.52</ele>
	<time>2026-02-01T07:43:58.000Z</time>
	<hdop>3.50</hdop>
	<extensions>
		<gpxtpx:TrackPointExtension>
			<gpxtpx:course>247.5</gpxtpx:course>
		</gpxtpx:TrackPointExtension>
	</extensions>
</trkpt>
<trkpt lat="-9.1208000" lon="148.2766133">
	<ele>722.51</ele>
	<time>2026-02-01T07:44:14.000Z</time>
	<hdop>4.50</hdop>
	<extensions>
		<gpxtpx:TrackPointExtension>
			<gpxtpx:course>226.6</gpxtpx:course>
		</gpxtpx:TrackPointExtension>
	</extensions>
</trkpt>
<trkpt lat="-9.1208634" lon="148.2765415">
	<ele>726.51</ele>
	<time>2026-02-01T07:44:33.000Z</time>
	<hdop>4.00</hdop>
	<extensions>
		<gpxtpx:TrackPointExtension>
			<gpxtpx:course>241.1</gpxtpx:course>
		</gpxtpx:TrackPointExtension>
	</extensions>
</trkpt>
<trkpt lat="-9.1208950" lon="148.2764558">
	<ele>731.51</ele>
	<time>2026-02-01T07:45:09.000Z</time>
	<hdop>4.00</hdop>
	<extensions>
		<gpxtpx:TrackPointExtension>
			<gpxtpx:course>261.9</gpxtpx:course>
		</gpxtpx:TrackPointExtension>
	</extensions>
</trkpt>
<trkpt lat="-9.1209147" lon="148.2763657">
	<ele>736.69</ele>
	<time>2026-02-01T07:45:23.000Z</time>
	<hdop>4.00</hdop>
	<extensions>
		<gpxtpx:TrackPointExtension>
			<gpxtpx:course>232.8</gpxtpx:course>
		</gpxtpx:TrackPointExtension>
	</extensions>
</trkpt>
<trkpt lat="-9.1209404" lon="148.2762729">
	<ele>739.74</ele>
	<time>2026-02-01T07:45:48.000Z</time>
	<hdop>3.50</hdop>
	<extensions>
		<gpxtpx:TrackPointExtension>
			<gpxtpx:course>251.5</gpxtpx:course>
		</gpxtpx:TrackPointExtension>
	</extensions>
</trkpt>
<trkpt lat="-9.1210005" lon="148.2761991">
	<ele>740.51</ele>
	<time>2026-02-01T07:46:03.000Z</time>
	<hdop>3.50</hdop>
	<extensions>
		<gpxtpx:TrackPointExtension>
			<gpxtpx:course>242.3</gpxtpx:course>
		</gpxtpx:TrackPointExtension>
	</extensions>
</trkpt>
<trkpt lat="-9.1210898" lon="148.2761668">
	<ele>743.42</ele>
	<time>2026-02-01T07:46:15.000Z</time>
	<hdop>4.00</hdop>
	<extensions>
		<gpxtpx:TrackPointExtension>
			<gpxtpx:course>189.3</gpxtpx:course>
		</gpxtpx:TrackPointExtension>
	</extensions>
</trkpt>
<trkpt lat="-9.1211497" lon="148.2760943">
	<ele>746.75</ele>
	<time>2026-02-01T07:46:31.000Z</time>
	<hdop>4.00</hdop>
	<extensions>
		<gpxtpx:TrackPointExtension>
			<gpxtpx:course>247.7</gpxtpx:course>
		</gpxtpx:TrackPointExtension>
	</extensions>
</trkpt>
<trkpt lat="-9.1212153" lon="148.2760215">
	<ele>748.75</ele>
	<time>2026-02-01T07:46:52.000Z</time>
	<hdop>3.50</hdop>
	<extensions>
		<gpxtpx:TrackPointExtension>
			<gpxtpx:course>241.9</gpxtpx:course>
		</gpxtpx:TrackPointExtension>
	</extensions>
</trkpt>
<trkpt lat="-9.1212968" lon="148.2759686">
	<ele>751.50</ele>
	<time>2026-02-01T07:47:25.000Z</time>
	<hdop>4.00</hdop>
	<extensions>
		<gpxtpx:TrackPointExtension>
			<gpxtpx:course>199.1</gpxtpx:course>
		</gpxtpx:TrackPointExtension>
	</extensions>
</trkpt>
<trkpt lat="-9.1213364" lon="148.2758855">
	<ele>751.75</ele>
	<time>2026-02-01T07:47:45.000Z</time>
	<hdop>4.00</hdop>
	<extensions>
		<gpxtpx:TrackPointExtension>
			<gpxtpx:course>250.5</gpxtpx:course>
		</gpxtpx:TrackPointExtension>
	</extensions>
</trkpt>
<trkpt lat="-9.1213742" lon="148.2757990">
	<ele>752.73</ele>
	<time>2026-02-01T07:48:12.000Z</time>
	<hdop>4.50</hdop>
	<extensions>
		<gpxtpx:TrackPointExtension>
			<gpxtpx:course>281.6</gpxtpx:course>
		</gpxtpx:TrackPointExtension>
	</extensions>
</trkpt>
<trkpt lat="-9.1213483" lon="148.2757098">
	<ele>759.50</ele>
	<time>2026-02-01T07:50:26.000Z</time>
	<hdop>5.00</hdop>
	<extensions>
		<gpxtpx:TrackPointExtension>
			<gpxtpx:course>282.2</gpxtpx:course>
		</gpxtpx:TrackPointExtension>
	</extensions>
</trkpt>
<trkpt lat="-9.1213854" lon="148.2756226">
	<ele>756.70</ele>
	<time>2026-02-01T07:50:43.000Z</time>
	<hdop>4.00</hdop>
	<extensions>
		<gpxtpx:TrackPointExtension>
			<gpxtpx:course>262.1</gpxtpx:course>
		</gpxtpx:TrackPointExtension>
	</extensions>
</trkpt>
<trkpt lat="-9.1214292" lon="148.2755316">
	<ele>756.81</ele>
	<time>2026-02-01T07:50:58.000Z</time>
	<hdop>4.00</hdop>
	<extensions>
		<gpxtpx:TrackPointExtension>
			<gpxtpx:course>242.0</gpxtpx:course>
		</gpxtpx:TrackPointExtension>
	</extensions>
</trkpt>
<trkpt lat="-9.1214670" lon="148.2754416">
	<ele>753.77</ele>
	<time>2026-02-01T07:51:26.000Z</time>
	<hdop>4.50</hdop>
	<extensions>
		<gpxtpx:TrackPointExtension>
			<gpxtpx:course>255.1</gpxtpx:course>
		</gpxtpx:TrackPointExtension>
	</extensions>
</trkpt>
<trkpt lat="-9.1214928" lon="148.2753538">
	<ele>754.75</ele>
	<time>2026-02-01T07:51:39.000Z</time>
	<hdop>4.00</hdop>
	<extensions>
		<gpxtpx:TrackPointExtension>
			<gpxtpx:course>252.4</gpxtpx:course>
		</gpxtpx:TrackPointExtension>
	</extensions>
</trkpt>
<trkpt lat="-9.1215493" lon="148.2752793">
	<ele>754.76</ele>
	<time>2026-02-01T07:51:50.000Z</time>
	<hdop>4.00</hdop>
	<extensions>
		<gpxtpx:TrackPointExtension>
			<gpxtpx:course>239.9</gpxtpx:course>
		</gpxtpx:TrackPointExtension>
	</extensions>
</trkpt>
<trkpt lat="-9.1215798" lon="148.2751910">
	<ele>754.75</ele>
	<time>2026-02-01T07:52:02.000Z</time>
	<hdop>4.50</hdop>
	<extensions>
		<gpxtpx:TrackPointExtension>
			<gpxtpx:course>275.0</gpxtpx:course>
		</gpxtpx:TrackPointExtension>
	</extensions>
</trkpt>
<trkpt lat="-9.1215733" lon="148.2750954">
	<ele>757.49</ele>
	<time>2026-02-01T07:52:12.000Z</time>
	<hdop>4.50</hdop>
	<extensions>
		<gpxtpx:TrackPointExtension>
			<gpxtpx:course>286.0</gpxtpx:course>
		</gpxtpx:TrackPointExtension>
	</extensions>
</trkpt>
<trkpt lat="-9.1215511" lon="148.2750025">
	<ele>760.68</ele>
	<time>2026-02-01T07:52:24.000Z</time>
	<hdop>5.00</hdop>
	<extensions>
		<gpxtpx:TrackPointExtension>
			<gpxtpx:course>292.5</gpxtpx:course>
		</gpxtpx:TrackPointExtension>
	</extensions>
</trkpt>
<trkpt lat="-9.1215394" lon="148.2749121">
	<ele>761.75</ele>
	<time>2026-02-01T07:52:37.000Z</time>
	<hdop>4.50</hdop>
	<extensions>
		<gpxtpx:TrackPointExtension>
			<gpxtpx:course>258.1</gpxtpx:course>
		</gpxtpx:TrackPointExtension>
	</extensions>
</trkpt>
<trkpt lat="-9.1215504" lon="148.2748103">
	<ele>762.75</ele>
	<time>2026-02-01T07:52:47.000Z</time>
	<hdop>4.50</hdop>
	<extensions>
		<gpxtpx:TrackPointExtension>
			<gpxtpx:course>274.1</gpxtpx:course>
		</gpxtpx:TrackPointExtension>
	</extensions>
</trkpt>
<trkpt lat="-9.1215316" lon="148.2747122">
	<ele>763.69</ele>
	<time>2026-02-01T07:52:57.000Z</time>
	<hdop>4.50</hdop>
	<extensions>
		<gpxtpx:TrackPointExtension>
			<gpxtpx:course>287.9</gpxtpx:course>
		</gpxtpx:TrackPointExtension>
	</extensions>
</trkpt>
<trkpt lat="-9.1214801" lon="148.2746193">
	<ele>764.73</ele>
	<time>2026-02-01T07:53:07.000Z</time>
	<hdop>4.00</hdop>
	<extensions>
		<gpxtpx:TrackPointExtension>
			<gpxtpx:course>293.9</gpxtpx:course>
		</gpxtpx:TrackPointExtension>
	</extensions>
</trkpt>
<trkpt lat="-9.1214548" lon="148.2745252">
	<ele>768.43</ele>
	<time>2026-02-01T07:53:17.000Z</time>
	<hdop>4.00</hdop>
	<extensions>
		<gpxtpx:TrackPointExtension>
			<gpxtpx:course>301.2</gpxtpx:course>
		</gpxtpx:TrackPointExtension>
	</extensions>
</trkpt>
<trkpt lat="-9.1213901" lon="148.2744339">
	<ele>772.49</ele>
	<time>2026-02-01T07:53:27.000Z</time>
	<hdop>4.00</hdop>
	<extensions>
		<gpxtpx:TrackPointExtension>
			<gpxtpx:course>306.8</gpxtpx:course>
		</gpxtpx:TrackPointExtension>
	</extensions>
</trkpt>
<trkpt lat="-9.1213388" lon="148.2743473">
	<ele>775.49</ele>
	<time>2026-02-01T07:53:37.000Z</time>
	<hdop>4.00</hdop>
	<extensions>
		<gpxtpx:TrackPointExtension>
			<gpxtpx:course>301.0</gpxtpx:course>
		</gpxtpx:TrackPointExtension>
	</extensions>
</trkpt>
<trkpt lat="-9.1212786" lon="148.2742761">
	<ele>777.50</ele>
	<time>2026-02-01T07:53:47.000Z</time>
	<hdop>3.50</hdop>
	<extensions>
		<gpxtpx:TrackPointExtension>
			<gpxtpx:course>304.8</gpxtpx:course>
		</gpxtpx:TrackPointExtension>
	</extensions>
</trkpt>
<trkpt lat="-9.1211947" lon="148.2742224">
	<ele>779.73</ele>
	<time>2026-02-01T07:53:57.000Z</time>
	<hdop>4.00</hdop>
	<extensions>
		<gpxtpx:TrackPointExtension>
			<gpxtpx:course>327.6</gpxtpx:course>
		</gpxtpx:TrackPointExtension>
	</extensions>
</trkpt>
<trkpt lat="-9.1211191" lon="148.2741576">
	<ele>781.74</ele>
	<time>2026-02-01T07:54:07.000Z</time>
	<hdop>4.00</hdop>
	<extensions>
		<gpxtpx:TrackPointExtension>
			<gpxtpx:course>323.0</gpxtpx:course>
		</gpxtpx:TrackPointExtension>
	</extensions>
</trkpt>
<trkpt lat="-9.1210447" lon="148.2740895">
	<ele>779.75</ele>
	<time>2026-02-01T07:54:17.000Z</time>
	<hdop>4.00</hdop>
	<extensions>
		<gpxtpx:TrackPointExtension>
			<gpxtpx:course>313.4</gpxtpx:course>
		</gpxtpx:TrackPointExtension>
	</extensions>
</trkpt>
<trkpt lat="-9.1209846" lon="148.2740185">
	<ele>782.68</ele>
	<time>2026-02-01T07:54:29.000Z</time>
	<hdop>4.50</hdop>
	<extensions>
		<gpxtpx:TrackPointExtension>
			<gpxtpx:course>332.6</gpxtpx:course>
		</gpxtpx:TrackPointExtension>
	</extensions>
</trkpt>
<trkpt lat="-9.1208957" lon="148.2739753">
	<ele>783.43</ele>
	<time>2026-02-01T07:54:42.000Z</time>
	<hdop>4.00</hdop>
	<extensions>
		<gpxtpx:TrackPointExtension>
			<gpxtpx:course>317.1</gpxtpx:course>
		</gpxtpx:TrackPointExtension>
	</extensions>
</trkpt>
<trkpt lat="-9.1208230" lon="148.2739119">
	<ele>785.68</ele>
	<time>2026-02-01T07:54:56.000Z</time>
	<hdop>3.50</hdop>
	<extensions>
		<gpxtpx:TrackPointExtension>
			<gpxtpx:course>300.9</gpxtpx:course>
		</gpxtpx:TrackPointExtension>
	</extensions>
</trkpt>
<trkpt lat="-9.1207536" lon="148.2738464">
	<ele>787.73</ele>
	<time>2026-02-01T07:55:07.000Z</time>
	<hdop>3.00</hdop>
	<extensions>
		<gpxtpx:TrackPointExtension>
			<gpxtpx:course>309.0</gpxtpx:course>
		</gpxtpx:TrackPointExtension>
	</extensions>
</trkpt>
<trkpt lat="-9.1207518" lon="148.2737524">
	<ele>788.74</ele>
	<time>2026-02-01T07:57:45.000Z</time>
	<hdop>3.50</hdop>
	<extensions>
		<gpxtpx:TrackPointExtension>
			<gpxtpx:course>278.9</gpxtpx:course>
		</gpxtpx:TrackPointExtension>
	</extensions>
</trkpt>
<trkpt lat="-9.1207577" lon="148.2736442">
	<ele>788.74</ele>
	<time>2026-02-01T07:57:55.000Z</time>
	<hdop>3.50</hdop>
	<extensions>
		<gpxtpx:TrackPointExtension>
			<gpxtpx:course>247.5</gpxtpx:course>
		</gpxtpx:TrackPointExtension>
	</extensions>
</trkpt>
<trkpt lat="-9.1207907" lon="148.2735389">
	<ele>786.98</ele>
	<time>2026-02-01T07:58:05.000Z</time>
	<hdop>4.00</hdop>
	<extensions>
		<gpxtpx:TrackPointExtension>
			<gpxtpx:course>261.7</gpxtpx:course>
		</gpxtpx:TrackPointExtension>
	</extensions>
</trkpt>
<trkpt lat="-9.1208105" lon="148.2734462">
	<ele>786.74</ele>
	<time>2026-02-01T07:59:28.000Z</time>
	<hdop>3.00</hdop>
	<extensions>
		<gpxtpx:TrackPointExtension>
			<gpxtpx:course>241.5</gpxtpx:course>
		</gpxtpx:TrackPointExtension>
	</extensions>
</trkpt>
<trkpt lat="-9.1208930" lon="148.2734984">
	<ele>786.68</ele>
	<time>2026-02-01T08:04:59.000Z</time>
	<hdop>3.00</hdop>
	<extensions>
		<gpxtpx:TrackPointExtension>
			<gpxtpx:course>158.5</gpxtpx:course>
		</gpxtpx:TrackPointExtension>
	</extensions>
</trkpt>
<trkpt lat="-9.1209735" lon="148.2734566">
	<ele>786.98</ele>
	<time>2026-02-01T08:05:09.000Z</time>
	<hdop>3.00</hdop>
	<extensions>
		<gpxtpx:TrackPointExtension>
			<gpxtpx:course>212.5</gpxtpx:course>
		</gpxtpx:TrackPointExtension>
	</extensions>
</trkpt>
<trkpt lat="-9.1210771" lon="148.2733956">
	<ele>786.76</ele>
	<time>2026-02-01T08:05:19.000Z</time>
	<hdop>3.50</hdop>
	<extensions>
		<gpxtpx:TrackPointExtension>
			<gpxtpx:course>218.3</gpxtpx:course>
		</gpxtpx:TrackPointExtension>
	</extensions>
</trkpt>
<trkpt lat="-9.1211799" lon="148.2733264">
	<ele>784.99</ele>
	<time>2026-02-01T08:05:29.000Z</time>
	<hdop>3.50</hdop>
	<extensions>
		<gpxtpx:TrackPointExtension>
			<gpxtpx:course>218.3</gpxtpx:course>
		</gpxtpx:TrackPointExtension>
	</extensions>
</trkpt>
<trkpt lat="-9.1212554" lon="148.2732582">
	<ele>787.48</ele>
	<time>2026-02-01T08:05:39.000Z</time>
	<hdop>3.50</hdop>
	<extensions>
		<gpxtpx:TrackPointExtension>
			<gpxtpx:course>221.8</gpxtpx:course>
		</gpxtpx:TrackPointExtension>
	</extensions>
</trkpt>
<trkpt lat="-9.1213520" lon="148.2731533">
	<ele>789.74</ele>
	<time>2026-02-01T08:05:49.000Z</time>
	<hdop>3.50</hdop>
	<extensions>
		<gpxtpx:TrackPointExtension>
			<gpxtpx:course>221.2</gpxtpx:course>
		</gpxtpx:TrackPointExtension>
	</extensions>
</trkpt>
<trkpt lat="-9.1214510" lon="148.2730560">
	<ele>787.99</ele>
	<time>2026-02-01T08:05:59.000Z</time>
	<hdop>3.50</hdop>
	<extensions>
		<gpxtpx:TrackPointExtension>
			<gpxtpx:course>223.1</gpxtpx:course>
		</gpxtpx:TrackPointExtension>
	</extensions>
</trkpt>
<trkpt lat="-9.1215418" lon="148.2729674">
	<ele>786.74</ele>
	<time>2026-02-01T08:06:09.000Z</time>
	<hdop>3.00</hdop>
	<extensions>
		<gpxtpx:TrackPointExtension>
			<gpxtpx:course>224.7</gpxtpx:course>
		</gpxtpx:TrackPointExtension>
	</extensions>
</trkpt>
<trkpt lat="-9.1216400" lon="148.2728857">
	<ele>785.74</ele>
	<time>2026-02-01T08:06:19.000Z</time>
	<hdop>3.00</hdop>
	<extensions>
		<gpxtpx:TrackPointExtension>
			<gpxtpx:course>224.5</gpxtpx:course>
		</gpxtpx:TrackPointExtension>
	</extensions>
</trkpt>
<trkpt lat="-9.1217332" lon="148.2728035">
	<ele>784.74</ele>
	<time>2026-02-01T08:06:29.000Z</time>
	<hdop>3.00</hdop>
	<extensions>
		<gpxtpx:TrackPointExtension>
			<gpxtpx:course>229.4</gpxtpx:course>
		</gpxtpx:TrackPointExtension>
	</extensions>
</trkpt>
<trkpt lat="-9.1218289" lon="148.2727185">
	<ele>786.54</ele>
	<time>2026-02-01T08:06:39.000Z</time>
	<hdop>3.00</hdop>
	<extensions>
		<gpxtpx:TrackPointExtension>
			<gpxtpx:course>226.2</gpxtpx:course>
		</gpxtpx:TrackPointExtension>
	</extensions>
</trkpt>
<trkpt lat="-9.1219145" lon="148.2726296">
	<ele>783.76</ele>
	<time>2026-02-01T08:06:49.000Z</time>
	<hdop>3.00</hdop>
	<extensions>
		<gpxtpx:TrackPointExtension>
			<gpxtpx:course>232.0</gpxtpx:course>
		</gpxtpx:TrackPointExtension>
	</extensions>
</trkpt>
<trkpt lat="-9.1220083" lon="148.2725504">
	<ele>782.49</ele>
	<time>2026-02-01T08:06:59.000Z</time>
	<hdop>3.00</hdop>
	<extensions>
		<gpxtpx:TrackPointExtension>
			<gpxtpx:course>219.6</gpxtpx:course>
		</gpxtpx:TrackPointExtension>
	</extensions>
</trkpt>
<trkpt lat="-9.1221086" lon="148.2724752">
	<ele>783.67</ele>
	<time>2026-02-01T08:07:09.000Z</time>
	<hdop>3.00</hdop>
	<extensions>
		<gpxtpx:TrackPointExtension>
			<gpxtpx:course>214.2</gpxtpx:course>
		</gpxtpx:TrackPointExtension>
	</extensions>
</trkpt>
<trkpt lat="-9.1222060" lon="148.2724191">
	<ele>784.67</ele>
	<time>2026-02-01T08:07:19.000Z</time>
	<hdop>3.00</hdop>
	<extensions>
		<gpxtpx:TrackPointExtension>
			<gpxtpx:course>208.0</gpxtpx:course>
		</gpxtpx:TrackPointExtension>
	</extensions>
</trkpt>
<trkpt lat="-9.1223014" lon="148.2723583">
	<ele>783.67</ele>
	<time>2026-02-01T08:07:29.000Z</time>
	<hdop>3.00</hdop>
	<extensions>
		<gpxtpx:TrackPointExtension>
			<gpxtpx:course>206.8</gpxtpx:course>
		</gpxtpx:TrackPointExtension>
	</extensions>
</trkpt>
<trkpt lat="-9.1224043" lon="148.2722822">
	<ele>782.67</ele>
	<time>2026-02-01T08:07:39.000Z</time>
	<hdop>3.50</hdop>
	<extensions>
		<gpxtpx:TrackPointExtension>
			<gpxtpx:course>218.5</gpxtpx:course>
		</gpxtpx:TrackPointExtension>
	</extensions>
</trkpt>
<trkpt lat="-9.1224986" lon="148.2722325">
	<ele>780.98</ele>
	<time>2026-02-01T08:07:49.000Z</time>
	<hdop>2.50</hdop>
	<extensions>
		<gpxtpx:TrackPointExtension>
			<gpxtpx:course>209.6</gpxtpx:course>
		</gpxtpx:TrackPointExtension>
	</extensions>
</trkpt>
<trkpt lat="-9.1225845" lon="148.2721845">
	<ele>781.67</ele>
	<time>2026-02-01T08:08:15.000Z</time>
	<hdop>3.00</hdop>
	<extensions>
		<gpxtpx:TrackPointExtension>
			<gpxtpx:course>198.8</gpxtpx:course>
		</gpxtpx:TrackPointExtension>
	</extensions>
</trkpt>
<trkpt lat="-9.1227089" lon="148.2721234">
	<ele>781.48</ele>
	<time>2026-02-01T08:08:25.000Z</time>
	<hdop>3.00</hdop>
	<extensions>
		<gpxtpx:TrackPointExtension>
			<gpxtpx:course>212.4</gpxtpx:course>
		</gpxtpx:TrackPointExtension>
	</extensions>
</trkpt>
<trkpt lat="-9.1228208" lon="148.2720632">
	<ele>781.48</ele>
	<time>2026-02-01T08:08:35.000Z</time>
	<hdop>3.00</hdop>
	<extensions>
		<gpxtpx:TrackPointExtension>
			<gpxtpx:course>212.5</gpxtpx:course>
		</gpxtpx:TrackPointExtension>
	</extensions>
</trkpt>
<trkpt lat="-9.1229233" lon="148.2720139">
	<ele>780.74</ele>
	<time>2026-02-01T08:08:45.000Z</time>
	<hdop>3.00</hdop>
	<extensions>
		<gpxtpx:TrackPointExtension>
			<gpxtpx:course>206.0</gpxtpx:course>
		</gpxtpx:TrackPointExtension>
	</extensions>
</trkpt>
<trkpt lat="-9.1230251" lon="148.2719586">
	<ele>779.78</ele>
	<time>2026-02-01T08:08:55.000Z</time>
	<hdop>3.00</hdop>
	<extensions>
		<gpxtpx:TrackPointExtension>
			<gpxtpx:course>219.7</gpxtpx:course>
		</gpxtpx:TrackPointExtension>
	</extensions>
</trkpt>
<trkpt lat="-9.1230772" lon="148.2718604">
	<ele>778.98</ele>
	<time>2026-02-01T08:09:05.000Z</time>
	<hdop>3.00</hdop>
	<extensions>
		<gpxtpx:TrackPointExtension>
			<gpxtpx:course>263.1</gpxtpx:course>
		</gpxtpx:TrackPointExtension>
	</extensions>
</trkpt>
<trkpt lat="-9.1231007" lon="148.2717474">
	<ele>777.98</ele>
	<time>2026-02-01T08:09:15.000Z</time>
	<hdop>3.00</hdop>
	<extensions>
		<gpxtpx:TrackPointExtension>
			<gpxtpx:course>258.8</gpxtpx:course>
		</gpxtpx:TrackPointExtension>
	</extensions>
</trkpt>
<trkpt lat="-9.1231292" lon="148.2716161">
	<ele>774.79</ele>
	<time>2026-02-01T08:09:25.000Z</time>
	<hdop>3.00</hdop>
	<extensions>
		<gpxtpx:TrackPointExtension>
			<gpxtpx:course>266.0</gpxtpx:course>
		</gpxtpx:TrackPointExtension>
	</extensions>
</trkpt>
<trkpt lat="-9.1231422" lon="148.2714930">
	<ele>772.73</ele>
	<time>2026-02-01T08:09:35.000Z</time>
	<hdop>3.00</hdop>
	<extensions>
		<gpxtpx:TrackPointExtension>
			<gpxtpx:course>262.9</gpxtpx:course>
		</gpxtpx:TrackPointExtension>
	</extensions>
</trkpt>
<trkpt lat="-9.1231939" lon="148.2713982">
	<ele>770.79</ele>
	<time>2026-02-01T08:09:45.000Z</time>
	<hdop>3.50</hdop>
	<extensions>
		<gpxtpx:TrackPointExtension>
			<gpxtpx:course>236.1</gpxtpx:course>
		</gpxtpx:TrackPointExtension>
	</extensions>
</trkpt>
<trkpt lat="-9.1232690" lon="148.2713317">
	<ele>771.68</ele>
	<time>2026-02-01T08:09:56.000Z</time>
	<hdop>2.50</hdop>
	<extensions>
		<gpxtpx:TrackPointExtension>
			<gpxtpx:course>227.9</gpxtpx:course>
		</gpxtpx:TrackPointExtension>
	</extensions>
</trkpt>
<trkpt lat="-9.1233378" lon="148.2712693">
	<ele>768.74</ele>
	<time>2026-02-01T08:10:08.000Z</time>
	<hdop>3.00</hdop>
	<extensions>
		<gpxtpx:TrackPointExtension>
			<gpxtpx:course>214.6</gpxtpx:course>
		</gpxtpx:TrackPointExtension>
	</extensions>
</trkpt>
<trkpt lat="-9.1233941" lon="148.2711856">
	<ele>767.72</ele>
	<time>2026-02-01T08:10:21.000Z</time>
	<hdop>2.50</hdop>
	<extensions>
		<gpxtpx:TrackPointExtension>
			<gpxtpx:course>241.0</gpxtpx:course>
		</gpxtpx:TrackPointExtension>
	</extensions>
</trkpt>
<trkpt lat="-9.1234417" lon="148.2710812">
	<ele>764.98</ele>
	<time>2026-02-01T08:10:31.000Z</time>
	<hdop>3.00</hdop>
	<extensions>
		<gpxtpx:TrackPointExtension>
			<gpxtpx:course>231.7</gpxtpx:course>
		</gpxtpx:TrackPointExtension>
	</extensions>
</trkpt>
<trkpt lat="-9.1234584" lon="148.2709912">
	<ele>764.73</ele>
	<time>2026-02-01T08:10:47.000Z</time>
	<hdop>3.00</hdop>
	<extensions>
		<gpxtpx:TrackPointExtension>
			<gpxtpx:course>278.6</gpxtpx:course>
		</gpxtpx:TrackPointExtension>
	</extensions>
</trkpt>
<trkpt lat="-9.1234910" lon="148.2708957">
	<ele>764.74</ele>
	<time>2026-02-01T08:10:58.000Z</time>
	<hdop>3.00</hdop>
	<extensions>
		<gpxtpx:TrackPointExtension>
			<gpxtpx:course>267.0</gpxtpx:course>
		</gpxtpx:TrackPointExtension>
	</extensions>
</trkpt>
<trkpt lat="-9.1235326" lon="148.2708112">
	<ele>762.73</ele>
	<time>2026-02-01T08:11:08.000Z</time>
	<hdop>3.00</hdop>
	<extensions>
		<gpxtpx:TrackPointExtension>
			<gpxtpx:course>258.0</gpxtpx:course>
		</gpxtpx:TrackPointExtension>
	</extensions>
</trkpt>
<trkpt lat="-9.1235755" lon="148.2707157">
	<ele>762.72</ele>
	<time>2026-02-01T08:11:18.000Z</time>
	<hdop>3.50</hdop>
	<extensions>
		<gpxtpx:TrackPointExtension>
			<gpxtpx:course>253.1</gpxtpx:course>
		</gpxtpx:TrackPointExtension>
	</extensions>
</trkpt>
<trkpt lat="-9.1236229" lon="148.2706184">
	<ele>761.72</ele>
	<time>2026-02-01T08:11:28.000Z</time>
	<hdop>3.00</hdop>
	<extensions>
		<gpxtpx:TrackPointExtension>
			<gpxtpx:course>223.8</gpxtpx:course>
		</gpxtpx:TrackPointExtension>
	</extensions>
</trkpt>
<trkpt lat="-9.1236514" lon="148.2705260">
	<ele>762.73</ele>
	<time>2026-02-01T08:11:39.000Z</time>
	<hdop>3.00</hdop>
	<extensions>
		<gpxtpx:TrackPointExtension>
			<gpxtpx:course>238.8</gpxtpx:course>
		</gpxtpx:TrackPointExtension>
	</extensions>
</trkpt>
<trkpt lat="-9.1236887" lon="148.2704411">
	<ele>766.41</ele>
	<time>2026-02-01T08:11:53.000Z</time>
	<hdop>2.50</hdop>
	<extensions>
		<gpxtpx:TrackPointExtension>
			<gpxtpx:course>230.5</gpxtpx:course>
		</gpxtpx:TrackPointExtension>
	</extensions>
</trkpt>
<trkpt lat="-9.1237359" lon="148.2703568">
	<ele>766.53</ele>
	<time>2026-02-01T08:12:06.000Z</time>
	<hdop>2.50</hdop>
	<extensions>
		<gpxtpx:TrackPointExtension>
			<gpxtpx:course>216.3</gpxtpx:course>
		</gpxtpx:TrackPointExtension>
	</extensions>
</trkpt>
<trkpt lat="-9.1237844" lon="148.2702781">
	<ele>766.71</ele>
	<time>2026-02-01T08:12:16.000Z</time>
	<hdop>3.00</hdop>
	<extensions>
		<gpxtpx:TrackPointExtension>
			<gpxtpx:course>230.8</gpxtpx:course>
		</gpxtpx:TrackPointExtension>
	</extensions>
</trkpt>
<trkpt lat="-9.1238470" lon="148.2702108">
	<ele>768.90</ele>
	<time>2026-02-01T08:12:28.000Z</time>
	<hdop>3.00</hdop>
	<extensions>
		<gpxtpx:TrackPointExtension>
			<gpxtpx:course>238.6</gpxtpx:course>
		</gpxtpx:TrackPointExtension>
	</extensions>
</trkpt>
<trkpt lat="-9.1239351" lon="148.2701604">
	<ele>770.72</ele>
	<time>2026-02-01T08:12:39.000Z</time>
	<hdop>3.00</hdop>
	<extensions>
		<gpxtpx:TrackPointExtension>
			<gpxtpx:course>224.0</gpxtpx:course>
		</gpxtpx:TrackPointExtension>
	</extensions>
</trkpt>
<trkpt lat="-9.1240389" lon="148.2701272">
	<ele>772.65</ele>
	<time>2026-02-01T08:12:49.000Z</time>
	<hdop>3.50</hdop>
	<extensions>
		<gpxtpx:TrackPointExtension>
			<gpxtpx:course>183.3</gpxtpx:course>
		</gpxtpx:TrackPointExtension>
	</extensions>
</trkpt>
<trkpt lat="-9.1241295" lon="148.2700995">
	<ele>772.72</ele>
	<time>2026-02-01T08:12:59.000Z</time>
	<hdop>4.00</hdop>
	<extensions>
		<gpxtpx:TrackPointExtension>
			<gpxtpx:course>202.6</gpxtpx:course>
		</gpxtpx:TrackPointExtension>
	</extensions>
</trkpt>
<trkpt lat="-9.1242413" lon="148.2700424">
	<ele>771.72</ele>
	<time>2026-02-01T08:13:09.000Z</time>
	<hdop>3.50</hdop>
	<extensions>
		<gpxtpx:TrackPointExtension>
			<gpxtpx:course>217.5</gpxtpx:course>
		</gpxtpx:TrackPointExtension>
	</extensions>
</trkpt>
<trkpt lat="-9.1243414" lon="148.2700142">
	<ele>771.71</ele>
	<time>2026-02-01T08:13:19.000Z</time>
	<hdop>3.50</hdop>
	<extensions>
		<gpxtpx:TrackPointExtension>
			<gpxtpx:course>211.3</gpxtpx:course>
		</gpxtpx:TrackPointExtension>
	</extensions>
</trkpt>
<trkpt lat="-9.1244232" lon="148.2699676">
	<ele>772.71</ele>
	<time>2026-02-01T08:13:29.000Z</time>
	<hdop>3.50</hdop>
	<extensions>
		<gpxtpx:TrackPointExtension>
			<gpxtpx:course>217.9</gpxtpx:course>
		</gpxtpx:TrackPointExtension>
	</extensions>
</trkpt>
<trkpt lat="-9.1245016" lon="148.2699011">
	<ele>774.71</ele>
	<time>2026-02-01T08:13:39.000Z</time>
	<hdop>3.00</hdop>
	<extensions>
		<gpxtpx:TrackPointExtension>
			<gpxtpx:course>219.7</gpxtpx:course>
		</gpxtpx:TrackPointExtension>
	</extensions>
</trkpt>
<trkpt lat="-9.1245812" lon="148.2698492">
	<ele>774.46</ele>
	<time>2026-02-01T08:13:49.000Z</time>
	<hdop>3.50</hdop>
	<extensions>
		<gpxtpx:TrackPointExtension>
			<gpxtpx:course>230.9</gpxtpx:course>
		</gpxtpx:TrackPointExtension>
	</extensions>
</trkpt>
<trkpt lat="-9.1246712" lon="148.2698268">
	<ele>776.52</ele>
	<time>2026-02-01T08:14:01.000Z</time>
	<hdop>3.00</hdop>
	<extensions>
		<gpxtpx:TrackPointExtension>
			<gpxtpx:course>208.2</gpxtpx:course>
		</gpxtpx:TrackPointExtension>
	</extensions>
</trkpt>
<trkpt lat="-9.1247568" lon="148.2697689">
	<ele>777.90</ele>
	<time>2026-02-01T08:14:11.000Z</time>
	<hdop>2.50</hdop>
	<extensions>
		<gpxtpx:TrackPointExtension>
			<gpxtpx:course>224.4</gpxtpx:course>
		</gpxtpx:TrackPointExtension>
	</extensions>
</trkpt>
<trkpt lat="-9.1248492" lon="148.2697000">
	<ele>779.71</ele>
	<time>2026-02-01T08:14:21.000Z</time>
	<hdop>3.00</hdop>
	<extensions>
		<gpxtpx:TrackPointExtension>
			<gpxtpx:course>231.0</gpxtpx:course>
		</gpxtpx:TrackPointExtension>
	</extensions>
</trkpt>
<trkpt lat="-9.1249520" lon="148.2696245">
	<ele>781.71</ele>
	<time>2026-02-01T08:14:31.000Z</time>
	<hdop>3.50</hdop>
	<extensions>
		<gpxtpx:TrackPointExtension>
			<gpxtpx:course>225.2</gpxtpx:course>
		</gpxtpx:TrackPointExtension>
	</extensions>
</trkpt>
<trkpt lat="-9.1250542" lon="148.2695679">
	<ele>781.71</ele>
	<time>2026-02-01T08:14:41.000Z</time>
	<hdop>3.50</hdop>
	<extensions>
		<gpxtpx:TrackPointExtension>
			<gpxtpx:course>214.7</gpxtpx:course>
		</gpxtpx:TrackPointExtension>
	</extensions>
</trkpt>
<trkpt lat="-9.1251695" lon="148.2695046">
	<ele>780.48</ele>
	<time>2026-02-01T08:14:51.000Z</time>
	<hdop>3.00</hdop>
	<extensions>
		<gpxtpx:TrackPointExtension>
			<gpxtpx:course>203.8</gpxtpx:course>
		</gpxtpx:TrackPointExtension>
	</extensions>
</trkpt>
<trkpt lat="-9.1252645" lon="148.2694635">
	<ele>780.71</ele>
	<time>2026-02-01T08:15:01.000Z</time>
	<hdop>3.00</hdop>
	<extensions>
		<gpxtpx:TrackPointExtension>
			<gpxtpx:course>204.1</gpxtpx:course>
		</gpxtpx:TrackPointExtension>
	</extensions>
</trkpt>
<trkpt lat="-9.1253673" lon="148.2694282">
	<ele>780.66</ele>
	<time>2026-02-01T08:15:11.000Z</time>
	<hdop>3.00</hdop>
	<extensions>
		<gpxtpx:TrackPointExtension>
			<gpxtpx:course>211.2</gpxtpx:course>
		</gpxtpx:TrackPointExtension>
	</extensions>
</trkpt>
<trkpt lat="-9.1254727" lon="148.2693835">
	<ele>780.71</ele>
	<time>2026-02-01T08:15:21.000Z</time>
	<hdop>3.50</hdop>
	<extensions>
		<gpxtpx:TrackPointExtension>
			<gpxtpx:course>189.8</gpxtpx:course>
		</gpxtpx:TrackPointExtension>
	</extensions>
</trkpt>
<trkpt lat="-9.1255934" lon="148.2693467">
	<ele>778.77</ele>
	<time>2026-02-01T08:15:31.000Z</time>
	<hdop>3.50</hdop>
	<extensions>
		<gpxtpx:TrackPointExtension>
			<gpxtpx:course>214.1</gpxtpx:course>
		</gpxtpx:TrackPointExtension>
	</extensions>
</trkpt>
<trkpt lat="-9.1257003" lon="148.2693026">
	<ele>777.77</ele>
	<time>2026-02-01T08:15:41.000Z</time>
	<hdop>3.50</hdop>
	<extensions>
		<gpxtpx:TrackPointExtension>
			<gpxtpx:course>200.9</gpxtpx:course>
		</gpxtpx:TrackPointExtension>
	</extensions>
</trkpt>
<trkpt lat="-9.1258203" lon="148.2692739">
	<ele>777.94</ele>
	<time>2026-02-01T08:15:51.000Z</time>
	<hdop>3.00</hdop>
	<extensions>
		<gpxtpx:TrackPointExtension>
			<gpxtpx:course>204.8</gpxtpx:course>
		</gpxtpx:TrackPointExtension>
	</extensions>
</trkpt>
<trkpt lat="-9.1259406" lon="148.2692270">
	<ele>776.71</ele>
	<time>2026-02-01T08:16:01.000Z</time>
	<hdop>3.50</hdop>
	<extensions>
		<gpxtpx:TrackPointExtension>
			<gpxtpx:course>195.3</gpxtpx:course>
		</gpxtpx:TrackPointExtension>
	</extensions>
</trkpt>
<trkpt lat="-9.1260676" lon="148.2692035">
	<ele>775.77</ele>
	<time>2026-02-01T08:16:11.000Z</time>
	<hdop>3.50</hdop>
	<extensions>
		<gpxtpx:TrackPointExtension>
			<gpxtpx:course>176.8</gpxtpx:course>
		</gpxtpx:TrackPointExtension>
	</extensions>
</trkpt>
<trkpt lat="-9.1261707" lon="148.2691697">
	<ele>774.71</ele>
	<time>2026-02-01T08:16:21.000Z</time>
	<hdop>3.50</hdop>
	<extensions>
		<gpxtpx:TrackPointExtension>
			<gpxtpx:course>201.1</gpxtpx:course>
		</gpxtpx:TrackPointExtension>
	</extensions>
</trkpt>
<trkpt lat="-9.1263057" lon="148.2691505">
	<ele>774.69</ele>
	<time>2026-02-01T08:16:31.000Z</time>
	<hdop>3.50</hdop>
	<extensions>
		<gpxtpx:TrackPointExtension>
			<gpxtpx:course>196.1</gpxtpx:course>
		</gpxtpx:TrackPointExtension>
	</extensions>
</trkpt>
<trkpt lat="-9.1264212" lon="148.2691298">
	<ele>776.70</ele>
	<time>2026-02-01T08:16:41.000Z</time>
	<hdop>3.50</hdop>
	<extensions>
		<gpxtpx:TrackPointExtension>
			<gpxtpx:course>177.7</gpxtpx:course>
		</gpxtpx:TrackPointExtension>
	</extensions>
</trkpt>
<trkpt lat="-9.1265240" lon="148.2691270">
	<ele>774.70</ele>
	<time>2026-02-01T08:16:51.000Z</time>
	<hdop>4.00</hdop>
	<extensions>
		<gpxtpx:TrackPointExtension>
			<gpxtpx:course>185.3</gpxtpx:course>
		</gpxtpx:TrackPointExtension>
	</extensions>
</trkpt>
<trkpt lat="-9.1266472" lon="148.2691017">
	<ele>773.70</ele>
	<time>2026-02-01T08:17:01.000Z</time>
	<hdop>4.00</hdop>
	<extensions>
		<gpxtpx:TrackPointExtension>
			<gpxtpx:course>197.6</gpxtpx:course>
		</gpxtpx:TrackPointExtension>
	</extensions>
</trkpt>
<trkpt lat="-9.1267512" lon="148.2690768">
	<ele>773.94</ele>
	<time>2026-02-01T08:17:11.000Z</time>
	<hdop>3.50</hdop>
	<extensions>
		<gpxtpx:TrackPointExtension>
			<gpxtpx:course>199.9</gpxtpx:course>
		</gpxtpx:TrackPointExtension>
	</extensions>
</trkpt>
<trkpt lat="-9.1268724" lon="148.2690545">
	<ele>774.45</ele>
	<time>2026-02-01T08:17:21.000Z</time>
	<hdop>3.50</hdop>
	<extensions>
		<gpxtpx:TrackPointExtension>
			<gpxtpx:course>170.6</gpxtpx:course>
		</gpxtpx:TrackPointExtension>
	</extensions>
</trkpt>
<trkpt lat="-9.1269810" lon="148.2690350">
	<ele>775.70</ele>
	<time>2026-02-01T08:17:31.000Z</time>
	<hdop>3.50</hdop>
	<extensions>
		<gpxtpx:TrackPointExtension>
			<gpxtpx:course>198.6</gpxtpx:course>
		</gpxtpx:TrackPointExtension>
	</extensions>
</trkpt>
<trkpt lat="-9.1270887" lon="148.2689844">
	<ele>776.70</ele>
	<time>2026-02-01T08:17:41.000Z</time>
	<hdop>4.00</hdop>
	<extensions>
		<gpxtpx:TrackPointExtension>
			<gpxtpx:course>212.0</gpxtpx:course>
		</gpxtpx:TrackPointExtension>
	</extensions>
</trkpt>
<trkpt lat="-9.1271972" lon="148.2689406">
	<ele>775.70</ele>
	<time>2026-02-01T08:17:51.000Z</time>
	<hdop>3.50</hdop>
	<extensions>
		<gpxtpx:TrackPointExtension>
			<gpxtpx:course>191.8</gpxtpx:course>
		</gpxtpx:TrackPointExtension>
	</extensions>
</trkpt>
<trkpt lat="-9.1272940" lon="148.2688904">
	<ele>773.94</ele>
	<time>2026-02-01T08:18:01.000Z</time>
	<hdop>3.50</hdop>
	<extensions>
		<gpxtpx:TrackPointExtension>
			<gpxtpx:course>202.2</gpxtpx:course>
		</gpxtpx:TrackPointExtension>
	</extensions>
</trkpt>
<trkpt lat="-9.1274165" lon="148.2688427">
	<ele>773.70</ele>
	<time>2026-02-01T08:18:11.000Z</time>
	<hdop>4.00</hdop>
	<extensions>
		<gpxtpx:TrackPointExtension>
			<gpxtpx:course>211.9</gpxtpx:course>
		</gpxtpx:TrackPointExtension>
	</extensions>
</trkpt>
<trkpt lat="-9.1275260" lon="148.2688061">
	<ele>773.70</ele>
	<time>2026-02-01T08:18:21.000Z</time>
	<hdop>3.50</hdop>
	<extensions>
		<gpxtpx:TrackPointExtension>
			<gpxtpx:course>189.0</gpxtpx:course>
		</gpxtpx:TrackPointExtension>
	</extensions>
</trkpt>
<trkpt lat="-9.1276368" lon="148.2688059">
	<ele>773.50</ele>
	<time>2026-02-01T08:18:31.000Z</time>
	<hdop>3.00</hdop>
	<extensions>
		<gpxtpx:TrackPointExtension>
			<gpxtpx:course>199.2</gpxtpx:course>
		</gpxtpx:TrackPointExtension>
	</extensions>
</trkpt>
<trkpt lat="-9.1277659" lon="148.2688097">
	<ele>772.70</ele>
	<time>2026-02-01T08:18:41.000Z</time>
	<hdop>3.00</hdop>
	<extensions>
		<gpxtpx:TrackPointExtension>
			<gpxtpx:course>188.3</gpxtpx:course>
		</gpxtpx:TrackPointExtension>
	</extensions>
</trkpt>
<trkpt lat="-9.1278981" lon="148.2688000">
	<ele>771.95</ele>
	<time>2026-02-01T08:18:51.000Z</time>
	<hdop>4.00</hdop>
	<extensions>
		<gpxtpx:TrackPointExtension>
			<gpxtpx:course>194.9</gpxtpx:course>
		</gpxtpx:TrackPointExtension>
	</extensions>
</trkpt>
<trkpt lat="-9.1280059" lon="148.2688063">
	<ele>771.70</ele>
	<time>2026-02-01T08:19:01.000Z</time>
	<hdop>3.50</hdop>
	<extensions>
		<gpxtpx:TrackPointExtension>
			<gpxtpx:course>175.6</gpxtpx:course>
		</gpxtpx:TrackPointExtension>
	</extensions>
</trkpt>
<trkpt lat="-9.1281283" lon="148.2687837">
	<ele>772.70</ele>
	<time>2026-02-01T08:19:11.000Z</time>
	<hdop>3.50</hdop>
	<extensions>
		<gpxtpx:TrackPointExtension>
			<gpxtpx:course>199.2</gpxtpx:course>
		</gpxtpx:TrackPointExtension>
	</extensions>
</trkpt>
<trkpt lat="-9.1282410" lon="148.2687542">
	<ele>773.63</ele>
	<time>2026-02-01T08:19:21.000Z</time>
	<hdop>3.50</hdop>
	<extensions>
		<gpxtpx:TrackPointExtension>
			<gpxtpx:course>198.7</gpxtpx:course>
		</gpxtpx:TrackPointExtension>
	</extensions>
</trkpt>
<trkpt lat="-9.1283529" lon="148.2687453">
	<ele>773.70</ele>
	<time>2026-02-01T08:19:31.000Z</time>
	<hdop>3.50</hdop>
	<extensions>
		<gpxtpx:TrackPointExtension>
			<gpxtpx:course>182.4</gpxtpx:course>
		</gpxtpx:TrackPointExtension>
	</extensions>
</trkpt>
<trkpt lat="-9.1284749" lon="148.2687218">
	<ele>774.69</ele>
	<time>2026-02-01T08:19:41.000Z</time>
	<hdop>3.50</hdop>
	<extensions>
		<gpxtpx:TrackPointExtension>
			<gpxtpx:course>199.9</gpxtpx:course>
		</gpxtpx:TrackPointExtension>
	</extensions>
</trkpt>
<trkpt lat="-9.1286002" lon="148.2687222">
	<ele>774.75</ele>
	<time>2026-02-01T08:19:51.000Z</time>
	<hdop>3.50</hdop>
	<extensions>
		<gpxtpx:TrackPointExtension>
			<gpxtpx:course>185.6</gpxtpx:course>
		</gpxtpx:TrackPointExtension>
	</extensions>
</trkpt>
<trkpt lat="-9.1287228" lon="148.2687144">
	<ele>776.39</ele>
	<time>2026-02-01T08:20:01.000Z</time>
	<hdop>3.50</hdop>
	<extensions>
		<gpxtpx:TrackPointExtension>
			<gpxtpx:course>188.7</gpxtpx:course>
		</gpxtpx:TrackPointExtension>
	</extensions>
</trkpt>
<trkpt lat="-9.1288251" lon="148.2686945">
	<ele>777.65</ele>
	<time>2026-02-01T08:20:11.000Z</time>
	<hdop>3.50</hdop>
	<extensions>
		<gpxtpx:TrackPointExtension>
			<gpxtpx:course>192.7</gpxtpx:course>
		</gpxtpx:TrackPointExtension>
	</extensions>
</trkpt>
<trkpt lat="-9.1289628" lon="148.2686817">
	<ele>778.69</ele>
	<time>2026-02-01T08:20:21.000Z</time>
	<hdop>3.50</hdop>
	<extensions>
		<gpxtpx:TrackPointExtension>
			<gpxtpx:course>178.9</gpxtpx:course>
		</gpxtpx:TrackPointExtension>
	</extensions>
</trkpt>
<trkpt lat="-9.1290641" lon="148.2686764">
	<ele>777.76</ele>
	<time>2026-02-01T08:20:31.000Z</time>
	<hdop>3.50</hdop>
	<extensions>
		<gpxtpx:TrackPointExtension>
			<gpxtpx:course>198.8</gpxtpx:course>
		</gpxtpx:TrackPointExtension>
	</extensions>
</trkpt>
<trkpt lat="-9.1291891" lon="148.2686709">
	<ele>776.63</ele>
	<time>2026-02-01T08:20:41.000Z</time>
	<hdop>3.50</hdop>
	<extensions>
		<gpxtpx:TrackPointExtension>
			<gpxtpx:course>179.2</gpxtpx:course>
		</gpxtpx:TrackPointExtension>
	</extensions>
</trkpt>
<trkpt lat="-9.1293219" lon="148.2686725">
	<ele>780.44</ele>
	<time>2026-02-01T08:20:51.000Z</time>
	<hdop>3.50</hdop>
	<extensions>
		<gpxtpx:TrackPointExtension>
			<gpxtpx:course>194.6</gpxtpx:course>
		</gpxtpx:TrackPointExtension>
	</extensions>
</trkpt>
<trkpt lat="-9.1294237" lon="148.2686570">
	<ele>781.69</ele>
	<time>2026-02-01T08:21:01.000Z</time>
	<hdop>3.00</hdop>
	<extensions>
		<gpxtpx:TrackPointExtension>
			<gpxtpx:course>202.1</gpxtpx:course>
		</gpxtpx:TrackPointExtension>
	</extensions>
</trkpt>
<trkpt lat="-9.1295308" lon="148.2686056">
	<ele>781.68</ele>
	<time>2026-02-01T08:21:11.000Z</time>
	<hdop>3.50</hdop>
	<extensions>
		<gpxtpx:TrackPointExtension>
			<gpxtpx:course>223.5</gpxtpx:course>
		</gpxtpx:TrackPointExtension>
	</extensions>
</trkpt>
<trkpt lat="-9.1296180" lon="148.2685419">
	<ele>781.69</ele>
	<time>2026-02-01T08:21:21.000Z</time>
	<hdop>3.50</hdop>
	<extensions>
		<gpxtpx:TrackPointExtension>
			<gpxtpx:course>228.4</gpxtpx:course>
		</gpxtpx:TrackPointExtension>
	</extensions>
</trkpt>
<trkpt lat="-9.1297126" lon="148.2684703">
	<ele>782.69</ele>
	<time>2026-02-01T08:21:31.000Z</time>
	<hdop>3.50</hdop>
	<extensions>
		<gpxtpx:TrackPointExtension>
			<gpxtpx:course>217.5</gpxtpx:course>
		</gpxtpx:TrackPointExtension>
	</extensions>
</trkpt>
<trkpt lat="-9.1298122" lon="148.2684096">
	<ele>783.69</ele>
	<time>2026-02-01T08:21:41.000Z</time>
	<hdop>3.50</hdop>
	<extensions>
		<gpxtpx:TrackPointExtension>
			<gpxtpx:course>217.9</gpxtpx:course>
		</gpxtpx:TrackPointExtension>
	</extensions>
</trkpt>
<trkpt lat="-9.1299223" lon="148.2683567">
	<ele>782.64</ele>
	<time>2026-02-01T08:21:51.000Z</time>
	<hdop>3.50</hdop>
	<extensions>
		<gpxtpx:TrackPointExtension>
			<gpxtpx:course>217.4</gpxtpx:course>
		</gpxtpx:TrackPointExtension>
	</extensions>
</trkpt>
<trkpt lat="-9.1300405" lon="148.2683034">
	<ele>782.69</ele>
	<time>2026-02-01T08:22:01.000Z</time>
	<hdop>3.50</hdop>
	<extensions>
		<gpxtpx:TrackPointExtension>
			<gpxtpx:course>208.3</gpxtpx:course>
		</gpxtpx:TrackPointExtension>
	</extensions>
</trkpt>
<trkpt lat="-9.1301442" lon="148.2682415">
	<ele>784.69</ele>
	<time>2026-02-01T08:22:11.000Z</time>
	<hdop>3.50</hdop>
	<extensions>
		<gpxtpx:TrackPointExtension>
			<gpxtpx:course>213.9</gpxtpx:course>
		</gpxtpx:TrackPointExtension>
	</extensions>
</trkpt>
<trkpt lat="-9.1302402" lon="148.2681765">
	<ele>784.50</ele>
	<time>2026-02-01T08:22:21.000Z</time>
	<hdop>3.50</hdop>
	<extensions>
		<gpxtpx:TrackPointExtension>
			<gpxtpx:course>219.7</gpxtpx:course>
		</gpxtpx:TrackPointExtension>
	</extensions>
</trkpt>
<trkpt lat="-9.1303382" lon="148.2680990">
	<ele>785.62</ele>
	<time>2026-02-01T08:22:31.000Z</time>
	<hdop>3.50</hdop>
	<extensions>
		<gpxtpx:TrackPointExtension>
			<gpxtpx:course>208.4</gpxtpx:course>
		</gpxtpx:TrackPointExtension>
	</extensions>
</trkpt>
<trkpt lat="-9.1304491" lon="148.2680326">
	<ele>783.69</ele>
	<time>2026-02-01T08:22:41.000Z</time>
	<hdop>3.00</hdop>
	<extensions>
		<gpxtpx:TrackPointExtension>
			<gpxtpx:course>207.3</gpxtpx:course>
		</gpxtpx:TrackPointExtension>
	</extensions>
</trkpt>
<trkpt lat="-9.1305446" lon="148.2679778">
	<ele>783.69</ele>
	<time>2026-02-01T08:22:51.000Z</time>
	<hdop>3.50</hdop>
	<extensions>
		<gpxtpx:TrackPointExtension>
			<gpxtpx:course>216.4</gpxtpx:course>
		</gpxtpx:TrackPointExtension>
	</extensions>
</trkpt>
<trkpt lat="-9.1306519" lon="148.2679256">
	<ele>781.93</ele>
	<time>2026-02-01T08:23:01.000Z</time>
	<hdop>4.00</hdop>
	<extensions>
		<gpxtpx:TrackPointExtension>
			<gpxtpx:course>204.5</gpxtpx:course>
		</gpxtpx:TrackPointExtension>
	</extensions>
</trkpt>
<trkpt lat="-9.1307683" lon="148.2678698">
	<ele>781.93</ele>
	<time>2026-02-01T08:23:11.000Z</time>
	<hdop>3.50</hdop>
	<extensions>
		<gpxtpx:TrackPointExtension>
			<gpxtpx:course>205.9</gpxtpx:course>
		</gpxtpx:TrackPointExtension>
	</extensions>
</trkpt>
<trkpt lat="-9.1308890" lon="148.2678047">
	<ele>782.68</ele>
	<time>2026-02-01T08:23:21.000Z</time>
	<hdop>3.50</hdop>
	<extensions>
		<gpxtpx:TrackPointExtension>
			<gpxtpx:course>221.6</gpxtpx:course>
		</gpxtpx:TrackPointExtension>
	</extensions>
</trkpt>
<trkpt lat="-9.1310015" lon="148.2677500">
	<ele>780.95</ele>
	<time>2026-02-01T08:23:31.000Z</time>
	<hdop>3.50</hdop>
	<extensions>
		<gpxtpx:TrackPointExtension>
			<gpxtpx:course>221.0</gpxtpx:course>
		</gpxtpx:TrackPointExtension>
	</extensions>
</trkpt>
<trkpt lat="-9.1311019" lon="148.2676836">
	<ele>781.62</ele>
	<time>2026-02-01T08:23:41.000Z</time>
	<hdop>3.50</hdop>
	<extensions>
		<gpxtpx:TrackPointExtension>
			<gpxtpx:course>206.4</gpxtpx:course>
		</gpxtpx:TrackPointExtension>
	</extensions>
</trkpt>
<trkpt lat="-9.1311948" lon="148.2676368">
	<ele>779.70</ele>
	<time>2026-02-01T08:23:51.000Z</time>
	<hdop>3.50</hdop>
	<extensions>
		<gpxtpx:TrackPointExtension>
			<gpxtpx:course>203.0</gpxtpx:course>
		</gpxtpx:TrackPointExtension>
	</extensions>
</trkpt>
<trkpt lat="-9.1313214" lon="148.2675853">
	<ele>780.67</ele>
	<time>2026-02-01T08:24:01.000Z</time>
	<hdop>3.50</hdop>
	<extensions>
		<gpxtpx:TrackPointExtension>
			<gpxtpx:course>206.9</gpxtpx:course>
		</gpxtpx:TrackPointExtension>
	</extensions>
</trkpt>
<trkpt lat="-9.1314233" lon="148.2675393">
	<ele>780.68</ele>
	<time>2026-02-01T08:24:11.000Z</time>
	<hdop>3.50</hdop>
	<extensions>
		<gpxtpx:TrackPointExtension>
			<gpxtpx:course>195.1</gpxtpx:course>
		</gpxtpx:TrackPointExtension>
	</extensions>
</trkpt>
<trkpt lat="-9.1315415" lon="148.2674684">
	<ele>779.68</ele>
	<time>2026-02-01T08:24:21.000Z</time>
	<hdop>3.50</hdop>
	<extensions>
		<gpxtpx:TrackPointExtension>
			<gpxtpx:course>205.8</gpxtpx:course>
		</gpxtpx:TrackPointExtension>
	</extensions>
</trkpt>
<trkpt lat="-9.1316522" lon="148.2674086">
	<ele>781.68</ele>
	<time>2026-02-01T08:24:31.000Z</time>
	<hdop>3.00</hdop>
	<extensions>
		<gpxtpx:TrackPointExtension>
			<gpxtpx:course>209.2</gpxtpx:course>
		</gpxtpx:TrackPointExtension>
	</extensions>
</trkpt>
<trkpt lat="-9.1317590" lon="148.2673692">
	<ele>779.93</ele>
	<time>2026-02-01T08:24:41.000Z</time>
	<hdop>4.00</hdop>
	<extensions>
		<gpxtpx:TrackPointExtension>
			<gpxtpx:course>209.0</gpxtpx:course>
		</gpxtpx:TrackPointExtension>
	</extensions>
</trkpt>
<trkpt lat="-9.1318790" lon="148.2673348">
	<ele>779.43</ele>
	<time>2026-02-01T08:24:51.000Z</time>
	<hdop>3.50</hdop>
	<extensions>
		<gpxtpx:TrackPointExtension>
			<gpxtpx:course>199.1</gpxtpx:course>
		</gpxtpx:TrackPointExtension>
	</extensions>
</trkpt>
<trkpt lat="-9.1320078" lon="148.2673187">
	<ele>778.68</ele>
	<time>2026-02-01T08:25:01.000Z</time>
	<hdop>3.50</hdop>
	<extensions>
		<gpxtpx:TrackPointExtension>
			<gpxtpx:course>200.3</gpxtpx:course>
		</gpxtpx:TrackPointExtension>
	</extensions>
</trkpt>
<trkpt lat="-9.1321242" lon="148.2673131">
	<ele>776.68</ele>
	<time>2026-02-01T08:25:11.000Z</time>
	<hdop>3.00</hdop>
	<extensions>
		<gpxtpx:TrackPointExtension>
			<gpxtpx:course>180.3</gpxtpx:course>
		</gpxtpx:TrackPointExtension>
	</extensions>
</trkpt>
<trkpt lat="-9.1322435" lon="148.2673253">
	<ele>776.69</ele>
	<time>2026-02-01T08:25:21.000Z</time>
	<hdop>3.00</hdop>
	<extensions>
		<gpxtpx:TrackPointExtension>
			<gpxtpx:course>177.7</gpxtpx:course>
		</gpxtpx:TrackPointExtension>
	</extensions>
</trkpt>
<trkpt lat="-9.1323749" lon="148.2673434">
	<ele>775.74</ele>
	<time>2026-02-01T08:25:31.000Z</time>
	<hdop>3.00</hdop>
	<extensions>
		<gpxtpx:TrackPointExtension>
			<gpxtpx:course>174.0</gpxtpx:course>
		</gpxtpx:TrackPointExtension>
	</extensions>
</trkpt>
<trkpt lat="-9.1324869" lon="148.2673497">
	<ele>772.74</ele>
	<time>2026-02-01T08:25:41.000Z</time>
	<hdop>3.50</hdop>
	<extensions>
		<gpxtpx:TrackPointExtension>
			<gpxtpx:course>179.9</gpxtpx:course>
		</gpxtpx:TrackPointExtension>
	</extensions>
</trkpt>
<trkpt lat="-9.1325987" lon="148.2673594">
	<ele>773.68</ele>
	<time>2026-02-01T08:25:51.000Z</time>
	<hdop>3.00</hdop>
	<extensions>
		<gpxtpx:TrackPointExtension>
			<gpxtpx:course>177.2</gpxtpx:course>
		</gpxtpx:TrackPointExtension>
	</extensions>
</trkpt>
<trkpt lat="-9.1327121" lon="148.2673571">
	<ele>774.67</ele>
	<time>2026-02-01T08:26:01.000Z</time>
	<hdop>3.50</hdop>
	<extensions>
		<gpxtpx:TrackPointExtension>
			<gpxtpx:course>194.9</gpxtpx:course>
		</gpxtpx:TrackPointExtension>
	</extensions>
</trkpt>
<trkpt lat="-9.1328238" lon="148.2673305">
	<ele>773.68</ele>
	<time>2026-02-01T08:26:11.000Z</time>
	<hdop>3.50</hdop>
	<extensions>
		<gpxtpx:TrackPointExtension>
			<gpxtpx:course>198.5</gpxtpx:course>
		</gpxtpx:TrackPointExtension>
	</extensions>
</trkpt>
<trkpt lat="-9.1329347" lon="148.2673008">
	<ele>774.67</ele>
	<time>2026-02-01T08:26:21.000Z</time>
	<hdop>3.00</hdop>
	<extensions>
		<gpxtpx:TrackPointExtension>
			<gpxtpx:course>199.8</gpxtpx:course>
		</gpxtpx:TrackPointExtension>
	</extensions>
</trkpt>
<trkpt lat="-9.1330390" lon="148.2672633">
	<ele>776.67</ele>
	<time>2026-02-01T08:26:31.000Z</time>
	<hdop>4.00</hdop>
	<extensions>
		<gpxtpx:TrackPointExtension>
			<gpxtpx:course>210.0</gpxtpx:course>
		</gpxtpx:TrackPointExtension>
	</extensions>
</trkpt>
<trkpt lat="-9.1331361" lon="148.2672140">
	<ele>776.61</ele>
	<time>2026-02-01T08:26:41.000Z</time>
	<hdop>3.50</hdop>
	<extensions>
		<gpxtpx:TrackPointExtension>
			<gpxtpx:course>217.0</gpxtpx:course>
		</gpxtpx:TrackPointExtension>
	</extensions>
</trkpt>
<trkpt lat="-9.1332450" lon="148.2671555">
	<ele>777.67</ele>
	<time>2026-02-01T08:26:51.000Z</time>
	<hdop>3.00</hdop>
	<extensions>
		<gpxtpx:TrackPointExtension>
			<gpxtpx:course>215.2</gpxtpx:course>
		</gpxtpx:TrackPointExtension>
	</extensions>
</trkpt>
<trkpt lat="-9.1333499" lon="148.2670887">
	<ele>777.88</ele>
	<time>2026-02-01T08:27:01.000Z</time>
	<hdop>3.50</hdop>
	<extensions>
		<gpxtpx:TrackPointExtension>
			<gpxtpx:course>209.4</gpxtpx:course>
		</gpxtpx:TrackPointExtension>
	</extensions>
</trkpt>
<trkpt lat="-9.1334596" lon="148.2670378">
	<ele>776.74</ele>
	<time>2026-02-01T08:27:11.000Z</time>
	<hdop>3.00</hdop>
	<extensions>
		<gpxtpx:TrackPointExtension>
			<gpxtpx:course>212.1</gpxtpx:course>
		</gpxtpx:TrackPointExtension>
	</extensions>
</trkpt>
<trkpt lat="-9.1335590" lon="148.2669685">
	<ele>777.67</ele>
	<time>2026-02-01T08:27:21.000Z</time>
	<hdop>3.50</hdop>
	<extensions>
		<gpxtpx:TrackPointExtension>
			<gpxtpx:course>212.9</gpxtpx:course>
		</gpxtpx:TrackPointExtension>
	</extensions>
</trkpt>
<trkpt lat="-9.1336800" lon="148.2669180">
	<ele>777.67</ele>
	<time>2026-02-01T08:27:31.000Z</time>
	<hdop>3.50</hdop>
	<extensions>
		<gpxtpx:TrackPointExtension>
			<gpxtpx:course>212.2</gpxtpx:course>
		</gpxtpx:TrackPointExtension>
	</extensions>
</trkpt>
<trkpt lat="-9.1338032" lon="148.2668689">
	<ele>777.67</ele>
	<time>2026-02-01T08:27:41.000Z</time>
	<hdop>3.00</hdop>
	<extensions>
		<gpxtpx:TrackPointExtension>
			<gpxtpx:course>186.8</gpxtpx:course>
		</gpxtpx:TrackPointExtension>
	</extensions>
</trkpt>
<trkpt lat="-9.1339266" lon="148.2668320">
	<ele>776.67</ele>
	<time>2026-02-01T08:27:51.000Z</time>
	<hdop>3.50</hdop>
	<extensions>
		<gpxtpx:TrackPointExtension>
			<gpxtpx:course>194.9</gpxtpx:course>
		</gpxtpx:TrackPointExtension>
	</extensions>
</trkpt>
<trkpt lat="-9.1340412" lon="148.2668100">
	<ele>776.67</ele>
	<time>2026-02-01T08:28:01.000Z</time>
	<hdop>3.50</hdop>
	<extensions>
		<gpxtpx:TrackPointExtension>
			<gpxtpx:course>185.0</gpxtpx:course>
		</gpxtpx:TrackPointExtension>
	</extensions>
</trkpt>
<trkpt lat="-9.1341732" lon="148.2668160">
	<ele>776.67</ele>
	<time>2026-02-01T08:28:11.000Z</time>
	<hdop>3.50</hdop>
	<extensions>
		<gpxtpx:TrackPointExtension>
			<gpxtpx:course>194.4</gpxtpx:course>
		</gpxtpx:TrackPointExtension>
	</extensions>
</trkpt>
<trkpt lat="-9.1342841" lon="148.2668260">
	<ele>776.67</ele>
	<time>2026-02-01T08:28:21.000Z</time>
	<hdop>3.50</hdop>
	<extensions>
		<gpxtpx:TrackPointExtension>
			<gpxtpx:course>183.8</gpxtpx:course>
		</gpxtpx:TrackPointExtension>
	</extensions>
</trkpt>
<trkpt lat="-9.1344104" lon="148.2668382">
	<ele>776.67</ele>
	<time>2026-02-01T08:28:31.000Z</time>
	<hdop>3.50</hdop>
	<extensions>
		<gpxtpx:TrackPointExtension>
			<gpxtpx:course>178.3</gpxtpx:course>
		</gpxtpx:TrackPointExtension>
	</extensions>
</trkpt>
<trkpt lat="-9.1345395" lon="148.2668401">
	<ele>775.67</ele>
	<time>2026-02-01T08:28:41.000Z</time>
	<hdop>3.50</hdop>
	<extensions>
		<gpxtpx:TrackPointExtension>
			<gpxtpx:course>175.1</gpxtpx:course>
		</gpxtpx:TrackPointExtension>
	</extensions>
</trkpt>
<trkpt lat="-9.1346529" lon="148.2668374">
	<ele>776.67</ele>
	<time>2026-02-01T08:28:51.000Z</time>
	<hdop>3.00</hdop>
	<extensions>
		<gpxtpx:TrackPointExtension>
			<gpxtpx:course>186.1</gpxtpx:course>
		</gpxtpx:TrackPointExtension>
	</extensions>
</trkpt>
<trkpt lat="-9.1347676" lon="148.2668274">
	<ele>777.60</ele>
	<time>2026-02-01T08:29:01.000Z</time>
	<hdop>2.50</hdop>
	<extensions>
		<gpxtpx:TrackPointExtension>
			<gpxtpx:course>185.2</gpxtpx:course>
		</gpxtpx:TrackPointExtension>
	</extensions>
</trkpt>
<trkpt lat="-9.1348831" lon="148.2668162">
	<ele>773.73</ele>
	<time>2026-02-01T08:29:11.000Z</time>
	<hdop>3.50</hdop>
	<extensions>
		<gpxtpx:TrackPointExtension>
			<gpxtpx:course>202.8</gpxtpx:course>
		</gpxtpx:TrackPointExtension>
	</extensions>
</trkpt>
<trkpt lat="-9.1349874" lon="148.2667690">
	<ele>773.67</ele>
	<time>2026-02-01T08:29:21.000Z</time>
	<hdop>3.00</hdop>
	<extensions>
		<gpxtpx:TrackPointExtension>
			<gpxtpx:course>193.0</gpxtpx:course>
		</gpxtpx:TrackPointExtension>
	</extensions>
</trkpt>
<trkpt lat="-9.1350895" lon="148.2667131">
	<ele>771.72</ele>
	<time>2026-02-01T08:29:31.000Z</time>
	<hdop>3.50</hdop>
	<extensions>
		<gpxtpx:TrackPointExtension>
			<gpxtpx:course>199.0</gpxtpx:course>
		</gpxtpx:TrackPointExtension>
	</extensions>
</trkpt>
<trkpt lat="-9.1351846" lon="148.2666422">
	<ele>770.60</ele>
	<time>2026-02-01T08:29:41.000Z</time>
	<hdop>3.50</hdop>
	<extensions>
		<gpxtpx:TrackPointExtension>
			<gpxtpx:course>240.1</gpxtpx:course>
		</gpxtpx:TrackPointExtension>
	</extensions>
</trkpt>
<trkpt lat="-9.1352807" lon="148.2665711">
	<ele>768.62</ele>
	<time>2026-02-01T08:29:51.000Z</time>
	<hdop>4.00</hdop>
	<extensions>
		<gpxtpx:TrackPointExtension>
			<gpxtpx:course>234.6</gpxtpx:course>
		</gpxtpx:TrackPointExtension>
	</extensions>
</trkpt>
<trkpt lat="-9.1353771" lon="148.2665018">
	<ele>767.68</ele>
	<time>2026-02-01T08:30:01.000Z</time>
	<hdop>3.50</hdop>
	<extensions>
		<gpxtpx:TrackPointExtension>
			<gpxtpx:course>226.1</gpxtpx:course>
		</gpxtpx:TrackPointExtension>
	</extensions>
</trkpt>
<trkpt lat="-9.1354844" lon="148.2664260">
	<ele>769.42</ele>
	<time>2026-02-01T08:30:11.000Z</time>
	<hdop>3.50</hdop>
	<extensions>
		<gpxtpx:TrackPointExtension>
			<gpxtpx:course>245.1</gpxtpx:course>
		</gpxtpx:TrackPointExtension>
	</extensions>
</trkpt>
<trkpt lat="-9.1355641" lon="148.2663499">
	<ele>768.84</ele>
	<time>2026-02-01T08:30:21.000Z</time>
	<hdop>3.50</hdop>
	<extensions>
		<gpxtpx:TrackPointExtension>
			<gpxtpx:course>222.7</gpxtpx:course>
		</gpxtpx:TrackPointExtension>
	</extensions>
</trkpt>
<trkpt lat="-9.1356391" lon="148.2662612">
	<ele>770.61</ele>
	<time>2026-02-01T08:30:31.000Z</time>
	<hdop>3.50</hdop>
	<extensions>
		<gpxtpx:TrackPointExtension>
			<gpxtpx:course>224.7</gpxtpx:course>
		</gpxtpx:TrackPointExtension>
	</extensions>
</trkpt>
<trkpt lat="-9.1357329" lon="148.2661858">
	<ele>767.68</ele>
	<time>2026-02-01T08:30:41.000Z</time>
	<hdop>3.50</hdop>
	<extensions>
		<gpxtpx:TrackPointExtension>
			<gpxtpx:course>222.4</gpxtpx:course>
		</gpxtpx:TrackPointExtension>
	</extensions>
</trkpt>
<trkpt lat="-9.1358328" lon="148.2660961">
	<ele>768.64</ele>
	<time>2026-02-01T08:30:51.000Z</time>
	<hdop>3.50</hdop>
	<extensions>
		<gpxtpx:TrackPointExtension>
			<gpxtpx:course>217.1</gpxtpx:course>
		</gpxtpx:TrackPointExtension>
	</extensions>
</trkpt>
<trkpt lat="-9.1359254" lon="148.2660450">
	<ele>768.60</ele>
	<time>2026-02-01T08:32:28.000Z</time>
	<hdop>3.50</hdop>
	<extensions>
		<gpxtpx:TrackPointExtension>
			<gpxtpx:course>204.9</gpxtpx:course>
		</gpxtpx:TrackPointExtension>
	</extensions>
</trkpt>
<trkpt lat="-9.1360132" lon="148.2659875">
	<ele>769.65</ele>
	<time>2026-02-01T08:32:38.000Z</time>
	<hdop>3.00</hdop>
	<extensions>
		<gpxtpx:TrackPointExtension>
			<gpxtpx:course>215.9</gpxtpx:course>
		</gpxtpx:TrackPointExtension>
	</extensions>
</trkpt>
<trkpt lat="-9.1361224" lon="148.2659575">
	<ele>767.65</ele>
	<time>2026-02-01T08:32:48.000Z</time>
	<hdop>3.00</hdop>
	<extensions>
		<gpxtpx:TrackPointExtension>
			<gpxtpx:course>194.8</gpxtpx:course>
		</gpxtpx:TrackPointExtension>
	</extensions>
</trkpt>
<trkpt lat="-9.1362271" lon="148.2659330">
	<ele>766.72</ele>
	<time>2026-02-01T08:32:58.000Z</time>
	<hdop>3.50</hdop>
	<extensions>
		<gpxtpx:TrackPointExtension>
			<gpxtpx:course>177.5</gpxtpx:course>
		</gpxtpx:TrackPointExtension>
	</extensions>
</trkpt>
<trkpt lat="-9.1363324" lon="148.2659330">
	<ele>763.92</ele>
	<time>2026-02-01T08:33:08.000Z</time>
	<hdop>3.50</hdop>
	<extensions>
		<gpxtpx:TrackPointExtension>
			<gpxtpx:course>179.5</gpxtpx:course>
		</gpxtpx:TrackPointExtension>
	</extensions>
</trkpt>
<trkpt lat="-9.1364372" lon="148.2659091">
	<ele>763.90</ele>
	<time>2026-02-01T08:33:18.000Z</time>
	<hdop>3.00</hdop>
	<extensions>
		<gpxtpx:TrackPointExtension>
			<gpxtpx:course>198.5</gpxtpx:course>
		</gpxtpx:TrackPointExtension>
	</extensions>
</trkpt>
<trkpt lat="-9.1365547" lon="148.2658908">
	<ele>764.59</ele>
	<time>2026-02-01T08:33:28.000Z</time>
	<hdop>3.50</hdop>
	<extensions>
		<gpxtpx:TrackPointExtension>
			<gpxtpx:course>203.2</gpxtpx:course>
		</gpxtpx:TrackPointExtension>
	</extensions>
</trkpt>
<trkpt lat="-9.1366482" lon="148.2658668">
	<ele>764.66</ele>
	<time>2026-02-01T08:33:38.000Z</time>
	<hdop>3.50</hdop>
	<extensions>
		<gpxtpx:TrackPointExtension>
			<gpxtpx:course>206.8</gpxtpx:course>
		</gpxtpx:TrackPointExtension>
	</extensions>
</trkpt>
<trkpt lat="-9.1367412" lon="148.2658212">
	<ele>763.66</ele>
	<time>2026-02-01T08:33:48.000Z</time>
	<hdop>3.00</hdop>
	<extensions>
		<gpxtpx:TrackPointExtension>
			<gpxtpx:course>208.2</gpxtpx:course>
		</gpxtpx:TrackPointExtension>
	</extensions>
</trkpt>
<trkpt lat="-9.1368425" lon="148.2658069">
	<ele>764.60</ele>
	<time>2026-02-01T08:33:58.000Z</time>
	<hdop>3.50</hdop>
	<extensions>
		<gpxtpx:TrackPointExtension>
			<gpxtpx:course>191.1</gpxtpx:course>
		</gpxtpx:TrackPointExtension>
	</extensions>
</trkpt>
<trkpt lat="-9.1369513" lon="148.2657776">
	<ele>767.45</ele>
	<time>2026-02-01T08:34:08.000Z</time>
	<hdop>3.50</hdop>
	<extensions>
		<gpxtpx:TrackPointExtension>
			<gpxtpx:course>194.3</gpxtpx:course>
		</gpxtpx:TrackPointExtension>
	</extensions>
</trkpt>
<trkpt lat="-9.1370807" lon="148.2657500">
	<ele>768.59</ele>
	<time>2026-02-01T08:34:18.000Z</time>
	<hdop>3.50</hdop>
	<extensions>
		<gpxtpx:TrackPointExtension>
			<gpxtpx:course>202.5</gpxtpx:course>
		</gpxtpx:TrackPointExtension>
	</extensions>
</trkpt>
<trkpt lat="-9.1372117" lon="148.2657008">
	<ele>767.65</ele>
	<time>2026-02-01T08:34:28.000Z</time>
	<hdop>3.50</hdop>
	<extensions>
		<gpxtpx:TrackPointExtension>
			<gpxtpx:course>197.0</gpxtpx:course>
		</gpxtpx:TrackPointExtension>
	</extensions>
</trkpt>
<trkpt lat="-9.1372988" lon="148.2656507">
	<ele>768.65</ele>
	<time>2026-02-01T08:34:38.000Z</time>
	<hdop>4.00</hdop>
	<extensions>
		<gpxtpx:TrackPointExtension>
			<gpxtpx:course>203.0</gpxtpx:course>
		</gpxtpx:TrackPointExtension>
	</extensions>
</trkpt>
<trkpt lat="-9.1373923" lon="148.2656343">
	<ele>768.65</ele>
	<time>2026-02-01T08:34:49.000Z</time>
	<hdop>3.50</hdop>
	<extensions>
		<gpxtpx:TrackPointExtension>
			<gpxtpx:course>215.4</gpxtpx:course>
		</gpxtpx:TrackPointExtension>
	</extensions>
</trkpt>
<trkpt lat="-9.1374742" lon="148.2655837">
	<ele>771.64</ele>
	<time>2026-02-01T08:34:59.000Z</time>
	<hdop>3.00</hdop>
	<extensions>
		<gpxtpx:TrackPointExtension>
			<gpxtpx:course>204.8</gpxtpx:course>
		</gpxtpx:TrackPointExtension>
	</extensions>
</trkpt>
<trkpt lat="-9.1375589" lon="148.2655491">
	<ele>771.71</ele>
	<time>2026-02-01T08:35:09.000Z</time>
	<hdop>3.00</hdop>
	<extensions>
		<gpxtpx:TrackPointExtension>
			<gpxtpx:course>204.6</gpxtpx:course>
		</gpxtpx:TrackPointExtension>
	</extensions>
</trkpt>
<trkpt lat="-9.1376384" lon="148.2655036">
	<ele>773.40</ele>
	<time>2026-02-01T08:35:19.000Z</time>
	<hdop>4.00</hdop>
	<extensions>
		<gpxtpx:TrackPointExtension>
			<gpxtpx:course>206.0</gpxtpx:course>
		</gpxtpx:TrackPointExtension>
	</extensions>
</trkpt>
<trkpt lat="-9.1377221" lon="148.2654629">
	<ele>777.44</ele>
	<time>2026-02-01T08:35:29.000Z</time>
	<hdop>3.50</hdop>
	<extensions>
		<gpxtpx:TrackPointExtension>
			<gpxtpx:course>206.1</gpxtpx:course>
		</gpxtpx:TrackPointExtension>
	</extensions>
</trkpt>
<trkpt lat="-9.1378069" lon="148.2654285">
	<ele>777.85</ele>
	<time>2026-02-01T08:35:39.000Z</time>
	<hdop>3.50</hdop>
	<extensions>
		<gpxtpx:TrackPointExtension>
			<gpxtpx:course>200.7</gpxtpx:course>
		</gpxtpx:TrackPointExtension>
	</extensions>
</trkpt>
<trkpt lat="-9.1378802" lon="148.2653737">
	<ele>778.65</ele>
	<time>2026-02-01T08:36:16.000Z</time>
	<hdop>4.00</hdop>
	<extensions>
		<gpxtpx:TrackPointExtension>
			<gpxtpx:course>203.6</gpxtpx:course>
		</gpxtpx:TrackPointExtension>
	</extensions>
</trkpt>
<trkpt lat="-9.1379791" lon="148.2653349">
	<ele>778.65</ele>
	<time>2026-02-01T08:36:26.000Z</time>
	<hdop>3.50</hdop>
	<extensions>
		<gpxtpx:TrackPointExtension>
			<gpxtpx:course>180.4</gpxtpx:course>
		</gpxtpx:TrackPointExtension>
	</extensions>
</trkpt>
<trkpt lat="-9.1380676" lon="148.2652992">
	<ele>778.60</ele>
	<time>2026-02-01T08:36:36.000Z</time>
	<hdop>3.00</hdop>
	<extensions>
		<gpxtpx:TrackPointExtension>
			<gpxtpx:course>198.5</gpxtpx:course>
		</gpxtpx:TrackPointExtension>
	</extensions>
</trkpt>
<trkpt lat="-9.1381674" lon="148.2653003">
	<ele>779.65</ele>
	<time>2026-02-01T08:36:51.000Z</time>
	<hdop>3.50</hdop>
	<extensions>
		<gpxtpx:TrackPointExtension>
			<gpxtpx:course>173.5</gpxtpx:course>
		</gpxtpx:TrackPointExtension>
	</extensions>
</trkpt>
<trkpt lat="-9.1382812" lon="148.2653014">
	<ele>779.59</ele>
	<time>2026-02-01T08:37:01.000Z</time>
	<hdop>3.50</hdop>
	<extensions>
		<gpxtpx:TrackPointExtension>
			<gpxtpx:course>201.1</gpxtpx:course>
		</gpxtpx:TrackPointExtension>
	</extensions>
</trkpt>
<trkpt lat="-9.1384185" lon="148.2653124">
	<ele>778.66</ele>
	<time>2026-02-01T08:37:11.000Z</time>
	<hdop>3.50</hdop>
	<extensions>
		<gpxtpx:TrackPointExtension>
			<gpxtpx:course>185.6</gpxtpx:course>
		</gpxtpx:TrackPointExtension>
	</extensions>
</trkpt>
<trkpt lat="-9.1385458" lon="148.2653098">
	<ele>778.65</ele>
	<time>2026-02-01T08:37:21.000Z</time>
	<hdop>4.00</hdop>
	<extensions>
		<gpxtpx:TrackPointExtension>
			<gpxtpx:course>178.4</gpxtpx:course>
		</gpxtpx:TrackPointExtension>
	</extensions>
</trkpt>
<trkpt lat="-9.1386408" lon="148.2652870">
	<ele>779.69</ele>
	<time>2026-02-01T08:37:40.000Z</time>
	<hdop>3.00</hdop>
	<extensions>
		<gpxtpx:TrackPointExtension>
			<gpxtpx:course>204.6</gpxtpx:course>
		</gpxtpx:TrackPointExtension>
	</extensions>
</trkpt>
<trkpt lat="-9.1387423" lon="148.2652337">
	<ele>780.66</ele>
	<time>2026-02-01T08:37:50.000Z</time>
	<hdop>4.00</hdop>
	<extensions>
		<gpxtpx:TrackPointExtension>
			<gpxtpx:course>206.7</gpxtpx:course>
		</gpxtpx:TrackPointExtension>
	</extensions>
</trkpt>
<trkpt lat="-9.1388211" lon="148.2651855">
	<ele>783.64</ele>
	<time>2026-02-01T08:38:06.000Z</time>
	<hdop>3.50</hdop>
	<extensions>
		<gpxtpx:TrackPointExtension>
			<gpxtpx:course>216.1</gpxtpx:course>
		</gpxtpx:TrackPointExtension>
	</extensions>
</trkpt>
<trkpt lat="-9.1389396" lon="148.2651318">
	<ele>784.40</ele>
	<time>2026-02-01T08:38:16.000Z</time>
	<hdop>3.50</hdop>
	<extensions>
		<gpxtpx:TrackPointExtension>
			<gpxtpx:course>211.2</gpxtpx:course>
		</gpxtpx:TrackPointExtension>
	</extensions>
</trkpt>
<trkpt lat="-9.1390539" lon="148.2650753">
	<ele>783.65</ele>
	<time>2026-02-01T08:38:26.000Z</time>
	<hdop>4.00</hdop>
	<extensions>
		<gpxtpx:TrackPointExtension>
			<gpxtpx:course>203.4</gpxtpx:course>
		</gpxtpx:TrackPointExtension>
	</extensions>
</trkpt>
<trkpt lat="-9.1391580" lon="148.2650257">
	<ele>785.58</ele>
	<time>2026-02-01T08:38:36.000Z</time>
	<hdop>4.00</hdop>
	<extensions>
		<gpxtpx:TrackPointExtension>
			<gpxtpx:course>208.8</gpxtpx:course>
		</gpxtpx:TrackPointExtension>
	</extensions>
</trkpt>
<trkpt lat="-9.1392539" lon="148.2649885">
	<ele>785.64</ele>
	<time>2026-02-01T08:38:46.000Z</time>
	<hdop>4.00</hdop>
	<extensions>
		<gpxtpx:TrackPointExtension>
			<gpxtpx:course>200.9</gpxtpx:course>
		</gpxtpx:TrackPointExtension>
	</extensions>
</trkpt>
<trkpt lat="-9.1393526" lon="148.2649285">
	<ele>785.64</ele>
	<time>2026-02-01T08:38:56.000Z</time>
	<hdop>4.00</hdop>
	<extensions>
		<gpxtpx:TrackPointExtension>
			<gpxtpx:course>209.6</gpxtpx:course>
		</gpxtpx:TrackPointExtension>
	</extensions>
</trkpt>
<trkpt lat="-9.1394515" lon="148.2648571">
	<ele>784.89</ele>
	<time>2026-02-01T08:39:06.000Z</time>
	<hdop>3.50</hdop>
	<extensions>
		<gpxtpx:TrackPointExtension>
			<gpxtpx:course>213.0</gpxtpx:course>
		</gpxtpx:TrackPointExtension>
	</extensions>
</trkpt>
<trkpt lat="-9.1395373" lon="148.2647696">
	<ele>786.64</ele>
	<time>2026-02-01T08:39:16.000Z</time>
	<hdop>3.50</hdop>
	<extensions>
		<gpxtpx:TrackPointExtension>
			<gpxtpx:course>223.4</gpxtpx:course>
		</gpxtpx:TrackPointExtension>
	</extensions>
</trkpt>
<trkpt lat="-9.1396378" lon="148.2646856">
	<ele>787.64</ele>
	<time>2026-02-01T08:39:26.000Z</time>
	<hdop>3.00</hdop>
	<extensions>
		<gpxtpx:TrackPointExtension>
			<gpxtpx:course>227.9</gpxtpx:course>
		</gpxtpx:TrackPointExtension>
	</extensions>
</trkpt>
<trkpt lat="-9.1397049" lon="148.2646086">
	<ele>788.64</ele>
	<time>2026-02-01T08:39:52.000Z</time>
	<hdop>3.50</hdop>
	<extensions>
		<gpxtpx:TrackPointExtension>
			<gpxtpx:course>228.4</gpxtpx:course>
		</gpxtpx:TrackPointExtension>
	</extensions>
</trkpt>
<trkpt lat="-9.1397757" lon="148.2645417">
	<ele>788.64</ele>
	<time>2026-02-01T08:40:04.000Z</time>
	<hdop>4.00</hdop>
	<extensions>
		<gpxtpx:TrackPointExtension>
			<gpxtpx:course>230.4</gpxtpx:course>
		</gpxtpx:TrackPointExtension>
	</extensions>
</trkpt>
<trkpt lat="-9.1398525" lon="148.2644553">
	<ele>789.64</ele>
	<time>2026-02-01T08:40:14.000Z</time>
	<hdop>3.50</hdop>
	<extensions>
		<gpxtpx:TrackPointExtension>
			<gpxtpx:course>224.9</gpxtpx:course>
		</gpxtpx:TrackPointExtension>
	</extensions>
</trkpt>
<trkpt lat="-9.1399460" lon="148.2643649">
	<ele>789.64</ele>
	<time>2026-02-01T08:40:24.000Z</time>
	<hdop>3.50</hdop>
	<extensions>
		<gpxtpx:TrackPointExtension>
			<gpxtpx:course>220.0</gpxtpx:course>
		</gpxtpx:TrackPointExtension>
	</extensions>
</trkpt>
<trkpt lat="-9.1400321" lon="148.2642794">
	<ele>788.70</ele>
	<time>2026-02-01T08:40:34.000Z</time>
	<hdop>3.50</hdop>
	<extensions>
		<gpxtpx:TrackPointExtension>
			<gpxtpx:course>219.6</gpxtpx:course>
		</gpxtpx:TrackPointExtension>
	</extensions>
</trkpt>
<trkpt lat="-9.1401219" lon="148.2642089">
	<ele>789.64</ele>
	<time>2026-02-01T08:40:44.000Z</time>
	<hdop>3.50</hdop>
	<extensions>
		<gpxtpx:TrackPointExtension>
			<gpxtpx:course>221.8</gpxtpx:course>
		</gpxtpx:TrackPointExtension>
	</extensions>
</trkpt>
<trkpt lat="-9.1402203" lon="148.2641231">
	<ele>786.95</ele>
	<time>2026-02-01T08:40:54.000Z</time>
	<hdop>4.00</hdop>
	<extensions>
		<gpxtpx:TrackPointExtension>
			<gpxtpx:course>219.5</gpxtpx:course>
		</gpxtpx:TrackPointExtension>
	</extensions>
</trkpt>
<trkpt lat="-9.1403113" lon="148.2640334">
	<ele>786.64</ele>
	<time>2026-02-01T08:41:04.000Z</time>
	<hdop>4.00</hdop>
	<extensions>
		<gpxtpx:TrackPointExtension>
			<gpxtpx:course>227.7</gpxtpx:course>
		</gpxtpx:TrackPointExtension>
	</extensions>
</trkpt>
<trkpt lat="-9.1403926" lon="148.2639567">
	<ele>785.89</ele>
	<time>2026-02-01T08:41:14.000Z</time>
	<hdop>4.00</hdop>
	<extensions>
		<gpxtpx:TrackPointExtension>
			<gpxtpx:course>221.8</gpxtpx:course>
		</gpxtpx:TrackPointExtension>
	</extensions>
</trkpt>
<trkpt lat="-9.1404851" lon="148.2638786">
	<ele>785.44</ele>
	<time>2026-02-01T08:41:24.000Z</time>
	<hdop>3.50</hdop>
	<extensions>
		<gpxtpx:TrackPointExtension>
			<gpxtpx:course>215.3</gpxtpx:course>
		</gpxtpx:TrackPointExtension>
	</extensions>
</trkpt>
<trkpt lat="-9.1405947" lon="148.2638077">
	<ele>786.62</ele>
	<time>2026-02-01T08:41:34.000Z</time>
	<hdop>3.50</hdop>
	<extensions>
		<gpxtpx:TrackPointExtension>
			<gpxtpx:course>212.8</gpxtpx:course>
		</gpxtpx:TrackPointExtension>
	</extensions>
</trkpt>
<trkpt lat="-9.1407046" lon="148.2637347">
	<ele>787.63</ele>
	<time>2026-02-01T08:41:44.000Z</time>
	<hdop>3.50</hdop>
	<extensions>
		<gpxtpx:TrackPointExtension>
			<gpxtpx:course>210.4</gpxtpx:course>
		</gpxtpx:TrackPointExtension>
	</extensions>
</trkpt>
<trkpt lat="-9.1408103" lon="148.2636722">
	<ele>786.63</ele>
	<time>2026-02-01T08:41:54.000Z</time>
	<hdop>3.50</hdop>
	<extensions>
		<gpxtpx:TrackPointExtension>
			<gpxtpx:course>207.5</gpxtpx:course>
		</gpxtpx:TrackPointExtension>
	</extensions>
</trkpt>
<trkpt lat="-9.1409237" lon="148.2636244">
	<ele>786.63</ele>
	<time>2026-02-01T08:42:04.000Z</time>
	<hdop>3.50</hdop>
	<extensions>
		<gpxtpx:TrackPointExtension>
			<gpxtpx:course>199.8</gpxtpx:course>
		</gpxtpx:TrackPointExtension>
	</extensions>
</trkpt>
<trkpt lat="-9.1410544" lon="148.2635988">
	<ele>786.63</ele>
	<time>2026-02-01T08:42:14.000Z</time>
	<hdop>3.00</hdop>
	<extensions>
		<gpxtpx:TrackPointExtension>
			<gpxtpx:course>186.5</gpxtpx:course>
		</gpxtpx:TrackPointExtension>
	</extensions>
</trkpt>
<trkpt lat="-9.1411632" lon="148.2635712">
	<ele>786.44</ele>
	<time>2026-02-01T08:42:24.000Z</time>
	<hdop>3.00</hdop>
	<extensions>
		<gpxtpx:TrackPointExtension>
			<gpxtpx:course>181.3</gpxtpx:course>
		</gpxtpx:TrackPointExtension>
	</extensions>
</trkpt>
<trkpt lat="-9.1412820" lon="148.2635682">
	<ele>785.63</ele>
	<time>2026-02-01T08:42:34.000Z</time>
	<hdop>3.00</hdop>
	<extensions>
		<gpxtpx:TrackPointExtension>
			<gpxtpx:course>191.5</gpxtpx:course>
		</gpxtpx:TrackPointExtension>
	</extensions>
</trkpt>
<trkpt lat="-9.1414080" lon="148.2635696">
	<ele>785.87</ele>
	<time>2026-02-01T08:42:44.000Z</time>
	<hdop>3.00</hdop>
	<extensions>
		<gpxtpx:TrackPointExtension>
			<gpxtpx:course>176.0</gpxtpx:course>
		</gpxtpx:TrackPointExtension>
	</extensions>
</trkpt>
<trkpt lat="-9.1415211" lon="148.2636053">
	<ele>786.63</ele>
	<time>2026-02-01T08:42:54.000Z</time>
	<hdop>3.00</hdop>
	<extensions>
		<gpxtpx:TrackPointExtension>
			<gpxtpx:course>172.3</gpxtpx:course>
		</gpxtpx:TrackPointExtension>
	</extensions>
</trkpt>
<trkpt lat="-9.1416427" lon="148.2636351">
	<ele>785.63</ele>
	<time>2026-02-01T08:43:04.000Z</time>
	<hdop>3.00</hdop>
	<extensions>
		<gpxtpx:TrackPointExtension>
			<gpxtpx:course>174.2</gpxtpx:course>
		</gpxtpx:TrackPointExtension>
	</extensions>
</trkpt>
<trkpt lat="-9.1417701" lon="148.2636527">
	<ele>785.65</ele>
	<time>2026-02-01T08:43:14.000Z</time>
	<hdop>3.00</hdop>
	<extensions>
		<gpxtpx:TrackPointExtension>
			<gpxtpx:course>176.2</gpxtpx:course>
		</gpxtpx:TrackPointExtension>
	</extensions>
</trkpt>
<trkpt lat="-9.1418859" lon="148.2636636">
	<ele>784.43</ele>
	<time>2026-02-01T08:43:24.000Z</time>
	<hdop>3.00</hdop>
	<extensions>
		<gpxtpx:TrackPointExtension>
			<gpxtpx:course>175.0</gpxtpx:course>
		</gpxtpx:TrackPointExtension>
	</extensions>
</trkpt>
<trkpt lat="-9.1420068" lon="148.2636817">
	<ele>785.38</ele>
	<time>2026-02-01T08:43:34.000Z</time>
	<hdop>3.00</hdop>
	<extensions>
		<gpxtpx:TrackPointExtension>
			<gpxtpx:course>177.0</gpxtpx:course>
		</gpxtpx:TrackPointExtension>
	</extensions>
</trkpt>
<trkpt lat="-9.1421238" lon="148.2636717">
	<ele>784.68</ele>
	<time>2026-02-01T08:43:44.000Z</time>
	<hdop>3.00</hdop>
	<extensions>
		<gpxtpx:TrackPointExtension>
			<gpxtpx:course>178.4</gpxtpx:course>
		</gpxtpx:TrackPointExtension>
	</extensions>
</trkpt>
<trkpt lat="-9.1422572" lon="148.2636563">
	<ele>783.69</ele>
	<time>2026-02-01T08:43:54.000Z</time>
	<hdop>3.50</hdop>
	<extensions>
		<gpxtpx:TrackPointExtension>
			<gpxtpx:course>190.6</gpxtpx:course>
		</gpxtpx:TrackPointExtension>
	</extensions>
</trkpt>
<trkpt lat="-9.1423782" lon="148.2636435">
	<ele>783.63</ele>
	<time>2026-02-01T08:44:04.000Z</time>
	<hdop>3.00</hdop>
	<extensions>
		<gpxtpx:TrackPointExtension>
			<gpxtpx:course>193.1</gpxtpx:course>
		</gpxtpx:TrackPointExtension>
	</extensions>
</trkpt>
<trkpt lat="-9.1425026" lon="148.2636127">
	<ele>782.69</ele>
	<time>2026-02-01T08:44:14.000Z</time>
	<hdop>3.00</hdop>
	<extensions>
		<gpxtpx:TrackPointExtension>
			<gpxtpx:course>198.9</gpxtpx:course>
		</gpxtpx:TrackPointExtension>
	</extensions>
</trkpt>
<trkpt lat="-9.1426193" lon="148.2635690">
	<ele>783.58</ele>
	<time>2026-02-01T08:44:24.000Z</time>
	<hdop>3.00</hdop>
	<extensions>
		<gpxtpx:TrackPointExtension>
			<gpxtpx:course>211.4</gpxtpx:course>
		</gpxtpx:TrackPointExtension>
	</extensions>
</trkpt>
<trkpt lat="-9.1427294" lon="148.2635015">
	<ele>782.56</ele>
	<time>2026-02-01T08:44:34.000Z</time>
	<hdop>3.00</hdop>
	<extensions>
		<gpxtpx:TrackPointExtension>
			<gpxtpx:course>205.2</gpxtpx:course>
		</gpxtpx:TrackPointExtension>
	</extensions>
</trkpt>
<trkpt lat="-9.1428560" lon="148.2634443">
	<ele>787.37</ele>
	<time>2026-02-01T08:44:44.000Z</time>
	<hdop>3.00</hdop>
	<extensions>
		<gpxtpx:TrackPointExtension>
			<gpxtpx:course>199.7</gpxtpx:course>
		</gpxtpx:TrackPointExtension>
	</extensions>
</trkpt>
<trkpt lat="-9.1429628" lon="148.2634082">
	<ele>784.64</ele>
	<time>2026-02-01T08:44:54.000Z</time>
	<hdop>3.50</hdop>
	<extensions>
		<gpxtpx:TrackPointExtension>
			<gpxtpx:course>190.8</gpxtpx:course>
		</gpxtpx:TrackPointExtension>
	</extensions>
</trkpt>
<trkpt lat="-9.1430446" lon="148.2633653">
	<ele>783.56</ele>
	<time>2026-02-01T08:46:25.000Z</time>
	<hdop>3.00</hdop>
	<extensions>
		<gpxtpx:TrackPointExtension>
			<gpxtpx:course>200.4</gpxtpx:course>
		</gpxtpx:TrackPointExtension>
	</extensions>
</trkpt>
<trkpt lat="-9.1431450" lon="148.2633534">
	<ele>784.61</ele>
	<time>2026-02-01T08:46:35.000Z</time>
	<hdop>3.00</hdop>
	<extensions>
		<gpxtpx:TrackPointExtension>
			<gpxtpx:course>183.6</gpxtpx:course>
		</gpxtpx:TrackPointExtension>
	</extensions>
</trkpt>
<trkpt lat="-9.1432649" lon="148.2633175">
	<ele>782.69</ele>
	<time>2026-02-01T08:46:45.000Z</time>
	<hdop>3.00</hdop>
	<extensions>
		<gpxtpx:TrackPointExtension>
			<gpxtpx:course>202.3</gpxtpx:course>
		</gpxtpx:TrackPointExtension>
	</extensions>
</trkpt>
<trkpt lat="-9.1433682" lon="148.2632667">
	<ele>785.42</ele>
	<time>2026-02-01T08:46:55.000Z</time>
	<hdop>3.00</hdop>
	<extensions>
		<gpxtpx:TrackPointExtension>
			<gpxtpx:course>210.2</gpxtpx:course>
		</gpxtpx:TrackPointExtension>
	</extensions>
</trkpt>
<trkpt lat="-9.1434785" lon="148.2632264">
	<ele>784.86</ele>
	<time>2026-02-01T08:47:05.000Z</time>
	<hdop>3.00</hdop>
	<extensions>
		<gpxtpx:TrackPointExtension>
			<gpxtpx:course>203.0</gpxtpx:course>
		</gpxtpx:TrackPointExtension>
	</extensions>
</trkpt>
<trkpt lat="-9.1435854" lon="148.2631803">
	<ele>783.83</ele>
	<time>2026-02-01T08:47:15.000Z</time>
	<hdop>3.00</hdop>
	<extensions>
		<gpxtpx:TrackPointExtension>
			<gpxtpx:course>197.6</gpxtpx:course>
		</gpxtpx:TrackPointExtension>
	</extensions>
</trkpt>
<trkpt lat="-9.1437014" lon="148.2631422">
	<ele>782.39</ele>
	<time>2026-02-01T08:47:25.000Z</time>
	<hdop>3.00</hdop>
	<extensions>
		<gpxtpx:TrackPointExtension>
			<gpxtpx:course>205.8</gpxtpx:course>
		</gpxtpx:TrackPointExtension>
	</extensions>
</trkpt>
<trkpt lat="-9.1438018" lon="148.2630884">
	<ele>785.56</ele>
	<time>2026-02-01T08:47:35.000Z</time>
	<hdop>3.00</hdop>
	<extensions>
		<gpxtpx:TrackPointExtension>
			<gpxtpx:course>198.7</gpxtpx:course>
		</gpxtpx:TrackPointExtension>
	</extensions>
</trkpt>
<trkpt lat="-9.1439212" lon="148.2630518">
	<ele>784.87</ele>
	<time>2026-02-01T08:47:45.000Z</time>
	<hdop>3.00</hdop>
	<extensions>
		<gpxtpx:TrackPointExtension>
			<gpxtpx:course>199.7</gpxtpx:course>
		</gpxtpx:TrackPointExtension>
	</extensions>
</trkpt>
<trkpt lat="-9.1440260" lon="148.2630134">
	<ele>783.64</ele>
	<time>2026-02-01T08:47:55.000Z</time>
	<hdop>3.00</hdop>
	<extensions>
		<gpxtpx:TrackPointExtension>
			<gpxtpx:course>202.1</gpxtpx:course>
		</gpxtpx:TrackPointExtension>
	</extensions>
</trkpt>
<trkpt lat="-9.1441202" lon="148.2629817">
	<ele>787.35</ele>
	<time>2026-02-01T08:48:05.000Z</time>
	<hdop>3.00</hdop>
	<extensions>
		<gpxtpx:TrackPointExtension>
			<gpxtpx:course>192.1</gpxtpx:course>
		</gpxtpx:TrackPointExtension>
	</extensions>
</trkpt>
<trkpt lat="-9.1442054" lon="148.2629461">
	<ele>787.62</ele>
	<time>2026-02-01T08:48:17.000Z</time>
	<hdop>3.00</hdop>
	<extensions>
		<gpxtpx:TrackPointExtension>
			<gpxtpx:course>200.2</gpxtpx:course>
		</gpxtpx:TrackPointExtension>
	</extensions>
</trkpt>
<trkpt lat="-9.1442992" lon="148.2629037">
	<ele>786.62</ele>
	<time>2026-02-01T08:48:29.000Z</time>
	<hdop>3.00</hdop>
	<extensions>
		<gpxtpx:TrackPointExtension>
			<gpxtpx:course>203.8</gpxtpx:course>
		</gpxtpx:TrackPointExtension>
	</extensions>
</trkpt>
<trkpt lat="-9.1444171" lon="148.2628819">
	<ele>784.67</ele>
	<time>2026-02-01T08:48:39.000Z</time>
	<hdop>3.00</hdop>
	<extensions>
		<gpxtpx:TrackPointExtension>
			<gpxtpx:course>192.4</gpxtpx:course>
		</gpxtpx:TrackPointExtension>
	</extensions>
</trkpt>
<trkpt lat="-9.1445384" lon="148.2628577">
	<ele>784.63</ele>
	<time>2026-02-01T08:48:49.000Z</time>
	<hdop>3.00</hdop>
	<extensions>
		<gpxtpx:TrackPointExtension>
			<gpxtpx:course>200.3</gpxtpx:course>
		</gpxtpx:TrackPointExtension>
	</extensions>
</trkpt>
<trkpt lat="-9.1446652" lon="148.2628296">
	<ele>784.63</ele>
	<time>2026-02-01T08:48:59.000Z</time>
	<hdop>3.00</hdop>
	<extensions>
		<gpxtpx:TrackPointExtension>
			<gpxtpx:course>198.1</gpxtpx:course>
		</gpxtpx:TrackPointExtension>
	</extensions>
</trkpt>
<trkpt lat="-9.1447888" lon="148.2627989">
	<ele>784.63</ele>
	<time>2026-02-01T08:49:09.000Z</time>
	<hdop>3.00</hdop>
	<extensions>
		<gpxtpx:TrackPointExtension>
			<gpxtpx:course>192.2</gpxtpx:course>
		</gpxtpx:TrackPointExtension>
	</extensions>
</trkpt>
<trkpt lat="-9.1449260" lon="148.2627628">
	<ele>785.62</ele>
	<time>2026-02-01T08:49:19.000Z</time>
	<hdop>3.50</hdop>
	<extensions>
		<gpxtpx:TrackPointExtension>
			<gpxtpx:course>187.8</gpxtpx:course>
		</gpxtpx:TrackPointExtension>
	</extensions>
</trkpt>
<trkpt lat="-9.1450466" lon="148.2627629">
	<ele>783.63</ele>
	<time>2026-02-01T08:49:29.000Z</time>
	<hdop>3.00</hdop>
	<extensions>
		<gpxtpx:TrackPointExtension>
			<gpxtpx:course>183.4</gpxtpx:course>
		</gpxtpx:TrackPointExtension>
	</extensions>
</trkpt>
<trkpt lat="-9.1451669" lon="148.2627480">
	<ele>782.63</ele>
	<time>2026-02-01T08:49:39.000Z</time>
	<hdop>3.00</hdop>
	<extensions>
		<gpxtpx:TrackPointExtension>
			<gpxtpx:course>199.1</gpxtpx:course>
		</gpxtpx:TrackPointExtension>
	</extensions>
</trkpt>
<trkpt lat="-9.1452871" lon="148.2627061">
	<ele>783.60</ele>
	<time>2026-02-01T08:49:49.000Z</time>
	<hdop>3.00</hdop>
	<extensions>
		<gpxtpx:TrackPointExtension>
			<gpxtpx:course>193.9</gpxtpx:course>
		</gpxtpx:TrackPointExtension>
	</extensions>
</trkpt>
<trkpt lat="-9.1454155" lon="148.2626898">
	<ele>783.43</ele>
	<time>2026-02-01T08:49:59.000Z</time>
	<hdop>3.00</hdop>
	<extensions>
		<gpxtpx:TrackPointExtension>
			<gpxtpx:course>189.2</gpxtpx:course>
		</gpxtpx:TrackPointExtension>
	</extensions>
</trkpt>
<trkpt lat="-9.1455420" lon="148.2626803">
	<ele>784.36</ele>
	<time>2026-02-01T08:50:09.000Z</time>
	<hdop>3.50</hdop>
	<extensions>
		<gpxtpx:TrackPointExtension>
			<gpxtpx:course>177.8</gpxtpx:course>
		</gpxtpx:TrackPointExtension>
	</extensions>
</trkpt>
<trkpt lat="-9.1456711" lon="148.2627046">
	<ele>782.87</ele>
	<time>2026-02-01T08:50:19.000Z</time>
	<hdop>3.50</hdop>
	<extensions>
		<gpxtpx:TrackPointExtension>
			<gpxtpx:course>184.0</gpxtpx:course>
		</gpxtpx:TrackPointExtension>
	</extensions>
</trkpt>
<trkpt lat="-9.1457700" lon="148.2626855">
	<ele>783.63</ele>
	<time>2026-02-01T08:50:31.000Z</time>
	<hdop>3.50</hdop>
	<extensions>
		<gpxtpx:TrackPointExtension>
			<gpxtpx:course>194.6</gpxtpx:course>
		</gpxtpx:TrackPointExtension>
	</extensions>
</trkpt>
<trkpt lat="-9.1458927" lon="148.2626771">
	<ele>782.85</ele>
	<time>2026-02-01T08:50:41.000Z</time>
	<hdop>3.50</hdop>
	<extensions>
		<gpxtpx:TrackPointExtension>
			<gpxtpx:course>187.7</gpxtpx:course>
		</gpxtpx:TrackPointExtension>
	</extensions>
</trkpt>
<trkpt lat="-9.1460246" lon="148.2626736">
	<ele>782.35</ele>
	<time>2026-02-01T08:50:51.000Z</time>
	<hdop>3.50</hdop>
	<extensions>
		<gpxtpx:TrackPointExtension>
			<gpxtpx:course>174.1</gpxtpx:course>
		</gpxtpx:TrackPointExtension>
	</extensions>
</trkpt>
<trkpt lat="-9.1461488" lon="148.2626596">
	<ele>781.61</ele>
	<time>2026-02-01T08:51:01.000Z</time>
	<hdop>3.50</hdop>
	<extensions>
		<gpxtpx:TrackPointExtension>
			<gpxtpx:course>200.5</gpxtpx:course>
		</gpxtpx:TrackPointExtension>
	</extensions>
</trkpt>
<trkpt lat="-9.1462714" lon="148.2626164">
	<ele>781.67</ele>
	<time>2026-02-01T08:51:11.000Z</time>
	<hdop>3.00</hdop>
	<extensions>
		<gpxtpx:TrackPointExtension>
			<gpxtpx:course>197.1</gpxtpx:course>
		</gpxtpx:TrackPointExtension>
	</extensions>
</trkpt>
<trkpt lat="-9.1463978" lon="148.2625781">
	<ele>781.61</ele>
	<time>2026-02-01T08:51:21.000Z</time>
	<hdop>3.50</hdop>
	<extensions>
		<gpxtpx:TrackPointExtension>
			<gpxtpx:course>196.5</gpxtpx:course>
		</gpxtpx:TrackPointExtension>
	</extensions>
</trkpt>
<trkpt lat="-9.1465202" lon="148.2625566">
	<ele>780.50</ele>
	<time>2026-02-01T08:51:31.000Z</time>
	<hdop>3.00</hdop>
	<extensions>
		<gpxtpx:TrackPointExtension>
			<gpxtpx:course>197.8</gpxtpx:course>
		</gpxtpx:TrackPointExtension>
	</extensions>
</trkpt>
<trkpt lat="-9.1466356" lon="148.2625179">
	<ele>779.67</ele>
	<time>2026-02-01T08:51:41.000Z</time>
	<hdop>3.00</hdop>
	<extensions>
		<gpxtpx:TrackPointExtension>
			<gpxtpx:course>195.0</gpxtpx:course>
		</gpxtpx:TrackPointExtension>
	</extensions>
</trkpt>
<trkpt lat="-9.1467568" lon="148.2625031">
	<ele>777.61</ele>
	<time>2026-02-01T08:51:51.000Z</time>
	<hdop>3.00</hdop>
	<extensions>
		<gpxtpx:TrackPointExtension>
			<gpxtpx:course>197.8</gpxtpx:course>
		</gpxtpx:TrackPointExtension>
	</extensions>
</trkpt>
<trkpt lat="-9.1468743" lon="148.2624729">
	<ele>778.84</ele>
	<time>2026-02-01T08:52:01.000Z</time>
	<hdop>3.00</hdop>
	<extensions>
		<gpxtpx:TrackPointExtension>
			<gpxtpx:course>195.9</gpxtpx:course>
		</gpxtpx:TrackPointExtension>
	</extensions>
</trkpt>
<trkpt lat="-9.1470133" lon="148.2624488">
	<ele>776.86</ele>
	<time>2026-02-01T08:52:11.000Z</time>
	<hdop>3.00</hdop>
	<extensions>
		<gpxtpx:TrackPointExtension>
			<gpxtpx:course>192.3</gpxtpx:course>
		</gpxtpx:TrackPointExtension>
	</extensions>
</trkpt>
<trkpt lat="-9.1471518" lon="148.2624185">
	<ele>776.62</ele>
	<time>2026-02-01T08:52:21.000Z</time>
	<hdop>3.00</hdop>
	<extensions>
		<gpxtpx:TrackPointExtension>
			<gpxtpx:course>189.7</gpxtpx:course>
		</gpxtpx:TrackPointExtension>
	</extensions>
</trkpt>
<trkpt lat="-9.1472620" lon="148.2623789">
	<ele>778.59</ele>
	<time>2026-02-01T08:52:31.000Z</time>
	<hdop>3.00</hdop>
	<extensions>
		<gpxtpx:TrackPointExtension>
			<gpxtpx:course>203.7</gpxtpx:course>
		</gpxtpx:TrackPointExtension>
	</extensions>
</trkpt>
<trkpt lat="-9.1473731" lon="148.2623345">
	<ele>776.67</ele>
	<time>2026-02-01T08:52:41.000Z</time>
	<hdop>3.00</hdop>
	<extensions>
		<gpxtpx:TrackPointExtension>
			<gpxtpx:course>202.2</gpxtpx:course>
		</gpxtpx:TrackPointExtension>
	</extensions>
</trkpt>
<trkpt lat="-9.1474840" lon="148.2622880">
	<ele>777.60</ele>
	<time>2026-02-01T08:52:51.000Z</time>
	<hdop>3.50</hdop>
	<extensions>
		<gpxtpx:TrackPointExtension>
			<gpxtpx:course>206.7</gpxtpx:course>
		</gpxtpx:TrackPointExtension>
	</extensions>
</trkpt>
<trkpt lat="-9.1475932" lon="148.2622287">
	<ele>777.55</ele>
	<time>2026-02-01T08:53:01.000Z</time>
	<hdop>3.50</hdop>
	<extensions>
		<gpxtpx:TrackPointExtension>
			<gpxtpx:course>212.1</gpxtpx:course>
		</gpxtpx:TrackPointExtension>
	</extensions>
</trkpt>
<trkpt lat="-9.1477046" lon="148.2621865">
	<ele>776.86</ele>
	<time>2026-02-01T08:53:11.000Z</time>
	<hdop>4.00</hdop>
	<extensions>
		<gpxtpx:TrackPointExtension>
			<gpxtpx:course>210.1</gpxtpx:course>
		</gpxtpx:TrackPointExtension>
	</extensions>
</trkpt>
<trkpt lat="-9.1478067" lon="148.2621422">
	<ele>778.53</ele>
	<time>2026-02-01T08:53:21.000Z</time>
	<hdop>3.50</hdop>
	<extensions>
		<gpxtpx:TrackPointExtension>
			<gpxtpx:course>200.4</gpxtpx:course>
		</gpxtpx:TrackPointExtension>
	</extensions>
</trkpt>
<trkpt lat="-9.1479255" lon="148.2621039">
	<ele>780.35</ele>
	<time>2026-02-01T08:53:31.000Z</time>
	<hdop>3.00</hdop>
	<extensions>
		<gpxtpx:TrackPointExtension>
			<gpxtpx:course>202.9</gpxtpx:course>
		</gpxtpx:TrackPointExtension>
	</extensions>
</trkpt>
<trkpt lat="-9.1480299" lon="148.2620655">
	<ele>782.35</ele>
	<time>2026-02-01T08:53:41.000Z</time>
	<hdop>3.00</hdop>
	<extensions>
		<gpxtpx:TrackPointExtension>
			<gpxtpx:course>199.0</gpxtpx:course>
		</gpxtpx:TrackPointExtension>
	</extensions>
</trkpt>
<trkpt lat="-9.1481469" lon="148.2620313">
	<ele>783.34</ele>
	<time>2026-02-01T08:53:51.000Z</time>
	<hdop>3.00</hdop>
	<extensions>
		<gpxtpx:TrackPointExtension>
			<gpxtpx:course>208.6</gpxtpx:course>
		</gpxtpx:TrackPointExtension>
	</extensions>
</trkpt>
<trkpt lat="-9.1482574" lon="148.2620081">
	<ele>782.61</ele>
	<time>2026-02-01T08:54:01.000Z</time>
	<hdop>3.00</hdop>
	<extensions>
		<gpxtpx:TrackPointExtension>
			<gpxtpx:course>194.7</gpxtpx:course>
		</gpxtpx:TrackPointExtension>
	</extensions>
</trkpt>
<trkpt lat="-9.1483713" lon="148.2619916">
	<ele>782.91</ele>
	<time>2026-02-01T08:54:11.000Z</time>
	<hdop>3.00</hdop>
	<extensions>
		<gpxtpx:TrackPointExtension>
			<gpxtpx:course>193.0</gpxtpx:course>
		</gpxtpx:TrackPointExtension>
	</extensions>
</trkpt>
<trkpt lat="-9.1484897" lon="148.2619649">
	<ele>781.87</ele>
	<time>2026-02-01T08:54:21.000Z</time>
	<hdop>3.00</hdop>
	<extensions>
		<gpxtpx:TrackPointExtension>
			<gpxtpx:course>201.8</gpxtpx:course>
		</gpxtpx:TrackPointExtension>
	</extensions>
</trkpt>
<trkpt lat="-9.1485897" lon="148.2619428">
	<ele>781.84</ele>
	<time>2026-02-01T08:54:31.000Z</time>
	<hdop>3.00</hdop>
	<extensions>
		<gpxtpx:TrackPointExtension>
			<gpxtpx:course>190.3</gpxtpx:course>
		</gpxtpx:TrackPointExtension>
	</extensions>
</trkpt>
<trkpt lat="-9.1487231" lon="148.2618998">
	<ele>782.60</ele>
	<time>2026-02-01T08:54:41.000Z</time>
	<hdop>3.00</hdop>
	<extensions>
		<gpxtpx:TrackPointExtension>
			<gpxtpx:course>195.4</gpxtpx:course>
		</gpxtpx:TrackPointExtension>
	</extensions>
</trkpt>
<trkpt lat="-9.1488571" lon="148.2618687">
	<ele>781.60</ele>
	<time>2026-02-01T08:54:51.000Z</time>
	<hdop>3.00</hdop>
	<extensions>
		<gpxtpx:TrackPointExtension>
			<gpxtpx:course>186.0</gpxtpx:course>
		</gpxtpx:TrackPointExtension>
	</extensions>
</trkpt>
<trkpt lat="-9.1489796" lon="148.2618570">
	<ele>782.60</ele>
	<time>2026-02-01T08:55:01.000Z</time>
	<hdop>3.50</hdop>
	<extensions>
		<gpxtpx:TrackPointExtension>
			<gpxtpx:course>190.9</gpxtpx:course>
		</gpxtpx:TrackPointExtension>
	</extensions>
</trkpt>
<trkpt lat="-9.1490860" lon="148.2618444">
	<ele>783.54</ele>
	<time>2026-02-01T08:55:11.000Z</time>
	<hdop>3.50</hdop>
	<extensions>
		<gpxtpx:TrackPointExtension>
			<gpxtpx:course>213.3</gpxtpx:course>
		</gpxtpx:TrackPointExtension>
	</extensions>
</trkpt>
<trkpt lat="-9.1492079" lon="148.2618077">
	<ele>783.54</ele>
	<time>2026-02-01T08:55:21.000Z</time>
	<hdop>3.50</hdop>
	<extensions>
		<gpxtpx:TrackPointExtension>
			<gpxtpx:course>201.5</gpxtpx:course>
		</gpxtpx:TrackPointExtension>
	</extensions>
</trkpt>
<trkpt lat="-9.1493477" lon="148.2617949">
	<ele>781.60</ele>
	<time>2026-02-01T08:55:31.000Z</time>
	<hdop>3.00</hdop>
	<extensions>
		<gpxtpx:TrackPointExtension>
			<gpxtpx:course>176.4</gpxtpx:course>
		</gpxtpx:TrackPointExtension>
	</extensions>
</trkpt>
<trkpt lat="-9.1494749" lon="148.2617666">
	<ele>779.66</ele>
	<time>2026-02-01T08:55:41.000Z</time>
	<hdop>3.50</hdop>
	<extensions>
		<gpxtpx:TrackPointExtension>
			<gpxtpx:course>184.5</gpxtpx:course>
		</gpxtpx:TrackPointExtension>
	</extensions>
</trkpt>
<trkpt lat="-9.1495946" lon="148.2617283">
	<ele>779.65</ele>
	<time>2026-02-01T08:55:51.000Z</time>
	<hdop>3.50</hdop>
	<extensions>
		<gpxtpx:TrackPointExtension>
			<gpxtpx:course>193.7</gpxtpx:course>
		</gpxtpx:TrackPointExtension>
	</extensions>
</trkpt>
<trkpt lat="-9.1496938" lon="148.2616942">
	<ele>781.35</ele>
	<time>2026-02-01T08:56:01.000Z</time>
	<hdop>3.00</hdop>
	<extensions>
		<gpxtpx:TrackPointExtension>
			<gpxtpx:course>198.8</gpxtpx:course>
		</gpxtpx:TrackPointExtension>
	</extensions>
</trkpt>
<trkpt lat="-9.1498168" lon="148.2616693">
	<ele>781.60</ele>
	<time>2026-02-01T08:56:11.000Z</time>
	<hdop>3.00</hdop>
	<extensions>
		<gpxtpx:TrackPointExtension>
			<gpxtpx:course>187.1</gpxtpx:course>
		</gpxtpx:TrackPointExtension>
	</extensions>
</trkpt>
<trkpt lat="-9.1499375" lon="148.2616287">
	<ele>780.86</ele>
	<time>2026-02-01T08:56:21.000Z</time>
	<hdop>3.00</hdop>
	<extensions>
		<gpxtpx:TrackPointExtension>
			<gpxtpx:course>197.6</gpxtpx:course>
		</gpxtpx:TrackPointExtension>
	</extensions>
</trkpt>
<trkpt lat="-9.1500627" lon="148.2616081">
	<ele>779.60</ele>
	<time>2026-02-01T08:56:31.000Z</time>
	<hdop>3.50</hdop>
	<extensions>
		<gpxtpx:TrackPointExtension>
			<gpxtpx:course>189.3</gpxtpx:course>
		</gpxtpx:TrackPointExtension>
	</extensions>
</trkpt>
<trkpt lat="-9.1501864" lon="148.2615931">
	<ele>780.78</ele>
	<time>2026-02-01T08:56:41.000Z</time>
	<hdop>3.00</hdop>
	<extensions>
		<gpxtpx:TrackPointExtension>
			<gpxtpx:course>187.1</gpxtpx:course>
		</gpxtpx:TrackPointExtension>
	</extensions>
</trkpt>
<trkpt lat="-9.1503114" lon="148.2615807">
	<ele>782.55</ele>
	<time>2026-02-01T08:56:51.000Z</time>
	<hdop>3.00</hdop>
	<extensions>
		<gpxtpx:TrackPointExtension>
			<gpxtpx:course>201.6</gpxtpx:course>
		</gpxtpx:TrackPointExtension>
	</extensions>
</trkpt>
<trkpt lat="-9.1504305" lon="148.2615610">
	<ele>783.36</ele>
	<time>2026-02-01T08:57:01.000Z</time>
	<hdop>3.00</hdop>
	<extensions>
		<gpxtpx:TrackPointExtension>
			<gpxtpx:course>187.0</gpxtpx:course>
		</gpxtpx:TrackPointExtension>
	</extensions>
</trkpt>
<trkpt lat="-9.1505648" lon="148.2615402">
	<ele>781.59</ele>
	<time>2026-02-01T08:57:11.000Z</time>
	<hdop>3.00</hdop>
	<extensions>
		<gpxtpx:TrackPointExtension>
			<gpxtpx:course>187.0</gpxtpx:course>
		</gpxtpx:TrackPointExtension>
	</extensions>
</trkpt>
<trkpt lat="-9.1506716" lon="148.2615282">
	<ele>781.59</ele>
	<time>2026-02-01T08:57:21.000Z</time>
	<hdop>3.00</hdop>
	<extensions>
		<gpxtpx:TrackPointExtension>
			<gpxtpx:course>183.1</gpxtpx:course>
		</gpxtpx:TrackPointExtension>
	</extensions>
</trkpt>
<trkpt lat="-9.1507898" lon="148.2615838">
	<ele>780.60</ele>
	<time>2026-02-01T08:57:31.000Z</time>
	<hdop>3.50</hdop>
	<extensions>
		<gpxtpx:TrackPointExtension>
			<gpxtpx:course>110.6</gpxtpx:course>
		</gpxtpx:TrackPointExtension>
	</extensions>
</trkpt>
<trkpt lat="-9.1508288" lon="148.2616887">
	<ele>779.61</ele>
	<time>2026-02-01T08:57:41.000Z</time>
	<hdop>3.00</hdop>
	<extensions>
		<gpxtpx:TrackPointExtension>
			<gpxtpx:course>133.1</gpxtpx:course>
		</gpxtpx:TrackPointExtension>
	</extensions>
</trkpt>
<trkpt lat="-9.1508729" lon="148.2617762">
	<ele>778.61</ele>
	<time>2026-02-01T08:57:53.000Z</time>
	<hdop>3.00</hdop>
	<extensions>
		<gpxtpx:TrackPointExtension>
			<gpxtpx:course>121.5</gpxtpx:course>
		</gpxtpx:TrackPointExtension>
	</extensions>
</trkpt>
<trkpt lat="-9.1509025" lon="148.2618703">
	<ele>775.41</ele>
	<time>2026-02-01T08:58:05.000Z</time>
	<hdop>2.50</hdop>
	<extensions>
		<gpxtpx:TrackPointExtension>
			<gpxtpx:course>89.0</gpxtpx:course>
		</gpxtpx:TrackPointExtension>
	</extensions>
</trkpt>
<trkpt lat="-9.1509487" lon="148.2619495">
	<ele>772.61</ele>
	<time>2026-02-01T08:58:22.000Z</time>
	<hdop>2.50</hdop>
	<extensions>
		<gpxtpx:TrackPointExtension>
			<gpxtpx:course>92.5</gpxtpx:course>
		</gpxtpx:TrackPointExtension>
	</extensions>
</trkpt>
<trkpt lat="-9.1510234" lon="148.2620070">
	<ele>772.79</ele>
	<time>2026-02-01T08:58:39.000Z</time>
	<hdop>3.50</hdop>
	<extensions>
		<gpxtpx:TrackPointExtension>
			<gpxtpx:course>205.5</gpxtpx:course>
		</gpxtpx:TrackPointExtension>
	</extensions>
</trkpt>
<trkpt lat="-9.1511168" lon="148.2619609">
	<ele>772.59</ele>
	<time>2026-02-01T08:58:49.000Z</time>
	<hdop>4.00</hdop>
	<extensions>
		<gpxtpx:TrackPointExtension>
			<gpxtpx:course>198.6</gpxtpx:course>
		</gpxtpx:TrackPointExtension>
	</extensions>
</trkpt>
<trkpt lat="-9.1512078" lon="148.2619677">
	<ele>771.54</ele>
	<time>2026-02-01T08:59:00.000Z</time>
	<hdop>3.00</hdop>
	<extensions>
		<gpxtpx:TrackPointExtension>
			<gpxtpx:course>128.1</gpxtpx:course>
		</gpxtpx:TrackPointExtension>
	</extensions>
</trkpt>
<trkpt lat="-9.1512538" lon="148.2620495">
	<ele>770.86</ele>
	<time>2026-02-01T08:59:10.000Z</time>
	<hdop>2.50</hdop>
	<extensions>
		<gpxtpx:TrackPointExtension>
			<gpxtpx:course>99.4</gpxtpx:course>
		</gpxtpx:TrackPointExtension>
	</extensions>
</trkpt>
<trkpt lat="-9.1512864" lon="148.2621526">
	<ele>768.60</ele>
	<time>2026-02-01T08:59:20.000Z</time>
	<hdop>3.00</hdop>
	<extensions>
		<gpxtpx:TrackPointExtension>
			<gpxtpx:course>107.5</gpxtpx:course>
		</gpxtpx:TrackPointExtension>
	</extensions>
</trkpt>
<trkpt lat="-9.1512455" lon="148.2622352">
	<ele>770.83</ele>
	<time>2026-02-01T08:59:31.000Z</time>
	<hdop>2.50</hdop>
	<extensions>
		<gpxtpx:TrackPointExtension>
			<gpxtpx:course>84.5</gpxtpx:course>
		</gpxtpx:TrackPointExtension>
	</extensions>
</trkpt>
<trkpt lat="-9.1512413" lon="148.2623381">
	<ele>768.60</ele>
	<time>2026-02-01T08:59:41.000Z</time>
	<hdop>3.00</hdop>
	<extensions>
		<gpxtpx:TrackPointExtension>
			<gpxtpx:course>83.6</gpxtpx:course>
		</gpxtpx:TrackPointExtension>
	</extensions>
</trkpt>
<trkpt lat="-9.1512192" lon="148.2624267">
	<ele>767.66</ele>
	<time>2026-02-01T08:59:54.000Z</time>
	<hdop>3.50</hdop>
	<extensions>
		<gpxtpx:TrackPointExtension>
			<gpxtpx:course>26.4</gpxtpx:course>
		</gpxtpx:TrackPointExtension>
	</extensions>
</trkpt>
</trkseg>
</trk>
</gpx>
