<?xml version="1.0" encoding="utf-8" standalone="yes"?>
<gpx version="1.1" creator="Locus Map, Android"
 xmlns="http://www.topografix.com/GPX/1/1"
 xmlns:xsi="http://www.w3.org/2001/XMLSchema-instance"
 xsi:schemaLocation="http://www.topografix.com/GPX/1/1 http://www.topografix.com/GPX/1/1/gpx.xsd"
 xmlns:gpxx="http://www.garmin.com/xmlschemas/GpxExtensions/v3"
 xmlns:gpxtrkx="http://www.garmin.com/xmlschemas/TrackStatsExtension/v1"
 xmlns:gpxtpx="http://www.garmin.com/xmlschemas/TrackPointExtension/v2"
 xmlns:locus="https://www.locusmap.app">
	<metadata>
		<desc>File with points/tracks from Locus Map/4.35.0</desc>
		<time>2026-08-28T09:02:26.679Z</time>
	</metadata>
<trk>
	<name>Numba to Koeno track and road to Afore</name>
	<extensions>
		<line xmlns="http://www.topografix.com/GPX/gpx_style/0/2">
			<color>0000FF</color>
			<opacity>0.70</opacity>
			<width>6.0</width>
			<extensions>
				<locus:lsColorBase>#B30000FF</locus:lsColorBase>
				<locus:lsWidth>6.0</locus:lsWidth>
				<locus:lsUnits>PIXELS</locus:lsUnits>
			</extensions>
		</line>
		<locus:activity>walking</locus:activity>
	</extensions>
<trkseg>
<trkpt lat="-9.0491906" lon="148.3633701">
	<ele>882.48</ele>
	<time>2026-08-28T04:03:34.000Z</time>
	<hdop>2.50</hdop>
	<extensions>
		<gpxtpx:TrackPointExtension>
			<gpxtpx:course>284.41385</gpxtpx:course>
		</gpxtpx:TrackPointExtension>
	</extensions>
</trkpt>
<trkpt lat="-9.0492059" lon="148.3632775">
	<ele>881.29</ele>
	<time>2026-08-28T04:03:46.000Z</time>
	<hdop>2.00</hdop>
	<extensions>
		<gpxtpx:TrackPointExtension>
			<gpxtpx:course>253.70883</gpxtpx:course>
		</gpxtpx:TrackPointExtension>
	</extensions>
</trkpt>
<trkpt lat="-9.0492201" lon="148.3631834">
	<ele>882.48</ele>
	<time>2026-08-28T04:03:56.000Z</time>
	<hdop>2.00</hdop>
	<extensions>
		<gpxtpx:TrackPointExtension>
			<gpxtpx:course>258.57715</gpxtpx:course>
		</gpxtpx:TrackPointExtension>
	</extensions>
</trkpt>
<trkpt lat="-9.0492202" lon="148.3630829">
	<ele>884.46</ele>
	<time>2026-08-28T04:04:06.000Z</time>
	<hdop>2.00</hdop>
	<extensions>
		<gpxtpx:TrackPointExtension>
			<gpxtpx:course>271.6261</gpxtpx:course>
		</gpxtpx:TrackPointExtension>
	</extensions>
</trkpt>
<trkpt lat="-9.0492290" lon="148.3629924">
	<ele>885.47</ele>
	<time>2026-08-28T04:04:18.000Z</time>
	<hdop>2.00</hdop>
	<extensions>
		<gpxtpx:TrackPointExtension>
			<gpxtpx:course>277.50842</gpxtpx:course>
		</gpxtpx:TrackPointExtension>
	</extensions>
</trkpt>
<trkpt lat="-9.0492479" lon="148.3628973">
	<ele>884.47</ele>
	<time>2026-08-28T04:04:30.000Z</time>
	<hdop>2.00</hdop>
	<extensions>
		<gpxtpx:TrackPointExtension>
			<gpxtpx:course>254.9028</gpxtpx:course>
		</gpxtpx:TrackPointExtension>
	</extensions>
</trkpt>
<trkpt lat="-9.0492857" lon="148.3628131">
	<ele>883.47</ele>
	<time>2026-08-28T04:04:54.000Z</time>
	<hdop>2.50</hdop>
	<extensions>
		<gpxtpx:TrackPointExtension>
			<gpxtpx:course>239.42627</gpxtpx:course>
		</gpxtpx:TrackPointExtension>
	</extensions>
</trkpt>
<trkpt lat="-9.0493110" lon="148.3627233">
	<ele>885.72</ele>
	<time>2026-08-28T04:05:05.000Z</time>
	<hdop>2.00</hdop>
	<extensions>
		<gpxtpx:TrackPointExtension>
			<gpxtpx:course>262.9534</gpxtpx:course>
		</gpxtpx:TrackPointExtension>
	</extensions>
</trkpt>
<trkpt lat="-9.0493215" lon="148.3626279">
	<ele>885.47</ele>
	<time>2026-08-28T04:05:19.000Z</time>
	<hdop>2.00</hdop>
	<extensions>
		<gpxtpx:TrackPointExtension>
			<gpxtpx:course>248.73367</gpxtpx:course>
		</gpxtpx:TrackPointExtension>
	</extensions>
</trkpt>
<trkpt lat="-9.0493636" lon="148.3625434">
	<ele>889.22</ele>
	<time>2026-08-28T04:05:32.000Z</time>
	<hdop>2.00</hdop>
	<extensions>
		<gpxtpx:TrackPointExtension>
			<gpxtpx:course>262.10455</gpxtpx:course>
		</gpxtpx:TrackPointExtension>
	</extensions>
</trkpt>
<trkpt lat="-9.0493828" lon="148.3624539">
	<ele>890.47</ele>
	<time>2026-08-28T04:05:44.000Z</time>
	<hdop>2.50</hdop>
	<extensions>
		<gpxtpx:TrackPointExtension>
			<gpxtpx:course>255.44543</gpxtpx:course>
		</gpxtpx:TrackPointExtension>
	</extensions>
</trkpt>
<trkpt lat="-9.0494149" lon="148.3623627">
	<ele>890.47</ele>
	<time>2026-08-28T04:05:57.000Z</time>
	<hdop>2.50</hdop>
	<extensions>
		<gpxtpx:TrackPointExtension>
			<gpxtpx:course>259.22162</gpxtpx:course>
		</gpxtpx:TrackPointExtension>
	</extensions>
</trkpt>
<trkpt lat="-9.0494143" lon="148.3622682">
	<ele>894.47</ele>
	<time>2026-08-28T04:06:10.000Z</time>
	<hdop>3.00</hdop>
	<extensions>
		<gpxtpx:TrackPointExtension>
			<gpxtpx:course>296.11102</gpxtpx:course>
		</gpxtpx:TrackPointExtension>
	</extensions>
</trkpt>
<trkpt lat="-9.0494133" lon="148.3621714">
	<ele>894.47</ele>
	<time>2026-08-28T04:06:23.000Z</time>
	<hdop>3.00</hdop>
	<extensions>
		<gpxtpx:TrackPointExtension>
			<gpxtpx:course>246.68942</gpxtpx:course>
		</gpxtpx:TrackPointExtension>
	</extensions>
</trkpt>
<trkpt lat="-9.0494073" lon="148.3620772">
	<ele>894.49</ele>
	<time>2026-08-28T04:06:37.000Z</time>
	<hdop>3.00</hdop>
	<extensions>
		<gpxtpx:TrackPointExtension>
			<gpxtpx:course>268.42645</gpxtpx:course>
		</gpxtpx:TrackPointExtension>
	</extensions>
</trkpt>
<trkpt lat="-9.0493823" lon="148.3619881">
	<ele>894.47</ele>
	<time>2026-08-28T04:06:51.000Z</time>
	<hdop>3.00</hdop>
	<extensions>
		<gpxtpx:TrackPointExtension>
			<gpxtpx:course>276.59665</gpxtpx:course>
		</gpxtpx:TrackPointExtension>
	</extensions>
</trkpt>
<trkpt lat="-9.0493976" lon="148.3618939">
	<ele>895.71</ele>
	<time>2026-08-28T04:07:04.000Z</time>
	<hdop>3.00</hdop>
	<extensions>
		<gpxtpx:TrackPointExtension>
			<gpxtpx:course>241.23648</gpxtpx:course>
		</gpxtpx:TrackPointExtension>
	</extensions>
</trkpt>
<trkpt lat="-9.0494362" lon="148.3618094">
	<ele>901.47</ele>
	<time>2026-08-28T04:10:26.000Z</time>
	<hdop>3.50</hdop>
	<extensions>
		<gpxtpx:TrackPointExtension>
			<gpxtpx:course>260.98615</gpxtpx:course>
		</gpxtpx:TrackPointExtension>
	</extensions>
</trkpt>
<trkpt lat="-9.0494439" lon="148.3617182">
	<ele>902.47</ele>
	<time>2026-08-28T04:11:21.000Z</time>
	<hdop>2.50</hdop>
	<extensions>
		<gpxtpx:TrackPointExtension>
			<gpxtpx:course>264.8</gpxtpx:course>
		</gpxtpx:TrackPointExtension>
	</extensions>
</trkpt>
<trkpt lat="-9.0494592" lon="148.3616238">
	<ele>902.48</ele>
	<time>2026-08-28T04:11:44.000Z</time>
	<hdop>3.50</hdop>
	<extensions>
		<gpxtpx:TrackPointExtension>
			<gpxtpx:course>266.50925</gpxtpx:course>
		</gpxtpx:TrackPointExtension>
	</extensions>
</trkpt>
<trkpt lat="-9.0494769" lon="148.3615310">
	<ele>903.47</ele>
	<time>2026-08-28T04:11:54.000Z</time>
	<hdop>3.50</hdop>
	<extensions>
		<gpxtpx:TrackPointExtension>
			<gpxtpx:course>256.1991</gpxtpx:course>
		</gpxtpx:TrackPointExtension>
	</extensions>
</trkpt>
<trkpt lat="-9.0495334" lon="148.3614520">
	<ele>901.72</ele>
	<time>2026-08-28T04:12:18.000Z</time>
	<hdop>3.50</hdop>
	<extensions>
		<gpxtpx:TrackPointExtension>
			<gpxtpx:course>214.86797</gpxtpx:course>
		</gpxtpx:TrackPointExtension>
	</extensions>
</trkpt>
<trkpt lat="-9.0496220" lon="148.3614076">
	<ele>901.45</ele>
	<time>2026-08-28T04:12:28.000Z</time>
	<hdop>4.00</hdop>
	<extensions>
		<gpxtpx:TrackPointExtension>
			<gpxtpx:course>204.9818</gpxtpx:course>
		</gpxtpx:TrackPointExtension>
	</extensions>
</trkpt>
<trkpt lat="-9.0497150" lon="148.3613561">
	<ele>899.42</ele>
	<time>2026-08-28T04:12:38.000Z</time>
	<hdop>4.00</hdop>
	<extensions>
		<gpxtpx:TrackPointExtension>
			<gpxtpx:course>205.9771</gpxtpx:course>
		</gpxtpx:TrackPointExtension>
	</extensions>
</trkpt>
<trkpt lat="-9.0498090" lon="148.3613341">
	<ele>898.40</ele>
	<time>2026-08-28T04:12:48.000Z</time>
	<hdop>4.00</hdop>
	<extensions>
		<gpxtpx:TrackPointExtension>
			<gpxtpx:course>180.92851</gpxtpx:course>
		</gpxtpx:TrackPointExtension>
	</extensions>
</trkpt>
<trkpt lat="-9.0499046" lon="148.3613240">
	<ele>899.23</ele>
	<time>2026-08-28T04:13:04.000Z</time>
	<hdop>4.00</hdop>
	<extensions>
		<gpxtpx:TrackPointExtension>
			<gpxtpx:course>204.10161</gpxtpx:course>
		</gpxtpx:TrackPointExtension>
	</extensions>
</trkpt>
<trkpt lat="-9.0499940" lon="148.3612946">
	<ele>896.48</ele>
	<time>2026-08-28T04:13:15.000Z</time>
	<hdop>4.00</hdop>
	<extensions>
		<gpxtpx:TrackPointExtension>
			<gpxtpx:course>192.13617</gpxtpx:course>
		</gpxtpx:TrackPointExtension>
	</extensions>
</trkpt>
<trkpt lat="-9.0500877" lon="148.3613050">
	<ele>896.47</ele>
	<time>2026-08-28T04:14:52.000Z</time>
	<hdop>3.50</hdop>
	<extensions>
		<gpxtpx:TrackPointExtension>
			<gpxtpx:course>190.52286</gpxtpx:course>
		</gpxtpx:TrackPointExtension>
	</extensions>
</trkpt>
<trkpt lat="-9.0502002" lon="148.3612951">
	<ele>897.46</ele>
	<time>2026-08-28T04:15:02.000Z</time>
	<hdop>3.50</hdop>
	<extensions>
		<gpxtpx:TrackPointExtension>
			<gpxtpx:course>193.45888</gpxtpx:course>
		</gpxtpx:TrackPointExtension>
	</extensions>
</trkpt>
<trkpt lat="-9.0503117" lon="148.3612733">
	<ele>896.46</ele>
	<time>2026-08-28T04:15:12.000Z</time>
	<hdop>4.00</hdop>
	<extensions>
		<gpxtpx:TrackPointExtension>
			<gpxtpx:course>179.5364</gpxtpx:course>
		</gpxtpx:TrackPointExtension>
	</extensions>
</trkpt>
<trkpt lat="-9.0504163" lon="148.3613007">
	<ele>897.20</ele>
	<time>2026-08-28T04:15:22.000Z</time>
	<hdop>3.50</hdop>
	<extensions>
		<gpxtpx:TrackPointExtension>
			<gpxtpx:course>145.65172</gpxtpx:course>
		</gpxtpx:TrackPointExtension>
	</extensions>
</trkpt>
<trkpt lat="-9.0504981" lon="148.3613619">
	<ele>895.53</ele>
	<time>2026-08-28T04:15:32.000Z</time>
	<hdop>3.50</hdop>
	<extensions>
		<gpxtpx:TrackPointExtension>
			<gpxtpx:course>147.56425</gpxtpx:course>
		</gpxtpx:TrackPointExtension>
	</extensions>
</trkpt>
<trkpt lat="-9.0506002" lon="148.3614270">
	<ele>895.46</ele>
	<time>2026-08-28T04:15:42.000Z</time>
	<hdop>4.00</hdop>
	<extensions>
		<gpxtpx:TrackPointExtension>
			<gpxtpx:course>137.59885</gpxtpx:course>
		</gpxtpx:TrackPointExtension>
	</extensions>
</trkpt>
<trkpt lat="-9.0506916" lon="148.3614619">
	<ele>894.48</ele>
	<time>2026-08-28T04:15:53.000Z</time>
	<hdop>4.00</hdop>
	<extensions>
		<gpxtpx:TrackPointExtension>
			<gpxtpx:course>171.86081</gpxtpx:course>
		</gpxtpx:TrackPointExtension>
	</extensions>
</trkpt>
<trkpt lat="-9.0507748" lon="148.3615034">
	<ele>890.52</ele>
	<time>2026-08-28T04:16:07.000Z</time>
	<hdop>4.00</hdop>
	<extensions>
		<gpxtpx:TrackPointExtension>
			<gpxtpx:course>171.25087</gpxtpx:course>
		</gpxtpx:TrackPointExtension>
	</extensions>
</trkpt>
<trkpt lat="-9.0508618" lon="148.3614666">
	<ele>886.52</ele>
	<time>2026-08-28T04:16:23.000Z</time>
	<hdop>4.00</hdop>
	<extensions>
		<gpxtpx:TrackPointExtension>
			<gpxtpx:course>214.46274</gpxtpx:course>
		</gpxtpx:TrackPointExtension>
	</extensions>
</trkpt>
<trkpt lat="-9.0509523" lon="148.3614450">
	<ele>881.52</ele>
	<time>2026-08-28T04:16:37.000Z</time>
	<hdop>3.00</hdop>
	<extensions>
		<gpxtpx:TrackPointExtension>
			<gpxtpx:course>180.16458</gpxtpx:course>
		</gpxtpx:TrackPointExtension>
	</extensions>
</trkpt>
<trkpt lat="-9.0510473" lon="148.3614462">
	<ele>882.46</ele>
	<time>2026-08-28T04:18:33.000Z</time>
	<hdop>3.50</hdop>
	<extensions>
		<gpxtpx:TrackPointExtension>
			<gpxtpx:course>169.19925</gpxtpx:course>
		</gpxtpx:TrackPointExtension>
	</extensions>
</trkpt>
<trkpt lat="-9.0511398" lon="148.3614599">
	<ele>880.46</ele>
	<time>2026-08-28T04:18:45.000Z</time>
	<hdop>3.50</hdop>
	<extensions>
		<gpxtpx:TrackPointExtension>
			<gpxtpx:course>180.17688</gpxtpx:course>
		</gpxtpx:TrackPointExtension>
	</extensions>
</trkpt>
<trkpt lat="-9.0512328" lon="148.3614518">
	<ele>876.52</ele>
	<time>2026-08-28T04:18:58.000Z</time>
	<hdop>4.00</hdop>
	<extensions>
		<gpxtpx:TrackPointExtension>
			<gpxtpx:course>181.55492</gpxtpx:course>
		</gpxtpx:TrackPointExtension>
	</extensions>
</trkpt>
<trkpt lat="-9.0513080" lon="148.3613990">
	<ele>873.52</ele>
	<time>2026-08-28T04:19:19.000Z</time>
	<hdop>4.00</hdop>
	<extensions>
		<gpxtpx:TrackPointExtension>
			<gpxtpx:course>226.0634</gpxtpx:course>
		</gpxtpx:TrackPointExtension>
	</extensions>
</trkpt>
<trkpt lat="-9.0513965" lon="148.3613628">
	<ele>870.47</ele>
	<time>2026-08-28T04:19:42.000Z</time>
	<hdop>4.00</hdop>
	<extensions>
		<gpxtpx:TrackPointExtension>
			<gpxtpx:course>186.69466</gpxtpx:course>
		</gpxtpx:TrackPointExtension>
	</extensions>
</trkpt>
<trkpt lat="-9.0514840" lon="148.3613331">
	<ele>867.46</ele>
	<time>2026-08-28T04:19:58.000Z</time>
	<hdop>3.00</hdop>
	<extensions>
		<gpxtpx:TrackPointExtension>
			<gpxtpx:course>193.37065</gpxtpx:course>
		</gpxtpx:TrackPointExtension>
	</extensions>
</trkpt>
<trkpt lat="-9.0515735" lon="148.3613086">
	<ele>861.53</ele>
	<time>2026-08-28T04:20:18.000Z</time>
	<hdop>3.50</hdop>
	<extensions>
		<gpxtpx:TrackPointExtension>
			<gpxtpx:course>179.58623</gpxtpx:course>
		</gpxtpx:TrackPointExtension>
	</extensions>
</trkpt>
<trkpt lat="-9.0516662" lon="148.3612863">
	<ele>860.72</ele>
	<time>2026-08-28T04:20:37.000Z</time>
	<hdop>4.00</hdop>
	<extensions>
		<gpxtpx:TrackPointExtension>
			<gpxtpx:course>185.43253</gpxtpx:course>
		</gpxtpx:TrackPointExtension>
	</extensions>
</trkpt>
<trkpt lat="-9.0517560" lon="148.3612752">
	<ele>860.21</ele>
	<time>2026-08-28T04:20:49.000Z</time>
	<hdop>4.50</hdop>
	<extensions>
		<gpxtpx:TrackPointExtension>
			<gpxtpx:course>180.1987</gpxtpx:course>
		</gpxtpx:TrackPointExtension>
	</extensions>
</trkpt>
<trkpt lat="-9.0518463" lon="148.3612402">
	<ele>857.44</ele>
	<time>2026-08-28T04:21:55.000Z</time>
	<hdop>4.00</hdop>
	<extensions>
		<gpxtpx:TrackPointExtension>
			<gpxtpx:course>200.42793</gpxtpx:course>
		</gpxtpx:TrackPointExtension>
	</extensions>
</trkpt>
<trkpt lat="-9.0519319" lon="148.3612019">
	<ele>851.26</ele>
	<time>2026-08-28T04:22:33.000Z</time>
	<hdop>4.00</hdop>
	<extensions>
		<gpxtpx:TrackPointExtension>
			<gpxtpx:course>217.9719</gpxtpx:course>
		</gpxtpx:TrackPointExtension>
	</extensions>
</trkpt>
<trkpt lat="-9.0520040" lon="148.3611400">
	<ele>842.45</ele>
	<time>2026-08-28T04:23:02.000Z</time>
	<hdop>4.00</hdop>
	<extensions>
		<gpxtpx:TrackPointExtension>
			<gpxtpx:course>267.07004</gpxtpx:course>
		</gpxtpx:TrackPointExtension>
	</extensions>
</trkpt>
<trkpt lat="-9.0519494" lon="148.3610672">
	<ele>834.52</ele>
	<time>2026-08-28T04:23:32.000Z</time>
	<hdop>3.50</hdop>
	<extensions>
		<gpxtpx:TrackPointExtension>
			<gpxtpx:course>293.1732</gpxtpx:course>
		</gpxtpx:TrackPointExtension>
	</extensions>
</trkpt>
<trkpt lat="-9.0519394" lon="148.3609763">
	<ele>833.46</ele>
	<time>2026-08-28T04:25:18.000Z</time>
	<hdop>4.00</hdop>
	<extensions>
		<gpxtpx:TrackPointExtension>
			<gpxtpx:course>263.97305</gpxtpx:course>
		</gpxtpx:TrackPointExtension>
	</extensions>
</trkpt>
<trkpt lat="-9.0519648" lon="148.3608885">
	<ele>828.20</ele>
	<time>2026-08-28T04:26:04.000Z</time>
	<hdop>3.50</hdop>
	<extensions>
		<gpxtpx:TrackPointExtension>
			<gpxtpx:course>238.51324</gpxtpx:course>
		</gpxtpx:TrackPointExtension>
	</extensions>
</trkpt>
<trkpt lat="-9.0520409" lon="148.3608371">
	<ele>825.51</ele>
	<time>2026-08-28T04:26:58.000Z</time>
	<hdop>5.50</hdop>
	<extensions>
		<gpxtpx:TrackPointExtension>
			<gpxtpx:course>210.89328</gpxtpx:course>
		</gpxtpx:TrackPointExtension>
	</extensions>
</trkpt>
<trkpt lat="-9.0521324" lon="148.3608164">
	<ele>823.44</ele>
	<time>2026-08-28T04:27:14.000Z</time>
	<hdop>4.00</hdop>
	<extensions>
		<gpxtpx:TrackPointExtension>
			<gpxtpx:course>201.85393</gpxtpx:course>
		</gpxtpx:TrackPointExtension>
	</extensions>
</trkpt>
<trkpt lat="-9.0522240" lon="148.3607919">
	<ele>818.45</ele>
	<time>2026-08-28T04:27:33.000Z</time>
	<hdop>4.50</hdop>
	<extensions>
		<gpxtpx:TrackPointExtension>
			<gpxtpx:course>185.59932</gpxtpx:course>
		</gpxtpx:TrackPointExtension>
	</extensions>
</trkpt>
<trkpt lat="-9.0523155" lon="148.3607808">
	<ele>818.39</ele>
	<time>2026-08-28T04:27:51.000Z</time>
	<hdop>4.00</hdop>
	<extensions>
		<gpxtpx:TrackPointExtension>
			<gpxtpx:course>171.64568</gpxtpx:course>
		</gpxtpx:TrackPointExtension>
	</extensions>
</trkpt>
<trkpt lat="-9.0524057" lon="148.3607667">
	<ele>820.43</ele>
	<time>2026-08-28T04:28:33.000Z</time>
	<hdop>4.00</hdop>
	<extensions>
		<gpxtpx:TrackPointExtension>
			<gpxtpx:course>197.00645</gpxtpx:course>
		</gpxtpx:TrackPointExtension>
	</extensions>
</trkpt>
<trkpt lat="-9.0524583" lon="148.3606884">
	<ele>822.45</ele>
	<time>2026-08-28T04:29:02.000Z</time>
	<hdop>4.00</hdop>
	<extensions>
		<gpxtpx:TrackPointExtension>
			<gpxtpx:course>236.53357</gpxtpx:course>
		</gpxtpx:TrackPointExtension>
	</extensions>
</trkpt>
<trkpt lat="-9.0525348" lon="148.3606369">
	<ele>828.43</ele>
	<time>2026-08-28T04:29:19.000Z</time>
	<hdop>4.00</hdop>
	<extensions>
		<gpxtpx:TrackPointExtension>
			<gpxtpx:course>191.24068</gpxtpx:course>
		</gpxtpx:TrackPointExtension>
	</extensions>
</trkpt>
<trkpt lat="-9.0526122" lon="148.3605874">
	<ele>831.18</ele>
	<time>2026-08-28T04:29:29.000Z</time>
	<hdop>3.50</hdop>
	<extensions>
		<gpxtpx:TrackPointExtension>
			<gpxtpx:course>223.44055</gpxtpx:course>
		</gpxtpx:TrackPointExtension>
	</extensions>
</trkpt>
<trkpt lat="-9.0527044" lon="148.3605698">
	<ele>835.44</ele>
	<time>2026-08-28T04:30:01.000Z</time>
	<hdop>3.50</hdop>
	<extensions>
		<gpxtpx:TrackPointExtension>
			<gpxtpx:course>193.80072</gpxtpx:course>
		</gpxtpx:TrackPointExtension>
	</extensions>
</trkpt>
<trkpt lat="-9.0527832" lon="148.3605243">
	<ele>839.40</ele>
	<time>2026-08-28T04:30:15.000Z</time>
	<hdop>3.50</hdop>
	<extensions>
		<gpxtpx:TrackPointExtension>
			<gpxtpx:course>216.2091</gpxtpx:course>
		</gpxtpx:TrackPointExtension>
	</extensions>
</trkpt>
<trkpt lat="-9.0528528" lon="148.3604564">
	<ele>842.45</ele>
	<time>2026-08-28T04:30:39.000Z</time>
	<hdop>3.50</hdop>
	<extensions>
		<gpxtpx:TrackPointExtension>
			<gpxtpx:course>213.04274</gpxtpx:course>
		</gpxtpx:TrackPointExtension>
	</extensions>
</trkpt>
<trkpt lat="-9.0529092" lon="148.3603815">
	<ele>845.20</ele>
	<time>2026-08-28T04:30:57.000Z</time>
	<hdop>3.50</hdop>
	<extensions>
		<gpxtpx:TrackPointExtension>
			<gpxtpx:course>235.12509</gpxtpx:course>
		</gpxtpx:TrackPointExtension>
	</extensions>
</trkpt>
<trkpt lat="-9.0529689" lon="148.3603054">
	<ele>846.19</ele>
	<time>2026-08-28T04:31:08.000Z</time>
	<hdop>3.50</hdop>
	<extensions>
		<gpxtpx:TrackPointExtension>
			<gpxtpx:course>236.01846</gpxtpx:course>
		</gpxtpx:TrackPointExtension>
	</extensions>
</trkpt>
<trkpt lat="-9.0530284" lon="148.3602318">
	<ele>849.18</ele>
	<time>2026-08-28T04:31:21.000Z</time>
	<hdop>3.50</hdop>
	<extensions>
		<gpxtpx:TrackPointExtension>
			<gpxtpx:course>230.95975</gpxtpx:course>
		</gpxtpx:TrackPointExtension>
	</extensions>
</trkpt>
<trkpt lat="-9.0531033" lon="148.3601731">
	<ele>854.44</ele>
	<time>2026-08-28T04:35:23.000Z</time>
	<hdop>4.00</hdop>
	<extensions>
		<gpxtpx:TrackPointExtension>
			<gpxtpx:course>238.88779</gpxtpx:course>
		</gpxtpx:TrackPointExtension>
	</extensions>
</trkpt>
<trkpt lat="-9.0531652" lon="148.3601054">
	<ele>855.44</ele>
	<time>2026-08-28T04:35:48.000Z</time>
	<hdop>4.00</hdop>
	<extensions>
		<gpxtpx:TrackPointExtension>
			<gpxtpx:course>240.26169</gpxtpx:course>
		</gpxtpx:TrackPointExtension>
	</extensions>
</trkpt>
<trkpt lat="-9.0532070" lon="148.3600237">
	<ele>858.44</ele>
	<time>2026-08-28T04:36:00.000Z</time>
	<hdop>4.00</hdop>
	<extensions>
		<gpxtpx:TrackPointExtension>
			<gpxtpx:course>232.93059</gpxtpx:course>
		</gpxtpx:TrackPointExtension>
	</extensions>
</trkpt>
<trkpt lat="-9.0532610" lon="148.3599496">
	<ele>861.19</ele>
	<time>2026-08-28T04:36:13.000Z</time>
	<hdop>4.00</hdop>
	<extensions>
		<gpxtpx:TrackPointExtension>
			<gpxtpx:course>230.24876</gpxtpx:course>
		</gpxtpx:TrackPointExtension>
	</extensions>
</trkpt>
<trkpt lat="-9.0533027" lon="148.3598669">
	<ele>860.40</ele>
	<time>2026-08-28T04:36:33.000Z</time>
	<hdop>3.50</hdop>
	<extensions>
		<gpxtpx:TrackPointExtension>
			<gpxtpx:course>219.60838</gpxtpx:course>
		</gpxtpx:TrackPointExtension>
	</extensions>
</trkpt>
<trkpt lat="-9.0533485" lon="148.3597818">
	<ele>863.44</ele>
	<time>2026-08-28T04:36:59.000Z</time>
	<hdop>3.50</hdop>
	<extensions>
		<gpxtpx:TrackPointExtension>
			<gpxtpx:course>228.95236</gpxtpx:course>
		</gpxtpx:TrackPointExtension>
	</extensions>
</trkpt>
<trkpt lat="-9.0534131" lon="148.3597176">
	<ele>867.42</ele>
	<time>2026-08-28T04:37:12.000Z</time>
	<hdop>3.50</hdop>
	<extensions>
		<gpxtpx:TrackPointExtension>
			<gpxtpx:course>224.0658</gpxtpx:course>
		</gpxtpx:TrackPointExtension>
	</extensions>
</trkpt>
<trkpt lat="-9.0534837" lon="148.3596552">
	<ele>870.44</ele>
	<time>2026-08-28T04:37:25.000Z</time>
	<hdop>3.50</hdop>
	<extensions>
		<gpxtpx:TrackPointExtension>
			<gpxtpx:course>241.13249</gpxtpx:course>
		</gpxtpx:TrackPointExtension>
	</extensions>
</trkpt>
<trkpt lat="-9.0535506" lon="148.3595932">
	<ele>876.38</ele>
	<time>2026-08-28T04:38:35.000Z</time>
	<hdop>3.00</hdop>
	<extensions>
		<gpxtpx:TrackPointExtension>
			<gpxtpx:course>215.97508</gpxtpx:course>
		</gpxtpx:TrackPointExtension>
	</extensions>
</trkpt>
<trkpt lat="-9.0536183" lon="148.3595320">
	<ele>880.44</ele>
	<time>2026-08-28T04:38:58.000Z</time>
	<hdop>3.50</hdop>
	<extensions>
		<gpxtpx:TrackPointExtension>
			<gpxtpx:course>207.77055</gpxtpx:course>
		</gpxtpx:TrackPointExtension>
	</extensions>
</trkpt>
<trkpt lat="-9.0536718" lon="148.3594583">
	<ele>885.43</ele>
	<time>2026-08-28T04:43:35.000Z</time>
	<hdop>3.00</hdop>
	<extensions>
		<gpxtpx:TrackPointExtension>
			<gpxtpx:course>273.73114</gpxtpx:course>
		</gpxtpx:TrackPointExtension>
	</extensions>
</trkpt>
<trkpt lat="-9.0537614" lon="148.3594884">
	<ele>883.50</ele>
	<time>2026-08-28T04:44:16.000Z</time>
	<hdop>3.50</hdop>
	<extensions>
		<gpxtpx:TrackPointExtension>
			<gpxtpx:course>139.0766</gpxtpx:course>
		</gpxtpx:TrackPointExtension>
	</extensions>
</trkpt>
<trkpt lat="-9.0537853" lon="148.3595783">
	<ele>891.44</ele>
	<time>2026-08-28T04:49:14.000Z</time>
	<hdop>3.50</hdop>
	<extensions>
		<gpxtpx:TrackPointExtension>
			<gpxtpx:course>32.5</gpxtpx:course>
		</gpxtpx:TrackPointExtension>
	</extensions>
</trkpt>
<trkpt lat="-9.0537651" lon="148.3594844">
	<ele>891.44</ele>
	<time>2026-08-28T05:11:50.000Z</time>
	<hdop>3.50</hdop>
	<extensions>
		<gpxtpx:TrackPointExtension>
			<gpxtpx:course>282.8047</gpxtpx:course>
		</gpxtpx:TrackPointExtension>
	</extensions>
</trkpt>
<trkpt lat="-9.0537672" lon="148.3593887">
	<ele>889.44</ele>
	<time>2026-08-28T05:12:06.000Z</time>
	<hdop>3.50</hdop>
	<extensions>
		<gpxtpx:TrackPointExtension>
			<gpxtpx:course>229.12845</gpxtpx:course>
		</gpxtpx:TrackPointExtension>
	</extensions>
</trkpt>
<trkpt lat="-9.0538406" lon="148.3593348">
	<ele>889.44</ele>
	<time>2026-08-28T05:12:17.000Z</time>
	<hdop>3.50</hdop>
	<extensions>
		<gpxtpx:TrackPointExtension>
			<gpxtpx:course>222.09813</gpxtpx:course>
		</gpxtpx:TrackPointExtension>
	</extensions>
</trkpt>
<trkpt lat="-9.0539302" lon="148.3593081">
	<ele>893.62</ele>
	<time>2026-08-28T05:12:36.000Z</time>
	<hdop>3.50</hdop>
	<extensions>
		<gpxtpx:TrackPointExtension>
			<gpxtpx:course>214.1456</gpxtpx:course>
		</gpxtpx:TrackPointExtension>
	</extensions>
</trkpt>
<trkpt lat="-9.0539997" lon="148.3592383">
	<ele>895.18</ele>
	<time>2026-08-28T05:12:49.000Z</time>
	<hdop>3.50</hdop>
	<extensions>
		<gpxtpx:TrackPointExtension>
			<gpxtpx:course>222.1514</gpxtpx:course>
		</gpxtpx:TrackPointExtension>
	</extensions>
</trkpt>
<trkpt lat="-9.0540628" lon="148.3591699">
	<ele>894.68</ele>
	<time>2026-08-28T05:13:04.000Z</time>
	<hdop>3.50</hdop>
	<extensions>
		<gpxtpx:TrackPointExtension>
			<gpxtpx:course>230.93974</gpxtpx:course>
		</gpxtpx:TrackPointExtension>
	</extensions>
</trkpt>
<trkpt lat="-9.0540901" lon="148.3590776">
	<ele>892.50</ele>
	<time>2026-08-28T05:13:18.000Z</time>
	<hdop>3.50</hdop>
	<extensions>
		<gpxtpx:TrackPointExtension>
			<gpxtpx:course>253.39392</gpxtpx:course>
		</gpxtpx:TrackPointExtension>
	</extensions>
</trkpt>
<trkpt lat="-9.0541387" lon="148.3589995">
	<ele>893.43</ele>
	<time>2026-08-28T05:13:29.000Z</time>
	<hdop>4.00</hdop>
	<extensions>
		<gpxtpx:TrackPointExtension>
			<gpxtpx:course>230.44028</gpxtpx:course>
		</gpxtpx:TrackPointExtension>
	</extensions>
</trkpt>
<trkpt lat="-9.0541786" lon="148.3589106">
	<ele>893.43</ele>
	<time>2026-08-28T05:13:41.000Z</time>
	<hdop>4.00</hdop>
	<extensions>
		<gpxtpx:TrackPointExtension>
			<gpxtpx:course>219.4424</gpxtpx:course>
		</gpxtpx:TrackPointExtension>
	</extensions>
</trkpt>
<trkpt lat="-9.0542286" lon="148.3588341">
	<ele>897.37</ele>
	<time>2026-08-28T05:13:52.000Z</time>
	<hdop>4.00</hdop>
	<extensions>
		<gpxtpx:TrackPointExtension>
			<gpxtpx:course>227.97406</gpxtpx:course>
		</gpxtpx:TrackPointExtension>
	</extensions>
</trkpt>
<trkpt lat="-9.0542801" lon="148.3587579">
	<ele>897.43</ele>
	<time>2026-08-28T05:14:02.000Z</time>
	<hdop>4.00</hdop>
	<extensions>
		<gpxtpx:TrackPointExtension>
			<gpxtpx:course>238.29497</gpxtpx:course>
		</gpxtpx:TrackPointExtension>
	</extensions>
</trkpt>
<trkpt lat="-9.0543332" lon="148.3586781">
	<ele>901.41</ele>
	<time>2026-08-28T05:15:06.000Z</time>
	<hdop>3.50</hdop>
	<extensions>
		<gpxtpx:TrackPointExtension>
			<gpxtpx:course>223.78088</gpxtpx:course>
		</gpxtpx:TrackPointExtension>
	</extensions>
</trkpt>
<trkpt lat="-9.0543954" lon="148.3586097">
	<ele>902.43</ele>
	<time>2026-08-28T05:15:19.000Z</time>
	<hdop>3.50</hdop>
	<extensions>
		<gpxtpx:TrackPointExtension>
			<gpxtpx:course>227.55357</gpxtpx:course>
		</gpxtpx:TrackPointExtension>
	</extensions>
</trkpt>
<trkpt lat="-9.0544610" lon="148.3585444">
	<ele>901.62</ele>
	<time>2026-08-28T05:15:30.000Z</time>
	<hdop>4.00</hdop>
	<extensions>
		<gpxtpx:TrackPointExtension>
			<gpxtpx:course>222.2485</gpxtpx:course>
		</gpxtpx:TrackPointExtension>
	</extensions>
</trkpt>
<trkpt lat="-9.0545180" lon="148.3584643">
	<ele>899.43</ele>
	<time>2026-08-28T05:15:43.000Z</time>
	<hdop>4.00</hdop>
	<extensions>
		<gpxtpx:TrackPointExtension>
			<gpxtpx:course>225.22473</gpxtpx:course>
		</gpxtpx:TrackPointExtension>
	</extensions>
</trkpt>
<trkpt lat="-9.0545723" lon="148.3583843">
	<ele>899.43</ele>
	<time>2026-08-28T05:15:54.000Z</time>
	<hdop>4.00</hdop>
	<extensions>
		<gpxtpx:TrackPointExtension>
			<gpxtpx:course>241.66425</gpxtpx:course>
		</gpxtpx:TrackPointExtension>
	</extensions>
</trkpt>
<trkpt lat="-9.0546150" lon="148.3582980">
	<ele>898.43</ele>
	<time>2026-08-28T05:16:05.000Z</time>
	<hdop>4.00</hdop>
	<extensions>
		<gpxtpx:TrackPointExtension>
			<gpxtpx:course>238.31958</gpxtpx:course>
		</gpxtpx:TrackPointExtension>
	</extensions>
</trkpt>
<trkpt lat="-9.0546622" lon="148.3582081">
	<ele>899.43</ele>
	<time>2026-08-28T05:16:15.000Z</time>
	<hdop>4.00</hdop>
	<extensions>
		<gpxtpx:TrackPointExtension>
			<gpxtpx:course>243.95105</gpxtpx:course>
		</gpxtpx:TrackPointExtension>
	</extensions>
</trkpt>
<trkpt lat="-9.0547111" lon="148.3581300">
	<ele>900.43</ele>
	<time>2026-08-28T05:16:27.000Z</time>
	<hdop>3.50</hdop>
	<extensions>
		<gpxtpx:TrackPointExtension>
			<gpxtpx:course>247.87036</gpxtpx:course>
		</gpxtpx:TrackPointExtension>
	</extensions>
</trkpt>
<trkpt lat="-9.0547355" lon="148.3580389">
	<ele>901.41</ele>
	<time>2026-08-28T05:16:37.000Z</time>
	<hdop>4.00</hdop>
	<extensions>
		<gpxtpx:TrackPointExtension>
			<gpxtpx:course>260.72668</gpxtpx:course>
		</gpxtpx:TrackPointExtension>
	</extensions>
</trkpt>
<trkpt lat="-9.0547575" lon="148.3579446">
	<ele>900.42</ele>
	<time>2026-08-28T05:16:49.000Z</time>
	<hdop>4.00</hdop>
	<extensions>
		<gpxtpx:TrackPointExtension>
			<gpxtpx:course>242.62607</gpxtpx:course>
		</gpxtpx:TrackPointExtension>
	</extensions>
</trkpt>
<trkpt lat="-9.0547903" lon="148.3578537">
	<ele>902.40</ele>
	<time>2026-08-28T05:17:00.000Z</time>
	<hdop>3.50</hdop>
	<extensions>
		<gpxtpx:TrackPointExtension>
			<gpxtpx:course>250.75806</gpxtpx:course>
		</gpxtpx:TrackPointExtension>
	</extensions>
</trkpt>
<trkpt lat="-9.0548079" lon="148.3577619">
	<ele>903.23</ele>
	<time>2026-08-28T05:17:10.000Z</time>
	<hdop>3.50</hdop>
	<extensions>
		<gpxtpx:TrackPointExtension>
			<gpxtpx:course>252.6807</gpxtpx:course>
		</gpxtpx:TrackPointExtension>
	</extensions>
</trkpt>
<trkpt lat="-9.0548643" lon="148.3576825">
	<ele>903.36</ele>
	<time>2026-08-28T05:17:23.000Z</time>
	<hdop>3.50</hdop>
	<extensions>
		<gpxtpx:TrackPointExtension>
			<gpxtpx:course>259.5755</gpxtpx:course>
		</gpxtpx:TrackPointExtension>
	</extensions>
</trkpt>
<trkpt lat="-9.0548643" lon="148.3575913">
	<ele>906.42</ele>
	<time>2026-08-28T05:17:33.000Z</time>
	<hdop>3.50</hdop>
	<extensions>
		<gpxtpx:TrackPointExtension>
			<gpxtpx:course>268.86096</gpxtpx:course>
		</gpxtpx:TrackPointExtension>
	</extensions>
</trkpt>
<trkpt lat="-9.0548620" lon="148.3574893">
	<ele>907.42</ele>
	<time>2026-08-28T05:17:43.000Z</time>
	<hdop>3.50</hdop>
	<extensions>
		<gpxtpx:TrackPointExtension>
			<gpxtpx:course>274.39877</gpxtpx:course>
		</gpxtpx:TrackPointExtension>
	</extensions>
</trkpt>
<trkpt lat="-9.0548882" lon="148.3573981">
	<ele>908.42</ele>
	<time>2026-08-28T05:17:54.000Z</time>
	<hdop>4.00</hdop>
	<extensions>
		<gpxtpx:TrackPointExtension>
			<gpxtpx:course>253.486</gpxtpx:course>
		</gpxtpx:TrackPointExtension>
	</extensions>
</trkpt>
<trkpt lat="-9.0548791" lon="148.3573001">
	<ele>907.67</ele>
	<time>2026-08-28T05:18:05.000Z</time>
	<hdop>3.50</hdop>
	<extensions>
		<gpxtpx:TrackPointExtension>
			<gpxtpx:course>280.49988</gpxtpx:course>
		</gpxtpx:TrackPointExtension>
	</extensions>
</trkpt>
<trkpt lat="-9.0548841" lon="148.3572073">
	<ele>908.37</ele>
	<time>2026-08-28T05:18:16.000Z</time>
	<hdop>3.50</hdop>
	<extensions>
		<gpxtpx:TrackPointExtension>
			<gpxtpx:course>267.08508</gpxtpx:course>
		</gpxtpx:TrackPointExtension>
	</extensions>
</trkpt>
<trkpt lat="-9.0548996" lon="148.3571162">
	<ele>907.48</ele>
	<time>2026-08-28T05:18:29.000Z</time>
	<hdop>3.00</hdop>
	<extensions>
		<gpxtpx:TrackPointExtension>
			<gpxtpx:course>266.3401</gpxtpx:course>
		</gpxtpx:TrackPointExtension>
	</extensions>
</trkpt>
<trkpt lat="-9.0548996" lon="148.3570070">
	<ele>909.36</ele>
	<time>2026-08-28T05:18:39.000Z</time>
	<hdop>3.00</hdop>
	<extensions>
		<gpxtpx:TrackPointExtension>
			<gpxtpx:course>277.7582</gpxtpx:course>
		</gpxtpx:TrackPointExtension>
	</extensions>
</trkpt>
<trkpt lat="-9.0548399" lon="148.3569315">
	<ele>909.42</ele>
	<time>2026-08-28T05:23:19.000Z</time>
	<hdop>3.00</hdop>
	<extensions>
		<gpxtpx:TrackPointExtension>
			<gpxtpx:course>309.86496</gpxtpx:course>
		</gpxtpx:TrackPointExtension>
	</extensions>
</trkpt>
<trkpt lat="-9.0548003" lon="148.3568458">
	<ele>909.41</ele>
	<time>2026-08-28T05:23:29.000Z</time>
	<hdop>3.00</hdop>
	<extensions>
		<gpxtpx:TrackPointExtension>
			<gpxtpx:course>298.8811</gpxtpx:course>
		</gpxtpx:TrackPointExtension>
	</extensions>
</trkpt>
<trkpt lat="-9.0547758" lon="148.3567491">
	<ele>910.40</ele>
	<time>2026-08-28T05:23:40.000Z</time>
	<hdop>3.50</hdop>
	<extensions>
		<gpxtpx:TrackPointExtension>
			<gpxtpx:course>285.83347</gpxtpx:course>
		</gpxtpx:TrackPointExtension>
	</extensions>
</trkpt>
<trkpt lat="-9.0547449" lon="148.3566388">
	<ele>911.41</ele>
	<time>2026-08-28T05:23:50.000Z</time>
	<hdop>3.50</hdop>
	<extensions>
		<gpxtpx:TrackPointExtension>
			<gpxtpx:course>284.64795</gpxtpx:course>
		</gpxtpx:TrackPointExtension>
	</extensions>
</trkpt>
<trkpt lat="-9.0547099" lon="148.3565345">
	<ele>911.42</ele>
	<time>2026-08-28T05:24:00.000Z</time>
	<hdop>3.50</hdop>
	<extensions>
		<gpxtpx:TrackPointExtension>
			<gpxtpx:course>287.52963</gpxtpx:course>
		</gpxtpx:TrackPointExtension>
	</extensions>
</trkpt>
<trkpt lat="-9.0546907" lon="148.3564275">
	<ele>911.60</ele>
	<time>2026-08-28T05:24:10.000Z</time>
	<hdop>3.50</hdop>
	<extensions>
		<gpxtpx:TrackPointExtension>
			<gpxtpx:course>274.38953</gpxtpx:course>
		</gpxtpx:TrackPointExtension>
	</extensions>
</trkpt>
<trkpt lat="-9.0546774" lon="148.3563247">
	<ele>912.40</ele>
	<time>2026-08-28T05:24:20.000Z</time>
	<hdop>3.50</hdop>
	<extensions>
		<gpxtpx:TrackPointExtension>
			<gpxtpx:course>287.9915</gpxtpx:course>
		</gpxtpx:TrackPointExtension>
	</extensions>
</trkpt>
<trkpt lat="-9.0546570" lon="148.3562295">
	<ele>912.66</ele>
	<time>2026-08-28T05:24:32.000Z</time>
	<hdop>3.50</hdop>
	<extensions>
		<gpxtpx:TrackPointExtension>
			<gpxtpx:course>272.21695</gpxtpx:course>
		</gpxtpx:TrackPointExtension>
	</extensions>
</trkpt>
<trkpt lat="-9.0546710" lon="148.3561287">
	<ele>913.40</ele>
	<time>2026-08-28T05:24:44.000Z</time>
	<hdop>3.00</hdop>
	<extensions>
		<gpxtpx:TrackPointExtension>
			<gpxtpx:course>257.57312</gpxtpx:course>
		</gpxtpx:TrackPointExtension>
	</extensions>
</trkpt>
<trkpt lat="-9.0546640" lon="148.3560302">
	<ele>913.65</ele>
	<time>2026-08-28T05:24:55.000Z</time>
	<hdop>3.00</hdop>
	<extensions>
		<gpxtpx:TrackPointExtension>
			<gpxtpx:course>284.55154</gpxtpx:course>
		</gpxtpx:TrackPointExtension>
	</extensions>
</trkpt>
<trkpt lat="-9.0546218" lon="148.3559472">
	<ele>918.16</ele>
	<time>2026-08-28T05:25:06.000Z</time>
	<hdop>3.50</hdop>
	<extensions>
		<gpxtpx:TrackPointExtension>
			<gpxtpx:course>287.02905</gpxtpx:course>
		</gpxtpx:TrackPointExtension>
	</extensions>
</trkpt>
<trkpt lat="-9.0545905" lon="148.3558592">
	<ele>916.41</ele>
	<time>2026-08-28T05:25:16.000Z</time>
	<hdop>3.50</hdop>
	<extensions>
		<gpxtpx:TrackPointExtension>
			<gpxtpx:course>290.00055</gpxtpx:course>
		</gpxtpx:TrackPointExtension>
	</extensions>
</trkpt>
<trkpt lat="-9.0545903" lon="148.3557499">
	<ele>915.65</ele>
	<time>2026-08-28T05:25:26.000Z</time>
	<hdop>3.00</hdop>
	<extensions>
		<gpxtpx:TrackPointExtension>
			<gpxtpx:course>270.13132</gpxtpx:course>
		</gpxtpx:TrackPointExtension>
	</extensions>
</trkpt>
<trkpt lat="-9.0545961" lon="148.3556525">
	<ele>915.66</ele>
	<time>2026-08-28T05:25:36.000Z</time>
	<hdop>2.50</hdop>
	<extensions>
		<gpxtpx:TrackPointExtension>
			<gpxtpx:course>271.77277</gpxtpx:course>
		</gpxtpx:TrackPointExtension>
	</extensions>
</trkpt>
<trkpt lat="-9.0545961" lon="148.3555538">
	<ele>916.41</ele>
	<time>2026-08-28T05:25:46.000Z</time>
	<hdop>2.50</hdop>
	<extensions>
		<gpxtpx:TrackPointExtension>
			<gpxtpx:course>274.91196</gpxtpx:course>
		</gpxtpx:TrackPointExtension>
	</extensions>
</trkpt>
<trkpt lat="-9.0546080" lon="148.3554506">
	<ele>915.66</ele>
	<time>2026-08-28T05:25:56.000Z</time>
	<hdop>3.00</hdop>
	<extensions>
		<gpxtpx:TrackPointExtension>
			<gpxtpx:course>257.9325</gpxtpx:course>
		</gpxtpx:TrackPointExtension>
	</extensions>
</trkpt>
<trkpt lat="-9.0546256" lon="148.3553548">
	<ele>915.22</ele>
	<time>2026-08-28T05:26:07.000Z</time>
	<hdop>2.50</hdop>
	<extensions>
		<gpxtpx:TrackPointExtension>
			<gpxtpx:course>263.17935</gpxtpx:course>
		</gpxtpx:TrackPointExtension>
	</extensions>
</trkpt>
<trkpt lat="-9.0546499" lon="148.3552577">
	<ele>916.42</ele>
	<time>2026-08-28T05:26:18.000Z</time>
	<hdop>3.00</hdop>
	<extensions>
		<gpxtpx:TrackPointExtension>
			<gpxtpx:course>256.59268</gpxtpx:course>
		</gpxtpx:TrackPointExtension>
	</extensions>
</trkpt>
<trkpt lat="-9.0546634" lon="148.3551626">
	<ele>915.41</ele>
	<time>2026-08-28T05:26:28.000Z</time>
	<hdop>2.50</hdop>
	<extensions>
		<gpxtpx:TrackPointExtension>
			<gpxtpx:course>260.81067</gpxtpx:course>
		</gpxtpx:TrackPointExtension>
	</extensions>
</trkpt>
<trkpt lat="-9.0546969" lon="148.3550779">
	<ele>916.60</ele>
	<time>2026-08-28T05:26:38.000Z</time>
	<hdop>2.50</hdop>
	<extensions>
		<gpxtpx:TrackPointExtension>
			<gpxtpx:course>244.28482</gpxtpx:course>
		</gpxtpx:TrackPointExtension>
	</extensions>
</trkpt>
<trkpt lat="-9.0547306" lon="148.3549864">
	<ele>918.39</ele>
	<time>2026-08-28T05:26:48.000Z</time>
	<hdop>3.00</hdop>
	<extensions>
		<gpxtpx:TrackPointExtension>
			<gpxtpx:course>244.04037</gpxtpx:course>
		</gpxtpx:TrackPointExtension>
	</extensions>
</trkpt>
<trkpt lat="-9.0547635" lon="148.3548989">
	<ele>918.42</ele>
	<time>2026-08-28T05:27:00.000Z</time>
	<hdop>2.50</hdop>
	<extensions>
		<gpxtpx:TrackPointExtension>
			<gpxtpx:course>256.7999</gpxtpx:course>
		</gpxtpx:TrackPointExtension>
	</extensions>
</trkpt>
<trkpt lat="-9.0547903" lon="148.3548102">
	<ele>920.16</ele>
	<time>2026-08-28T05:27:11.000Z</time>
	<hdop>2.50</hdop>
	<extensions>
		<gpxtpx:TrackPointExtension>
			<gpxtpx:course>251.44856</gpxtpx:course>
		</gpxtpx:TrackPointExtension>
	</extensions>
</trkpt>
<trkpt lat="-9.0548288" lon="148.3547218">
	<ele>919.66</ele>
	<time>2026-08-28T05:27:23.000Z</time>
	<hdop>2.50</hdop>
	<extensions>
		<gpxtpx:TrackPointExtension>
			<gpxtpx:course>240.03278</gpxtpx:course>
		</gpxtpx:TrackPointExtension>
	</extensions>
</trkpt>
<trkpt lat="-9.0548768" lon="148.3546359">
	<ele>920.35</ele>
	<time>2026-08-28T05:27:34.000Z</time>
	<hdop>2.50</hdop>
	<extensions>
		<gpxtpx:TrackPointExtension>
			<gpxtpx:course>241.60027</gpxtpx:course>
		</gpxtpx:TrackPointExtension>
	</extensions>
</trkpt>
<trkpt lat="-9.0549156" lon="148.3545509">
	<ele>921.41</ele>
	<time>2026-08-28T05:27:45.000Z</time>
	<hdop>2.50</hdop>
	<extensions>
		<gpxtpx:TrackPointExtension>
			<gpxtpx:course>254.79141</gpxtpx:course>
		</gpxtpx:TrackPointExtension>
	</extensions>
</trkpt>
<trkpt lat="-9.0549517" lon="148.3544651">
	<ele>919.64</ele>
	<time>2026-08-28T05:27:55.000Z</time>
	<hdop>2.50</hdop>
	<extensions>
		<gpxtpx:TrackPointExtension>
			<gpxtpx:course>236.41483</gpxtpx:course>
		</gpxtpx:TrackPointExtension>
	</extensions>
</trkpt>
<trkpt lat="-9.0549842" lon="148.3543794">
	<ele>920.22</ele>
	<time>2026-08-28T05:28:06.000Z</time>
	<hdop>2.50</hdop>
	<extensions>
		<gpxtpx:TrackPointExtension>
			<gpxtpx:course>239.86002</gpxtpx:course>
		</gpxtpx:TrackPointExtension>
	</extensions>
</trkpt>
<trkpt lat="-9.0550406" lon="148.3543015">
	<ele>920.65</ele>
	<time>2026-08-28T05:28:17.000Z</time>
	<hdop>3.00</hdop>
	<extensions>
		<gpxtpx:TrackPointExtension>
			<gpxtpx:course>230.00313</gpxtpx:course>
		</gpxtpx:TrackPointExtension>
	</extensions>
</trkpt>
<trkpt lat="-9.0550874" lon="148.3542106">
	<ele>920.40</ele>
	<time>2026-08-28T05:28:29.000Z</time>
	<hdop>2.50</hdop>
	<extensions>
		<gpxtpx:TrackPointExtension>
			<gpxtpx:course>242.78894</gpxtpx:course>
		</gpxtpx:TrackPointExtension>
	</extensions>
</trkpt>
<trkpt lat="-9.0551251" lon="148.3541270">
	<ele>921.40</ele>
	<time>2026-08-28T05:28:39.000Z</time>
	<hdop>2.50</hdop>
	<extensions>
		<gpxtpx:TrackPointExtension>
			<gpxtpx:course>249.3467</gpxtpx:course>
		</gpxtpx:TrackPointExtension>
	</extensions>
</trkpt>
<trkpt lat="-9.0551701" lon="148.3540461">
	<ele>922.21</ele>
	<time>2026-08-28T05:28:51.000Z</time>
	<hdop>2.50</hdop>
	<extensions>
		<gpxtpx:TrackPointExtension>
			<gpxtpx:course>239.5759</gpxtpx:course>
		</gpxtpx:TrackPointExtension>
	</extensions>
</trkpt>
<trkpt lat="-9.0552226" lon="148.3539606">
	<ele>922.40</ele>
	<time>2026-08-28T05:29:04.000Z</time>
	<hdop>3.00</hdop>
	<extensions>
		<gpxtpx:TrackPointExtension>
			<gpxtpx:course>239.90085</gpxtpx:course>
		</gpxtpx:TrackPointExtension>
	</extensions>
</trkpt>
<trkpt lat="-9.0552741" lon="148.3538737">
	<ele>923.35</ele>
	<time>2026-08-28T05:29:15.000Z</time>
	<hdop>3.00</hdop>
	<extensions>
		<gpxtpx:TrackPointExtension>
			<gpxtpx:course>256.9874</gpxtpx:course>
		</gpxtpx:TrackPointExtension>
	</extensions>
</trkpt>
<trkpt lat="-9.0553189" lon="148.3537934">
	<ele>921.40</ele>
	<time>2026-08-28T05:29:26.000Z</time>
	<hdop>2.50</hdop>
	<extensions>
		<gpxtpx:TrackPointExtension>
			<gpxtpx:course>243.14206</gpxtpx:course>
		</gpxtpx:TrackPointExtension>
	</extensions>
</trkpt>
<trkpt lat="-9.0553666" lon="148.3537119">
	<ele>923.39</ele>
	<time>2026-08-28T05:29:37.000Z</time>
	<hdop>3.00</hdop>
	<extensions>
		<gpxtpx:TrackPointExtension>
			<gpxtpx:course>232.06445</gpxtpx:course>
		</gpxtpx:TrackPointExtension>
	</extensions>
</trkpt>
<trkpt lat="-9.0554253" lon="148.3536417">
	<ele>924.59</ele>
	<time>2026-08-28T05:29:47.000Z</time>
	<hdop>2.50</hdop>
	<extensions>
		<gpxtpx:TrackPointExtension>
			<gpxtpx:course>237.58195</gpxtpx:course>
		</gpxtpx:TrackPointExtension>
	</extensions>
</trkpt>
<trkpt lat="-9.0554740" lon="148.3535562">
	<ele>923.65</ele>
	<time>2026-08-28T05:29:57.000Z</time>
	<hdop>3.00</hdop>
	<extensions>
		<gpxtpx:TrackPointExtension>
			<gpxtpx:course>239.46265</gpxtpx:course>
		</gpxtpx:TrackPointExtension>
	</extensions>
</trkpt>
<trkpt lat="-9.0555297" lon="148.3534836">
	<ele>924.14</ele>
	<time>2026-08-28T05:30:10.000Z</time>
	<hdop>2.50</hdop>
	<extensions>
		<gpxtpx:TrackPointExtension>
			<gpxtpx:course>219.1585</gpxtpx:course>
		</gpxtpx:TrackPointExtension>
	</extensions>
</trkpt>
<trkpt lat="-9.0556068" lon="148.3535426">
	<ele>923.41</ele>
	<time>2026-08-28T05:33:07.000Z</time>
	<hdop>4.00</hdop>
	<extensions>
		<gpxtpx:TrackPointExtension>
			<gpxtpx:course>176.54349</gpxtpx:course>
		</gpxtpx:TrackPointExtension>
	</extensions>
</trkpt>
<trkpt lat="-9.0557770" lon="148.3536273">
	<ele>924.39</ele>
	<time>2026-08-28T05:33:17.000Z</time>
	<hdop>4.50</hdop>
	<extensions>
		<gpxtpx:TrackPointExtension>
			<gpxtpx:course>147.88268</gpxtpx:course>
		</gpxtpx:TrackPointExtension>
	</extensions>
</trkpt>
<trkpt lat="-9.0560786" lon="148.3538245">
	<ele>924.65</ele>
	<time>2026-08-28T05:33:27.000Z</time>
	<hdop>3.50</hdop>
	<extensions>
		<gpxtpx:TrackPointExtension>
			<gpxtpx:course>148.49797</gpxtpx:course>
		</gpxtpx:TrackPointExtension>
	</extensions>
</trkpt>
<trkpt lat="-9.0564666" lon="148.3539850">
	<ele>928.13</ele>
	<time>2026-08-28T05:33:37.000Z</time>
	<hdop>3.00</hdop>
	<extensions>
		<gpxtpx:TrackPointExtension>
			<gpxtpx:course>158.88594</gpxtpx:course>
		</gpxtpx:TrackPointExtension>
	</extensions>
</trkpt>
<trkpt lat="-9.0568142" lon="148.3540607">
	<ele>929.58</ele>
	<time>2026-08-28T05:33:47.000Z</time>
	<hdop>3.50</hdop>
	<extensions>
		<gpxtpx:TrackPointExtension>
			<gpxtpx:course>176.0776</gpxtpx:course>
		</gpxtpx:TrackPointExtension>
	</extensions>
</trkpt>
<trkpt lat="-9.0570679" lon="148.3538937">
	<ele>930.39</ele>
	<time>2026-08-28T05:33:57.000Z</time>
	<hdop>3.50</hdop>
	<extensions>
		<gpxtpx:TrackPointExtension>
			<gpxtpx:course>235.45172</gpxtpx:course>
		</gpxtpx:TrackPointExtension>
	</extensions>
</trkpt>
<trkpt lat="-9.0570824" lon="148.3537114">
	<ele>931.39</ele>
	<time>2026-08-28T05:34:07.000Z</time>
	<hdop>4.50</hdop>
	<extensions>
		<gpxtpx:TrackPointExtension>
			<gpxtpx:course>255.01117</gpxtpx:course>
		</gpxtpx:TrackPointExtension>
	</extensions>
</trkpt>
<trkpt lat="-9.0571203" lon="148.3535899">
	<ele>931.39</ele>
	<time>2026-08-28T05:34:17.000Z</time>
	<hdop>6.00</hdop>
	<extensions>
		<gpxtpx:TrackPointExtension>
			<gpxtpx:course>244.61206</gpxtpx:course>
		</gpxtpx:TrackPointExtension>
	</extensions>
</trkpt>
<trkpt lat="-9.0571522" lon="148.3534246">
	<ele>932.33</ele>
	<time>2026-08-28T05:34:27.000Z</time>
	<hdop>5.50</hdop>
	<extensions>
		<gpxtpx:TrackPointExtension>
			<gpxtpx:course>263.31146</gpxtpx:course>
		</gpxtpx:TrackPointExtension>
	</extensions>
</trkpt>
<trkpt lat="-9.0572022" lon="148.3532138">
	<ele>933.32</ele>
	<time>2026-08-28T05:34:37.000Z</time>
	<hdop>6.00</hdop>
	<extensions>
		<gpxtpx:TrackPointExtension>
			<gpxtpx:course>253.13824</gpxtpx:course>
		</gpxtpx:TrackPointExtension>
	</extensions>
</trkpt>
<trkpt lat="-9.0572723" lon="148.3530397">
	<ele>933.39</ele>
	<time>2026-08-28T05:34:47.000Z</time>
	<hdop>6.00</hdop>
	<extensions>
		<gpxtpx:TrackPointExtension>
			<gpxtpx:course>254.07251</gpxtpx:course>
		</gpxtpx:TrackPointExtension>
	</extensions>
</trkpt>
<trkpt lat="-9.0573208" lon="148.3528633">
	<ele>933.39</ele>
	<time>2026-08-28T05:34:57.000Z</time>
	<hdop>5.50</hdop>
	<extensions>
		<gpxtpx:TrackPointExtension>
			<gpxtpx:course>250.25882</gpxtpx:course>
		</gpxtpx:TrackPointExtension>
	</extensions>
</trkpt>
<trkpt lat="-9.0574149" lon="148.3526994">
	<ele>931.45</ele>
	<time>2026-08-28T05:35:07.000Z</time>
	<hdop>5.50</hdop>
	<extensions>
		<gpxtpx:TrackPointExtension>
			<gpxtpx:course>243.11835</gpxtpx:course>
		</gpxtpx:TrackPointExtension>
	</extensions>
</trkpt>
<trkpt lat="-9.0577095" lon="148.3525291">
	<ele>929.37</ele>
	<time>2026-08-28T05:35:17.000Z</time>
	<hdop>5.00</hdop>
	<extensions>
		<gpxtpx:TrackPointExtension>
			<gpxtpx:course>193.23457</gpxtpx:course>
		</gpxtpx:TrackPointExtension>
	</extensions>
</trkpt>
<trkpt lat="-9.0580032" lon="148.3525004">
	<ele>928.63</ele>
	<time>2026-08-28T05:35:27.000Z</time>
	<hdop>5.00</hdop>
	<extensions>
		<gpxtpx:TrackPointExtension>
			<gpxtpx:course>181.85828</gpxtpx:course>
		</gpxtpx:TrackPointExtension>
	</extensions>
</trkpt>
<trkpt lat="-9.0583126" lon="148.3524749">
	<ele>930.38</ele>
	<time>2026-08-28T05:35:37.000Z</time>
	<hdop>5.00</hdop>
	<extensions>
		<gpxtpx:TrackPointExtension>
			<gpxtpx:course>180.18295</gpxtpx:course>
		</gpxtpx:TrackPointExtension>
	</extensions>
</trkpt>
<trkpt lat="-9.0585840" lon="148.3524859">
	<ele>931.64</ele>
	<time>2026-08-28T05:35:47.000Z</time>
	<hdop>5.00</hdop>
	<extensions>
		<gpxtpx:TrackPointExtension>
			<gpxtpx:course>174.55238</gpxtpx:course>
		</gpxtpx:TrackPointExtension>
	</extensions>
</trkpt>
<trkpt lat="-9.0587656" lon="148.3524777">
	<ele>931.38</ele>
	<time>2026-08-28T05:35:57.000Z</time>
	<hdop>5.50</hdop>
	<extensions>
		<gpxtpx:TrackPointExtension>
			<gpxtpx:course>192.50972</gpxtpx:course>
		</gpxtpx:TrackPointExtension>
	</extensions>
</trkpt>
<trkpt lat="-9.0589949" lon="148.3524759">
	<ele>930.32</ele>
	<time>2026-08-28T05:36:07.000Z</time>
	<hdop>5.00</hdop>
	<extensions>
		<gpxtpx:TrackPointExtension>
			<gpxtpx:course>171.6487</gpxtpx:course>
		</gpxtpx:TrackPointExtension>
	</extensions>
</trkpt>
<trkpt lat="-9.0592261" lon="148.3526508">
	<ele>927.44</ele>
	<time>2026-08-28T05:36:17.000Z</time>
	<hdop>5.00</hdop>
	<extensions>
		<gpxtpx:TrackPointExtension>
			<gpxtpx:course>131.99489</gpxtpx:course>
		</gpxtpx:TrackPointExtension>
	</extensions>
</trkpt>
<trkpt lat="-9.0594272" lon="148.3527855">
	<ele>924.44</ele>
	<time>2026-08-28T05:36:27.000Z</time>
	<hdop>5.50</hdop>
	<extensions>
		<gpxtpx:TrackPointExtension>
			<gpxtpx:course>170.40454</gpxtpx:course>
		</gpxtpx:TrackPointExtension>
	</extensions>
</trkpt>
<trkpt lat="-9.0596727" lon="148.3528344">
	<ele>920.64</ele>
	<time>2026-08-28T05:36:37.000Z</time>
	<hdop>5.00</hdop>
	<extensions>
		<gpxtpx:TrackPointExtension>
			<gpxtpx:course>160.07567</gpxtpx:course>
		</gpxtpx:TrackPointExtension>
	</extensions>
</trkpt>
<trkpt lat="-9.0597887" lon="148.3530408">
	<ele>918.38</ele>
	<time>2026-08-28T05:36:47.000Z</time>
	<hdop>4.50</hdop>
	<extensions>
		<gpxtpx:TrackPointExtension>
			<gpxtpx:course>91.29489</gpxtpx:course>
		</gpxtpx:TrackPointExtension>
	</extensions>
</trkpt>
<trkpt lat="-9.0597250" lon="148.3532313">
	<ele>916.64</ele>
	<time>2026-08-28T05:36:57.000Z</time>
	<hdop>5.00</hdop>
	<extensions>
		<gpxtpx:TrackPointExtension>
			<gpxtpx:course>69.583084</gpxtpx:course>
		</gpxtpx:TrackPointExtension>
	</extensions>
</trkpt>
<trkpt lat="-9.0596415" lon="148.3533537">
	<ele>911.65</ele>
	<time>2026-08-28T05:37:07.000Z</time>
	<hdop>5.50</hdop>
	<extensions>
		<gpxtpx:TrackPointExtension>
			<gpxtpx:course>70.37244</gpxtpx:course>
		</gpxtpx:TrackPointExtension>
	</extensions>
</trkpt>
<trkpt lat="-9.0597207" lon="148.3536117">
	<ele>909.38</ele>
	<time>2026-08-28T05:37:17.000Z</time>
	<hdop>5.00</hdop>
	<extensions>
		<gpxtpx:TrackPointExtension>
			<gpxtpx:course>120.36149</gpxtpx:course>
		</gpxtpx:TrackPointExtension>
	</extensions>
</trkpt>
<trkpt lat="-9.0601408" lon="148.3537069">
	<ele>906.38</ele>
	<time>2026-08-28T05:37:27.000Z</time>
	<hdop>5.00</hdop>
	<extensions>
		<gpxtpx:TrackPointExtension>
			<gpxtpx:course>180.90163</gpxtpx:course>
		</gpxtpx:TrackPointExtension>
	</extensions>
</trkpt>
<trkpt lat="-9.0604143" lon="148.3538314">
	<ele>905.64</ele>
	<time>2026-08-28T05:37:37.000Z</time>
	<hdop>5.50</hdop>
	<extensions>
		<gpxtpx:TrackPointExtension>
			<gpxtpx:course>143.95743</gpxtpx:course>
		</gpxtpx:TrackPointExtension>
	</extensions>
</trkpt>
<trkpt lat="-9.0606944" lon="148.3540438">
	<ele>904.38</ele>
	<time>2026-08-28T05:37:47.000Z</time>
	<hdop>5.00</hdop>
	<extensions>
		<gpxtpx:TrackPointExtension>
			<gpxtpx:course>137.79129</gpxtpx:course>
		</gpxtpx:TrackPointExtension>
	</extensions>
</trkpt>
<trkpt lat="-9.0609097" lon="148.3543216">
	<ele>904.62</ele>
	<time>2026-08-28T05:37:57.000Z</time>
	<hdop>4.50</hdop>
	<extensions>
		<gpxtpx:TrackPointExtension>
			<gpxtpx:course>118.63862</gpxtpx:course>
		</gpxtpx:TrackPointExtension>
	</extensions>
</trkpt>
<trkpt lat="-9.0610349" lon="148.3546184">
	<ele>900.65</ele>
	<time>2026-08-28T05:38:07.000Z</time>
	<hdop>4.50</hdop>
	<extensions>
		<gpxtpx:TrackPointExtension>
			<gpxtpx:course>112.32451</gpxtpx:course>
		</gpxtpx:TrackPointExtension>
	</extensions>
</trkpt>
<trkpt lat="-9.0612114" lon="148.3550019">
	<ele>895.47</ele>
	<time>2026-08-28T05:38:17.000Z</time>
	<hdop>3.50</hdop>
	<extensions>
		<gpxtpx:TrackPointExtension>
			<gpxtpx:course>118.91693</gpxtpx:course>
		</gpxtpx:TrackPointExtension>
	</extensions>
</trkpt>
<trkpt lat="-9.0615475" lon="148.3553491">
	<ele>891.64</ele>
	<time>2026-08-28T05:38:27.000Z</time>
	<hdop>4.00</hdop>
	<extensions>
		<gpxtpx:TrackPointExtension>
			<gpxtpx:course>145.22261</gpxtpx:course>
		</gpxtpx:TrackPointExtension>
	</extensions>
</trkpt>
<trkpt lat="-9.0619525" lon="148.3558585">
	<ele>886.70</ele>
	<time>2026-08-28T05:38:37.000Z</time>
	<hdop>3.50</hdop>
	<extensions>
		<gpxtpx:TrackPointExtension>
			<gpxtpx:course>115.043915</gpxtpx:course>
		</gpxtpx:TrackPointExtension>
	</extensions>
</trkpt>
<trkpt lat="-9.0623735" lon="148.3563621">
	<ele>881.65</ele>
	<time>2026-08-28T05:38:47.000Z</time>
	<hdop>4.00</hdop>
	<extensions>
		<gpxtpx:TrackPointExtension>
			<gpxtpx:course>143.48016</gpxtpx:course>
		</gpxtpx:TrackPointExtension>
	</extensions>
</trkpt>
<trkpt lat="-9.0629157" lon="148.3564405">
	<ele>879.70</ele>
	<time>2026-08-28T05:38:57.000Z</time>
	<hdop>3.50</hdop>
	<extensions>
		<gpxtpx:TrackPointExtension>
			<gpxtpx:course>180.38335</gpxtpx:course>
		</gpxtpx:TrackPointExtension>
	</extensions>
</trkpt>
<trkpt lat="-9.0635390" lon="148.3565552">
	<ele>873.65</ele>
	<time>2026-08-28T05:39:07.000Z</time>
	<hdop>4.00</hdop>
	<extensions>
		<gpxtpx:TrackPointExtension>
			<gpxtpx:course>163.74998</gpxtpx:course>
		</gpxtpx:TrackPointExtension>
	</extensions>
</trkpt>
<trkpt lat="-9.0641946" lon="148.3567556">
	<ele>867.46</ele>
	<time>2026-08-28T05:39:17.000Z</time>
	<hdop>4.00</hdop>
	<extensions>
		<gpxtpx:TrackPointExtension>
			<gpxtpx:course>166.99965</gpxtpx:course>
		</gpxtpx:TrackPointExtension>
	</extensions>
</trkpt>
<trkpt lat="-9.0647252" lon="148.3569068">
	<ele>858.46</ele>
	<time>2026-08-28T05:39:27.000Z</time>
	<hdop>4.00</hdop>
	<extensions>
		<gpxtpx:TrackPointExtension>
			<gpxtpx:course>163.42757</gpxtpx:course>
		</gpxtpx:TrackPointExtension>
	</extensions>
</trkpt>
<trkpt lat="-9.0650838" lon="148.3569979">
	<ele>851.65</ele>
	<time>2026-08-28T05:39:37.000Z</time>
	<hdop>4.00</hdop>
	<extensions>
		<gpxtpx:TrackPointExtension>
			<gpxtpx:course>165.56438</gpxtpx:course>
		</gpxtpx:TrackPointExtension>
	</extensions>
</trkpt>
<trkpt lat="-9.0657169" lon="148.3571822">
	<ele>845.64</ele>
	<time>2026-08-28T05:39:47.000Z</time>
	<hdop>4.00</hdop>
	<extensions>
		<gpxtpx:TrackPointExtension>
			<gpxtpx:course>161.06041</gpxtpx:course>
		</gpxtpx:TrackPointExtension>
	</extensions>
</trkpt>
<trkpt lat="-9.0662888" lon="148.3575286">
	<ele>838.44</ele>
	<time>2026-08-28T05:39:57.000Z</time>
	<hdop>4.00</hdop>
	<extensions>
		<gpxtpx:TrackPointExtension>
			<gpxtpx:course>126.577515</gpxtpx:course>
		</gpxtpx:TrackPointExtension>
	</extensions>
</trkpt>
<trkpt lat="-9.0666859" lon="148.3582027">
	<ele>826.73</ele>
	<time>2026-08-28T05:40:07.000Z</time>
	<hdop>3.50</hdop>
	<extensions>
		<gpxtpx:TrackPointExtension>
			<gpxtpx:course>128.2619</gpxtpx:course>
		</gpxtpx:TrackPointExtension>
	</extensions>
</trkpt>
<trkpt lat="-9.0673366" lon="148.3585300">
	<ele>823.46</ele>
	<time>2026-08-28T05:40:17.000Z</time>
	<hdop>4.00</hdop>
	<extensions>
		<gpxtpx:TrackPointExtension>
			<gpxtpx:course>166.33792</gpxtpx:course>
		</gpxtpx:TrackPointExtension>
	</extensions>
</trkpt>
<trkpt lat="-9.0678086" lon="148.3588121">
	<ele>819.63</ele>
	<time>2026-08-28T05:40:27.000Z</time>
	<hdop>4.00</hdop>
	<extensions>
		<gpxtpx:TrackPointExtension>
			<gpxtpx:course>122.29632</gpxtpx:course>
		</gpxtpx:TrackPointExtension>
	</extensions>
</trkpt>
<trkpt lat="-9.0673467" lon="148.3591856">
	<ele>813.44</ele>
	<time>2026-08-28T05:40:37.000Z</time>
	<hdop>4.00</hdop>
	<extensions>
		<gpxtpx:TrackPointExtension>
			<gpxtpx:course>30.57315</gpxtpx:course>
		</gpxtpx:TrackPointExtension>
	</extensions>
</trkpt>
<trkpt lat="-9.0671648" lon="148.3598191">
	<ele>811.39</ele>
	<time>2026-08-28T05:40:47.000Z</time>
	<hdop>4.50</hdop>
	<extensions>
		<gpxtpx:TrackPointExtension>
			<gpxtpx:course>93.53517</gpxtpx:course>
		</gpxtpx:TrackPointExtension>
	</extensions>
</trkpt>
<trkpt lat="-9.0674530" lon="148.3605859">
	<ele>804.72</ele>
	<time>2026-08-28T05:40:57.000Z</time>
	<hdop>3.50</hdop>
	<extensions>
		<gpxtpx:TrackPointExtension>
			<gpxtpx:course>107.13987</gpxtpx:course>
		</gpxtpx:TrackPointExtension>
	</extensions>
</trkpt>
<trkpt lat="-9.0677704" lon="148.3612874">
	<ele>794.72</ele>
	<time>2026-08-28T05:41:07.000Z</time>
	<hdop>3.50</hdop>
	<extensions>
		<gpxtpx:TrackPointExtension>
			<gpxtpx:course>121.83211</gpxtpx:course>
		</gpxtpx:TrackPointExtension>
	</extensions>
</trkpt>
<trkpt lat="-9.0681876" lon="148.3617297">
	<ele>790.16</ele>
	<time>2026-08-28T05:41:17.000Z</time>
	<hdop>3.50</hdop>
	<extensions>
		<gpxtpx:TrackPointExtension>
			<gpxtpx:course>136.96579</gpxtpx:course>
		</gpxtpx:TrackPointExtension>
	</extensions>
</trkpt>
<trkpt lat="-9.0685249" lon="148.3622187">
	<ele>783.66</ele>
	<time>2026-08-28T05:41:27.000Z</time>
	<hdop>3.00</hdop>
	<extensions>
		<gpxtpx:TrackPointExtension>
			<gpxtpx:course>113.79531</gpxtpx:course>
		</gpxtpx:TrackPointExtension>
	</extensions>
</trkpt>
<trkpt lat="-9.0687406" lon="148.3628352">
	<ele>776.46</ele>
	<time>2026-08-28T05:41:37.000Z</time>
	<hdop>3.00</hdop>
	<extensions>
		<gpxtpx:TrackPointExtension>
			<gpxtpx:course>110.583275</gpxtpx:course>
		</gpxtpx:TrackPointExtension>
	</extensions>
</trkpt>
<trkpt lat="-9.0690358" lon="148.3633789">
	<ele>769.48</ele>
	<time>2026-08-28T05:41:47.000Z</time>
	<hdop>3.00</hdop>
	<extensions>
		<gpxtpx:TrackPointExtension>
			<gpxtpx:course>117.85891</gpxtpx:course>
		</gpxtpx:TrackPointExtension>
	</extensions>
</trkpt>
<trkpt lat="-9.0692220" lon="148.3638048">
	<ele>766.41</ele>
	<time>2026-08-28T05:41:57.000Z</time>
	<hdop>4.50</hdop>
	<extensions>
		<gpxtpx:TrackPointExtension>
			<gpxtpx:course>146.85725</gpxtpx:course>
		</gpxtpx:TrackPointExtension>
	</extensions>
</trkpt>
<trkpt lat="-9.0698056" lon="148.3640623">
	<ele>762.65</ele>
	<time>2026-08-28T05:42:07.000Z</time>
	<hdop>4.00</hdop>
	<extensions>
		<gpxtpx:TrackPointExtension>
			<gpxtpx:course>139.64384</gpxtpx:course>
		</gpxtpx:TrackPointExtension>
	</extensions>
</trkpt>
<trkpt lat="-9.0701457" lon="148.3645973">
	<ele>756.67</ele>
	<time>2026-08-28T05:42:17.000Z</time>
	<hdop>4.00</hdop>
	<extensions>
		<gpxtpx:TrackPointExtension>
			<gpxtpx:course>102.641495</gpxtpx:course>
		</gpxtpx:TrackPointExtension>
	</extensions>
</trkpt>
<trkpt lat="-9.0701670" lon="148.3653600">
	<ele>748.73</ele>
	<time>2026-08-28T05:42:27.000Z</time>
	<hdop>4.00</hdop>
	<extensions>
		<gpxtpx:TrackPointExtension>
			<gpxtpx:course>79.74609</gpxtpx:course>
		</gpxtpx:TrackPointExtension>
	</extensions>
</trkpt>
<trkpt lat="-9.0702268" lon="148.3660139">
	<ele>742.75</ele>
	<time>2026-08-28T05:42:37.000Z</time>
	<hdop>3.50</hdop>
	<extensions>
		<gpxtpx:TrackPointExtension>
			<gpxtpx:course>118.34353</gpxtpx:course>
		</gpxtpx:TrackPointExtension>
	</extensions>
</trkpt>
<trkpt lat="-9.0707323" lon="148.3666288">
	<ele>736.74</ele>
	<time>2026-08-28T05:42:47.000Z</time>
	<hdop>3.00</hdop>
	<extensions>
		<gpxtpx:TrackPointExtension>
			<gpxtpx:course>132.13603</gpxtpx:course>
		</gpxtpx:TrackPointExtension>
	</extensions>
</trkpt>
<trkpt lat="-9.0712796" lon="148.3672247">
	<ele>732.66</ele>
	<time>2026-08-28T05:42:57.000Z</time>
	<hdop>3.50</hdop>
	<extensions>
		<gpxtpx:TrackPointExtension>
			<gpxtpx:course>131.44542</gpxtpx:course>
		</gpxtpx:TrackPointExtension>
	</extensions>
</trkpt>
<trkpt lat="-9.0716833" lon="148.3677022">
	<ele>729.67</ele>
	<time>2026-08-28T05:43:07.000Z</time>
	<hdop>3.00</hdop>
	<extensions>
		<gpxtpx:TrackPointExtension>
			<gpxtpx:course>133.48581</gpxtpx:course>
		</gpxtpx:TrackPointExtension>
	</extensions>
</trkpt>
<trkpt lat="-9.0720615" lon="148.3681946">
	<ele>724.72</ele>
	<time>2026-08-28T05:43:17.000Z</time>
	<hdop>3.00</hdop>
	<extensions>
		<gpxtpx:TrackPointExtension>
			<gpxtpx:course>123.56777</gpxtpx:course>
		</gpxtpx:TrackPointExtension>
	</extensions>
</trkpt>
<trkpt lat="-9.0721309" lon="148.3683033">
	<ele>724.41</ele>
	<time>2026-08-28T05:43:27.000Z</time>
	<hdop>3.50</hdop>
</trkpt>
<trkpt lat="-9.0721937" lon="148.3683792">
	<ele>724.41</ele>
	<time>2026-08-28T05:45:14.000Z</time>
	<hdop>4.00</hdop>
	<extensions>
		<gpxtpx:TrackPointExtension>
			<gpxtpx:course>126.4517</gpxtpx:course>
		</gpxtpx:TrackPointExtension>
	</extensions>
</trkpt>
<trkpt lat="-9.0724459" lon="148.3687498">
	<ele>720.68</ele>
	<time>2026-08-28T05:45:24.000Z</time>
	<hdop>3.50</hdop>
	<extensions>
		<gpxtpx:TrackPointExtension>
			<gpxtpx:course>124.31612</gpxtpx:course>
		</gpxtpx:TrackPointExtension>
	</extensions>
</trkpt>
<trkpt lat="-9.0729522" lon="148.3688629">
	<ele>715.68</ele>
	<time>2026-08-28T05:45:34.000Z</time>
	<hdop>4.00</hdop>
	<extensions>
		<gpxtpx:TrackPointExtension>
			<gpxtpx:course>182.91788</gpxtpx:course>
		</gpxtpx:TrackPointExtension>
	</extensions>
</trkpt>
<trkpt lat="-9.0735278" lon="148.3689315">
	<ele>709.47</ele>
	<time>2026-08-28T05:45:44.000Z</time>
	<hdop>4.50</hdop>
	<extensions>
		<gpxtpx:TrackPointExtension>
			<gpxtpx:course>162.52629</gpxtpx:course>
		</gpxtpx:TrackPointExtension>
	</extensions>
</trkpt>
<trkpt lat="-9.0740637" lon="148.3690835">
	<ele>704.72</ele>
	<time>2026-08-28T05:45:54.000Z</time>
	<hdop>4.00</hdop>
	<extensions>
		<gpxtpx:TrackPointExtension>
			<gpxtpx:course>175.17313</gpxtpx:course>
		</gpxtpx:TrackPointExtension>
	</extensions>
</trkpt>
<trkpt lat="-9.0746397" lon="148.3691999">
	<ele>699.66</ele>
	<time>2026-08-28T05:46:04.000Z</time>
	<hdop>4.50</hdop>
	<extensions>
		<gpxtpx:TrackPointExtension>
			<gpxtpx:course>157.81136</gpxtpx:course>
		</gpxtpx:TrackPointExtension>
	</extensions>
</trkpt>
<trkpt lat="-9.0751356" lon="148.3692778">
	<ele>695.42</ele>
	<time>2026-08-28T05:46:14.000Z</time>
	<hdop>4.00</hdop>
	<extensions>
		<gpxtpx:TrackPointExtension>
			<gpxtpx:course>179.05261</gpxtpx:course>
		</gpxtpx:TrackPointExtension>
	</extensions>
</trkpt>
<trkpt lat="-9.0755893" lon="148.3693094">
	<ele>691.42</ele>
	<time>2026-08-28T05:46:24.000Z</time>
	<hdop>3.50</hdop>
	<extensions>
		<gpxtpx:TrackPointExtension>
			<gpxtpx:course>168.95277</gpxtpx:course>
		</gpxtpx:TrackPointExtension>
	</extensions>
</trkpt>
<trkpt lat="-9.0759801" lon="148.3694290">
	<ele>688.46</ele>
	<time>2026-08-28T05:46:34.000Z</time>
	<hdop>4.00</hdop>
	<extensions>
		<gpxtpx:TrackPointExtension>
			<gpxtpx:course>171.83131</gpxtpx:course>
		</gpxtpx:TrackPointExtension>
	</extensions>
</trkpt>
<trkpt lat="-9.0764176" lon="148.3696591">
	<ele>686.34</ele>
	<time>2026-08-28T05:46:44.000Z</time>
	<hdop>4.00</hdop>
	<extensions>
		<gpxtpx:TrackPointExtension>
			<gpxtpx:course>135.53012</gpxtpx:course>
		</gpxtpx:TrackPointExtension>
	</extensions>
</trkpt>
<trkpt lat="-9.0768127" lon="148.3698654">
	<ele>681.42</ele>
	<time>2026-08-28T05:46:54.000Z</time>
	<hdop>4.00</hdop>
	<extensions>
		<gpxtpx:TrackPointExtension>
			<gpxtpx:course>162.11423</gpxtpx:course>
		</gpxtpx:TrackPointExtension>
	</extensions>
</trkpt>
<trkpt lat="-9.0772366" lon="148.3700061">
	<ele>679.48</ele>
	<time>2026-08-28T05:47:04.000Z</time>
	<hdop>4.50</hdop>
	<extensions>
		<gpxtpx:TrackPointExtension>
			<gpxtpx:course>158.38857</gpxtpx:course>
		</gpxtpx:TrackPointExtension>
	</extensions>
</trkpt>
<trkpt lat="-9.0776742" lon="148.3704697">
	<ele>678.20</ele>
	<time>2026-08-28T05:47:14.000Z</time>
	<hdop>3.50</hdop>
	<extensions>
		<gpxtpx:TrackPointExtension>
			<gpxtpx:course>127.31489</gpxtpx:course>
		</gpxtpx:TrackPointExtension>
	</extensions>
</trkpt>
<trkpt lat="-9.0779690" lon="148.3708912">
	<ele>677.63</ele>
	<time>2026-08-28T05:47:24.000Z</time>
	<hdop>3.50</hdop>
	<extensions>
		<gpxtpx:TrackPointExtension>
			<gpxtpx:course>131.17319</gpxtpx:course>
		</gpxtpx:TrackPointExtension>
	</extensions>
</trkpt>
<trkpt lat="-9.0785158" lon="148.3709519">
	<ele>675.66</ele>
	<time>2026-08-28T05:47:34.000Z</time>
	<hdop>4.00</hdop>
	<extensions>
		<gpxtpx:TrackPointExtension>
			<gpxtpx:course>174.8055</gpxtpx:course>
		</gpxtpx:TrackPointExtension>
	</extensions>
</trkpt>
<trkpt lat="-9.0793135" lon="148.3713006">
	<ele>672.46</ele>
	<time>2026-08-28T05:47:44.000Z</time>
	<hdop>4.00</hdop>
	<extensions>
		<gpxtpx:TrackPointExtension>
			<gpxtpx:course>152.05722</gpxtpx:course>
		</gpxtpx:TrackPointExtension>
	</extensions>
</trkpt>
<trkpt lat="-9.0799493" lon="148.3717342">
	<ele>668.40</ele>
	<time>2026-08-28T05:47:54.000Z</time>
	<hdop>4.00</hdop>
	<extensions>
		<gpxtpx:TrackPointExtension>
			<gpxtpx:course>150.51735</gpxtpx:course>
		</gpxtpx:TrackPointExtension>
	</extensions>
</trkpt>
<trkpt lat="-9.0806446" lon="148.3721848">
	<ele>667.40</ele>
	<time>2026-08-28T05:48:04.000Z</time>
	<hdop>4.00</hdop>
	<extensions>
		<gpxtpx:TrackPointExtension>
			<gpxtpx:course>136.83324</gpxtpx:course>
		</gpxtpx:TrackPointExtension>
	</extensions>
</trkpt>
<trkpt lat="-9.0809894" lon="148.3730586">
	<ele>668.40</ele>
	<time>2026-08-28T05:48:14.000Z</time>
	<hdop>3.50</hdop>
	<extensions>
		<gpxtpx:TrackPointExtension>
			<gpxtpx:course>103.31148</gpxtpx:course>
		</gpxtpx:TrackPointExtension>
	</extensions>
</trkpt>
<trkpt lat="-9.0813383" lon="148.3737060">
	<ele>669.40</ele>
	<time>2026-08-28T05:48:24.000Z</time>
	<hdop>4.00</hdop>
	<extensions>
		<gpxtpx:TrackPointExtension>
			<gpxtpx:course>125.72685</gpxtpx:course>
		</gpxtpx:TrackPointExtension>
	</extensions>
</trkpt>
<trkpt lat="-9.0817058" lon="148.3741125">
	<ele>670.40</ele>
	<time>2026-08-28T05:48:34.000Z</time>
	<hdop>4.00</hdop>
	<extensions>
		<gpxtpx:TrackPointExtension>
			<gpxtpx:course>138.50002</gpxtpx:course>
		</gpxtpx:TrackPointExtension>
	</extensions>
</trkpt>
<trkpt lat="-9.0821211" lon="148.3743415">
	<ele>671.15</ele>
	<time>2026-08-28T05:48:44.000Z</time>
	<hdop>4.00</hdop>
	<extensions>
		<gpxtpx:TrackPointExtension>
			<gpxtpx:course>159.22058</gpxtpx:course>
		</gpxtpx:TrackPointExtension>
	</extensions>
</trkpt>
<trkpt lat="-9.0824195" lon="148.3743884">
	<ele>671.17</ele>
	<time>2026-08-28T05:48:54.000Z</time>
	<hdop>4.00</hdop>
	<extensions>
		<gpxtpx:TrackPointExtension>
			<gpxtpx:course>175.57434</gpxtpx:course>
		</gpxtpx:TrackPointExtension>
	</extensions>
</trkpt>
<trkpt lat="-9.0826821" lon="148.3743542">
	<ele>669.40</ele>
	<time>2026-08-28T05:49:04.000Z</time>
	<hdop>4.00</hdop>
	<extensions>
		<gpxtpx:TrackPointExtension>
			<gpxtpx:course>191.86266</gpxtpx:course>
		</gpxtpx:TrackPointExtension>
	</extensions>
</trkpt>
<trkpt lat="-9.0830006" lon="148.3743492">
	<ele>667.40</ele>
	<time>2026-08-28T05:49:14.000Z</time>
	<hdop>4.50</hdop>
	<extensions>
		<gpxtpx:TrackPointExtension>
			<gpxtpx:course>175.98804</gpxtpx:course>
		</gpxtpx:TrackPointExtension>
	</extensions>
</trkpt>
<trkpt lat="-9.0833313" lon="148.3743209">
	<ele>665.41</ele>
	<time>2026-08-28T05:49:24.000Z</time>
	<hdop>4.50</hdop>
	<extensions>
		<gpxtpx:TrackPointExtension>
			<gpxtpx:course>196.81924</gpxtpx:course>
		</gpxtpx:TrackPointExtension>
	</extensions>
</trkpt>
<trkpt lat="-9.0835564" lon="148.3742547">
	<ele>665.45</ele>
	<time>2026-08-28T05:49:34.000Z</time>
	<hdop>5.00</hdop>
	<extensions>
		<gpxtpx:TrackPointExtension>
			<gpxtpx:course>179.34483</gpxtpx:course>
		</gpxtpx:TrackPointExtension>
	</extensions>
</trkpt>
<trkpt lat="-9.0837518" lon="148.3743367">
	<ele>665.39</ele>
	<time>2026-08-28T05:49:44.000Z</time>
	<hdop>5.00</hdop>
	<extensions>
		<gpxtpx:TrackPointExtension>
			<gpxtpx:course>148.73897</gpxtpx:course>
		</gpxtpx:TrackPointExtension>
	</extensions>
</trkpt>
<trkpt lat="-9.0840184" lon="148.3744616">
	<ele>663.46</ele>
	<time>2026-08-28T05:49:54.000Z</time>
	<hdop>5.50</hdop>
	<extensions>
		<gpxtpx:TrackPointExtension>
			<gpxtpx:course>158.73705</gpxtpx:course>
		</gpxtpx:TrackPointExtension>
	</extensions>
</trkpt>
<trkpt lat="-9.0843044" lon="148.3745198">
	<ele>657.66</ele>
	<time>2026-08-28T05:50:04.000Z</time>
	<hdop>5.00</hdop>
	<extensions>
		<gpxtpx:TrackPointExtension>
			<gpxtpx:course>168.70544</gpxtpx:course>
		</gpxtpx:TrackPointExtension>
	</extensions>
</trkpt>
<trkpt lat="-9.0845407" lon="148.3745636">
	<ele>656.41</ele>
	<time>2026-08-28T05:50:14.000Z</time>
	<hdop>4.50</hdop>
	<extensions>
		<gpxtpx:TrackPointExtension>
			<gpxtpx:course>159.39049</gpxtpx:course>
		</gpxtpx:TrackPointExtension>
	</extensions>
</trkpt>
<trkpt lat="-9.0846806" lon="148.3746338">
	<ele>655.64</ele>
	<time>2026-08-28T05:50:24.000Z</time>
	<hdop>5.00</hdop>
	<extensions>
		<gpxtpx:TrackPointExtension>
			<gpxtpx:course>142.45308</gpxtpx:course>
		</gpxtpx:TrackPointExtension>
	</extensions>
</trkpt>
<trkpt lat="-9.0848125" lon="148.3747874">
	<ele>653.40</ele>
	<time>2026-08-28T05:50:34.000Z</time>
	<hdop>5.50</hdop>
	<extensions>
		<gpxtpx:TrackPointExtension>
			<gpxtpx:course>141.41658</gpxtpx:course>
		</gpxtpx:TrackPointExtension>
	</extensions>
</trkpt>
<trkpt lat="-9.0851007" lon="148.3748289">
	<ele>652.19</ele>
	<time>2026-08-28T05:50:44.000Z</time>
	<hdop>5.00</hdop>
	<extensions>
		<gpxtpx:TrackPointExtension>
			<gpxtpx:course>177.72801</gpxtpx:course>
		</gpxtpx:TrackPointExtension>
	</extensions>
</trkpt>
<trkpt lat="-9.0855648" lon="148.3748304">
	<ele>652.64</ele>
	<time>2026-08-28T05:50:54.000Z</time>
	<hdop>4.50</hdop>
	<extensions>
		<gpxtpx:TrackPointExtension>
			<gpxtpx:course>192.88757</gpxtpx:course>
		</gpxtpx:TrackPointExtension>
	</extensions>
</trkpt>
<trkpt lat="-9.0859777" lon="148.3748079">
	<ele>652.39</ele>
	<time>2026-08-28T05:51:04.000Z</time>
	<hdop>4.50</hdop>
	<extensions>
		<gpxtpx:TrackPointExtension>
			<gpxtpx:course>176.25063</gpxtpx:course>
		</gpxtpx:TrackPointExtension>
	</extensions>
</trkpt>
<trkpt lat="-9.0860833" lon="148.3748466">
	<ele>650.39</ele>
	<time>2026-08-28T05:51:14.000Z</time>
	<hdop>4.50</hdop>
</trkpt>
<trkpt lat="-9.0861674" lon="148.3749024">
	<ele>647.46</ele>
	<time>2026-08-28T05:52:46.000Z</time>
	<hdop>4.50</hdop>
	<extensions>
		<gpxtpx:TrackPointExtension>
			<gpxtpx:course>162.30663</gpxtpx:course>
		</gpxtpx:TrackPointExtension>
	</extensions>
</trkpt>
<trkpt lat="-9.0863530" lon="148.3750042">
	<ele>646.14</ele>
	<time>2026-08-28T05:52:56.000Z</time>
	<hdop>5.00</hdop>
	<extensions>
		<gpxtpx:TrackPointExtension>
			<gpxtpx:course>146.37941</gpxtpx:course>
		</gpxtpx:TrackPointExtension>
	</extensions>
</trkpt>
<trkpt lat="-9.0865749" lon="148.3752000">
	<ele>645.44</ele>
	<time>2026-08-28T05:53:06.000Z</time>
	<hdop>4.50</hdop>
	<extensions>
		<gpxtpx:TrackPointExtension>
			<gpxtpx:course>145.49187</gpxtpx:course>
		</gpxtpx:TrackPointExtension>
	</extensions>
</trkpt>
<trkpt lat="-9.0868197" lon="148.3752958">
	<ele>644.39</ele>
	<time>2026-08-28T05:53:16.000Z</time>
	<hdop>4.50</hdop>
	<extensions>
		<gpxtpx:TrackPointExtension>
			<gpxtpx:course>162.09703</gpxtpx:course>
		</gpxtpx:TrackPointExtension>
	</extensions>
</trkpt>
<trkpt lat="-9.0872456" lon="148.3754640">
	<ele>644.37</ele>
	<time>2026-08-28T05:53:26.000Z</time>
	<hdop>4.00</hdop>
	<extensions>
		<gpxtpx:TrackPointExtension>
			<gpxtpx:course>159.18875</gpxtpx:course>
		</gpxtpx:TrackPointExtension>
	</extensions>
</trkpt>
<trkpt lat="-9.0877118" lon="148.3757081">
	<ele>645.44</ele>
	<time>2026-08-28T05:53:36.000Z</time>
	<hdop>4.50</hdop>
	<extensions>
		<gpxtpx:TrackPointExtension>
			<gpxtpx:course>153.19264</gpxtpx:course>
		</gpxtpx:TrackPointExtension>
	</extensions>
</trkpt>
<trkpt lat="-9.0879756" lon="148.3759538">
	<ele>644.40</ele>
	<time>2026-08-28T05:53:46.000Z</time>
	<hdop>5.00</hdop>
	<extensions>
		<gpxtpx:TrackPointExtension>
			<gpxtpx:course>127.419106</gpxtpx:course>
		</gpxtpx:TrackPointExtension>
	</extensions>
</trkpt>
<trkpt lat="-9.0882637" lon="148.3763954">
	<ele>643.45</ele>
	<time>2026-08-28T05:53:56.000Z</time>
	<hdop>5.00</hdop>
	<extensions>
		<gpxtpx:TrackPointExtension>
			<gpxtpx:course>131.04222</gpxtpx:course>
		</gpxtpx:TrackPointExtension>
	</extensions>
</trkpt>
<trkpt lat="-9.0887073" lon="148.3767749">
	<ele>641.40</ele>
	<time>2026-08-28T05:54:06.000Z</time>
	<hdop>5.50</hdop>
	<extensions>
		<gpxtpx:TrackPointExtension>
			<gpxtpx:course>137.7762</gpxtpx:course>
		</gpxtpx:TrackPointExtension>
	</extensions>
</trkpt>
<trkpt lat="-9.0890257" lon="148.3772031">
	<ele>641.68</ele>
	<time>2026-08-28T05:54:16.000Z</time>
	<hdop>5.00</hdop>
	<extensions>
		<gpxtpx:TrackPointExtension>
			<gpxtpx:course>111.29836</gpxtpx:course>
		</gpxtpx:TrackPointExtension>
	</extensions>
</trkpt>
<trkpt lat="-9.0891700" lon="148.3775532">
	<ele>639.39</ele>
	<time>2026-08-28T05:54:26.000Z</time>
	<hdop>5.50</hdop>
	<extensions>
		<gpxtpx:TrackPointExtension>
			<gpxtpx:course>120.131226</gpxtpx:course>
		</gpxtpx:TrackPointExtension>
	</extensions>
</trkpt>
<trkpt lat="-9.0892969" lon="148.3778533">
	<ele>637.41</ele>
	<time>2026-08-28T05:54:36.000Z</time>
	<hdop>6.00</hdop>
	<extensions>
		<gpxtpx:TrackPointExtension>
			<gpxtpx:course>105.49654</gpxtpx:course>
		</gpxtpx:TrackPointExtension>
	</extensions>
</trkpt>
<trkpt lat="-9.0893373" lon="148.3781045">
	<ele>633.41</ele>
	<time>2026-08-28T05:54:46.000Z</time>
	<hdop>5.50</hdop>
	<extensions>
		<gpxtpx:TrackPointExtension>
			<gpxtpx:course>114.67677</gpxtpx:course>
		</gpxtpx:TrackPointExtension>
	</extensions>
</trkpt>
<trkpt lat="-9.0894776" lon="148.3781403">
	<ele>633.20</ele>
	<time>2026-08-28T05:54:56.000Z</time>
	<hdop>6.00</hdop>
	<extensions>
		<gpxtpx:TrackPointExtension>
			<gpxtpx:course>196.77196</gpxtpx:course>
		</gpxtpx:TrackPointExtension>
	</extensions>
</trkpt>
<trkpt lat="-9.0895849" lon="148.3779845">
	<ele>631.64</ele>
	<time>2026-08-28T05:55:06.000Z</time>
	<hdop>5.00</hdop>
	<extensions>
		<gpxtpx:TrackPointExtension>
			<gpxtpx:course>251.2138</gpxtpx:course>
		</gpxtpx:TrackPointExtension>
	</extensions>
</trkpt>
<trkpt lat="-9.0896760" lon="148.3777378">
	<ele>630.65</ele>
	<time>2026-08-28T05:55:16.000Z</time>
	<hdop>4.50</hdop>
	<extensions>
		<gpxtpx:TrackPointExtension>
			<gpxtpx:course>240.98764</gpxtpx:course>
		</gpxtpx:TrackPointExtension>
	</extensions>
</trkpt>
<trkpt lat="-9.0898305" lon="148.3774983">
	<ele>628.62</ele>
	<time>2026-08-28T05:55:26.000Z</time>
	<hdop>5.50</hdop>
	<extensions>
		<gpxtpx:TrackPointExtension>
			<gpxtpx:course>235.58377</gpxtpx:course>
		</gpxtpx:TrackPointExtension>
	</extensions>
</trkpt>
<trkpt lat="-9.0900344" lon="148.3772859">
	<ele>625.40</ele>
	<time>2026-08-28T05:55:36.000Z</time>
	<hdop>5.00</hdop>
	<extensions>
		<gpxtpx:TrackPointExtension>
			<gpxtpx:course>215.50938</gpxtpx:course>
		</gpxtpx:TrackPointExtension>
	</extensions>
</trkpt>
<trkpt lat="-9.0903017" lon="148.3771271">
	<ele>622.39</ele>
	<time>2026-08-28T05:55:46.000Z</time>
	<hdop>6.00</hdop>
	<extensions>
		<gpxtpx:TrackPointExtension>
			<gpxtpx:course>212.913</gpxtpx:course>
		</gpxtpx:TrackPointExtension>
	</extensions>
</trkpt>
<trkpt lat="-9.0906194" lon="148.3770826">
	<ele>622.36</ele>
	<time>2026-08-28T05:55:56.000Z</time>
	<hdop>6.00</hdop>
	<extensions>
		<gpxtpx:TrackPointExtension>
			<gpxtpx:course>173.78934</gpxtpx:course>
		</gpxtpx:TrackPointExtension>
	</extensions>
</trkpt>
<trkpt lat="-9.0908932" lon="148.3772060">
	<ele>622.38</ele>
	<time>2026-08-28T05:56:06.000Z</time>
	<hdop>5.50</hdop>
	<extensions>
		<gpxtpx:TrackPointExtension>
			<gpxtpx:course>148.02834</gpxtpx:course>
		</gpxtpx:TrackPointExtension>
	</extensions>
</trkpt>
<trkpt lat="-9.0910320" lon="148.3772936">
	<ele>620.13</ele>
	<time>2026-08-28T05:56:16.000Z</time>
	<hdop>5.50</hdop>
	<extensions>
		<gpxtpx:TrackPointExtension>
			<gpxtpx:course>138.28352</gpxtpx:course>
		</gpxtpx:TrackPointExtension>
	</extensions>
</trkpt>
<trkpt lat="-9.0912116" lon="148.3775999">
	<ele>617.21</ele>
	<time>2026-08-28T05:56:26.000Z</time>
	<hdop>4.00</hdop>
	<extensions>
		<gpxtpx:TrackPointExtension>
			<gpxtpx:course>116.313805</gpxtpx:course>
		</gpxtpx:TrackPointExtension>
	</extensions>
</trkpt>
<trkpt lat="-9.0916322" lon="148.3777562">
	<ele>615.45</ele>
	<time>2026-08-28T05:56:36.000Z</time>
	<hdop>5.00</hdop>
	<extensions>
		<gpxtpx:TrackPointExtension>
			<gpxtpx:course>182.2074</gpxtpx:course>
		</gpxtpx:TrackPointExtension>
	</extensions>
</trkpt>
<trkpt lat="-9.0920977" lon="148.3778740">
	<ele>617.17</ele>
	<time>2026-08-28T05:56:46.000Z</time>
	<hdop>4.50</hdop>
	<extensions>
		<gpxtpx:TrackPointExtension>
			<gpxtpx:course>143.08023</gpxtpx:course>
		</gpxtpx:TrackPointExtension>
	</extensions>
</trkpt>
<trkpt lat="-9.0921578" lon="148.3779574">
	<ele>618.13</ele>
	<time>2026-08-28T05:57:01.000Z</time>
	<hdop>4.00</hdop>
	<extensions>
		<gpxtpx:TrackPointExtension>
			<gpxtpx:course>138.00026</gpxtpx:course>
		</gpxtpx:TrackPointExtension>
	</extensions>
</trkpt>
<trkpt lat="-9.0923547" lon="148.3782285">
	<ele>617.63</ele>
	<time>2026-08-28T05:57:11.000Z</time>
	<hdop>4.50</hdop>
	<extensions>
		<gpxtpx:TrackPointExtension>
			<gpxtpx:course>123.84501</gpxtpx:course>
		</gpxtpx:TrackPointExtension>
	</extensions>
</trkpt>
<trkpt lat="-9.0925614" lon="148.3786531">
	<ele>616.43</ele>
	<time>2026-08-28T05:57:21.000Z</time>
	<hdop>4.00</hdop>
	<extensions>
		<gpxtpx:TrackPointExtension>
			<gpxtpx:course>122.95004</gpxtpx:course>
		</gpxtpx:TrackPointExtension>
	</extensions>
</trkpt>
<trkpt lat="-9.0930683" lon="148.3785755">
	<ele>616.36</ele>
	<time>2026-08-28T05:57:31.000Z</time>
	<hdop>4.50</hdop>
	<extensions>
		<gpxtpx:TrackPointExtension>
			<gpxtpx:course>197.28531</gpxtpx:course>
		</gpxtpx:TrackPointExtension>
	</extensions>
</trkpt>
<trkpt lat="-9.0936983" lon="148.3783992">
	<ele>618.36</ele>
	<time>2026-08-28T05:57:41.000Z</time>
	<hdop>4.50</hdop>
	<extensions>
		<gpxtpx:TrackPointExtension>
			<gpxtpx:course>199.1402</gpxtpx:course>
		</gpxtpx:TrackPointExtension>
	</extensions>
</trkpt>
<trkpt lat="-9.0942138" lon="148.3782765">
	<ele>622.29</ele>
	<time>2026-08-28T05:57:51.000Z</time>
	<hdop>4.50</hdop>
	<extensions>
		<gpxtpx:TrackPointExtension>
			<gpxtpx:course>173.73547</gpxtpx:course>
		</gpxtpx:TrackPointExtension>
	</extensions>
</trkpt>
<trkpt lat="-9.0942877" lon="148.3783345">
	<ele>632.35</ele>
	<time>2026-08-28T05:59:42.000Z</time>
	<hdop>4.50</hdop>
	<extensions>
		<gpxtpx:TrackPointExtension>
			<gpxtpx:course>178.27301</gpxtpx:course>
		</gpxtpx:TrackPointExtension>
	</extensions>
</trkpt>
<trkpt lat="-9.0945762" lon="148.3783776">
	<ele>634.37</ele>
	<time>2026-08-28T05:59:52.000Z</time>
	<hdop>4.50</hdop>
	<extensions>
		<gpxtpx:TrackPointExtension>
			<gpxtpx:course>170.40553</gpxtpx:course>
		</gpxtpx:TrackPointExtension>
	</extensions>
</trkpt>
<trkpt lat="-9.0948041" lon="148.3784180">
	<ele>635.37</ele>
	<time>2026-08-28T06:00:02.000Z</time>
	<hdop>5.00</hdop>
	<extensions>
		<gpxtpx:TrackPointExtension>
			<gpxtpx:course>168.86943</gpxtpx:course>
		</gpxtpx:TrackPointExtension>
	</extensions>
</trkpt>
<trkpt lat="-9.0950896" lon="148.3784611">
	<ele>637.56</ele>
	<time>2026-08-28T06:00:12.000Z</time>
	<hdop>5.50</hdop>
	<extensions>
		<gpxtpx:TrackPointExtension>
			<gpxtpx:course>176.45981</gpxtpx:course>
		</gpxtpx:TrackPointExtension>
	</extensions>
</trkpt>
<trkpt lat="-9.0954428" lon="148.3785230">
	<ele>639.10</ele>
	<time>2026-08-28T06:00:22.000Z</time>
	<hdop>4.50</hdop>
	<extensions>
		<gpxtpx:TrackPointExtension>
			<gpxtpx:course>158.72728</gpxtpx:course>
		</gpxtpx:TrackPointExtension>
	</extensions>
</trkpt>
<trkpt lat="-9.0958527" lon="148.3789406">
	<ele>646.05</ele>
	<time>2026-08-28T06:00:32.000Z</time>
	<hdop>4.00</hdop>
	<extensions>
		<gpxtpx:TrackPointExtension>
			<gpxtpx:course>128.8538</gpxtpx:course>
		</gpxtpx:TrackPointExtension>
	</extensions>
</trkpt>
<trkpt lat="-9.0962570" lon="148.3793959">
	<ele>650.36</ele>
	<time>2026-08-28T06:00:42.000Z</time>
	<hdop>4.00</hdop>
	<extensions>
		<gpxtpx:TrackPointExtension>
			<gpxtpx:course>133.96742</gpxtpx:course>
		</gpxtpx:TrackPointExtension>
	</extensions>
</trkpt>
<trkpt lat="-9.0967604" lon="148.3797785">
	<ele>652.35</ele>
	<time>2026-08-28T06:00:52.000Z</time>
	<hdop>4.50</hdop>
	<extensions>
		<gpxtpx:TrackPointExtension>
			<gpxtpx:course>147.7977</gpxtpx:course>
		</gpxtpx:TrackPointExtension>
	</extensions>
</trkpt>
<trkpt lat="-9.0970694" lon="148.3802243">
	<ele>654.68</ele>
	<time>2026-08-28T06:01:02.000Z</time>
	<hdop>4.50</hdop>
	<extensions>
		<gpxtpx:TrackPointExtension>
			<gpxtpx:course>112.501656</gpxtpx:course>
		</gpxtpx:TrackPointExtension>
	</extensions>
</trkpt>
<trkpt lat="-9.0971121" lon="148.3808264">
	<ele>656.31</ele>
	<time>2026-08-28T06:01:12.000Z</time>
	<hdop>4.50</hdop>
	<extensions>
		<gpxtpx:TrackPointExtension>
			<gpxtpx:course>82.994865</gpxtpx:course>
		</gpxtpx:TrackPointExtension>
	</extensions>
</trkpt>
<trkpt lat="-9.0970786" lon="148.3813265">
	<ele>659.12</ele>
	<time>2026-08-28T06:01:22.000Z</time>
	<hdop>4.50</hdop>
	<extensions>
		<gpxtpx:TrackPointExtension>
			<gpxtpx:course>101.48614</gpxtpx:course>
		</gpxtpx:TrackPointExtension>
	</extensions>
</trkpt>
<trkpt lat="-9.0973185" lon="148.3818040">
	<ele>660.31</ele>
	<time>2026-08-28T06:01:32.000Z</time>
	<hdop>5.00</hdop>
	<extensions>
		<gpxtpx:TrackPointExtension>
			<gpxtpx:course>118.50594</gpxtpx:course>
		</gpxtpx:TrackPointExtension>
	</extensions>
</trkpt>
<trkpt lat="-9.0974764" lon="148.3822465">
	<ele>660.38</ele>
	<time>2026-08-28T06:01:42.000Z</time>
	<hdop>5.00</hdop>
	<extensions>
		<gpxtpx:TrackPointExtension>
			<gpxtpx:course>110.75142</gpxtpx:course>
		</gpxtpx:TrackPointExtension>
	</extensions>
</trkpt>
<trkpt lat="-9.0976490" lon="148.3826628">
	<ele>660.38</ele>
	<time>2026-08-28T06:01:52.000Z</time>
	<hdop>5.00</hdop>
	<extensions>
		<gpxtpx:TrackPointExtension>
			<gpxtpx:course>111.339134</gpxtpx:course>
		</gpxtpx:TrackPointExtension>
	</extensions>
</trkpt>
<trkpt lat="-9.0979717" lon="148.3830680">
	<ele>664.37</ele>
	<time>2026-08-28T06:02:02.000Z</time>
	<hdop>4.50</hdop>
	<extensions>
		<gpxtpx:TrackPointExtension>
			<gpxtpx:course>143.43326</gpxtpx:course>
		</gpxtpx:TrackPointExtension>
	</extensions>
</trkpt>
<trkpt lat="-9.0984851" lon="148.3833644">
	<ele>669.32</ele>
	<time>2026-08-28T06:02:12.000Z</time>
	<hdop>4.50</hdop>
	<extensions>
		<gpxtpx:TrackPointExtension>
			<gpxtpx:course>139.77231</gpxtpx:course>
		</gpxtpx:TrackPointExtension>
	</extensions>
</trkpt>
<trkpt lat="-9.0987016" lon="148.3840239">
	<ele>672.07</ele>
	<time>2026-08-28T06:02:22.000Z</time>
	<hdop>4.50</hdop>
	<extensions>
		<gpxtpx:TrackPointExtension>
			<gpxtpx:course>92.91306</gpxtpx:course>
		</gpxtpx:TrackPointExtension>
	</extensions>
</trkpt>
<trkpt lat="-9.0986334" lon="148.3848374">
	<ele>677.32</ele>
	<time>2026-08-28T06:02:32.000Z</time>
	<hdop>5.00</hdop>
	<extensions>
		<gpxtpx:TrackPointExtension>
			<gpxtpx:course>88.79698</gpxtpx:course>
		</gpxtpx:TrackPointExtension>
	</extensions>
</trkpt>
<trkpt lat="-9.0987970" lon="148.3855475">
	<ele>680.33</ele>
	<time>2026-08-28T06:02:42.000Z</time>
	<hdop>5.50</hdop>
	<extensions>
		<gpxtpx:TrackPointExtension>
			<gpxtpx:course>116.8522</gpxtpx:course>
		</gpxtpx:TrackPointExtension>
	</extensions>
</trkpt>
<trkpt lat="-9.0991471" lon="148.3861889">
	<ele>681.39</ele>
	<time>2026-08-28T06:02:52.000Z</time>
	<hdop>5.50</hdop>
	<extensions>
		<gpxtpx:TrackPointExtension>
			<gpxtpx:course>110.14288</gpxtpx:course>
		</gpxtpx:TrackPointExtension>
	</extensions>
</trkpt>
<trkpt lat="-9.0992196" lon="148.3868343">
	<ele>685.33</ele>
	<time>2026-08-28T06:03:02.000Z</time>
	<hdop>5.50</hdop>
	<extensions>
		<gpxtpx:TrackPointExtension>
			<gpxtpx:course>99.323845</gpxtpx:course>
		</gpxtpx:TrackPointExtension>
	</extensions>
</trkpt>
<trkpt lat="-9.0994406" lon="148.3872628">
	<ele>688.33</ele>
	<time>2026-08-28T06:03:12.000Z</time>
	<hdop>5.00</hdop>
	<extensions>
		<gpxtpx:TrackPointExtension>
			<gpxtpx:course>134.01764</gpxtpx:course>
		</gpxtpx:TrackPointExtension>
	</extensions>
</trkpt>
<trkpt lat="-9.0999691" lon="148.3874789">
	<ele>692.39</ele>
	<time>2026-08-28T06:03:22.000Z</time>
	<hdop>5.00</hdop>
	<extensions>
		<gpxtpx:TrackPointExtension>
			<gpxtpx:course>164.58075</gpxtpx:course>
		</gpxtpx:TrackPointExtension>
	</extensions>
</trkpt>
<trkpt lat="-9.1004844" lon="148.3878176">
	<ele>699.06</ele>
	<time>2026-08-28T06:03:32.000Z</time>
	<hdop>4.50</hdop>
	<extensions>
		<gpxtpx:TrackPointExtension>
			<gpxtpx:course>136.25255</gpxtpx:course>
		</gpxtpx:TrackPointExtension>
	</extensions>
</trkpt>
<trkpt lat="-9.1010535" lon="148.3881375">
	<ele>702.39</ele>
	<time>2026-08-28T06:03:42.000Z</time>
	<hdop>4.50</hdop>
	<extensions>
		<gpxtpx:TrackPointExtension>
			<gpxtpx:course>160.47542</gpxtpx:course>
		</gpxtpx:TrackPointExtension>
	</extensions>
</trkpt>
<trkpt lat="-9.1016648" lon="148.3883505">
	<ele>706.31</ele>
	<time>2026-08-28T06:03:52.000Z</time>
	<hdop>4.00</hdop>
	<extensions>
		<gpxtpx:TrackPointExtension>
			<gpxtpx:course>158.86281</gpxtpx:course>
		</gpxtpx:TrackPointExtension>
	</extensions>
</trkpt>
<trkpt lat="-9.1021498" lon="148.3886146">
	<ele>709.14</ele>
	<time>2026-08-28T06:04:02.000Z</time>
	<hdop>4.50</hdop>
	<extensions>
		<gpxtpx:TrackPointExtension>
			<gpxtpx:course>157.71587</gpxtpx:course>
		</gpxtpx:TrackPointExtension>
	</extensions>
</trkpt>
<trkpt lat="-9.1027431" lon="148.3886485">
	<ele>709.39</ele>
	<time>2026-08-28T06:04:12.000Z</time>
	<hdop>5.50</hdop>
	<extensions>
		<gpxtpx:TrackPointExtension>
			<gpxtpx:course>180.0406</gpxtpx:course>
		</gpxtpx:TrackPointExtension>
	</extensions>
</trkpt>
<trkpt lat="-9.1033586" lon="148.3886620">
	<ele>710.43</ele>
	<time>2026-08-28T06:04:22.000Z</time>
	<hdop>5.50</hdop>
	<extensions>
		<gpxtpx:TrackPointExtension>
			<gpxtpx:course>174.93362</gpxtpx:course>
		</gpxtpx:TrackPointExtension>
	</extensions>
</trkpt>
<trkpt lat="-9.1040390" lon="148.3887504">
	<ele>715.12</ele>
	<time>2026-08-28T06:04:32.000Z</time>
	<hdop>5.00</hdop>
	<extensions>
		<gpxtpx:TrackPointExtension>
			<gpxtpx:course>168.29778</gpxtpx:course>
		</gpxtpx:TrackPointExtension>
	</extensions>
</trkpt>
<trkpt lat="-9.1046167" lon="148.3887724">
	<ele>718.36</ele>
	<time>2026-08-28T06:04:42.000Z</time>
	<hdop>5.50</hdop>
	<extensions>
		<gpxtpx:TrackPointExtension>
			<gpxtpx:course>192.75298</gpxtpx:course>
		</gpxtpx:TrackPointExtension>
	</extensions>
</trkpt>
<trkpt lat="-9.1051996" lon="148.3884620">
	<ele>723.11</ele>
	<time>2026-08-28T06:04:52.000Z</time>
	<hdop>5.00</hdop>
	<extensions>
		<gpxtpx:TrackPointExtension>
			<gpxtpx:course>207.87958</gpxtpx:course>
		</gpxtpx:TrackPointExtension>
	</extensions>
</trkpt>
<trkpt lat="-9.1058545" lon="148.3881507">
	<ele>727.36</ele>
	<time>2026-08-28T06:05:02.000Z</time>
	<hdop>4.50</hdop>
	<extensions>
		<gpxtpx:TrackPointExtension>
			<gpxtpx:course>202.86147</gpxtpx:course>
		</gpxtpx:TrackPointExtension>
	</extensions>
</trkpt>
<trkpt lat="-9.1063029" lon="148.3879585">
	<ele>730.31</ele>
	<time>2026-08-28T06:05:12.000Z</time>
	<hdop>5.00</hdop>
	<extensions>
		<gpxtpx:TrackPointExtension>
			<gpxtpx:course>202.58</gpxtpx:course>
		</gpxtpx:TrackPointExtension>
	</extensions>
</trkpt>
<trkpt lat="-9.1068716" lon="148.3878589">
	<ele>731.31</ele>
	<time>2026-08-28T06:05:22.000Z</time>
	<hdop>5.00</hdop>
	<extensions>
		<gpxtpx:TrackPointExtension>
			<gpxtpx:course>180.32576</gpxtpx:course>
		</gpxtpx:TrackPointExtension>
	</extensions>
</trkpt>
<trkpt lat="-9.1073970" lon="148.3880665">
	<ele>733.30</ele>
	<time>2026-08-28T06:05:32.000Z</time>
	<hdop>5.00</hdop>
	<extensions>
		<gpxtpx:TrackPointExtension>
			<gpxtpx:course>155.208</gpxtpx:course>
		</gpxtpx:TrackPointExtension>
	</extensions>
</trkpt>
<trkpt lat="-9.1079391" lon="148.3882958">
	<ele>734.11</ele>
	<time>2026-08-28T06:05:42.000Z</time>
	<hdop>6.00</hdop>
	<extensions>
		<gpxtpx:TrackPointExtension>
			<gpxtpx:course>162.7912</gpxtpx:course>
		</gpxtpx:TrackPointExtension>
	</extensions>
</trkpt>
<trkpt lat="-9.1084533" lon="148.3880863">
	<ele>740.08</ele>
	<time>2026-08-28T06:05:52.000Z</time>
	<hdop>5.00</hdop>
	<extensions>
		<gpxtpx:TrackPointExtension>
			<gpxtpx:course>220.2414</gpxtpx:course>
		</gpxtpx:TrackPointExtension>
	</extensions>
</trkpt>
<trkpt lat="-9.1089624" lon="148.3877499">
	<ele>746.04</ele>
	<time>2026-08-28T06:06:02.000Z</time>
	<hdop>4.00</hdop>
	<extensions>
		<gpxtpx:TrackPointExtension>
			<gpxtpx:course>209.21288</gpxtpx:course>
		</gpxtpx:TrackPointExtension>
	</extensions>
</trkpt>
<trkpt lat="-9.1094599" lon="148.3874707">
	<ele>752.09</ele>
	<time>2026-08-28T06:06:12.000Z</time>
	<hdop>4.50</hdop>
	<extensions>
		<gpxtpx:TrackPointExtension>
			<gpxtpx:course>204.8448</gpxtpx:course>
		</gpxtpx:TrackPointExtension>
	</extensions>
</trkpt>
<trkpt lat="-9.1097447" lon="148.3875133">
	<ele>757.10</ele>
	<time>2026-08-28T06:06:22.000Z</time>
	<hdop>5.00</hdop>
	<extensions>
		<gpxtpx:TrackPointExtension>
			<gpxtpx:course>148.97714</gpxtpx:course>
		</gpxtpx:TrackPointExtension>
	</extensions>
</trkpt>
<trkpt lat="-9.1100774" lon="148.3879915">
	<ele>761.61</ele>
	<time>2026-08-28T06:06:32.000Z</time>
	<hdop>5.00</hdop>
	<extensions>
		<gpxtpx:TrackPointExtension>
			<gpxtpx:course>123.1189</gpxtpx:course>
		</gpxtpx:TrackPointExtension>
	</extensions>
</trkpt>
<trkpt lat="-9.1105794" lon="148.3883609">
	<ele>764.29</ele>
	<time>2026-08-28T06:06:42.000Z</time>
	<hdop>6.50</hdop>
	<extensions>
		<gpxtpx:TrackPointExtension>
			<gpxtpx:course>151.47487</gpxtpx:course>
		</gpxtpx:TrackPointExtension>
	</extensions>
</trkpt>
<trkpt lat="-9.1110285" lon="148.3889276">
	<ele>768.34</ele>
	<time>2026-08-28T06:06:52.000Z</time>
	<hdop>5.50</hdop>
	<extensions>
		<gpxtpx:TrackPointExtension>
			<gpxtpx:course>109.22133</gpxtpx:course>
		</gpxtpx:TrackPointExtension>
	</extensions>
</trkpt>
<trkpt lat="-9.1113797" lon="148.3896536">
	<ele>777.01</ele>
	<time>2026-08-28T06:07:02.000Z</time>
	<hdop>5.50</hdop>
	<extensions>
		<gpxtpx:TrackPointExtension>
			<gpxtpx:course>126.97672</gpxtpx:course>
		</gpxtpx:TrackPointExtension>
	</extensions>
</trkpt>
<trkpt lat="-9.1116744" lon="148.3902402">
	<ele>781.04</ele>
	<time>2026-08-28T06:07:12.000Z</time>
	<hdop>5.00</hdop>
	<extensions>
		<gpxtpx:TrackPointExtension>
			<gpxtpx:course>101.57318</gpxtpx:course>
		</gpxtpx:TrackPointExtension>
	</extensions>
</trkpt>
<trkpt lat="-9.1117082" lon="148.3909018">
	<ele>790.97</ele>
	<time>2026-08-28T06:07:22.000Z</time>
	<hdop>4.50</hdop>
	<extensions>
		<gpxtpx:TrackPointExtension>
			<gpxtpx:course>98.509605</gpxtpx:course>
		</gpxtpx:TrackPointExtension>
	</extensions>
</trkpt>
<trkpt lat="-9.1119072" lon="148.3915100">
	<ele>795.35</ele>
	<time>2026-08-28T06:07:32.000Z</time>
	<hdop>5.00</hdop>
	<extensions>
		<gpxtpx:TrackPointExtension>
			<gpxtpx:course>109.58132</gpxtpx:course>
		</gpxtpx:TrackPointExtension>
	</extensions>
</trkpt>
<trkpt lat="-9.1120724" lon="148.3920601">
	<ele>797.11</ele>
	<time>2026-08-28T06:07:42.000Z</time>
	<hdop>4.50</hdop>
	<extensions>
		<gpxtpx:TrackPointExtension>
			<gpxtpx:course>123.37794</gpxtpx:course>
		</gpxtpx:TrackPointExtension>
	</extensions>
</trkpt>
<trkpt lat="-9.1125401" lon="148.3922299">
	<ele>799.61</ele>
	<time>2026-08-28T06:07:52.000Z</time>
	<hdop>5.50</hdop>
	<extensions>
		<gpxtpx:TrackPointExtension>
			<gpxtpx:course>201.32397</gpxtpx:course>
		</gpxtpx:TrackPointExtension>
	</extensions>
</trkpt>
<trkpt lat="-9.1129527" lon="148.3917055">
	<ele>798.37</ele>
	<time>2026-08-28T06:08:02.000Z</time>
	<hdop>4.50</hdop>
	<extensions>
		<gpxtpx:TrackPointExtension>
			<gpxtpx:course>238.79384</gpxtpx:course>
		</gpxtpx:TrackPointExtension>
	</extensions>
</trkpt>
<trkpt lat="-9.1131511" lon="148.3911423">
	<ele>799.34</ele>
	<time>2026-08-28T06:08:12.000Z</time>
	<hdop>5.00</hdop>
	<extensions>
		<gpxtpx:TrackPointExtension>
			<gpxtpx:course>235.46646</gpxtpx:course>
		</gpxtpx:TrackPointExtension>
	</extensions>
</trkpt>
<trkpt lat="-9.1138365" lon="148.3906783">
	<ele>796.62</ele>
	<time>2026-08-28T06:08:22.000Z</time>
	<hdop>4.50</hdop>
	<extensions>
		<gpxtpx:TrackPointExtension>
			<gpxtpx:course>208.3128</gpxtpx:course>
		</gpxtpx:TrackPointExtension>
	</extensions>
</trkpt>
<trkpt lat="-9.1143167" lon="148.3900476">
	<ele>791.48</ele>
	<time>2026-08-28T06:08:32.000Z</time>
	<hdop>4.50</hdop>
	<extensions>
		<gpxtpx:TrackPointExtension>
			<gpxtpx:course>243.0292</gpxtpx:course>
		</gpxtpx:TrackPointExtension>
	</extensions>
</trkpt>
<trkpt lat="-9.1147094" lon="148.3893759">
	<ele>791.34</ele>
	<time>2026-08-28T06:08:42.000Z</time>
	<hdop>4.50</hdop>
	<extensions>
		<gpxtpx:TrackPointExtension>
			<gpxtpx:course>251.43665</gpxtpx:course>
		</gpxtpx:TrackPointExtension>
	</extensions>
</trkpt>
<trkpt lat="-9.1147534" lon="148.3887098">
	<ele>790.54</ele>
	<time>2026-08-28T06:08:52.000Z</time>
	<hdop>4.50</hdop>
	<extensions>
		<gpxtpx:TrackPointExtension>
			<gpxtpx:course>260.82785</gpxtpx:course>
		</gpxtpx:TrackPointExtension>
	</extensions>
</trkpt>
<trkpt lat="-9.1151075" lon="148.3886988">
	<ele>785.66</ele>
	<time>2026-08-28T06:09:02.000Z</time>
	<hdop>5.00</hdop>
	<extensions>
		<gpxtpx:TrackPointExtension>
			<gpxtpx:course>133.60927</gpxtpx:course>
		</gpxtpx:TrackPointExtension>
	</extensions>
</trkpt>
<trkpt lat="-9.1155984" lon="148.3888422">
	<ele>784.33</ele>
	<time>2026-08-28T06:09:12.000Z</time>
	<hdop>6.00</hdop>
	<extensions>
		<gpxtpx:TrackPointExtension>
			<gpxtpx:course>193.88806</gpxtpx:course>
		</gpxtpx:TrackPointExtension>
	</extensions>
</trkpt>
<trkpt lat="-9.1160749" lon="148.3884360">
	<ele>777.60</ele>
	<time>2026-08-28T06:09:22.000Z</time>
	<hdop>5.50</hdop>
	<extensions>
		<gpxtpx:TrackPointExtension>
			<gpxtpx:course>227.66606</gpxtpx:course>
		</gpxtpx:TrackPointExtension>
	</extensions>
</trkpt>
<trkpt lat="-9.1166036" lon="148.3881292">
	<ele>773.34</ele>
	<time>2026-08-28T06:09:32.000Z</time>
	<hdop>6.00</hdop>
	<extensions>
		<gpxtpx:TrackPointExtension>
			<gpxtpx:course>208.66992</gpxtpx:course>
		</gpxtpx:TrackPointExtension>
	</extensions>
</trkpt>
<trkpt lat="-9.1170201" lon="148.3880824">
	<ele>770.34</ele>
	<time>2026-08-28T06:09:42.000Z</time>
	<hdop>6.00</hdop>
	<extensions>
		<gpxtpx:TrackPointExtension>
			<gpxtpx:course>171.37794</gpxtpx:course>
		</gpxtpx:TrackPointExtension>
	</extensions>
</trkpt>
<trkpt lat="-9.1173482" lon="148.3884787">
	<ele>767.32</ele>
	<time>2026-08-28T06:09:52.000Z</time>
	<hdop>6.50</hdop>
	<extensions>
		<gpxtpx:TrackPointExtension>
			<gpxtpx:course>140.19011</gpxtpx:course>
		</gpxtpx:TrackPointExtension>
	</extensions>
</trkpt>
<trkpt lat="-9.1178971" lon="148.3885801">
	<ele>764.58</ele>
	<time>2026-08-28T06:10:02.000Z</time>
	<hdop>6.50</hdop>
	<extensions>
		<gpxtpx:TrackPointExtension>
			<gpxtpx:course>175.3782</gpxtpx:course>
		</gpxtpx:TrackPointExtension>
	</extensions>
</trkpt>
<trkpt lat="-9.1184778" lon="148.3884828">
	<ele>761.33</ele>
	<time>2026-08-28T06:10:12.000Z</time>
	<hdop>6.50</hdop>
	<extensions>
		<gpxtpx:TrackPointExtension>
			<gpxtpx:course>189.36366</gpxtpx:course>
		</gpxtpx:TrackPointExtension>
	</extensions>
</trkpt>
<trkpt lat="-9.1190806" lon="148.3885349">
	<ele>755.63</ele>
	<time>2026-08-28T06:10:22.000Z</time>
	<hdop>6.00</hdop>
	<extensions>
		<gpxtpx:TrackPointExtension>
			<gpxtpx:course>176.24123</gpxtpx:course>
		</gpxtpx:TrackPointExtension>
	</extensions>
</trkpt>
<trkpt lat="-9.1198211" lon="148.3883714">
	<ele>749.58</ele>
	<time>2026-08-28T06:10:32.000Z</time>
	<hdop>6.50</hdop>
	<extensions>
		<gpxtpx:TrackPointExtension>
			<gpxtpx:course>198.85655</gpxtpx:course>
		</gpxtpx:TrackPointExtension>
	</extensions>
</trkpt>
<trkpt lat="-9.1204951" lon="148.3881634">
	<ele>744.56</ele>
	<time>2026-08-28T06:10:42.000Z</time>
	<hdop>6.00</hdop>
	<extensions>
		<gpxtpx:TrackPointExtension>
			<gpxtpx:course>206.04272</gpxtpx:course>
		</gpxtpx:TrackPointExtension>
	</extensions>
</trkpt>
<trkpt lat="-9.1209962" lon="148.3876342">
	<ele>731.64</ele>
	<time>2026-08-28T06:10:52.000Z</time>
	<hdop>6.00</hdop>
	<extensions>
		<gpxtpx:TrackPointExtension>
			<gpxtpx:course>230.42378</gpxtpx:course>
		</gpxtpx:TrackPointExtension>
	</extensions>
</trkpt>
<trkpt lat="-9.1214873" lon="148.3872826">
	<ele>725.57</ele>
	<time>2026-08-28T06:11:02.000Z</time>
	<hdop>5.50</hdop>
	<extensions>
		<gpxtpx:TrackPointExtension>
			<gpxtpx:course>203.92244</gpxtpx:course>
		</gpxtpx:TrackPointExtension>
	</extensions>
</trkpt>
<trkpt lat="-9.1218118" lon="148.3871332">
	<ele>722.30</ele>
	<time>2026-08-28T06:11:12.000Z</time>
	<hdop>6.50</hdop>
	<extensions>
		<gpxtpx:TrackPointExtension>
			<gpxtpx:course>215.06763</gpxtpx:course>
		</gpxtpx:TrackPointExtension>
	</extensions>
</trkpt>
<trkpt lat="-9.1220959" lon="148.3869644">
	<ele>720.30</ele>
	<time>2026-08-28T06:11:22.000Z</time>
	<hdop>6.50</hdop>
	<extensions>
		<gpxtpx:TrackPointExtension>
			<gpxtpx:course>200.01431</gpxtpx:course>
		</gpxtpx:TrackPointExtension>
	</extensions>
</trkpt>
<trkpt lat="-9.1224409" lon="148.3870362">
	<ele>715.36</ele>
	<time>2026-08-28T06:11:32.000Z</time>
	<hdop>7.00</hdop>
	<extensions>
		<gpxtpx:TrackPointExtension>
			<gpxtpx:course>151.00356</gpxtpx:course>
		</gpxtpx:TrackPointExtension>
	</extensions>
</trkpt>
<trkpt lat="-9.1227686" lon="148.3871928">
	<ele>711.31</ele>
	<time>2026-08-28T06:11:42.000Z</time>
	<hdop>6.00</hdop>
	<extensions>
		<gpxtpx:TrackPointExtension>
			<gpxtpx:course>149.08096</gpxtpx:course>
		</gpxtpx:TrackPointExtension>
	</extensions>
</trkpt>
<trkpt lat="-9.1232427" lon="148.3872785">
	<ele>702.55</ele>
	<time>2026-08-28T06:11:52.000Z</time>
	<hdop>5.00</hdop>
	<extensions>
		<gpxtpx:TrackPointExtension>
			<gpxtpx:course>183.616</gpxtpx:course>
		</gpxtpx:TrackPointExtension>
	</extensions>
</trkpt>
<trkpt lat="-9.1237368" lon="148.3871105">
	<ele>697.55</ele>
	<time>2026-08-28T06:12:02.000Z</time>
	<hdop>5.00</hdop>
	<extensions>
		<gpxtpx:TrackPointExtension>
			<gpxtpx:course>214.10089</gpxtpx:course>
		</gpxtpx:TrackPointExtension>
	</extensions>
</trkpt>
<trkpt lat="-9.1241686" lon="148.3867511">
	<ele>688.57</ele>
	<time>2026-08-28T06:12:12.000Z</time>
	<hdop>5.00</hdop>
	<extensions>
		<gpxtpx:TrackPointExtension>
			<gpxtpx:course>214.59143</gpxtpx:course>
		</gpxtpx:TrackPointExtension>
	</extensions>
</trkpt>
<trkpt lat="-9.1246171" lon="148.3863482">
	<ele>683.55</ele>
	<time>2026-08-28T06:12:22.000Z</time>
	<hdop>5.50</hdop>
	<extensions>
		<gpxtpx:TrackPointExtension>
			<gpxtpx:course>220.04846</gpxtpx:course>
		</gpxtpx:TrackPointExtension>
	</extensions>
</trkpt>
<trkpt lat="-9.1249832" lon="148.3858272">
	<ele>673.55</ele>
	<time>2026-08-28T06:12:32.000Z</time>
	<hdop>5.00</hdop>
	<extensions>
		<gpxtpx:TrackPointExtension>
			<gpxtpx:course>237.97018</gpxtpx:course>
		</gpxtpx:TrackPointExtension>
	</extensions>
</trkpt>
<trkpt lat="-9.1254420" lon="148.3854608">
	<ele>665.56</ele>
	<time>2026-08-28T06:12:42.000Z</time>
	<hdop>5.00</hdop>
	<extensions>
		<gpxtpx:TrackPointExtension>
			<gpxtpx:course>209.73001</gpxtpx:course>
		</gpxtpx:TrackPointExtension>
	</extensions>
</trkpt>
<trkpt lat="-9.1259131" lon="148.3853124">
	<ele>661.52</ele>
	<time>2026-08-28T06:12:52.000Z</time>
	<hdop>5.50</hdop>
	<extensions>
		<gpxtpx:TrackPointExtension>
			<gpxtpx:course>208.04683</gpxtpx:course>
		</gpxtpx:TrackPointExtension>
	</extensions>
</trkpt>
<trkpt lat="-9.1261174" lon="148.3851574">
	<ele>659.27</ele>
	<time>2026-08-28T06:13:02.000Z</time>
	<hdop>7.00</hdop>
	<extensions>
		<gpxtpx:TrackPointExtension>
			<gpxtpx:course>223.93047</gpxtpx:course>
		</gpxtpx:TrackPointExtension>
	</extensions>
</trkpt>
<trkpt lat="-9.1262701" lon="148.3849074">
	<ele>655.33</ele>
	<time>2026-08-28T06:13:12.000Z</time>
	<hdop>6.50</hdop>
	<extensions>
		<gpxtpx:TrackPointExtension>
			<gpxtpx:course>234.38084</gpxtpx:course>
		</gpxtpx:TrackPointExtension>
	</extensions>
</trkpt>
<trkpt lat="-9.1266374" lon="148.3849023">
	<ele>650.52</ele>
	<time>2026-08-28T06:13:22.000Z</time>
	<hdop>5.00</hdop>
	<extensions>
		<gpxtpx:TrackPointExtension>
			<gpxtpx:course>156.10208</gpxtpx:course>
		</gpxtpx:TrackPointExtension>
	</extensions>
</trkpt>
<trkpt lat="-9.1270821" lon="148.3849250">
	<ele>648.26</ele>
	<time>2026-08-28T06:13:32.000Z</time>
	<hdop>4.50</hdop>
	<extensions>
		<gpxtpx:TrackPointExtension>
			<gpxtpx:course>185.56458</gpxtpx:course>
		</gpxtpx:TrackPointExtension>
	</extensions>
</trkpt>
<trkpt lat="-9.1277482" lon="148.3849882">
	<ele>652.45</ele>
	<time>2026-08-28T06:13:42.000Z</time>
	<hdop>4.50</hdop>
	<extensions>
		<gpxtpx:TrackPointExtension>
			<gpxtpx:course>157.41122</gpxtpx:course>
		</gpxtpx:TrackPointExtension>
	</extensions>
</trkpt>
<trkpt lat="-9.1283888" lon="148.3850266">
	<ele>654.20</ele>
	<time>2026-08-28T06:13:52.000Z</time>
	<hdop>4.50</hdop>
	<extensions>
		<gpxtpx:TrackPointExtension>
			<gpxtpx:course>196.74757</gpxtpx:course>
		</gpxtpx:TrackPointExtension>
	</extensions>
</trkpt>
<trkpt lat="-9.1291923" lon="148.3846050">
	<ele>661.91</ele>
	<time>2026-08-28T06:14:02.000Z</time>
	<hdop>4.00</hdop>
	<extensions>
		<gpxtpx:TrackPointExtension>
			<gpxtpx:course>211.237</gpxtpx:course>
		</gpxtpx:TrackPointExtension>
	</extensions>
</trkpt>
<trkpt lat="-9.1297160" lon="148.3840232">
	<ele>667.99</ele>
	<time>2026-08-28T06:14:12.000Z</time>
	<hdop>4.50</hdop>
	<extensions>
		<gpxtpx:TrackPointExtension>
			<gpxtpx:course>229.66864</gpxtpx:course>
		</gpxtpx:TrackPointExtension>
	</extensions>
</trkpt>
<trkpt lat="-9.1302858" lon="148.3836042">
	<ele>669.93</ele>
	<time>2026-08-28T06:14:22.000Z</time>
	<hdop>5.00</hdop>
	<extensions>
		<gpxtpx:TrackPointExtension>
			<gpxtpx:course>219.46657</gpxtpx:course>
		</gpxtpx:TrackPointExtension>
	</extensions>
</trkpt>
<trkpt lat="-9.1303906" lon="148.3829410">
	<ele>678.97</ele>
	<time>2026-08-28T06:14:32.000Z</time>
	<hdop>4.00</hdop>
	<extensions>
		<gpxtpx:TrackPointExtension>
			<gpxtpx:course>253.09576</gpxtpx:course>
		</gpxtpx:TrackPointExtension>
	</extensions>
</trkpt>
<trkpt lat="-9.1307346" lon="148.3824310">
	<ele>685.17</ele>
	<time>2026-08-28T06:14:42.000Z</time>
	<hdop>4.00</hdop>
	<extensions>
		<gpxtpx:TrackPointExtension>
			<gpxtpx:course>218.4472</gpxtpx:course>
		</gpxtpx:TrackPointExtension>
	</extensions>
</trkpt>
<trkpt lat="-9.1312964" lon="148.3825421">
	<ele>685.23</ele>
	<time>2026-08-28T06:14:52.000Z</time>
	<hdop>4.00</hdop>
	<extensions>
		<gpxtpx:TrackPointExtension>
			<gpxtpx:course>159.10991</gpxtpx:course>
		</gpxtpx:TrackPointExtension>
	</extensions>
</trkpt>
<trkpt lat="-9.1318553" lon="148.3828976">
	<ele>685.19</ele>
	<time>2026-08-28T06:15:02.000Z</time>
	<hdop>4.00</hdop>
	<extensions>
		<gpxtpx:TrackPointExtension>
			<gpxtpx:course>143.57137</gpxtpx:course>
		</gpxtpx:TrackPointExtension>
	</extensions>
</trkpt>
<trkpt lat="-9.1324510" lon="148.3835308">
	<ele>691.98</ele>
	<time>2026-08-28T06:15:12.000Z</time>
	<hdop>4.00</hdop>
	<extensions>
		<gpxtpx:TrackPointExtension>
			<gpxtpx:course>122.62442</gpxtpx:course>
		</gpxtpx:TrackPointExtension>
	</extensions>
</trkpt>
<trkpt lat="-9.1326698" lon="148.3842640">
	<ele>692.30</ele>
	<time>2026-08-28T06:15:22.000Z</time>
	<hdop>4.00</hdop>
	<extensions>
		<gpxtpx:TrackPointExtension>
			<gpxtpx:course>105.76359</gpxtpx:course>
		</gpxtpx:TrackPointExtension>
	</extensions>
</trkpt>
<trkpt lat="-9.1332969" lon="148.3849016">
	<ele>691.19</ele>
	<time>2026-08-28T06:15:32.000Z</time>
	<hdop>4.50</hdop>
	<extensions>
		<gpxtpx:TrackPointExtension>
			<gpxtpx:course>155.43349</gpxtpx:course>
		</gpxtpx:TrackPointExtension>
	</extensions>
</trkpt>
<trkpt lat="-9.1341450" lon="148.3851665">
	<ele>699.91</ele>
	<time>2026-08-28T06:15:42.000Z</time>
	<hdop>3.50</hdop>
	<extensions>
		<gpxtpx:TrackPointExtension>
			<gpxtpx:course>159.56418</gpxtpx:course>
		</gpxtpx:TrackPointExtension>
	</extensions>
</trkpt>
<trkpt lat="-9.1349342" lon="148.3854278">
	<ele>706.22</ele>
	<time>2026-08-28T06:15:52.000Z</time>
	<hdop>3.50</hdop>
	<extensions>
		<gpxtpx:TrackPointExtension>
			<gpxtpx:course>162.6481</gpxtpx:course>
		</gpxtpx:TrackPointExtension>
	</extensions>
</trkpt>
<trkpt lat="-9.1355184" lon="148.3856525">
	<ele>709.92</ele>
	<time>2026-08-28T06:16:02.000Z</time>
	<hdop>3.50</hdop>
	<extensions>
		<gpxtpx:TrackPointExtension>
			<gpxtpx:course>157.73949</gpxtpx:course>
		</gpxtpx:TrackPointExtension>
	</extensions>
</trkpt>
<trkpt lat="-9.1357418" lon="148.3857601">
	<ele>712.17</ele>
	<time>2026-08-28T06:16:12.000Z</time>
	<hdop>5.00</hdop>
	<extensions>
		<gpxtpx:TrackPointExtension>
			<gpxtpx:course>154.18904</gpxtpx:course>
		</gpxtpx:TrackPointExtension>
	</extensions>
</trkpt>
<trkpt lat="-9.1361177" lon="148.3858699">
	<ele>713.23</ele>
	<time>2026-08-28T06:16:22.000Z</time>
	<hdop>5.00</hdop>
	<extensions>
		<gpxtpx:TrackPointExtension>
			<gpxtpx:course>163.94972</gpxtpx:course>
		</gpxtpx:TrackPointExtension>
	</extensions>
</trkpt>
<trkpt lat="-9.1367752" lon="148.3861315">
	<ele>715.22</ele>
	<time>2026-08-28T06:16:32.000Z</time>
	<hdop>4.50</hdop>
	<extensions>
		<gpxtpx:TrackPointExtension>
			<gpxtpx:course>160.52527</gpxtpx:course>
		</gpxtpx:TrackPointExtension>
	</extensions>
</trkpt>
<trkpt lat="-9.1373826" lon="148.3863439">
	<ele>715.23</ele>
	<time>2026-08-28T06:16:42.000Z</time>
	<hdop>5.00</hdop>
	<extensions>
		<gpxtpx:TrackPointExtension>
			<gpxtpx:course>161.6828</gpxtpx:course>
		</gpxtpx:TrackPointExtension>
	</extensions>
</trkpt>
<trkpt lat="-9.1379669" lon="148.3865614">
	<ele>718.97</ele>
	<time>2026-08-28T06:16:52.000Z</time>
	<hdop>4.50</hdop>
	<extensions>
		<gpxtpx:TrackPointExtension>
			<gpxtpx:course>160.17705</gpxtpx:course>
		</gpxtpx:TrackPointExtension>
	</extensions>
</trkpt>
<trkpt lat="-9.1385683" lon="148.3868274">
	<ele>722.97</ele>
	<time>2026-08-28T06:17:02.000Z</time>
	<hdop>4.50</hdop>
	<extensions>
		<gpxtpx:TrackPointExtension>
			<gpxtpx:course>154.53114</gpxtpx:course>
		</gpxtpx:TrackPointExtension>
	</extensions>
</trkpt>
<trkpt lat="-9.1389817" lon="148.3871047">
	<ele>723.22</ele>
	<time>2026-08-28T06:17:12.000Z</time>
	<hdop>4.50</hdop>
	<extensions>
		<gpxtpx:TrackPointExtension>
			<gpxtpx:course>149.01988</gpxtpx:course>
		</gpxtpx:TrackPointExtension>
	</extensions>
</trkpt>
<trkpt lat="-9.1390463" lon="148.3871714">
	<ele>725.16</ele>
	<time>2026-08-28T06:17:22.000Z</time>
	<hdop>4.50</hdop>
	<extensions>
		<gpxtpx:TrackPointExtension>
			<gpxtpx:course>197.91843</gpxtpx:course>
		</gpxtpx:TrackPointExtension>
	</extensions>
</trkpt>
<trkpt lat="-9.1390734" lon="148.3872605">
	<ele>728.21</ele>
	<time>2026-08-28T06:17:56.000Z</time>
	<hdop>5.50</hdop>
	<extensions>
		<gpxtpx:TrackPointExtension>
			<gpxtpx:course>74.983826</gpxtpx:course>
		</gpxtpx:TrackPointExtension>
	</extensions>
</trkpt>
<trkpt lat="-9.1390581" lon="148.3873718">
	<ele>732.16</ele>
	<time>2026-08-28T06:18:06.000Z</time>
	<hdop>5.00</hdop>
	<extensions>
		<gpxtpx:TrackPointExtension>
			<gpxtpx:course>7.6008387</gpxtpx:course>
		</gpxtpx:TrackPointExtension>
	</extensions>
</trkpt>
<trkpt lat="-9.1389729" lon="148.3873270">
	<ele>734.22</ele>
	<time>2026-08-28T06:18:25.000Z</time>
	<hdop>4.50</hdop>
	<extensions>
		<gpxtpx:TrackPointExtension>
			<gpxtpx:course>10.432655</gpxtpx:course>
		</gpxtpx:TrackPointExtension>
	</extensions>
</trkpt>
<trkpt lat="-9.1389115" lon="148.3873939">
	<ele>732.23</ele>
	<time>2026-08-28T06:19:01.000Z</time>
	<hdop>5.00</hdop>
	<extensions>
		<gpxtpx:TrackPointExtension>
			<gpxtpx:course>41.79316</gpxtpx:course>
		</gpxtpx:TrackPointExtension>
	</extensions>
</trkpt>
<trkpt lat="-9.1390054" lon="148.3874082">
	<ele>744.23</ele>
	<time>2026-08-28T06:24:46.000Z</time>
	<hdop>2.50</hdop>
	<extensions>
		<gpxtpx:TrackPointExtension>
			<gpxtpx:course>150.15218</gpxtpx:course>
		</gpxtpx:TrackPointExtension>
	</extensions>
</trkpt>
<trkpt lat="-9.1390835" lon="148.3874593">
	<ele>746.16</ele>
	<time>2026-08-28T06:24:56.000Z</time>
	<hdop>2.50</hdop>
	<extensions>
		<gpxtpx:TrackPointExtension>
			<gpxtpx:course>127.52526</gpxtpx:course>
		</gpxtpx:TrackPointExtension>
	</extensions>
</trkpt>
<trkpt lat="-9.1390079" lon="148.3873896">
	<ele>743.29</ele>
	<time>2026-08-28T06:25:06.000Z</time>
	<hdop>3.00</hdop>
	<extensions>
		<gpxtpx:TrackPointExtension>
			<gpxtpx:course>327.75317</gpxtpx:course>
		</gpxtpx:TrackPointExtension>
	</extensions>
</trkpt>
<trkpt lat="-9.1390930" lon="148.3874256">
	<ele>748.21</ele>
	<time>2026-08-28T07:01:19.000Z</time>
	<hdop>3.00</hdop>
	<extensions>
		<gpxtpx:TrackPointExtension>
			<gpxtpx:course>192.62592</gpxtpx:course>
		</gpxtpx:TrackPointExtension>
	</extensions>
</trkpt>
<trkpt lat="-9.1390106" lon="148.3874715">
	<ele>748.46</ele>
	<time>2026-08-28T07:01:48.000Z</time>
	<hdop>3.00</hdop>
	<extensions>
		<gpxtpx:TrackPointExtension>
			<gpxtpx:course>30.162031</gpxtpx:course>
		</gpxtpx:TrackPointExtension>
	</extensions>
</trkpt>
<trkpt lat="-9.1389434" lon="148.3875337">
	<ele>749.29</ele>
	<time>2026-08-28T07:02:16.000Z</time>
	<hdop>2.50</hdop>
	<extensions>
		<gpxtpx:TrackPointExtension>
			<gpxtpx:course>91.24515</gpxtpx:course>
		</gpxtpx:TrackPointExtension>
	</extensions>
</trkpt>
<trkpt lat="-9.1390308" lon="148.3875068">
	<ele>746.48</ele>
	<time>2026-08-28T07:04:53.000Z</time>
	<hdop>2.50</hdop>
	<extensions>
		<gpxtpx:TrackPointExtension>
			<gpxtpx:course>169.93845</gpxtpx:course>
		</gpxtpx:TrackPointExtension>
	</extensions>
</trkpt>
<trkpt lat="-9.1389498" lon="148.3874500">
	<ele>742.28</ele>
	<time>2026-08-28T07:15:42.000Z</time>
	<hdop>2.50</hdop>
	<extensions>
		<gpxtpx:TrackPointExtension>
			<gpxtpx:course>346.1741</gpxtpx:course>
		</gpxtpx:TrackPointExtension>
	</extensions>
</trkpt>
<trkpt lat="-9.1388626" lon="148.3874246">
	<ele>740.22</ele>
	<time>2026-08-28T07:16:19.000Z</time>
	<hdop>4.00</hdop>
	<extensions>
		<gpxtpx:TrackPointExtension>
			<gpxtpx:course>291.71155</gpxtpx:course>
		</gpxtpx:TrackPointExtension>
	</extensions>
</trkpt>
<trkpt lat="-9.1389342" lon="148.3874850">
	<ele>739.23</ele>
	<time>2026-08-28T08:37:30.000Z</time>
	<hdop>3.50</hdop>
	<extensions>
		<gpxtpx:TrackPointExtension>
			<gpxtpx:course>140.29276</gpxtpx:course>
		</gpxtpx:TrackPointExtension>
	</extensions>
</trkpt>
<trkpt lat="-9.1390289" lon="148.3874679">
	<ele>742.23</ele>
	<time>2026-08-28T08:56:18.000Z</time>
	<hdop>2.50</hdop>
	<extensions>
		<gpxtpx:TrackPointExtension>
			<gpxtpx:course>197.71806</gpxtpx:course>
		</gpxtpx:TrackPointExtension>
	</extensions>
</trkpt>
<trkpt lat="-9.1389367" lon="148.3874771">
	<ele>744.23</ele>
	<time>2026-08-28T08:56:37.000Z</time>
	<hdop>2.50</hdop>
	<extensions>
		<gpxtpx:TrackPointExtension>
			<gpxtpx:course>2.4558458</gpxtpx:course>
		</gpxtpx:TrackPointExtension>
	</extensions>
</trkpt>
</trkseg>
</trk>
</gpx>
